sex,age,race,priors_count,juv_fel_count,juv_misd_count,juv_other_count,decile_score,is_recid,jail_time
Male,32,African-American,0,0,0,0,8,0,303.8666666666667
Male,36,Caucasian,2,0,0,0,1,0,23.2
Male,20,African-American,1,1,0,1,10,1,1126.4166666666667
Male,23,Caucasian,1,0,0,0,7,0,45.85
Male,39,Caucasian,17,0,0,0,2,1,845.6166666666667
Female,49,Caucasian,6,0,0,0,6,0,120.55
Female,23,Caucasian,1,0,0,0,3,0,101.9
Male,34,African-American,2,0,0,0,10,0,1666.7666666666667
Female,21,African-American,0,0,0,0,9,0,-10.4
Male,20,African-American,1,1,0,0,3,0,21.883333333333333
Female,33,African-American,0,0,0,0,3,0,23.6
Female,21,Caucasian,2,0,0,0,5,0,2924.15
Male,22,African-American,0,0,0,0,7,1,790.35
Male,23,Hispanic,0,0,0,0,7,0,24.633333333333333
Male,26,African-American,2,0,0,0,3,1,50.88333333333333
Male,39,Caucasian,1,1,0,0,4,0,94.16666666666667
Male,26,African-American,5,0,0,0,10,0,1752.75
Male,33,Caucasian,0,0,0,0,1,0,166.2
Male,52,Caucasian,1,0,0,0,1,0,40.266666666666666
Male,36,African-American,0,0,0,0,6,0,19.85
Male,30,African-American,4,0,0,0,7,1,29.916666666666668
Female,23,African-American,3,0,2,0,6,0,31.333333333333332
Male,23,Caucasian,2,0,0,0,7,1,3936.5333333333333
Male,40,Caucasian,1,0,0,0,2,0,21.116666666666667
Male,52,African-American,3,0,0,0,6,1,598.1666666666666
Male,31,African-American,1,0,0,0,1,0,335.56666666666666
Male,37,African-American,1,0,0,0,10,0,75.76666666666667
Male,58,Caucasian,3,0,0,0,4,1,366.15
Male,22,African-American,0,0,0,2,3,1,313.45
Male,24,Other,9,0,1,0,10,1,110.91666666666667
Male,25,African-American,3,0,0,0,7,0,9411.15
Male,40,Hispanic,0,0,0,0,3,0,-0.8166666666666667
Male,53,Caucasian,36,0,0,0,6,1,791.8666666666667
Male,57,African-American,6,0,0,0,9,1,1840.3166666666666
Male,58,African-American,2,0,0,0,7,0,380.73333333333335
Male,25,Caucasian,0,0,0,0,7,0,22.4
Male,33,African-American,5,0,1,0,4,0,26.45
Male,24,Caucasian,2,0,0,0,2,0,26.916666666666668
Male,20,African-American,1,0,0,0,5,0,7251.9
Male,26,Other,0,0,0,0,1,1,53.35
Female,34,Caucasian,10,0,0,0,9,1,333.75
Female,27,Caucasian,1,0,0,0,4,0,23.166666666666668
Male,26,African-American,2,0,0,0,10,1,27.4
Male,41,African-American,9,2,1,0,9,1,23.816666666666666
Male,28,African-American,1,0,0,0,4,1,22.533333333333335
Male,30,Caucasian,3,0,0,0,9,1,15.166666666666666
Male,30,African-American,14,0,0,0,6,1,550.6
Male,47,Caucasian,2,0,0,0,5,1,48.88333333333333
Male,42,African-American,14,0,0,0,7,1,41.5
Male,23,African-American,0,0,0,0,2,1,22.516666666666666
Male,31,African-American,9,0,0,0,8,1,23.0
Male,25,Hispanic,4,0,0,0,4,0,29.2
Female,46,Caucasian,0,0,0,0,1,0,44.81666666666667
Male,50,Hispanic,2,0,0,0,1,0,23.366666666666667
Female,27,Caucasian,0,0,0,0,3,0,13.833333333333334
Male,35,African-American,17,0,1,0,7,1,49.5
Male,47,Hispanic,0,0,0,0,4,0,31.733333333333334
Male,31,African-American,15,0,0,0,8,0,-4.4
Female,30,Other,4,0,0,0,7,1,42.8
Male,42,African-American,5,0,0,0,6,0,71.2
Male,25,African-American,6,0,1,0,4,1,103.76666666666667
Female,34,Caucasian,2,0,0,0,2,0,21.566666666666666
Male,32,African-American,19,0,3,0,9,1,27.4
Male,45,African-American,11,0,0,0,3,0,23.733333333333334
Male,31,Caucasian,5,0,0,0,3,0,3024.05
Male,27,African-American,1,0,0,2,5,0,384.48333333333335
Male,30,African-American,11,0,0,0,8,1,63.666666666666664
Male,46,Other,2,0,0,0,3,0,24.083333333333332
Female,25,African-American,6,0,0,0,7,1,288.18333333333334
Male,29,Caucasian,2,0,0,0,9,1,17.766666666666666
Male,48,Caucasian,0,0,0,0,6,1,21.516666666666666
Male,40,Hispanic,1,0,0,0,1,0,1609.9166666666667
Male,44,African-American,0,0,0,0,1,0,15.5
Male,50,Caucasian,0,0,0,0,1,0,20.1
Female,29,Hispanic,0,0,0,0,4,1,29.816666666666666
Male,23,African-American,6,0,0,0,6,1,26.45
Female,47,Caucasian,0,0,0,0,1,0,3.683333333333333
Male,21,Caucasian,1,0,0,0,4,1,14.683333333333334
Male,30,African-American,19,0,1,0,10,1,222.31666666666666
Male,25,African-American,3,0,0,0,6,1,27.033333333333335
Male,22,Caucasian,1,0,0,0,3,0,25.666666666666668
Male,30,African-American,11,0,0,0,8,1,63.666666666666664
Female,42,African-American,0,0,0,0,1,0,5.1
Male,27,African-American,6,0,0,0,4,1,27.433333333333334
Male,21,Other,0,0,0,0,4,1,-4.25
Male,44,Caucasian,7,0,0,0,7,0,2310.2166666666667
Male,34,African-American,1,0,0,0,2,0,53.1
Male,30,Caucasian,11,0,0,0,10,1,-3.6666666666666665
Male,59,Caucasian,1,0,0,0,1,1,8.0
Female,26,African-American,4,0,0,0,8,1,21.866666666666667
Male,56,African-American,14,0,0,0,7,0,15865.183333333332
Male,50,African-American,24,0,0,2,8,1,777.15
Male,18,Hispanic,1,1,0,0,9,0,457.6166666666667
Female,43,Caucasian,22,0,0,0,10,1,640.45
Male,69,Caucasian,0,0,0,0,5,0,21.4
Male,25,African-American,13,4,0,0,10,1,872.05
Male,48,African-American,8,0,0,1,9,1,268.2
Male,40,Hispanic,2,0,0,0,2,0,24.85
Male,30,African-American,8,2,0,0,6,1,20.366666666666667
Female,27,African-American,4,0,0,0,6,0,4.216666666666667
Male,29,Caucasian,8,0,0,1,8,0,-0.5333333333333333
Male,26,African-American,13,0,2,0,10,0,1578.6833333333334
Male,36,African-American,19,0,0,0,8,1,3.4166666666666665
Male,33,Hispanic,0,0,0,0,2,0,15.883333333333333
Male,30,African-American,5,0,0,0,3,0,21.65
Male,26,African-American,3,0,0,1,6,1,43.833333333333336
Female,52,African-American,3,0,0,0,1,0,5.15
Male,34,Caucasian,2,0,0,0,1,0,23.816666666666666
Male,26,African-American,18,0,1,0,8,0,4396.016666666666
Male,40,Caucasian,4,0,0,0,1,0,24.95
Male,20,African-American,1,1,0,0,4,1,15.866666666666667
Male,32,African-American,8,0,0,1,9,0,24.3
Male,21,African-American,1,0,0,0,8,0,20.433333333333334
Male,33,Other,2,0,0,0,7,0,27.933333333333334
Male,22,African-American,3,0,0,0,9,1,19.1
Male,27,African-American,14,2,0,0,10,1,39.28333333333333
Male,50,African-American,3,0,0,0,3,0,21.816666666666666
Male,21,African-American,0,0,0,0,8,1,29.983333333333334
Female,55,African-American,1,0,0,0,1,0,51.21666666666667
Female,50,Caucasian,14,0,0,0,9,0,743.8166666666667
Male,26,Caucasian,0,0,0,0,7,1,44.28333333333333
Male,25,African-American,1,0,0,0,3,0,237.9
Male,28,Caucasian,9,0,0,2,8,0,2807.4
Male,61,African-American,15,0,0,0,6,1,28.266666666666666
Male,49,Caucasian,2,0,0,0,1,0,31.35
Male,21,Caucasian,1,0,1,1,3,1,19.75
Female,32,Caucasian,2,0,0,0,10,1,788.35
Male,44,Caucasian,6,0,0,0,3,0,-3.2666666666666666
Male,21,African-American,2,0,0,0,8,1,863.4166666666666
Male,43,Caucasian,4,0,0,0,5,0,1148.5
Male,60,Other,1,0,0,0,1,1,30.35
Male,31,African-American,4,0,0,0,8,1,580.55
Male,34,Caucasian,0,0,0,0,1,0,23.233333333333334
Female,49,Caucasian,4,0,0,0,5,0,89.2
Male,36,Other,2,0,0,0,3,1,71.68333333333334
Male,22,African-American,3,0,1,1,10,1,32.31666666666667
Male,45,African-American,0,0,0,0,3,1,23.3
Male,19,African-American,0,0,0,0,10,0,6697.7
Male,25,Other,0,0,0,0,2,1,485.45
Male,32,African-American,6,0,0,0,8,1,3123.266666666667
Female,29,Caucasian,1,0,0,0,5,1,55.2
Male,51,African-American,3,0,0,0,1,0,7.85
Female,53,African-American,10,0,0,0,2,1,96.81666666666666
Male,26,African-American,13,0,0,0,8,1,267.35
Male,20,African-American,0,0,0,0,5,1,44.266666666666666
Male,42,African-American,7,0,0,0,5,0,23.316666666666666
Male,53,Caucasian,1,0,0,0,5,0,434.18333333333334
Male,27,African-American,1,0,0,0,3,0,18.533333333333335
Male,23,African-American,0,0,0,0,3,1,26.7
Male,38,Hispanic,2,0,0,0,2,0,704.1833333333333
Male,29,Caucasian,2,0,0,0,2,1,607.35
Male,37,African-American,20,0,0,0,9,1,863.3833333333333
Male,34,African-American,27,0,1,0,7,0,20.75
Male,30,African-American,4,0,0,0,8,0,128.08333333333334
Female,31,African-American,14,0,0,0,8,0,43.516666666666666
Female,21,Caucasian,0,0,0,2,6,0,4.1
Male,52,Hispanic,3,0,0,0,4,0,331.28333333333336
Female,30,Caucasian,1,0,0,0,6,0,191.21666666666667
Male,46,Other,0,0,0,0,1,1,14.35
Male,49,Hispanic,0,0,0,0,2,0,24.55
Male,32,African-American,14,0,0,0,9,1,50.36666666666667
Male,30,African-American,5,0,0,0,2,0,25.866666666666667
Male,37,African-American,12,1,0,1,9,1,16.783333333333335
Male,22,Caucasian,3,0,0,0,10,1,255.43333333333334
Male,25,African-American,1,0,0,0,3,0,38.38333333333333
Male,34,African-American,1,0,0,0,5,0,28.016666666666666
Male,32,African-American,3,0,0,0,2,0,27.266666666666666
Male,51,African-American,4,0,0,0,3,0,20.383333333333333
Male,33,Caucasian,0,0,0,0,9,1,16.45
Male,27,African-American,6,0,0,0,7,1,46.18333333333333
Male,22,African-American,1,0,1,0,8,1,-4.083333333333333
Female,21,Caucasian,1,0,0,0,6,0,44.55
Male,52,Other,13,0,0,0,7,1,41.68333333333333
Female,52,Caucasian,6,0,0,0,1,0,165.1
Male,42,African-American,17,0,0,0,7,1,1244.6333333333334
Female,30,Caucasian,9,0,0,0,4,1,110.06666666666666
Male,39,Caucasian,17,0,0,0,2,1,845.6166666666667
Male,25,African-American,15,0,1,1,9,0,2855.116666666667
Female,23,African-American,2,0,0,0,10,1,14.666666666666666
Male,21,African-American,0,0,0,0,7,1,16.183333333333334
Male,34,African-American,3,0,0,0,7,0,2279.4333333333334
Male,38,Native American,25,0,0,1,10,1,198.2
Male,21,African-American,2,0,0,0,8,1,863.4166666666666
Male,38,Caucasian,3,0,0,0,3,0,31.1
Male,25,Other,2,0,0,0,2,0,-9.666666666666666
Male,46,African-American,9,0,0,0,4,0,121.46666666666667
Male,21,African-American,0,0,0,1,8,1,22.85
Male,24,Caucasian,8,0,1,2,6,1,292.55
Male,35,African-American,5,0,0,0,8,0,835.85
Male,32,African-American,11,2,0,2,10,0,30.516666666666666
Male,24,African-American,2,0,0,0,4,0,95.91666666666667
Male,29,African-American,1,0,0,0,8,0,981.05
Female,21,African-American,1,0,0,0,3,1,47.11666666666667
Female,24,Caucasian,1,0,0,4,4,0,17.816666666666666
Female,36,African-American,13,0,0,0,9,1,798.8
Female,22,African-American,0,0,0,0,4,0,43.68333333333333
Male,26,African-American,8,0,0,0,9,1,24.033333333333335
Male,36,African-American,11,0,0,0,7,1,21.083333333333332
Male,20,African-American,1,0,0,0,10,1,49.06666666666667
Male,24,Caucasian,0,0,0,0,2,0,24.566666666666666
Male,21,African-American,1,0,0,2,5,0,26.366666666666667
Male,31,African-American,0,0,0,0,2,1,31.05
Male,34,Caucasian,0,0,0,0,1,0,5.883333333333334
Male,40,Caucasian,1,0,0,0,2,0,47.4
Male,23,African-American,0,0,0,0,8,0,76.08333333333333
Male,21,Hispanic,0,0,0,0,7,0,5.783333333333333
Male,20,African-American,0,0,0,1,10,1,3.8833333333333333
Male,24,Other,0,0,0,0,2,0,46.88333333333333
Male,24,African-American,4,0,0,0,10,1,17.5
Male,22,African-American,0,0,0,0,4,0,44.68333333333333
Male,20,African-American,1,1,0,0,8,1,353.4166666666667
Male,45,African-American,8,0,0,0,7,1,18.2
Male,25,African-American,7,0,0,1,8,0,306.51666666666665
Male,28,Hispanic,7,0,0,0,8,0,25.983333333333334
Male,54,Caucasian,6,0,0,0,2,1,22.7
Male,48,Caucasian,2,0,0,0,3,0,238.76666666666668
Male,32,African-American,2,0,0,0,10,0,669.6666666666666
Male,25,African-American,2,0,0,0,7,0,1200.7833333333333
Male,28,African-American,1,0,0,0,7,0,698.2166666666667
Female,39,Caucasian,8,0,0,0,7,1,764.4333333333333
Male,33,African-American,12,0,0,0,9,1,68.9
Male,20,Caucasian,1,0,0,3,8,1,25.65
Male,27,African-American,4,1,0,0,5,1,41.833333333333336
Male,40,African-American,2,0,0,0,3,1,19.983333333333334
Male,21,Hispanic,0,0,0,0,3,0,4.533333333333333
Male,49,Caucasian,12,0,0,0,5,0,519.85
Female,65,African-American,0,0,0,0,1,0,23.816666666666666
Male,26,African-American,9,0,0,0,7,1,268.75
Male,20,Caucasian,0,0,0,0,10,1,20.9
Female,24,Hispanic,2,0,0,0,6,1,23.266666666666666
Male,24,African-American,10,5,1,0,10,1,5.5
Male,21,African-American,2,0,0,0,10,1,2065.7833333333333
Male,26,Caucasian,0,0,0,0,5,0,0.16666666666666666
Male,31,African-American,9,0,0,0,8,1,23.0
Male,22,African-American,0,0,0,0,8,1,19.983333333333334
Male,21,Hispanic,0,0,0,2,9,1,16.3
Male,21,Caucasian,0,0,0,1,4,1,22.2
Male,20,African-American,1,1,0,0,10,1,4489.233333333334
Female,51,African-American,0,0,0,0,1,0,20.633333333333333
Female,23,Hispanic,0,0,0,0,6,1,37.05
Male,25,African-American,28,0,0,0,9,1,22.216666666666665
Male,43,African-American,8,1,0,0,4,1,925.1666666666666
Male,37,African-American,3,0,0,0,1,1,24.833333333333332
Female,48,Caucasian,0,0,0,0,1,0,28.5
Male,36,African-American,7,0,0,0,6,1,19.633333333333333
Female,20,Other,0,0,0,0,5,0,17.416666666666668
Male,42,Caucasian,8,0,0,0,4,0,24.8
Male,21,African-American,0,0,0,0,4,1,101.33333333333333
Female,40,African-American,15,0,0,0,7,1,1579.25
Female,29,Caucasian,3,0,0,0,3,0,5.833333333333333
Male,26,African-American,5,0,0,0,10,0,1752.75
Female,32,African-American,0,0,0,0,4,0,69.68333333333334
Male,23,African-American,0,0,0,0,2,1,27.666666666666668
Male,36,Caucasian,0,0,0,0,1,0,5.566666666666666
Male,28,Hispanic,0,0,0,0,1,1,6.333333333333333
Male,31,Caucasian,10,0,0,0,2,1,43.583333333333336
Male,24,African-American,3,0,1,0,10,1,18.45
Male,35,African-American,4,0,0,0,4,0,264.73333333333335
Male,36,African-American,4,0,0,0,5,1,63.166666666666664
Male,46,Caucasian,2,0,0,1,4,1,74.76666666666667
Male,49,Caucasian,0,0,0,0,1,0,22.133333333333333
Female,27,African-American,4,0,0,0,6,1,23.866666666666667
Male,28,Hispanic,3,0,0,0,5,0,18.116666666666667
Male,33,Caucasian,0,0,0,0,2,0,129.68333333333334
Male,26,Caucasian,0,0,0,0,6,1,123.08333333333333
Male,33,Caucasian,3,0,0,0,3,0,6.566666666666666
Female,51,African-American,0,0,0,0,7,0,19.266666666666666
Male,37,Other,0,0,0,0,1,0,6.25
Male,50,Caucasian,0,0,0,0,1,0,52.75
Male,30,African-American,1,0,0,0,9,0,-4.016666666666667
Female,26,African-American,3,0,0,0,5,1,184.71666666666667
Male,27,Caucasian,1,0,0,0,1,0,25.333333333333332
Male,21,African-American,0,0,0,0,5,0,1203.8333333333333
Male,39,Other,1,0,0,0,1,0,42.166666666666664
Female,49,African-American,25,0,0,0,10,1,239.48333333333332
Male,51,Caucasian,1,0,0,0,1,1,14.583333333333334
Male,26,African-American,4,0,0,0,9,1,22.15
Male,45,Hispanic,8,0,0,0,6,0,26.016666666666666
Male,67,Caucasian,2,0,0,0,2,0,672.4
Male,41,African-American,0,0,0,0,6,0,77.38333333333334
Male,21,Caucasian,2,0,0,0,4,1,1865.3166666666666
Female,33,African-American,3,0,0,0,4,1,116.76666666666667
Male,21,Hispanic,0,0,0,0,10,0,169.65
Male,28,African-American,0,0,0,0,3,1,363.6166666666667
Male,32,Caucasian,6,0,0,0,5,0,668.9333333333333
Male,26,Caucasian,9,0,0,0,4,1,29.95
Female,50,Caucasian,14,0,0,0,9,0,743.8166666666667
Male,25,African-American,1,0,0,0,3,0,237.9
Male,24,Other,0,0,0,0,2,0,9552.5
Male,20,African-American,1,0,0,0,10,1,49.06666666666667
Male,51,Caucasian,2,0,0,0,1,0,551.45
Male,35,African-American,13,0,0,0,8,1,121.2
Female,25,African-American,7,0,0,0,9,1,2283.9166666666665
Male,22,African-American,3,0,0,0,7,0,2547.9333333333334
Male,29,Caucasian,3,0,0,0,2,0,56.11666666666667
Male,33,Caucasian,1,0,0,0,2,0,21.7
Male,34,Hispanic,2,0,0,0,3,1,4.933333333333334
Male,33,Caucasian,14,0,0,1,9,0,1682.25
Male,22,African-American,1,0,0,0,9,1,125.6
Male,56,African-American,18,0,0,0,6,0,1825.1666666666667
Female,21,African-American,1,0,0,0,3,1,47.11666666666667
Male,24,African-American,3,0,0,0,6,1,23.15
Male,55,African-American,0,0,0,0,9,0,2690.016666666667
Male,37,Hispanic,2,0,0,1,3,0,27.683333333333334
Male,34,African-American,21,2,1,3,9,1,799.2333333333333
Male,23,African-American,3,1,0,0,9,1,44.916666666666664
Male,22,African-American,2,0,0,0,6,0,20829.6
Male,27,African-American,1,0,0,0,3,1,30.883333333333333
Female,30,Caucasian,2,0,0,0,10,1,1042.7666666666667
Male,25,African-American,0,0,0,0,3,1,99.55
Male,61,Caucasian,0,0,0,0,1,0,17.1
Male,44,Hispanic,7,0,0,0,3,1,626.3333333333334
Male,20,African-American,1,0,0,0,10,0,225.06666666666666
Male,52,African-American,2,0,0,0,9,1,795.3666666666667
Male,29,African-American,3,0,0,0,7,0,28.583333333333332
Male,26,Caucasian,1,0,0,0,2,1,25.533333333333335
Male,33,African-American,18,0,0,3,9,1,21.35
Male,28,Caucasian,1,0,0,0,1,0,24.066666666666666
Male,60,Hispanic,1,0,0,0,1,0,433.25
Male,21,African-American,1,0,0,0,4,1,32.733333333333334
Female,20,Other,0,0,0,0,5,1,261.48333333333335
Male,49,Caucasian,0,0,0,0,1,0,-9.95
Male,31,African-American,0,0,0,0,10,0,5.566666666666666
Male,35,African-American,12,0,0,0,8,1,22.75
Male,36,African-American,25,0,2,1,10,1,23.883333333333333
Male,21,African-American,0,0,0,0,5,0,21.55
Male,35,African-American,17,0,1,0,7,1,49.5
Male,29,Caucasian,7,0,0,0,10,1,30.6
Male,45,Caucasian,0,0,0,0,2,0,65.68333333333334
Male,34,Caucasian,3,0,0,0,2,1,197.66666666666666
Male,23,Other,0,0,0,0,8,1,112.45
Female,43,Caucasian,6,0,0,0,5,0,27.283333333333335
Male,42,Caucasian,0,0,0,0,1,0,27.75
Male,38,African-American,0,0,0,0,3,1,19.6
Male,33,Caucasian,1,0,0,0,3,0,30.633333333333333
Female,25,African-American,0,0,0,0,5,1,26.733333333333334
Female,47,African-American,3,0,0,0,2,0,48.333333333333336
Female,38,African-American,2,0,0,0,7,0,601.8166666666667
Male,37,African-American,6,0,0,0,3,0,27.65
Male,22,African-American,0,0,0,0,9,0,18.1
Female,35,African-American,13,1,0,0,10,0,3849.133333333333
Male,28,African-American,7,0,0,0,7,0,18.816666666666666
Male,31,African-American,0,0,0,0,2,0,191.26666666666668
Male,47,Native American,22,4,0,0,10,1,73.31666666666666
Male,20,African-American,2,0,0,1,6,0,1076.9
Male,24,African-American,3,0,0,0,5,1,6.1
Male,24,African-American,1,0,0,2,9,1,148.93333333333334
Female,23,African-American,1,0,0,0,4,0,19.0
Male,31,Caucasian,1,0,0,0,3,1,936.9166666666666
Male,33,African-American,3,0,0,0,5,1,95.06666666666666
Female,42,African-American,2,0,0,0,2,0,68.95
Male,45,Hispanic,20,0,0,0,3,1,54.25
Male,29,African-American,2,0,0,0,5,0,21.783333333333335
Male,96,Hispanic,2,0,0,0,2,1,20.4
Male,30,Caucasian,13,0,0,0,6,0,8998.133333333333
Male,26,Other,0,0,0,0,1,1,53.35
Male,35,Hispanic,12,0,1,0,9,0,248.86666666666667
Male,26,African-American,5,0,0,0,7,0,7772.633333333333
Male,25,Caucasian,2,0,0,0,8,0,293.1
Male,36,African-American,5,0,0,0,4,0,20.7
Male,30,Caucasian,2,0,0,1,4,1,3.45
Male,28,Caucasian,1,0,0,0,10,0,337.2
Male,26,African-American,0,0,0,0,3,0,4.95
Male,37,Caucasian,2,0,0,0,1,1,350.93333333333334
Male,25,African-American,7,0,0,0,9,1,3.9166666666666665
Male,21,Caucasian,0,0,0,0,3,1,-9.966666666666667
Male,55,Hispanic,2,0,0,0,1,0,671.5666666666667
Male,32,Caucasian,11,1,0,0,10,1,7553.6
Male,39,African-American,4,0,0,0,2,0,163.78333333333333
Male,60,Hispanic,0,0,0,0,4,0,23.283333333333335
Male,22,Caucasian,1,0,0,1,6,0,21.4
Female,22,African-American,2,0,1,0,8,1,839.55
Male,53,African-American,2,0,0,0,3,0,15.6
Male,27,African-American,1,0,0,0,2,1,20.316666666666666
Male,21,African-American,3,0,0,0,7,1,103.41666666666667
Female,33,Hispanic,0,0,0,0,1,0,18.483333333333334
Male,56,African-American,31,0,0,0,6,1,5.516666666666667
Male,29,Caucasian,2,0,0,0,2,1,607.35
Male,52,Other,13,0,0,0,7,1,41.68333333333333
Male,31,African-American,0,0,0,0,6,0,48.03333333333333
Female,31,African-American,0,0,0,0,1,0,13.15
Male,55,Caucasian,33,0,0,0,9,1,5809.633333333333
Female,40,Caucasian,5,0,0,0,10,0,1327.7
Female,20,Caucasian,2,0,0,0,9,0,0.18333333333333332
Male,23,Caucasian,0,0,0,0,5,1,15.633333333333333
Male,39,Hispanic,3,0,0,0,2,0,29.016666666666666
Male,23,African-American,4,2,0,1,10,0,1889.1666666666667
Male,37,African-American,12,1,0,1,9,1,16.783333333333335
Male,21,Caucasian,1,0,0,0,7,0,6073.883333333333
Male,28,Caucasian,0,0,0,0,3,0,21.05
Female,24,African-American,1,0,0,0,3,1,340.03333333333336
Female,30,African-American,3,0,0,0,2,0,19.35
Female,39,Caucasian,8,0,0,0,7,1,764.4333333333333
Male,26,Caucasian,7,0,0,0,6,0,1655.2833333333333
Male,30,Caucasian,2,0,0,0,8,1,872.2166666666667
Male,37,Caucasian,0,0,0,0,2,0,28.266666666666666
Male,21,African-American,1,0,0,0,6,0,4342.35
Male,24,African-American,1,0,0,0,5,0,113.95
Male,20,African-American,1,1,0,0,8,1,353.4166666666667
Female,36,Caucasian,6,0,0,0,7,0,932.9333333333333
Female,37,African-American,13,0,0,0,6,1,39.03333333333333
Male,24,African-American,2,0,0,0,4,0,146.61666666666667
Male,25,African-American,4,0,0,1,9,1,4078.25
Male,35,African-American,0,0,0,0,1,0,23.283333333333335
Male,27,Caucasian,5,0,0,0,6,1,148.26666666666668
Male,22,African-American,1,0,0,0,9,1,125.6
Male,27,African-American,18,0,2,1,9,1,5.75
Male,26,Caucasian,2,0,0,0,4,0,38.5
Male,22,Caucasian,0,0,0,0,6,0,7.233333333333333
Male,32,African-American,14,0,0,0,8,1,30.933333333333334
Female,38,African-American,7,0,0,0,10,1,941.0
Male,28,African-American,4,0,0,0,8,1,1251.5333333333333
Male,25,Caucasian,2,0,0,0,4,1,24.566666666666666
Female,21,Caucasian,3,0,3,1,7,1,24.066666666666666
Female,26,Caucasian,1,0,0,0,8,1,7.083333333333333
Male,27,African-American,11,0,0,0,7,1,122.93333333333334
Male,26,African-American,2,0,0,0,10,1,27.4
Female,20,Caucasian,1,0,0,0,8,1,412.26666666666665
Male,24,African-American,0,0,0,0,5,0,20.8
Male,21,African-American,1,0,0,0,4,0,24.966666666666665
Male,65,African-American,0,0,0,0,1,0,27.566666666666666
Male,28,African-American,18,0,1,0,9,1,7.583333333333333
Female,35,African-American,2,0,0,0,2,1,749.9
Male,30,Hispanic,7,0,0,0,8,1,6.65
Male,30,Other,5,0,0,0,8,1,137.51666666666668
Male,24,African-American,14,0,4,0,10,1,4320.583333333333
Female,28,African-American,0,0,0,0,2,0,12.933333333333334
Male,23,African-American,3,0,0,0,4,0,55.8
Male,34,African-American,5,0,0,0,3,1,75.83333333333333
Male,23,African-American,0,0,0,0,6,1,45.9
Male,27,Caucasian,7,0,1,1,9,1,49.31666666666667
Female,19,Caucasian,2,0,0,0,10,1,534.6
Male,36,African-American,2,0,0,0,6,1,71.15
Female,25,African-American,1,0,0,0,3,0,312.01666666666665
Male,57,African-American,16,0,0,0,9,0,6623.766666666666
Male,20,Caucasian,0,0,0,0,6,0,15.666666666666666
Male,36,African-American,3,0,0,0,1,0,1194.1833333333334
Female,65,Caucasian,1,0,0,0,1,1,26.716666666666665
Female,22,Caucasian,0,0,0,0,2,0,24.083333333333332
Male,56,Caucasian,0,0,0,0,1,0,27.933333333333334
Male,25,African-American,8,0,0,1,8,0,1382.0666666666666
Female,61,Caucasian,8,0,0,0,3,1,740.0333333333333
Male,44,African-American,6,0,0,0,4,1,4672.833333333333
Male,28,African-American,4,0,0,0,7,0,717.3333333333334
Male,22,African-American,2,0,0,0,3,0,96.86666666666666
Male,50,African-American,0,0,0,0,1,0,4.933333333333334
Male,23,African-American,0,0,0,0,7,0,3559.8
Male,26,Caucasian,1,0,0,0,2,1,25.533333333333335
Male,24,Other,3,0,0,0,8,1,73.86666666666666
Male,26,African-American,4,0,1,0,8,0,1821.9
Male,25,Caucasian,1,0,0,0,3,0,30.9
Male,21,African-American,1,0,0,0,6,0,3762.7
Male,32,African-American,9,0,0,1,7,1,552.4833333333333
Female,47,Hispanic,0,0,0,0,1,0,27.433333333333334
Male,28,Caucasian,0,0,0,0,1,0,4.783333333333333
Male,34,Caucasian,5,0,0,0,3,0,1252.5666666666666
Male,23,Other,0,0,0,0,5,0,28.616666666666667
Male,67,Caucasian,1,0,0,0,3,0,13.516666666666667
Male,46,African-American,5,0,0,0,1,1,4849.983333333334
Male,29,Caucasian,1,0,0,0,2,1,23.616666666666667
Male,34,African-American,19,0,6,1,8,0,26.083333333333332
Male,48,Caucasian,0,0,0,0,2,0,24.166666666666668
Male,49,African-American,10,0,0,0,6,1,1055.3
Female,56,African-American,1,0,0,0,1,0,24.866666666666667
Male,25,Caucasian,0,0,0,0,2,0,3.216666666666667
Male,45,African-American,1,0,0,0,2,1,1134.4
Male,23,African-American,4,0,0,2,8,1,21.783333333333335
Male,40,African-American,20,0,0,0,7,0,25.8
Male,46,African-American,0,0,0,0,1,1,19.7
Male,47,Caucasian,1,0,0,0,6,1,1967.4166666666667
Male,24,African-American,3,0,0,3,10,1,1058.6
Female,29,Caucasian,0,0,0,0,2,0,45.78333333333333
Male,34,African-American,0,0,0,0,1,0,26.6
Male,34,African-American,3,0,0,0,5,0,1275.25
Male,21,African-American,1,0,0,0,7,1,364.6
Male,60,African-American,13,0,0,0,3,0,23.05
Male,31,African-American,7,0,0,0,6,0,174.7
Male,27,Caucasian,1,0,0,0,2,0,21.45
Female,28,Caucasian,0,0,0,0,6,0,22.0
Female,53,Caucasian,6,0,0,0,5,1,259.75
Male,38,Other,2,0,0,0,3,1,5.4
Male,22,African-American,1,0,0,0,9,1,2479.25
Female,54,Caucasian,12,0,0,0,2,0,4103.933333333333
Male,37,Caucasian,8,0,0,0,8,1,6.85
Male,25,Other,0,0,0,0,2,0,22.116666666666667
Female,33,Caucasian,0,0,0,0,2,0,23.5
Male,27,African-American,6,0,0,0,5,1,240.25
Male,26,African-American,0,0,0,0,4,1,28.316666666666666
Male,24,African-American,7,0,0,0,8,1,1635.3833333333334
Male,25,African-American,8,0,0,0,10,1,43.65
Male,24,African-American,8,0,0,0,7,1,1194.55
Male,31,Caucasian,8,0,0,0,9,0,677.1
Female,26,African-American,6,0,0,0,8,0,29.583333333333332
Female,20,African-American,0,0,0,0,8,0,-3.283333333333333
Male,49,African-American,3,0,0,0,8,1,21.583333333333332
Male,34,African-American,7,0,0,0,6,0,39.78333333333333
Male,29,Caucasian,7,0,0,0,10,1,24.25
Male,53,African-American,1,0,0,0,4,0,3.8833333333333333
Female,22,Caucasian,2,0,0,0,5,0,17.916666666666668
Male,41,African-American,7,0,0,0,7,0,861.65
Male,30,African-American,11,4,1,0,10,0,2811.4666666666667
Male,23,African-American,0,0,0,0,2,0,3.6166666666666667
Female,23,African-American,3,0,0,0,5,1,21.6
Male,35,African-American,6,0,0,0,8,1,21.633333333333333
Male,36,Caucasian,3,0,0,0,3,0,165.95
Male,21,African-American,1,0,0,0,6,0,4342.35
Male,31,African-American,4,0,0,0,10,1,1151.2
Female,34,Caucasian,0,0,0,0,3,1,1507.3166666666666
Male,60,African-American,9,0,0,0,2,0,510.3333333333333
Male,26,African-American,2,0,0,0,4,1,19.666666666666668
Male,28,African-American,7,0,0,1,10,0,43.75
Male,28,Hispanic,0,0,0,0,1,1,6.333333333333333
Male,26,African-American,6,0,0,0,9,1,433.53333333333336
Male,25,African-American,3,0,0,0,4,0,18.383333333333333
Male,43,Caucasian,0,0,0,0,1,0,1610.7333333333333
Female,33,Caucasian,0,0,0,0,6,1,28.016666666666666
Male,36,African-American,0,0,0,0,3,1,26.266666666666666
Male,22,African-American,0,0,0,0,2,0,171.13333333333333
Female,42,Other,0,0,0,0,1,0,6744.516666666666
Female,51,Hispanic,0,0,0,0,1,0,20.883333333333333
Male,23,African-American,5,0,0,0,9,1,40.1
Male,31,African-American,5,0,0,0,5,1,22.05
Male,23,African-American,2,0,0,0,6,0,5088.2
Male,27,Caucasian,3,0,0,0,3,0,77.98333333333333
Male,22,African-American,0,0,0,0,3,0,21.833333333333332
Female,20,Caucasian,0,0,0,0,8,1,455.65
Male,39,Caucasian,0,0,0,0,4,1,22.15
Male,21,Caucasian,0,0,0,0,4,1,694.4166666666666
Male,36,Hispanic,1,0,0,0,2,0,4.766666666666667
Male,59,Hispanic,1,0,0,0,2,1,30.866666666666667
Male,24,Caucasian,3,0,1,1,8,1,4.966666666666667
Male,25,African-American,9,0,0,0,9,1,2033.7333333333333
Male,33,African-American,16,0,0,0,9,1,21.233333333333334
Male,28,Caucasian,0,0,0,0,3,0,24.416666666666668
Female,27,African-American,0,0,0,0,5,0,797.7666666666667
Female,47,African-American,21,0,1,1,9,1,525.4
Male,34,Hispanic,1,0,0,0,2,0,96.38333333333334
Female,24,African-American,4,0,0,0,9,1,139.46666666666667
Male,49,Hispanic,14,0,0,0,7,0,2208.9
Female,55,African-American,1,0,0,0,8,0,31.783333333333335
Male,26,African-American,1,0,0,0,9,1,19.883333333333333
Male,22,Caucasian,6,0,0,0,9,1,21.883333333333333
Male,24,Caucasian,1,0,0,0,4,0,4.666666666666667
Male,31,Caucasian,4,0,0,0,8,1,699.9833333333333
Female,56,Caucasian,10,0,0,0,5,1,984.75
Male,37,African-American,0,0,0,0,8,0,23.933333333333334
Male,29,African-American,7,0,0,0,9,0,28.216666666666665
Male,26,Other,0,0,0,0,5,1,13.933333333333334
Male,29,Caucasian,1,0,0,0,6,0,1177.8833333333334
Male,23,African-American,2,0,0,0,8,1,166.16666666666666
Male,51,African-American,1,0,0,0,2,0,3905.3333333333335
Female,22,Hispanic,2,0,0,0,5,1,455.18333333333334
Male,31,African-American,12,1,1,1,8,1,960.8333333333334
Male,24,African-American,2,0,0,0,-1,1,25.416666666666668
Male,22,African-American,1,0,0,0,7,1,23.166666666666668
Male,41,Hispanic,19,0,0,0,10,1,1031.1
Female,23,African-American,6,0,0,0,7,0,426.6333333333333
Male,32,Caucasian,4,0,0,0,2,1,25.133333333333333
Male,43,African-American,7,0,0,0,6,0,627.6333333333333
Male,22,African-American,3,0,0,0,8,0,10945.85
Male,56,African-American,4,0,0,0,1,0,8448.5
Male,23,African-American,6,1,2,2,6,1,20.883333333333333
Male,20,African-American,0,0,0,0,10,1,5020.083333333333
Male,46,African-American,5,1,0,0,8,0,7754.916666666667
Male,57,African-American,20,0,0,0,9,0,5762.966666666666
Female,40,Other,0,0,0,0,1,0,100.96666666666667
Male,29,Caucasian,7,0,0,1,7,1,665.2166666666667
Male,32,African-American,16,0,0,0,10,1,22.283333333333335
Male,29,African-American,4,0,0,0,4,1,197.3
Male,34,African-American,3,0,0,0,2,1,53.45
Male,24,African-American,5,0,0,0,6,0,-3.75
Male,54,African-American,21,0,0,0,6,0,22.666666666666668
Male,26,Caucasian,0,0,0,0,2,0,19.916666666666668
Male,37,Caucasian,4,0,0,0,3,1,44.4
Male,22,Caucasian,2,0,0,0,5,0,90.88333333333334
Male,29,Caucasian,0,0,0,0,1,0,27.65
Male,28,Caucasian,1,0,0,0,2,0,25.5
Male,31,Caucasian,11,0,0,0,7,1,284.4
Female,32,Hispanic,1,0,0,0,3,1,49.0
Male,28,Caucasian,0,0,0,0,2,0,-4.216666666666667
Male,32,African-American,2,0,0,0,2,0,17.366666666666667
Male,28,African-American,5,1,2,0,7,1,49.38333333333333
Male,60,African-American,9,0,0,0,8,0,23.916666666666668
Male,27,African-American,3,0,0,0,2,0,54.766666666666666
Male,34,Caucasian,15,0,1,0,7,0,24.933333333333334
Male,35,African-American,5,0,0,0,6,1,38.583333333333336
Male,63,African-American,25,0,0,0,9,0,51670.88333333333
Male,34,Caucasian,1,0,0,0,5,0,28.716666666666665
Female,44,African-American,0,0,0,0,1,0,31.183333333333334
Male,20,African-American,1,0,0,0,10,1,49.06666666666667
Male,31,African-American,2,0,0,0,7,1,74.03333333333333
Male,24,African-American,2,0,0,0,4,0,146.61666666666667
Male,24,Other,1,0,0,0,6,0,193.48333333333332
Female,39,Caucasian,11,0,1,0,6,1,27.35
Male,20,African-American,0,0,0,0,10,1,20.116666666666667
Female,40,Caucasian,4,0,0,0,4,1,50.8
Male,21,African-American,1,0,0,1,10,1,1006.5333333333333
Female,19,Caucasian,2,0,0,0,10,1,534.6
Male,24,African-American,1,0,0,0,3,0,26.383333333333333
Male,21,African-American,0,0,0,0,7,1,27.766666666666666
Male,25,Caucasian,6,0,0,1,5,1,32.36666666666667
Male,25,African-American,7,0,0,1,8,0,306.51666666666665
Male,24,Caucasian,1,0,0,0,2,1,25.016666666666666
Female,35,Hispanic,10,0,0,0,8,0,737.6833333333333
Male,23,African-American,3,0,0,2,8,1,23.716666666666665
Male,48,Caucasian,2,0,0,0,1,0,23.316666666666666
Male,26,African-American,2,0,0,0,8,1,19.666666666666668
Male,37,Caucasian,1,0,0,0,1,1,15.716666666666667
Male,56,Caucasian,2,0,0,0,4,0,71.5
Female,34,African-American,5,0,0,0,5,1,597.35
Male,24,Caucasian,9,0,0,1,10,1,242.15
Male,74,Caucasian,0,0,0,0,1,0,24.133333333333333
Male,28,Caucasian,2,0,0,0,2,0,24.866666666666667
Male,28,African-American,6,0,0,0,2,0,64.15
Female,21,Caucasian,0,0,0,0,5,0,20.216666666666665
Male,58,Caucasian,2,0,0,0,1,1,22.4
Male,45,Caucasian,3,0,0,0,1,1,0.9833333333333333
Female,22,Caucasian,0,0,0,0,9,0,47.88333333333333
Female,24,African-American,0,0,0,0,7,0,24.1
Male,29,African-American,1,0,0,0,5,0,170.83333333333334
Male,54,African-American,6,0,0,0,7,0,43.93333333333333
Female,29,Caucasian,20,0,0,0,10,1,1350.2833333333333
Male,29,African-American,8,0,0,0,10,0,2102.983333333333
Male,40,Caucasian,0,0,0,0,7,1,198.83333333333334
Male,22,African-American,0,0,0,0,6,1,19.633333333333333
Male,38,Caucasian,5,0,0,0,5,1,2.566666666666667
Male,32,African-American,11,0,1,2,5,1,28.1
Male,28,Caucasian,0,0,0,0,2,1,25.633333333333333
Male,46,Asian,3,0,0,0,5,1,1435.0666666666666
Male,35,Caucasian,1,0,0,0,2,0,64.61666666666666
Female,26,African-American,0,0,0,0,8,0,22.683333333333334
Female,30,African-American,0,0,0,0,3,0,29.833333333333332
Male,30,African-American,1,0,0,0,7,0,22.1
Female,20,African-American,0,0,0,0,4,0,4.983333333333333
Female,25,Caucasian,5,0,0,0,7,0,7.833333333333333
Male,46,African-American,3,0,0,0,6,1,705.5333333333333
Male,57,Caucasian,1,0,0,0,4,0,318.2
Male,41,Hispanic,3,0,0,0,1,0,25.116666666666667
Male,29,African-American,0,0,0,0,5,0,1013.2833333333333
Male,35,African-American,27,0,0,0,10,0,29.183333333333334
Female,75,African-American,5,0,0,0,1,0,26.816666666666666
Male,56,African-American,12,0,0,0,5,1,40.38333333333333
Male,23,African-American,2,0,0,0,2,1,27.566666666666666
Male,38,African-American,5,0,0,2,3,0,3977.15
Male,32,African-American,8,0,0,0,3,1,14.75
Male,28,Caucasian,4,0,0,0,4,0,4560.85
Female,39,African-American,0,0,0,0,5,1,1384.5166666666667
Male,24,Caucasian,0,0,0,0,3,0,48.916666666666664
Female,61,Caucasian,0,0,0,0,1,0,0.85
Male,59,Caucasian,4,0,0,0,4,0,1187.1
Male,27,African-American,5,0,0,0,4,1,1539.1333333333334
Male,25,African-American,4,0,0,0,7,1,22.433333333333334
Male,32,Caucasian,1,0,0,0,1,1,23.833333333333332
Male,38,Caucasian,1,0,0,0,1,1,18.9
Male,44,African-American,7,1,0,0,6,1,581.0
Male,28,African-American,5,0,0,0,5,1,5.183333333333334
Male,34,Hispanic,2,0,0,0,5,1,4988.75
Male,35,African-American,1,0,0,1,9,1,1913.3833333333334
Male,58,Hispanic,1,0,0,0,1,0,49.55
Male,20,African-American,4,0,1,1,9,1,50.95
Male,39,African-American,0,0,0,0,3,0,2.2666666666666666
Female,23,Caucasian,1,0,0,0,3,0,18.933333333333334
Male,20,Other,0,0,0,0,3,1,28.916666666666668
Male,23,African-American,1,0,1,1,2,1,56.13333333333333
Male,32,African-American,13,0,0,0,9,1,931.3333333333334
Male,27,African-American,2,0,0,0,5,1,47.4
Male,41,African-American,8,0,0,0,6,1,20.583333333333332
Male,60,African-American,19,0,0,0,8,1,936.1333333333333
Male,31,Hispanic,8,0,0,0,3,1,312.85
Male,50,African-American,13,1,0,0,10,1,1440.8
Male,58,Caucasian,1,0,0,0,1,0,77.05
Male,46,Caucasian,1,0,0,0,1,1,711.6833333333333
Male,38,African-American,25,1,4,0,8,0,2093.6666666666665
Male,32,African-American,1,0,0,0,2,0,4803.816666666667
Male,49,Caucasian,1,0,0,0,1,0,0.13333333333333333
Male,32,Caucasian,3,0,0,0,6,1,-5.833333333333333
Male,34,African-American,9,0,0,0,10,1,409.9
Male,23,Other,6,0,0,0,8,1,2017.0166666666667
Male,56,Caucasian,0,0,0,0,1,0,22.4
Male,21,African-American,0,0,0,0,6,1,25.15
Male,63,Caucasian,0,0,0,0,1,0,534.9166666666666
Male,21,African-American,0,0,0,0,6,0,27.55
Male,31,African-American,10,0,0,0,6,1,192.96666666666667
Male,31,African-American,1,0,0,0,5,1,22.966666666666665
Male,29,African-American,4,1,1,0,10,0,25.783333333333335
Male,36,African-American,7,0,0,0,2,1,46.38333333333333
Male,32,Other,0,0,0,0,2,0,5.933333333333334
Female,24,African-American,2,0,0,0,7,1,336.0
Female,21,African-American,0,0,0,0,7,0,331.65
Female,31,Caucasian,1,0,0,0,3,1,6.25
Male,20,African-American,0,0,0,0,7,1,13.883333333333333
Male,27,Caucasian,4,0,1,3,4,1,26.683333333333334
Male,21,Caucasian,2,0,2,7,9,1,6.933333333333334
Male,30,African-American,19,0,1,0,10,1,222.31666666666666
Male,29,Caucasian,2,0,0,0,6,0,6.033333333333333
Male,61,Caucasian,1,0,0,0,4,0,24.95
Male,32,African-American,8,0,0,1,4,0,101.15
Male,29,African-American,8,1,0,0,10,1,166.66666666666666
Male,37,Other,11,2,0,0,3,0,25.416666666666668
Male,27,African-American,7,0,0,0,5,1,241.21666666666667
Female,28,Caucasian,3,0,0,0,6,1,5.283333333333333
Male,51,Caucasian,3,0,0,0,3,1,314.3
Male,29,African-American,6,0,0,0,7,1,22.716666666666665
Male,47,Caucasian,13,0,0,0,4,1,1587.8666666666666
Male,20,Caucasian,1,1,0,0,7,1,963.6166666666667
Female,26,Hispanic,0,0,0,0,3,0,21.55
Male,22,African-American,2,0,0,0,9,1,147.63333333333333
Male,25,African-American,5,0,0,0,9,1,1301.3333333333333
Male,20,African-American,1,0,0,0,8,1,27.016666666666666
Male,29,African-American,2,0,0,0,4,0,78.33333333333333
Male,24,Hispanic,11,0,0,0,10,1,14.566666666666666
Male,35,African-American,1,0,0,0,4,0,-4.15
Female,31,African-American,3,0,0,0,2,1,13.05
Male,43,African-American,10,0,0,0,8,0,54.25
Male,61,Caucasian,1,0,0,0,1,1,101.26666666666667
Male,54,African-American,26,0,0,0,5,0,9361.9
Male,34,Caucasian,2,0,0,0,7,1,19.65
Female,22,Hispanic,2,0,0,0,5,1,455.18333333333334
Male,21,African-American,1,0,0,0,9,1,74.65
Female,29,African-American,2,0,0,0,7,0,352.76666666666665
Male,27,African-American,9,0,0,0,8,1,1250.8666666666666
Male,21,African-American,2,1,0,1,9,0,868.1666666666666
Female,35,African-American,4,0,0,0,6,0,14.733333333333333
Male,26,Caucasian,0,0,0,0,6,0,20.8
Male,29,Caucasian,3,0,0,0,3,0,15.1
Male,51,Caucasian,3,0,0,0,1,1,26.9
Male,22,Caucasian,1,0,0,0,9,0,30.95
Male,52,Caucasian,16,0,0,0,9,1,265.5833333333333
Female,33,African-American,0,0,0,0,3,0,26.316666666666666
Male,27,African-American,7,0,0,0,9,1,103.7
Male,40,Caucasian,1,0,0,0,3,0,1007.6833333333333
Female,35,African-American,16,0,1,1,10,0,5813.933333333333
Male,22,Caucasian,6,0,0,0,9,1,21.883333333333333
Male,41,African-American,8,0,0,0,1,1,48.85
Female,24,Caucasian,9,0,0,0,10,1,213.13333333333333
Male,23,African-American,0,0,0,1,3,0,5497.3
Male,38,African-American,6,0,0,0,6,1,4862.783333333334
Female,29,African-American,5,0,0,0,4,1,214.28333333333333
Male,68,African-American,6,0,0,0,4,0,66.56666666666666
Male,25,African-American,6,0,0,2,7,1,20.55
Male,26,African-American,1,0,0,0,6,1,21.65
Male,22,African-American,2,0,0,0,10,0,5378.316666666667
Male,33,African-American,21,0,3,1,10,0,21.666666666666668
Male,49,African-American,14,0,0,0,4,0,47.03333333333333
Male,31,African-American,11,0,0,1,7,1,3.066666666666667
Female,35,African-American,7,0,0,0,2,1,48.93333333333333
Male,28,Caucasian,7,0,0,0,9,1,28.483333333333334
Male,27,African-American,1,0,0,0,6,0,816.3833333333333
Male,23,Caucasian,0,0,0,0,4,0,3.1166666666666667
Female,43,African-American,6,0,0,0,7,0,3.8333333333333335
Male,24,African-American,1,0,1,0,2,0,17.033333333333335
Male,23,Caucasian,0,0,0,0,3,0,13626.0
Male,25,Caucasian,0,0,0,0,6,0,19.466666666666665
Male,31,African-American,0,0,0,0,6,0,48.03333333333333
Male,33,Caucasian,3,0,0,0,7,1,25.633333333333333
Female,30,Caucasian,3,0,0,0,7,1,12722.033333333333
Female,19,African-American,0,0,0,0,6,0,46.1
Female,61,Caucasian,0,0,0,0,1,0,29.85
Male,21,African-American,0,0,0,0,8,0,50.61666666666667
Male,39,Hispanic,2,0,0,0,6,0,1008.6333333333333
Male,21,Hispanic,2,0,1,0,7,1,62.233333333333334
Female,21,Caucasian,1,0,0,0,8,1,-4.216666666666667
Male,55,Caucasian,1,0,0,0,1,0,439.9
Male,26,Caucasian,3,0,0,1,4,1,54.63333333333333
Male,28,African-American,9,0,0,0,9,0,7418.033333333334
Male,31,Caucasian,5,0,0,0,3,1,27.333333333333332
Male,32,African-American,12,0,1,3,10,1,42.083333333333336
Female,23,African-American,3,0,2,0,6,0,31.333333333333332
Male,21,African-American,0,0,0,0,4,1,2823.633333333333
Male,26,African-American,12,0,0,1,9,1,257.31666666666666
Male,40,Caucasian,1,0,0,0,1,0,512.4
Male,56,African-American,3,0,0,0,1,0,356.6166666666667
Male,34,African-American,5,0,0,0,4,1,67.63333333333334
Male,20,Caucasian,0,0,0,1,4,0,0.6666666666666666
Female,31,Caucasian,0,0,0,0,4,1,13.933333333333334
Male,25,Caucasian,0,0,0,0,7,0,23.2
Male,30,African-American,4,0,0,0,8,1,383.56666666666666
Male,27,African-American,9,0,0,0,9,1,3.716666666666667
Male,19,Hispanic,0,0,0,0,4,0,25.266666666666666
Male,32,Caucasian,0,0,0,0,3,0,25.416666666666668
Female,52,Caucasian,0,0,0,0,1,0,22.416666666666668
Female,61,Caucasian,2,0,0,0,1,0,473.53333333333336
Male,28,African-American,1,0,0,0,6,0,23.9
Male,20,Hispanic,1,1,0,0,8,1,22.75
Male,43,African-American,8,0,0,0,7,1,8373.7
Male,51,Hispanic,0,0,0,0,1,0,4.583333333333333
Male,29,African-American,8,0,0,0,9,0,122.51666666666667
Female,20,Other,1,1,0,0,4,0,70.88333333333334
Male,37,Caucasian,8,0,0,0,8,1,6.85
Male,32,Caucasian,0,0,0,0,3,0,25.416666666666668
Male,25,African-American,3,0,0,0,3,1,139.35
Female,30,African-American,2,0,0,0,7,0,67.16666666666667
Male,46,Caucasian,2,0,0,0,3,1,53.65
Male,49,African-American,1,0,0,0,3,0,212.23333333333332
Male,42,African-American,15,0,0,0,9,0,1666.4666666666667
Male,24,African-American,2,0,0,0,6,1,22.983333333333334
Male,24,African-American,2,0,0,0,6,0,99.08333333333333
Male,43,Caucasian,4,0,0,0,2,0,55.45
Male,38,African-American,0,0,0,0,8,1,17977.75
Male,33,African-American,1,0,0,0,1,0,5.183333333333334
Female,29,Caucasian,1,0,0,0,2,1,24.066666666666666
Male,39,African-American,19,0,0,0,6,1,21.7
Male,21,Other,1,0,0,0,6,1,94.1
Male,24,Caucasian,1,0,0,2,3,0,14.45
Female,38,African-American,0,0,0,0,1,0,21.866666666666667
Male,28,African-American,1,0,0,0,4,1,22.533333333333335
Female,26,Caucasian,0,0,0,0,2,0,7.466666666666667
Male,23,African-American,10,0,0,1,10,1,96.83333333333333
Female,36,African-American,3,0,0,0,4,0,2648.2
Female,43,African-American,0,0,0,0,6,0,-2.9833333333333334
Female,38,African-American,7,0,0,0,10,1,941.0
Male,22,African-American,3,0,0,0,6,1,41.166666666666664
Male,52,African-American,7,0,0,0,5,1,4362.25
Male,24,African-American,1,0,0,0,1,1,17.05
Female,21,Caucasian,1,1,0,0,5,0,11852.233333333334
Male,32,African-American,16,0,0,0,10,1,22.283333333333335
Male,37,Caucasian,5,0,0,0,3,0,697.3833333333333
Male,31,African-American,15,0,0,0,10,0,2497.2
Male,29,Caucasian,2,0,0,0,1,1,19.6
Female,29,African-American,0,0,0,0,2,0,20.05
Female,39,African-American,0,0,0,0,5,1,51.95
Male,21,Caucasian,0,0,0,0,2,1,-0.3333333333333333
Male,21,Hispanic,2,0,0,1,5,1,25.65
Male,32,African-American,6,0,0,0,2,0,796.6666666666666
Female,23,African-American,0,0,0,0,3,0,5.9
Male,34,Caucasian,4,0,0,0,2,0,312.76666666666665
Male,45,Caucasian,0,0,0,0,7,0,817.9833333333333
Male,31,Hispanic,8,0,0,0,3,1,312.85
Female,24,African-American,0,0,0,0,5,0,22.8
Male,27,African-American,4,1,0,0,7,0,745.3166666666667
Male,25,African-American,1,0,0,0,4,1,15.65
Male,18,Caucasian,4,5,0,0,8,1,32.85
Male,40,Other,4,0,0,0,1,1,54.06666666666667
Female,54,African-American,6,0,0,0,1,0,17.583333333333332
Male,58,Caucasian,4,0,0,0,5,1,21.616666666666667
Male,32,Caucasian,0,0,0,0,1,1,139.56666666666666
Female,33,Caucasian,0,0,0,0,1,0,16.266666666666666
Female,23,African-American,0,0,0,0,2,0,29.966666666666665
Female,45,Caucasian,1,0,0,0,3,0,990.6333333333333
Male,23,African-American,4,0,0,2,8,1,21.783333333333335
Male,57,African-American,23,0,0,0,8,1,724.4833333333333
Male,28,Caucasian,1,0,0,0,2,1,29.466666666666665
Male,22,African-American,0,0,0,0,3,1,25.866666666666667
Male,32,African-American,8,0,0,0,3,1,14.75
Male,34,African-American,3,0,0,0,1,0,18.65
Male,21,Hispanic,1,0,0,0,9,0,118.3
Male,33,African-American,3,0,0,0,2,0,2973.9333333333334
Male,32,African-American,5,0,0,0,4,0,24.3
Male,21,African-American,2,0,0,0,7,1,692.4833333333333
Male,22,African-American,0,0,0,0,4,0,26.733333333333334
Male,26,African-American,7,0,0,0,10,1,67.85
Male,27,Caucasian,0,0,0,0,1,0,21.966666666666665
Male,21,African-American,0,0,0,0,6,1,94.41666666666667
Male,44,African-American,2,0,0,0,2,0,42.583333333333336
Male,56,African-American,28,0,0,0,7,0,1447.6666666666667
Male,37,Caucasian,1,0,0,0,1,1,29.466666666666665
Male,34,Caucasian,1,0,0,0,1,0,5.05
Male,42,African-American,0,0,0,0,1,1,814.2166666666667
Male,38,African-American,10,0,0,1,4,1,247.83333333333334
Male,48,African-American,5,0,0,0,5,0,3350.7166666666667
Male,28,Hispanic,11,0,0,0,7,0,23.316666666666666
Male,22,Caucasian,1,0,0,0,6,0,286.3333333333333
Male,51,African-American,15,0,0,0,8,1,820.9833333333333
Male,26,African-American,0,0,0,0,4,1,23.2
Male,39,African-American,7,0,0,0,8,1,3.8666666666666667
Male,31,African-American,1,0,0,0,2,0,17.616666666666667
Male,24,African-American,1,0,0,0,7,0,599.2833333333333
Male,22,African-American,2,1,0,0,7,1,40.666666666666664
Male,24,Caucasian,0,0,0,0,2,0,364.73333333333335
Male,40,African-American,0,0,0,0,1,0,25.65
Male,20,Other,0,0,0,0,3,1,29.95
Male,20,African-American,0,0,0,0,8,0,4.55
Male,31,African-American,0,0,0,0,6,0,47.13333333333333
Male,24,African-American,7,2,0,0,8,1,69.28333333333333
Male,27,Hispanic,1,0,0,0,2,0,41.06666666666667
Male,25,African-American,11,0,0,2,9,1,7705.15
Male,36,Caucasian,1,0,0,0,2,0,25.766666666666666
Male,27,African-American,1,0,0,0,5,0,4266.6
Male,24,African-American,2,0,0,0,4,1,13.416666666666666
Male,38,Caucasian,1,0,0,0,1,1,19.783333333333335
Female,53,African-American,3,0,0,0,2,0,55.516666666666666
Male,49,Caucasian,2,0,0,0,6,0,65.9
Male,30,African-American,0,0,0,0,1,0,-0.5833333333333334
Male,39,Caucasian,0,0,0,0,1,1,54.11666666666667
Male,45,Caucasian,10,0,0,0,5,0,262.53333333333336
Male,54,African-American,8,0,0,0,5,0,247.55
Male,44,Caucasian,11,0,0,0,3,0,4326.816666666667
Male,37,Caucasian,2,0,0,0,2,0,290.6
Female,26,African-American,0,0,0,0,2,0,13.233333333333333
Male,70,African-American,2,0,0,0,1,0,99.1
Male,41,African-American,8,0,0,0,2,1,30.15
Male,25,African-American,1,0,0,0,6,1,694.7333333333333
Male,27,African-American,9,0,0,0,7,1,583.8833333333333
Male,38,African-American,16,2,3,0,9,1,796.0833333333334
Male,39,African-American,11,0,0,0,9,0,24.783333333333335
Male,51,Caucasian,6,0,0,0,1,1,445.56666666666666
Male,21,African-American,1,1,0,0,7,0,64.63333333333334
Male,29,Caucasian,4,0,0,0,6,1,168.03333333333333
Male,25,African-American,28,0,0,0,9,1,22.216666666666665
Male,38,Caucasian,0,0,0,0,3,1,9.033333333333333
Female,52,Caucasian,0,0,0,0,2,1,2832.116666666667
Male,27,African-American,6,0,0,0,5,1,240.25
Female,27,Caucasian,0,0,0,0,2,1,55.45
Male,49,African-American,10,0,0,0,3,1,236.21666666666667
Male,53,Hispanic,9,0,0,0,8,1,3127.9666666666667
Male,29,African-American,6,0,0,6,10,0,869.45
Male,33,African-American,4,0,0,0,5,1,41.733333333333334
Male,23,African-American,1,0,0,0,6,1,23.1
Male,27,African-American,7,0,0,0,4,1,50.916666666666664
Male,23,African-American,2,0,0,0,6,0,11492.416666666666
Male,45,African-American,4,0,0,0,3,1,-4.116666666666666
Female,27,African-American,0,0,0,0,3,0,19.683333333333334
Male,43,Caucasian,2,0,0,0,1,0,45.166666666666664
Male,69,Caucasian,6,0,0,0,1,1,3650.9
Male,25,Caucasian,0,0,0,0,5,1,53.583333333333336
Male,36,Caucasian,6,0,0,0,4,0,6.766666666666667
Male,32,African-American,26,2,0,0,10,1,24.5
Male,22,African-American,2,0,0,0,4,1,384.03333333333336
Male,36,African-American,5,0,0,0,3,0,267.3333333333333
Male,59,Hispanic,1,0,0,0,1,0,14.466666666666667
Female,22,African-American,0,0,0,0,8,1,21.166666666666668
Male,31,Caucasian,1,0,0,0,3,1,936.9166666666666
Male,22,African-American,0,0,0,0,9,0,51.03333333333333
Male,22,African-American,2,0,0,1,3,1,5.183333333333334
Female,51,Caucasian,4,0,0,0,3,0,194.33333333333334
Male,28,Caucasian,2,0,0,0,2,1,1016.8
Male,22,African-American,0,0,0,2,3,1,170.53333333333333
Male,20,African-American,2,0,0,0,3,1,384.43333333333334
Male,36,Caucasian,1,0,0,0,5,0,2395.9333333333334
Male,22,Caucasian,1,0,0,0,2,1,880.7333333333333
Male,21,African-American,4,0,0,0,8,0,1459.2166666666667
Male,28,Hispanic,3,0,0,0,8,1,3964.9333333333334
Male,31,Caucasian,1,0,0,0,2,0,29.883333333333333
Male,40,African-American,8,0,0,0,4,1,19.25
Male,32,Hispanic,6,0,0,0,5,1,217.21666666666667
Female,51,Caucasian,2,0,0,0,1,0,28.466666666666665
Male,20,African-American,1,0,1,0,10,0,595.9666666666667
Female,23,African-American,0,0,0,0,4,1,39.75
Female,24,Caucasian,1,0,0,0,6,0,19.416666666666668
Male,33,Caucasian,14,0,0,1,9,0,1682.25
Female,45,Caucasian,0,0,0,0,1,0,27.466666666666665
Male,28,African-American,3,0,0,0,7,0,4.366666666666666
Male,34,African-American,2,0,0,0,2,0,842.8166666666667
Male,23,African-American,2,0,1,2,6,1,56.63333333333333
Female,35,African-American,12,0,0,0,7,1,20.666666666666668
Male,59,African-American,5,0,0,0,5,0,3628.6666666666665
Male,22,Caucasian,5,0,0,2,8,1,115.91666666666667
Female,34,Caucasian,15,0,0,1,9,1,78.98333333333333
Male,32,African-American,1,0,0,0,8,1,44.016666666666666
Male,25,Caucasian,3,0,0,1,7,0,189.1
Male,28,Hispanic,3,0,0,0,5,1,21.566666666666666
Male,30,African-American,14,0,0,0,7,0,6067.283333333334
Male,27,African-American,8,0,0,0,10,1,662.75
Male,26,Caucasian,0,0,0,0,4,0,-0.3
Male,60,Other,1,0,0,0,1,0,26.433333333333334
Male,37,African-American,0,0,0,0,1,0,24.15
Male,31,African-American,7,0,0,0,10,0,10959.966666666667
Male,46,Caucasian,5,0,0,0,8,1,-3.15
Male,34,African-American,6,0,0,0,8,1,335.8333333333333
Female,33,Caucasian,2,0,0,0,2,0,14.333333333333334
Female,37,Hispanic,0,0,0,0,1,1,28.983333333333334
Male,30,Caucasian,9,0,0,0,6,1,168.73333333333332
Male,20,African-American,0,0,0,2,5,1,17.5
Male,35,African-American,3,0,0,2,2,1,18.633333333333333
Male,47,Caucasian,10,0,0,0,4,0,11974.983333333334
Male,34,African-American,3,0,0,0,3,0,388.51666666666665
Male,54,Caucasian,1,0,0,0,3,1,2407.8333333333335
Male,52,Caucasian,1,0,0,0,10,0,790.0333333333333
Male,25,Caucasian,2,0,0,0,3,0,24.316666666666666
Male,29,Caucasian,2,0,0,0,2,1,17.016666666666666
Male,24,African-American,0,0,0,0,3,1,240.0
Male,26,African-American,1,0,0,0,4,0,43.18333333333333
Male,26,African-American,13,0,0,0,8,1,267.35
Male,31,Other,0,0,0,0,3,0,1622.1333333333334
Male,46,Caucasian,0,0,0,0,1,0,25.066666666666666
Male,23,African-American,3,0,0,0,6,1,45.5
Female,26,Caucasian,4,0,0,0,3,1,13.883333333333333
Male,27,African-American,25,0,0,0,10,1,979.3
Female,30,Hispanic,0,0,0,0,3,1,24.25
Male,20,African-American,0,0,0,0,3,0,266.4
Male,30,Caucasian,2,1,0,0,5,0,716.5666666666667
Male,35,Caucasian,1,0,0,0,3,0,38.06666666666667
Male,67,Caucasian,2,0,0,0,1,0,1107.5666666666666
Male,23,African-American,1,0,0,0,2,0,945.1166666666667
Female,38,Other,0,0,0,0,1,0,32.68333333333333
Male,23,African-American,1,0,0,0,6,1,2887.3333333333335
Female,44,Caucasian,4,0,0,0,6,1,121.73333333333333
Male,37,African-American,0,0,0,0,1,0,-3.45
Male,44,African-American,9,0,0,0,3,0,1582.0666666666666
Male,29,African-American,5,0,0,0,6,1,27.116666666666667
Male,32,Caucasian,5,0,0,0,5,1,158.78333333333333
Male,31,Caucasian,9,0,0,0,8,1,28.116666666666667
Female,26,African-American,5,0,0,0,5,1,809.75
Male,51,Caucasian,1,0,0,0,2,0,29.7
Female,26,Other,1,0,0,0,6,0,20.733333333333334
Female,36,Caucasian,1,0,0,0,3,0,195.75
Male,45,Caucasian,4,0,0,0,1,1,103.9
Male,57,African-American,6,0,0,0,9,1,1840.3166666666666
Male,29,African-American,4,0,0,0,2,1,27.85
Male,23,African-American,4,0,2,2,7,1,23.483333333333334
Male,43,African-American,19,0,0,0,9,0,509.8666666666667
Male,23,African-American,3,1,0,0,9,1,44.916666666666664
Male,36,African-American,13,0,0,0,9,1,48.233333333333334
Male,21,African-American,5,0,0,0,5,1,24.716666666666665
Male,24,African-American,0,0,0,0,2,0,19.1
Male,21,Hispanic,2,0,0,1,5,1,25.65
Male,31,African-American,7,0,0,0,3,1,74.78333333333333
Male,34,African-American,1,0,0,0,5,0,26.016666666666666
Female,29,Caucasian,11,0,0,0,10,1,836.7833333333333
Male,72,African-American,8,0,0,0,4,0,62.35
Male,47,Asian,1,0,0,0,1,0,29.566666666666666
Male,34,African-American,2,0,0,0,4,1,573.9
Male,22,African-American,1,0,0,0,7,1,24.783333333333335
Male,46,Caucasian,1,0,0,0,1,1,18.666666666666668
Male,28,Caucasian,6,0,0,0,4,1,43.583333333333336
Male,33,African-American,13,0,0,0,6,1,6.216666666666667
Male,32,African-American,7,0,0,0,2,0,47.3
Male,25,African-American,7,0,0,0,10,1,357.68333333333334
Male,29,African-American,5,0,0,0,5,1,52.6
Male,47,African-American,12,0,0,0,6,1,2351.05
Male,26,African-American,8,0,0,0,8,1,6.416666666666667
Male,40,Caucasian,4,0,0,0,3,0,1883.0
Female,48,African-American,4,0,0,0,4,0,166.61666666666667
Male,30,Caucasian,0,0,0,0,1,0,15.6
Female,43,Caucasian,0,0,0,0,4,0,10609.866666666667
Male,21,African-American,2,0,0,0,5,0,47.93333333333333
Male,26,African-American,1,0,0,0,6,1,21.65
Male,25,African-American,0,0,0,0,6,0,6520.35
Male,34,Other,2,0,0,0,2,0,100.0
Male,38,Caucasian,2,0,0,0,1,0,29.583333333333332
Male,19,Caucasian,1,0,1,3,10,1,195.11666666666667
Female,27,Caucasian,2,0,0,0,3,0,24.8
Male,32,African-American,5,0,0,0,10,0,74.7
Female,30,African-American,9,0,0,0,9,1,5834.183333333333
Male,23,African-American,1,0,0,0,3,0,52.166666666666664
Female,22,Caucasian,0,0,0,0,5,0,26.766666666666666
Female,28,African-American,0,0,0,0,2,0,22.666666666666668
Male,30,African-American,1,0,0,0,9,0,2081.5666666666666
Male,29,Caucasian,0,0,0,0,7,1,22.95
Male,22,African-American,1,0,0,0,6,1,39.166666666666664
Male,32,African-American,4,0,0,0,5,0,22.583333333333332
Male,52,Caucasian,4,0,0,0,3,0,175.68333333333334
Male,25,African-American,5,0,1,2,9,1,3720.133333333333
Female,35,Caucasian,4,0,0,0,7,0,44.55
Male,37,African-American,6,0,0,0,2,1,21.666666666666668
Male,22,African-American,1,0,0,0,6,0,43.93333333333333
Female,26,African-American,6,0,0,0,6,0,32.1
Female,36,Caucasian,3,0,0,1,4,0,604.85
Female,34,Caucasian,5,0,0,0,5,1,19.05
Female,28,African-American,13,0,0,0,9,1,768.3666666666667
Male,26,African-American,13,0,2,0,10,0,1578.6833333333334
Male,34,Hispanic,4,0,0,0,1,1,762.6666666666666
Male,26,Hispanic,0,0,0,0,6,0,4.55
Female,33,Hispanic,2,0,0,0,4,1,217.68333333333334
Male,61,Hispanic,2,0,0,0,2,0,2048.1833333333334
Male,28,Caucasian,0,0,0,0,6,1,889.4
Male,45,African-American,6,0,0,0,4,0,32.666666666666664
Male,46,Caucasian,2,0,0,0,3,0,17.433333333333334
Male,56,African-American,5,0,0,0,3,0,289.8666666666667
Male,51,Other,14,0,0,0,4,1,96.56666666666666
Male,28,African-American,1,0,0,0,4,1,381.8666666666667
Female,46,African-American,7,0,0,0,8,0,453.5
Male,49,Caucasian,1,0,0,0,3,0,309.53333333333336
Male,25,African-American,5,0,1,2,9,1,3720.133333333333
Male,57,Hispanic,0,0,0,0,1,0,2622.6666666666665
Female,20,Caucasian,1,0,0,0,4,0,882.8833333333333
Female,44,Caucasian,3,0,0,0,2,1,269.1666666666667
Male,31,African-American,0,0,0,0,3,0,19.533333333333335
Male,33,Hispanic,0,0,0,0,1,0,30.366666666666667
Male,39,African-American,19,2,2,1,9,1,4318.833333333333
Male,44,African-American,0,0,0,0,1,0,2.716666666666667
Male,34,Other,0,0,0,0,1,0,19.966666666666665
Male,25,African-American,1,0,0,0,3,0,19.933333333333334
Female,31,Caucasian,0,0,0,0,4,1,13.933333333333334
Male,54,Caucasian,0,0,0,0,1,0,8.433333333333334
Female,26,African-American,3,0,0,0,2,1,16.95
Female,28,Caucasian,0,0,0,0,4,1,15.116666666666667
Male,26,African-American,3,0,0,0,4,0,793.3
Male,26,African-American,13,0,0,0,10,1,175.26666666666668
Male,41,Caucasian,14,0,0,0,6,1,151.16666666666666
Male,30,African-American,10,0,0,0,5,0,2525.5
Female,36,African-American,1,0,0,0,1,0,-11.516666666666667
Female,22,Caucasian,1,0,0,0,7,0,15.433333333333334
Male,31,African-American,3,0,0,0,8,1,477.75
Male,26,Caucasian,0,0,0,0,6,1,26.5
Male,23,Caucasian,5,0,0,0,8,1,337.4
Male,34,Hispanic,0,0,0,0,1,0,1847.15
Female,42,Caucasian,4,0,0,0,8,1,116.58333333333333
Male,36,Caucasian,4,0,0,0,3,0,2534.2166666666667
Male,29,Caucasian,4,0,0,0,6,1,168.03333333333333
Female,46,African-American,10,0,0,0,9,0,43.083333333333336
Male,51,Caucasian,1,0,0,0,1,0,25.816666666666666
Male,69,Caucasian,0,0,0,0,1,1,66.11666666666666
Male,27,African-American,11,0,0,0,10,1,55.8
Male,25,African-American,4,0,0,1,5,1,789.2333333333333
Male,31,African-American,2,0,0,0,2,0,22.083333333333332
Male,53,Hispanic,1,0,0,0,1,0,939.3833333333333
Male,23,African-American,6,0,0,0,6,1,26.45
Male,26,African-American,9,0,0,0,8,0,23.466666666666665
Male,28,African-American,16,8,0,1,8,1,27.866666666666667
Male,37,Caucasian,1,0,0,0,2,1,-1.05
Male,28,Caucasian,3,0,0,0,6,0,5784.533333333334
Male,53,Hispanic,1,0,0,0,4,0,27.5
Female,50,Caucasian,1,0,0,0,1,1,21.7
Male,55,Caucasian,1,0,0,0,2,1,793.35
Male,21,African-American,0,0,0,0,7,1,32.15
Male,20,African-American,0,0,0,0,6,1,45.733333333333334
Male,48,African-American,9,0,0,0,6,1,90.41666666666667
Male,45,Other,2,0,0,0,1,0,27.016666666666666
Male,37,Caucasian,1,0,0,0,2,1,16.733333333333334
Female,51,African-American,4,0,0,0,1,0,1442.8166666666666
Female,34,Caucasian,0,0,0,0,3,1,1507.3166666666666
Male,30,Hispanic,8,0,0,0,9,0,21144.583333333332
Male,37,African-American,1,0,0,0,10,0,75.76666666666667
Male,54,Caucasian,7,0,0,0,3,0,4.266666666666667
Female,27,Caucasian,3,0,0,0,10,0,484.8
Male,21,Caucasian,0,0,0,0,8,1,217.56666666666666
Male,21,Caucasian,1,0,0,0,4,0,22.866666666666667
Female,31,Hispanic,2,0,0,0,3,1,26.55
Male,59,African-American,10,0,0,0,7,1,3051.016666666667
Male,29,Native American,1,0,0,0,2,0,792.9333333333333
Male,22,African-American,0,0,0,0,7,1,790.35
Female,22,Hispanic,2,0,0,0,5,1,455.18333333333334
Male,27,African-American,2,0,0,0,3,0,89.9
Male,41,African-American,4,0,0,0,5,0,22.816666666666666
Female,74,Caucasian,0,0,0,0,1,0,4.516666666666667
Male,26,Asian,0,0,0,0,1,0,0.95
Male,42,African-American,9,0,0,0,6,1,4.233333333333333
Male,19,African-American,1,0,0,0,4,1,218.38333333333333
Male,63,Caucasian,3,0,0,0,1,0,16.45
Male,25,African-American,3,0,0,0,6,1,27.033333333333335
Male,21,African-American,3,0,0,0,9,1,150.61666666666667
Male,37,African-American,3,0,0,0,2,1,19.85
Male,28,African-American,3,0,0,0,6,0,-11.016666666666667
Male,22,African-American,3,0,0,0,9,0,815.0
Male,27,African-American,8,0,0,1,7,1,16.05
Male,25,African-American,5,0,0,0,9,0,41.483333333333334
Male,28,African-American,2,0,0,0,5,1,48.75
Male,54,Caucasian,13,0,0,0,4,0,26.15
Male,43,Caucasian,0,0,0,0,1,0,26.983333333333334
Male,25,African-American,0,0,0,0,5,0,55.833333333333336
Male,22,Hispanic,1,0,0,0,6,0,426.25
Female,38,Caucasian,1,0,0,0,6,1,28.9
Male,27,African-American,3,0,0,0,9,1,216.93333333333334
Male,30,Hispanic,7,0,0,0,4,0,906.0833333333334
Male,32,Caucasian,1,0,0,0,1,1,15.85
Male,23,African-American,3,0,0,0,10,1,1278.2333333333333
Female,30,African-American,0,0,0,0,2,0,-3.433333333333333
Female,52,African-American,1,0,0,0,1,0,17.533333333333335
Male,57,African-American,2,0,0,0,1,0,31.083333333333332
Male,21,Hispanic,0,0,0,0,3,1,43.833333333333336
Male,21,Caucasian,1,0,0,0,4,0,264.6166666666667
Female,27,Caucasian,3,0,0,0,7,1,2118.0333333333333
Male,37,African-American,18,0,0,0,9,0,3600.4333333333334
Male,44,Caucasian,0,0,0,0,1,1,52.516666666666666
Male,30,African-American,0,0,0,0,1,1,3.3333333333333335
Female,45,African-American,0,0,0,0,1,0,21.866666666666667
Male,30,Caucasian,0,0,0,0,4,0,143.3
Male,41,African-American,6,2,0,0,3,1,37.45
Male,51,Caucasian,8,0,0,0,5,1,29.666666666666668
Male,36,African-American,7,0,0,0,10,0,157.0
Male,26,African-American,2,0,0,0,3,1,50.88333333333333
Female,31,African-American,4,0,0,0,7,0,32.46666666666667
Male,37,Other,0,0,0,0,1,0,23.45
Female,26,African-American,0,0,0,0,2,0,19.15
Female,23,Caucasian,1,0,0,0,6,0,25.416666666666668
Male,27,Caucasian,2,0,0,0,6,1,20.983333333333334
Male,37,African-American,22,0,0,0,9,1,1954.0333333333333
Male,34,Other,4,0,0,0,5,0,44.233333333333334
Male,45,Caucasian,0,0,0,0,2,0,71.01666666666667
Male,24,African-American,0,0,0,0,4,0,51.46666666666667
Male,42,Caucasian,0,0,0,0,1,0,31.433333333333334
Male,50,Caucasian,5,0,0,0,1,1,25.8
Female,24,Caucasian,0,0,0,0,3,0,23.816666666666666
Male,21,African-American,1,1,0,0,9,0,358.4
Male,44,Caucasian,1,0,0,0,1,1,2.283333333333333
Male,22,African-American,1,0,1,0,6,0,30.35
Female,41,African-American,4,0,0,0,2,1,239.7
Male,45,Caucasian,3,0,0,0,1,1,0.9833333333333333
Male,27,African-American,6,0,0,0,8,1,838.45
Male,19,Caucasian,0,0,0,0,3,0,26.133333333333333
Male,46,Caucasian,0,0,0,0,1,0,4.3
Male,32,African-American,1,0,0,0,8,0,19.433333333333334
Male,24,Other,0,0,0,0,2,0,27.6
Male,26,African-American,1,0,0,0,1,0,770.15
Female,37,African-American,2,0,0,0,1,0,18.916666666666668
Female,38,African-American,0,0,0,0,4,0,24.0
Male,26,African-American,0,0,0,0,5,0,21.433333333333334
Male,41,African-American,14,0,0,0,6,1,4.9
Male,60,Caucasian,0,0,0,0,1,0,21.183333333333334
Male,23,Hispanic,2,0,1,0,9,0,543.2833333333333
Male,25,Caucasian,9,0,2,1,9,0,1299.1333333333334
Male,34,African-American,6,0,1,0,5,0,722.2166666666667
Male,35,African-American,12,0,0,0,8,1,22.75
Male,24,African-American,7,2,0,0,8,1,69.28333333333333
Male,45,Caucasian,9,0,0,0,9,1,1317.85
Male,54,African-American,22,0,0,0,7,1,13.716666666666667
Male,31,Caucasian,6,0,0,0,7,0,245.7
Male,28,Caucasian,5,0,0,0,5,0,195.78333333333333
Male,57,African-American,19,0,0,0,7,0,2824.116666666667
Male,22,African-American,1,0,1,2,5,0,68.68333333333334
Male,52,Other,0,0,0,0,5,1,169.53333333333333
Male,33,African-American,0,0,0,0,1,0,22.0
Male,57,African-American,2,0,0,0,1,0,23.966666666666665
Male,21,African-American,3,1,2,2,10,1,20.933333333333334
Female,62,Other,1,0,0,0,-1,0,15.566666666666666
Female,22,African-American,0,0,0,0,8,1,21.166666666666668
Male,35,African-American,1,0,0,0,8,0,964.6333333333333
Female,31,Caucasian,2,0,0,0,4,1,652.4
Male,32,African-American,5,0,0,0,4,0,24.3
Male,45,African-American,5,0,0,0,1,0,140.2
Male,57,Caucasian,1,0,0,0,2,0,411.96666666666664
Male,33,Hispanic,0,0,0,0,3,0,43.88333333333333
Male,42,African-American,6,0,0,0,8,1,13.816666666666666
Male,31,African-American,5,0,0,0,4,1,51.11666666666667
Male,26,Hispanic,0,0,0,0,2,0,25.133333333333333
Male,23,Caucasian,3,0,0,0,8,1,626.1
Male,24,African-American,15,0,5,1,10,1,49.583333333333336
Female,34,Caucasian,1,0,0,0,6,0,617.0333333333333
Male,34,Hispanic,2,0,0,0,1,1,25.016666666666666
Male,47,Caucasian,1,0,0,0,5,0,13.833333333333334
Male,43,African-American,23,0,1,0,7,0,2449.4166666666665
Male,45,African-American,2,0,0,0,1,0,54.9
Female,27,African-American,1,0,0,0,4,0,48.31666666666667
Male,23,African-American,2,0,0,0,6,0,11492.416666666666
Male,27,Caucasian,1,0,0,0,5,0,194.2
Male,36,Caucasian,2,0,0,0,1,0,21.383333333333333
Male,24,African-American,0,0,0,2,9,1,162.31666666666666
Male,21,Hispanic,0,0,0,2,9,1,16.3
Male,21,African-American,0,0,0,0,4,0,28.983333333333334
Male,36,African-American,17,0,2,0,8,1,360.53333333333336
Female,63,Caucasian,0,0,0,0,1,0,19.716666666666665
Male,52,Caucasian,3,0,0,0,9,0,15.183333333333334
Male,37,African-American,17,1,0,0,9,1,47.86666666666667
Male,45,Other,2,0,0,0,1,0,724.6333333333333
Male,23,African-American,6,0,0,1,9,1,196.95
Female,22,African-American,0,0,0,0,4,0,31.633333333333333
Male,21,African-American,1,0,0,2,5,0,26.366666666666667
Male,50,Hispanic,3,0,0,0,9,1,815.1833333333333
Female,28,African-American,3,0,0,0,4,1,113.03333333333333
Male,26,Asian,2,0,0,0,3,1,4792.533333333334
Male,23,Caucasian,0,0,0,0,3,1,31.433333333333334
Male,31,African-American,3,0,1,0,1,1,-3.7333333333333334
Male,29,Caucasian,1,0,0,0,3,0,14.733333333333333
Male,27,African-American,2,0,0,0,7,0,144.78333333333333
Male,25,Caucasian,6,0,1,0,8,1,5.25
Male,32,African-American,2,0,0,0,5,0,30.566666666666666
Male,24,Caucasian,0,0,0,0,2,1,16.383333333333333
Male,27,African-American,5,0,0,0,3,1,77.08333333333333
Male,70,Hispanic,0,0,0,0,1,0,21.0
Male,20,Other,0,0,0,0,3,1,28.916666666666668
Male,27,Caucasian,18,0,0,1,9,1,4295.133333333333
Male,54,African-American,3,0,0,0,6,1,55.083333333333336
Male,32,African-American,0,0,0,0,7,1,418.05
Male,34,Caucasian,4,0,0,0,6,1,24.75
Male,36,African-American,7,0,0,0,2,1,46.38333333333333
Male,22,African-American,2,1,0,0,7,1,40.666666666666664
Male,25,Caucasian,1,0,0,0,2,0,23.283333333333335
Male,23,African-American,1,0,0,3,3,1,536.2166666666667
Male,54,African-American,6,0,0,0,3,0,24.25
Male,25,African-American,3,0,0,0,10,0,27.483333333333334
Male,39,Hispanic,0,0,0,0,1,0,3.7666666666666666
Male,26,Other,3,0,0,0,2,0,986.6833333333333
Male,53,African-American,1,0,0,0,1,0,22.45
Male,21,African-American,3,0,2,0,5,1,-5.55
Male,35,Caucasian,0,0,0,0,1,1,20.8
Male,62,Hispanic,5,0,0,0,2,0,583.1166666666667
Male,51,African-American,1,0,0,0,5,0,4.733333333333333
Female,55,Caucasian,2,0,0,0,1,0,71.01666666666667
Male,49,Caucasian,6,0,0,0,3,0,41.3
Female,36,Caucasian,6,0,0,0,7,0,932.9333333333333
Female,28,Caucasian,0,0,0,0,2,0,22.716666666666665
Male,53,African-American,2,0,0,0,1,0,17.516666666666666
Female,23,Caucasian,2,0,0,0,6,0,21.25
Female,40,Other,1,0,0,0,1,0,406.55
Male,28,Caucasian,6,0,0,0,4,0,49.81666666666667
Female,39,Caucasian,2,0,0,0,5,1,22.866666666666667
Male,24,African-American,3,0,0,1,8,1,842.0166666666667
Male,30,Asian,6,0,0,0,3,1,21.2
Male,44,Caucasian,0,0,0,0,7,0,97.1
Male,37,Caucasian,5,0,0,0,3,0,263.03333333333336
Male,29,Caucasian,2,0,0,0,3,0,49.88333333333333
Male,49,Caucasian,10,0,0,0,5,1,1031.0
Male,33,African-American,16,0,0,0,7,1,17.5
Male,47,Caucasian,10,0,0,0,8,0,873.3833333333333
Male,34,African-American,3,0,0,1,6,1,18.066666666666666
Female,36,African-American,5,0,0,0,6,1,19.833333333333332
Male,31,Other,5,0,0,0,6,1,76.01666666666667
Male,49,Hispanic,0,0,0,0,1,0,17.75
Male,61,African-American,29,0,0,0,8,1,454.3666666666667
Male,20,African-American,1,0,0,1,10,1,2616.45
Male,33,African-American,12,0,0,1,9,1,52.6
Male,26,Other,0,0,0,0,1,0,21.916666666666668
Male,26,Caucasian,1,0,0,0,2,0,23.6
Male,24,Caucasian,4,0,0,0,8,0,874.1333333333333
Male,23,African-American,0,0,0,0,7,0,92.46666666666667
Male,73,Other,2,0,0,0,1,0,69.6
Female,53,African-American,0,0,0,0,1,0,6.283333333333333
Male,58,Caucasian,1,0,0,0,4,0,5.95
Male,26,African-American,3,0,0,1,6,1,43.833333333333336
Male,22,African-American,1,0,0,0,9,1,125.6
Male,36,African-American,14,0,0,0,7,1,22.566666666666666
Female,29,African-American,1,0,0,0,5,0,4310.616666666667
Male,26,Caucasian,0,0,0,0,8,0,20.883333333333333
Male,52,Asian,0,0,0,0,1,0,19.383333333333333
Male,37,African-American,12,0,0,0,3,0,604.35
Male,25,African-American,2,0,0,0,5,1,21.266666666666666
Male,44,African-American,1,0,0,0,1,0,24.783333333333335
Female,51,Hispanic,0,0,0,0,1,0,20.9
Male,25,Caucasian,1,0,0,0,2,0,47.5
Male,56,African-American,0,0,0,0,2,0,52.733333333333334
Male,20,African-American,3,0,3,0,8,1,-3.316666666666667
Male,49,Caucasian,3,0,0,0,1,0,21.566666666666666
Male,34,African-American,5,0,0,0,3,1,75.83333333333333
Male,20,African-American,0,0,0,0,8,0,66.5
Male,34,African-American,20,0,1,0,9,1,643.5333333333333
Male,26,African-American,12,0,1,1,6,0,5092.65
Male,31,Hispanic,0,0,0,0,1,0,7.6
Male,34,African-American,11,0,0,4,8,1,20.3
Male,21,Caucasian,0,0,0,0,2,0,24.3
Male,26,Caucasian,10,0,0,3,8,1,20.633333333333333
Male,33,Caucasian,2,0,0,0,1,0,16.816666666666666
Male,51,Caucasian,3,0,0,0,1,1,26.9
Male,58,African-American,16,0,0,0,9,1,701.4333333333333
Male,33,African-American,1,0,0,0,5,0,45.96666666666667
Male,49,Hispanic,1,0,0,0,1,1,128.15
Male,45,Caucasian,5,0,0,0,5,1,24.283333333333335
Male,20,Caucasian,4,0,4,0,10,0,21.766666666666666
Male,29,Caucasian,2,0,0,0,9,1,17.766666666666666
Male,61,Caucasian,0,0,0,0,1,0,-3.433333333333333
Male,50,African-American,1,0,0,0,6,0,70.53333333333333
Male,23,Caucasian,0,0,0,0,9,0,29.216666666666665
Male,28,African-American,4,0,0,0,8,1,1251.5333333333333
Male,26,Caucasian,1,0,0,0,4,1,210.9
Male,25,African-American,0,0,0,0,3,1,99.55
Male,24,Hispanic,0,0,0,0,6,0,10534.65
Male,25,African-American,21,0,13,1,9,1,2826.2166666666667
Male,56,African-American,6,0,0,0,2,0,25.25
Female,31,African-American,0,0,0,0,1,0,54.96666666666667
Male,26,African-American,6,0,0,0,5,1,0.55
Male,34,African-American,8,0,0,0,7,1,26.716666666666665
Male,32,African-American,13,0,0,0,9,1,931.3333333333334
Female,37,African-American,0,0,0,0,2,0,5589.283333333334
Male,36,African-American,1,0,0,0,8,1,747.0333333333333
Male,36,African-American,9,0,0,0,4,0,1385.7666666666667
Male,44,Caucasian,13,0,0,0,9,1,405.26666666666665
Male,22,African-American,0,0,0,0,2,0,23.4
Male,33,Caucasian,3,0,0,0,3,0,1056.5666666666666
Male,50,Other,3,0,0,0,1,0,-1.3166666666666667
Male,26,African-American,4,0,0,0,8,1,21.15
Male,23,African-American,4,1,0,0,9,0,72.68333333333334
Male,27,Hispanic,2,0,0,0,3,0,0.8166666666666667
Male,43,Caucasian,0,0,0,0,4,1,25.883333333333333
Male,23,African-American,2,0,0,0,4,1,30.316666666666666
Male,22,Caucasian,0,0,0,0,8,0,25.016666666666666
Male,22,Caucasian,1,0,0,0,4,1,201.01666666666668
Male,43,Caucasian,6,0,0,0,2,1,15.15
Female,44,Hispanic,4,0,0,0,3,1,-2.816666666666667
Male,26,Caucasian,0,0,0,0,3,0,46.166666666666664
Male,38,Hispanic,0,0,0,0,1,0,26.65
Male,21,Other,0,0,0,0,5,1,151.8
Male,30,African-American,1,0,0,0,7,0,1683.0666666666666
Male,22,Caucasian,0,0,0,0,3,0,29.233333333333334
Male,24,Caucasian,1,0,0,0,3,0,15.3
Female,29,African-American,2,0,0,0,7,0,352.76666666666665
Male,34,Hispanic,14,0,0,0,9,1,977.65
Female,33,Caucasian,4,0,0,0,5,1,267.6166666666667
Male,67,Caucasian,5,0,0,0,1,0,21.666666666666668
Male,32,African-American,19,0,3,0,9,1,27.4
Male,47,African-American,6,0,0,0,2,0,122.28333333333333
Female,25,Caucasian,0,0,0,0,6,0,26.416666666666668
Male,21,African-American,7,1,0,0,10,1,260.05
Male,28,African-American,6,0,1,0,9,1,68.93333333333334
Female,59,Caucasian,1,0,0,0,1,0,1446.7833333333333
Female,32,Other,0,0,0,0,1,0,19.233333333333334
Male,34,Caucasian,2,0,0,0,2,0,25.966666666666665
Male,25,Other,2,0,0,0,2,1,23.583333333333332
Female,27,Caucasian,1,0,0,0,4,0,342.4
Male,21,African-American,0,0,0,1,8,1,22.85
Male,23,African-American,4,2,0,1,10,0,1889.1666666666667
Male,29,Caucasian,1,0,0,0,2,0,65.6
Male,31,African-American,1,0,0,0,10,1,-3.2
Male,33,Other,2,0,0,0,7,0,27.933333333333334
Male,22,Hispanic,0,0,0,0,3,0,6.533333333333333
Male,42,African-American,5,0,1,0,9,1,0.1
Male,30,African-American,3,0,0,0,2,1,21.266666666666666
Male,32,Caucasian,8,0,0,0,5,0,20.883333333333333
Male,37,Hispanic,3,0,0,0,2,1,49.75
Male,44,African-American,10,0,0,0,4,1,123.33333333333333
Male,26,Caucasian,0,0,0,0,5,0,25.516666666666666
Male,21,Other,0,0,0,0,5,1,151.8
Male,30,African-American,26,2,0,0,10,0,409.9166666666667
Male,34,Hispanic,2,0,0,0,1,1,25.016666666666666
Male,23,Other,0,0,0,0,2,0,21.616666666666667
Female,32,Caucasian,0,0,0,0,2,0,312.7
Male,24,African-American,0,0,0,0,5,0,96.21666666666667
Male,25,African-American,10,0,0,0,7,0,16150.433333333332
Male,27,African-American,1,0,0,0,2,1,41.71666666666667
Male,27,African-American,3,0,0,0,3,0,293.4
Male,22,African-American,1,0,0,0,7,0,1046.4
Male,22,African-American,11,0,0,0,10,1,0.08333333333333333
Male,28,Other,2,0,0,0,1,0,46.75
Male,28,African-American,2,0,0,0,2,1,3001.766666666667
Male,32,Caucasian,9,0,0,0,7,1,117.76666666666667
Female,24,African-American,2,0,0,0,6,0,741.4333333333333
Male,48,Caucasian,15,1,0,0,8,0,359.18333333333334
Male,57,African-American,16,0,0,0,7,0,5955.5
Male,60,African-American,9,0,0,0,2,0,510.3333333333333
Male,46,African-American,3,0,0,0,3,1,844.15
Female,28,Caucasian,1,0,0,0,5,0,1127.4833333333333
Male,49,African-American,1,0,0,0,1,0,47.18333333333333
Male,24,African-American,3,0,0,0,6,1,23.15
Male,24,Caucasian,1,0,0,1,5,1,519.8
Male,35,African-American,7,0,0,0,4,0,137.3
Male,40,Caucasian,5,0,0,0,4,0,4.066666666666666
Male,31,African-American,3,0,0,0,3,0,458.6666666666667
Male,53,Hispanic,3,0,0,0,7,0,1053.9833333333333
Female,28,Caucasian,7,0,0,0,6,1,163.35
Male,27,African-American,2,1,0,0,4,1,578.9333333333333
Male,31,African-American,4,0,0,0,5,0,22.233333333333334
Male,22,African-American,0,0,0,0,3,0,395.56666666666666
Male,25,African-American,6,0,0,3,8,0,8043.733333333334
Male,36,African-American,4,0,0,0,6,1,50.46666666666667
Male,28,African-American,10,0,0,0,7,1,27.55
Male,30,Caucasian,11,0,1,0,9,1,962.7
Male,26,African-American,3,0,0,0,8,0,8523.883333333333
Male,47,Caucasian,3,0,0,0,1,0,22.233333333333334
Male,25,African-American,11,0,0,0,8,1,12766.6
Male,50,Caucasian,18,0,0,0,6,1,788.2
Male,20,Other,1,0,0,0,10,1,863.7666666666667
Male,38,Caucasian,11,0,0,0,4,1,6432.083333333333
Male,45,Caucasian,6,0,0,0,6,0,13517.816666666668
Male,24,African-American,2,0,0,0,9,1,50.733333333333334
Male,37,African-American,17,0,0,0,9,0,1095.8166666666666
Male,36,African-American,10,0,0,0,10,1,786.7
Male,31,Hispanic,19,0,1,0,7,1,23.883333333333333
Male,26,African-American,2,0,0,0,4,0,91.06666666666666
Male,59,Other,20,0,0,0,3,1,4772.566666666667
Male,26,Caucasian,0,0,0,0,6,1,123.08333333333333
Male,24,African-American,4,0,0,3,5,1,30.316666666666666
Male,25,African-American,1,0,0,0,2,1,22.066666666666666
Male,25,African-American,0,0,0,0,8,0,44.71666666666667
Male,25,African-American,1,0,0,0,2,1,22.066666666666666
Male,30,African-American,2,0,0,0,10,0,26.366666666666667
Male,30,African-American,0,0,0,0,9,0,30.333333333333332
Male,21,Caucasian,0,0,0,0,4,1,22.65
Female,53,Caucasian,0,0,0,0,1,0,21.383333333333333
Male,23,Other,0,0,0,0,8,1,112.45
Male,42,African-American,0,0,0,0,1,0,-2.3333333333333335
Male,29,African-American,10,0,0,0,6,1,19.55
Male,21,African-American,2,0,0,1,6,1,182.21666666666667
Female,34,Caucasian,15,0,0,1,9,1,78.98333333333333
Female,34,Caucasian,0,0,0,0,2,0,26.35
Female,69,Hispanic,0,0,0,0,1,0,-2.6666666666666665
Male,38,Caucasian,11,0,0,0,4,1,6432.083333333333
Male,41,Asian,2,0,0,0,8,1,3886.9333333333334
Male,25,African-American,1,0,0,0,6,0,24.033333333333335
Male,29,African-American,11,0,0,0,10,0,21.583333333333332
Male,44,African-American,29,0,0,0,9,1,480.53333333333336
Male,55,Caucasian,0,0,0,0,1,0,23.583333333333332
Male,50,Caucasian,0,0,0,0,7,0,725.15
Male,31,Caucasian,3,0,0,1,4,1,20.8
Male,34,Caucasian,3,0,0,0,1,0,26.233333333333334
Male,22,Caucasian,0,0,0,0,5,1,13.95
Male,46,African-American,0,0,0,0,7,1,5.066666666666666
Female,51,African-American,10,1,0,0,10,1,1565.0
Male,25,African-American,2,0,0,0,8,0,28.166666666666668
Male,35,African-American,18,0,0,0,6,1,2696.9166666666665
Male,30,African-American,8,0,0,0,9,1,1559.1666666666667
Female,22,Caucasian,1,0,0,0,3,0,360.93333333333334
Male,41,African-American,12,0,0,3,6,1,5.316666666666666
Male,28,African-American,8,0,1,0,6,1,976.2333333333333
Male,29,Caucasian,0,0,0,0,1,0,22.366666666666667
Male,23,Caucasian,0,0,0,0,6,1,43.46666666666667
Male,40,African-American,9,0,0,0,6,0,6.783333333333333
Male,52,African-American,0,0,0,0,4,0,1369.7
Male,21,African-American,0,0,0,0,3,0,28.65
Male,34,African-American,5,0,0,0,4,1,123.35
Male,23,Hispanic,2,0,0,0,4,0,551.4833333333333
Male,21,African-American,0,0,0,1,8,1,156.35
Male,39,African-American,5,0,0,0,7,0,96.31666666666666
Female,31,Caucasian,2,0,0,2,5,1,29.283333333333335
Male,29,African-American,7,0,0,0,7,0,6.7
Female,29,African-American,5,0,0,0,4,1,214.28333333333333
Male,23,Caucasian,0,0,0,0,2,0,25.25
Male,32,African-American,13,0,0,0,8,0,531.6666666666666
Female,50,Caucasian,30,0,0,0,6,1,89.5
Male,26,African-American,0,0,0,0,2,0,23.25
Male,27,Other,6,0,0,0,7,0,2081.2833333333333
Male,69,Caucasian,0,0,0,0,1,1,66.11666666666666
Male,41,African-American,0,0,0,0,7,0,14.766666666666667
Male,54,African-American,6,0,0,0,7,1,334.25
Male,21,African-American,1,0,0,0,7,1,501.8
Male,26,African-American,3,0,0,0,3,1,22.2
Male,24,African-American,0,0,0,1,2,0,31.283333333333335
Male,48,Caucasian,0,0,0,0,1,0,3.95
Female,40,Caucasian,0,0,0,0,9,0,2523.2166666666667
Female,30,Caucasian,1,0,0,0,3,0,1003.9166666666666
Male,24,Caucasian,0,0,0,0,5,1,886.9
Male,22,African-American,1,0,0,0,4,1,3.2333333333333334
Male,27,Caucasian,8,0,0,0,5,0,1635.3833333333334
Male,51,African-American,12,0,0,1,8,1,16.15
Male,20,African-American,1,1,0,0,7,1,21.0
Male,44,African-American,7,0,0,0,5,1,650.1666666666666
Male,39,African-American,3,0,0,0,4,1,820.8666666666667
Male,59,Caucasian,1,0,0,0,1,1,8.0
Male,60,Caucasian,0,0,0,0,1,0,21.933333333333334
Male,37,Caucasian,0,0,0,0,4,0,21.583333333333332
Male,49,African-American,0,0,0,0,2,0,-2.65
Male,55,African-American,18,0,0,0,5,0,23.883333333333333
Female,24,African-American,1,0,0,0,9,0,90.76666666666667
Female,31,Caucasian,2,0,0,0,1,0,40.583333333333336
Female,65,Caucasian,1,0,0,0,1,0,-10.833333333333334
Male,30,Caucasian,1,0,0,0,1,1,27.75
Male,34,African-American,0,0,0,0,7,1,5786.383333333333
Male,30,Caucasian,1,0,0,0,2,0,842.3333333333334
Male,24,African-American,2,0,0,0,2,0,25.983333333333334
Male,22,Caucasian,0,0,0,0,3,0,93.71666666666667
Male,26,African-American,7,0,0,0,10,1,45.35
Male,25,African-American,7,0,1,1,5,1,20.533333333333335
Male,22,African-American,0,0,0,0,3,1,25.866666666666667
Male,28,African-American,14,0,0,0,2,0,5.35
Male,57,Caucasian,0,0,0,0,2,0,29.616666666666667
Male,38,Caucasian,17,0,0,0,10,0,4326.466666666666
Male,30,African-American,0,0,0,0,4,1,28.3
Male,27,Caucasian,0,0,0,0,1,0,28.866666666666667
Male,39,Caucasian,2,0,0,0,6,1,748.6
Female,32,African-American,5,0,0,0,8,0,4270.166666666667
Male,28,Caucasian,1,0,0,0,4,0,102.83333333333333
Male,31,African-American,9,0,0,0,10,0,29.366666666666667
Male,46,African-American,1,0,0,0,6,1,24.033333333333335
Male,21,African-American,1,0,0,0,9,1,74.65
Male,46,Hispanic,1,0,0,0,1,0,-3.433333333333333
Female,39,African-American,2,0,0,0,7,0,1941.1
Female,54,African-American,1,0,0,0,9,0,23.366666666666667
Male,32,African-American,3,0,0,0,2,0,27.266666666666666
Male,20,African-American,1,0,0,1,5,0,5856.95
Male,21,African-American,1,0,0,0,8,0,200.43333333333334
Male,47,Other,1,0,0,0,1,0,30.816666666666666
Male,37,Caucasian,0,0,0,0,1,0,3.5
Female,27,Caucasian,4,0,0,0,8,1,1312.2166666666667
Male,35,Caucasian,0,0,0,0,2,0,3.533333333333333
Male,51,Caucasian,3,0,0,0,2,0,2066.0833333333335
Male,25,African-American,3,0,0,0,4,0,18.383333333333333
Male,24,African-American,3,0,0,1,8,1,-10.133333333333333
Male,21,African-American,1,0,0,1,8,0,25.483333333333334
Female,24,African-American,0,0,0,0,3,0,54.6
Female,21,Caucasian,1,0,0,0,8,1,-4.216666666666667
Female,36,Caucasian,2,0,0,0,3,0,45.6
Male,25,Hispanic,2,0,0,0,3,1,24.85
Male,41,African-American,9,2,1,0,9,1,23.816666666666666
Male,22,African-American,0,0,0,0,3,1,-2.816666666666667
Female,33,Caucasian,0,0,0,0,2,0,2.95
Female,24,African-American,0,0,0,0,4,0,28.1
Male,27,African-American,12,0,0,0,8,1,24.383333333333333
Male,48,African-American,5,0,0,0,9,1,5825.766666666666
Male,30,African-American,12,0,0,0,9,1,-1.8
Male,37,Asian,1,0,0,0,2,0,20.8
Male,29,Hispanic,7,0,0,0,9,1,15.966666666666667
Male,33,African-American,2,0,0,0,1,0,25.5
Male,26,African-American,24,1,3,0,10,1,2060.983333333333
Male,26,African-American,18,1,1,0,10,1,4749.516666666666
Male,32,Other,0,0,0,0,3,1,20.25
Male,28,Hispanic,1,0,0,0,2,0,209.46666666666667
Male,25,Caucasian,5,0,2,0,7,1,2.2333333333333334
Male,39,Hispanic,2,0,0,0,6,0,1008.6333333333333
Male,27,African-American,1,0,0,0,2,0,53.61666666666667
Male,25,African-American,1,0,0,0,4,1,17.033333333333335
Male,35,Caucasian,1,0,0,0,2,0,20.9
Male,35,Other,3,0,0,0,1,1,26.566666666666666
Male,34,African-American,3,0,0,0,7,0,2279.4333333333334
Male,23,Other,0,0,0,0,8,1,112.45
Female,67,African-American,0,0,0,0,1,0,46.016666666666666
Male,22,African-American,1,0,0,0,7,1,23.166666666666668
Male,25,Caucasian,2,0,0,0,5,1,29.366666666666667
Male,56,Caucasian,2,0,0,0,3,0,389.1333333333333
Male,20,African-American,0,0,0,0,9,1,5037.666666666667
Male,46,African-American,5,0,0,0,1,1,4849.983333333334
Male,27,African-American,9,0,0,0,7,1,16.966666666666665
Male,42,African-American,4,0,0,0,1,0,3.4
Female,24,Caucasian,7,0,0,1,8,1,3009.4333333333334
Female,37,Caucasian,2,0,0,0,3,0,462.53333333333336
Female,22,African-American,1,0,0,0,5,0,16.233333333333334
Male,23,Caucasian,0,0,0,0,2,0,20.983333333333334
Male,50,Caucasian,1,0,0,0,2,0,24.05
Male,42,African-American,1,0,0,0,1,0,44.4
Male,20,African-American,2,0,0,0,8,0,51.46666666666667
Female,50,Caucasian,0,0,0,0,2,0,21.35
Male,54,Hispanic,0,0,0,0,1,0,1466.4833333333333
Male,29,African-American,13,0,1,0,10,1,40.483333333333334
Male,21,Hispanic,0,0,0,2,9,1,16.3
Male,58,African-American,16,0,0,0,9,1,701.4333333333333
Male,22,African-American,1,0,0,0,7,1,-4.933333333333334
Male,23,African-American,0,0,0,0,4,1,44.5
Male,46,Caucasian,7,0,0,0,6,1,866.8833333333333
Male,59,Caucasian,4,0,0,0,4,0,447.46666666666664
Female,29,Caucasian,8,0,0,0,8,0,2530.4166666666665
Male,59,Other,20,0,0,0,3,1,4772.566666666667
Male,26,Hispanic,5,0,0,0,9,1,-2.8666666666666667
Male,35,Caucasian,8,0,0,0,8,1,6051.533333333334
Male,29,African-American,5,0,0,0,3,1,333.21666666666664
Female,44,Caucasian,2,0,0,0,1,0,260.6666666666667
Male,45,African-American,1,0,0,0,1,1,6481.566666666667
Female,32,Other,0,0,0,0,2,0,49.45
Male,31,Caucasian,0,0,0,0,1,0,23.416666666666668
Male,39,African-American,4,0,0,0,2,0,163.78333333333333
Male,27,African-American,2,0,0,0,4,0,72.31666666666666
Female,50,Caucasian,5,0,0,0,6,0,22.5
Male,48,African-American,4,0,0,0,6,0,25.666666666666668
Male,30,Caucasian,5,0,0,0,8,1,68.76666666666667
Female,26,African-American,6,0,0,0,6,1,75.36666666666666
Female,25,Caucasian,2,0,0,0,10,0,4347.15
Male,28,Hispanic,0,0,0,0,2,1,55.9
Male,28,Caucasian,2,0,0,0,7,0,13.75
Male,30,Other,1,0,0,0,2,1,54.21666666666667
Male,49,African-American,4,0,0,0,4,0,27.35
Male,44,Caucasian,7,0,0,0,7,0,2310.2166666666667
Male,36,African-American,0,0,0,0,8,0,26.783333333333335
Male,25,Caucasian,0,0,0,0,3,0,17.666666666666668
Male,26,Other,1,0,0,0,4,1,54.93333333333333
Male,38,Other,0,0,0,0,1,1,22.983333333333334
Male,27,African-American,13,0,0,0,7,1,49.75
Male,22,African-American,1,0,0,1,10,1,3.6
Male,27,African-American,0,0,0,0,3,0,13.766666666666667
Male,31,African-American,0,0,0,0,2,1,31.05
Male,27,Other,0,0,0,0,2,0,13.116666666666667
Male,28,Hispanic,0,0,0,0,1,0,50.78333333333333
Male,32,African-American,14,0,0,0,9,1,50.36666666666667
Male,26,African-American,2,0,0,1,3,0,176.23333333333332
Male,25,Caucasian,1,0,0,0,6,0,482.51666666666665
Male,35,African-American,1,0,0,0,4,0,30.466666666666665
Male,26,African-American,0,0,0,0,4,1,28.316666666666666
Male,39,Caucasian,2,0,0,0,3,0,196.63333333333333
Male,50,Caucasian,3,0,0,0,4,1,605.0833333333334
Male,22,Caucasian,3,0,0,0,6,0,14329.7
Male,26,Hispanic,0,0,0,0,2,0,4159.633333333333
Male,25,African-American,2,0,0,0,4,0,441.2
Male,43,Caucasian,0,0,0,0,1,0,8.7
Male,27,African-American,0,0,0,0,3,0,4.433333333333334
Male,36,African-American,14,1,2,0,10,1,50.166666666666664
Female,31,Caucasian,1,0,0,0,3,1,6.25
Male,43,African-American,18,0,0,0,4,1,221.66666666666666
Female,52,African-American,0,0,0,0,1,0,-6.65
Male,29,Caucasian,11,0,0,1,8,1,1181.1333333333334
Male,63,Other,23,0,0,0,4,1,49.46666666666667
Male,32,African-American,5,0,0,0,4,0,24.3
Male,23,African-American,9,0,0,2,10,0,2565.1
Female,20,Caucasian,0,0,0,0,8,1,455.65
Female,28,Caucasian,7,0,0,0,6,1,163.35
Male,30,African-American,13,0,2,2,10,1,69.55
Male,46,Caucasian,1,0,0,0,1,1,18.666666666666668
Male,26,African-American,0,0,0,0,5,0,21.433333333333334
Male,28,African-American,1,0,0,0,2,0,29.033333333333335
Male,27,African-American,3,0,0,0,2,0,25.983333333333334
Male,23,African-American,2,0,0,0,7,0,125.56666666666666
Male,28,African-American,7,0,0,1,10,0,43.75
Male,57,African-American,11,0,0,0,7,1,7688.6
Male,49,Caucasian,6,0,0,0,2,0,81.21666666666667
Female,51,Caucasian,4,0,0,0,3,0,194.33333333333334
Male,46,Caucasian,6,0,0,0,1,1,544.15
Male,37,Caucasian,0,0,0,0,3,0,44.35
Male,24,Caucasian,1,0,0,0,7,0,24.083333333333332
Male,23,African-American,0,0,0,0,4,0,6.816666666666666
Female,29,Caucasian,20,0,0,0,10,1,1350.2833333333333
Male,29,Caucasian,7,0,0,0,10,1,24.25
Female,31,African-American,2,0,0,0,2,1,21.25
Male,21,African-American,0,0,0,0,8,0,26.083333333333332
Male,53,Hispanic,18,0,0,0,2,0,26.15
Male,25,Caucasian,0,0,0,0,9,0,27.6
Male,65,Caucasian,2,0,0,0,1,0,98.65
Male,35,African-American,16,0,0,0,8,1,4589.5
Female,35,African-American,12,0,0,0,2,0,-10.133333333333333
Male,38,Caucasian,1,0,0,0,3,0,819.9833333333333
Female,54,Caucasian,1,0,0,0,3,0,643.2166666666667
Male,57,Caucasian,0,0,0,0,1,0,3.8
Male,24,Caucasian,6,0,0,0,9,0,71.06666666666666
Male,31,Caucasian,2,0,0,0,3,1,22.433333333333334
Male,26,Caucasian,2,1,0,0,6,1,17.483333333333334
Male,20,Caucasian,0,0,0,0,8,0,2561.3333333333335
Male,53,Other,0,0,0,0,1,0,19.983333333333334
Male,20,African-American,0,0,0,1,4,0,25.9
Female,53,Caucasian,4,0,0,0,1,1,3.4
Male,32,African-American,7,0,0,0,9,1,889.0333333333333
Female,35,Caucasian,0,0,0,0,3,1,-3.033333333333333
Male,46,Caucasian,0,0,0,0,1,0,20.583333333333332
Male,42,Caucasian,5,0,0,0,7,0,5115.566666666667
Male,23,Hispanic,2,0,0,0,4,0,551.4833333333333
Male,52,Caucasian,16,0,0,0,9,1,265.5833333333333
Female,23,African-American,2,0,0,0,8,1,20.633333333333333
Male,53,Hispanic,1,0,0,0,1,1,48.38333333333333
Male,28,African-American,8,0,0,0,8,1,71.91666666666667
Male,58,Other,0,0,0,0,1,0,7.116666666666666
Male,32,Other,0,0,0,0,1,0,22.05
Female,25,Caucasian,0,0,0,0,3,0,47.233333333333334
Male,59,Caucasian,1,0,0,0,2,1,13.883333333333333
Male,37,Hispanic,2,0,0,0,1,1,25.15
Male,48,Caucasian,0,0,0,0,1,0,14.2
Male,33,Caucasian,0,0,0,0,1,1,2.3333333333333335
Male,48,Other,4,0,0,0,2,0,26.333333333333332
Male,40,African-American,5,0,0,0,3,0,3465.3333333333335
Male,27,African-American,5,0,0,0,4,1,1539.1333333333334
Male,66,Other,0,0,0,0,1,0,32.06666666666667
Male,35,African-American,7,0,0,0,4,0,694.0333333333333
Female,22,Caucasian,1,0,0,0,6,0,47.1
Male,46,Caucasian,2,0,0,0,3,1,53.65
Male,57,Hispanic,1,0,0,0,1,0,472.75
Male,28,African-American,2,0,0,0,6,0,1729.9666666666667
Male,20,African-American,3,0,0,0,7,1,506.55
Male,53,Caucasian,6,0,0,0,1,0,4177.816666666667
Male,48,Hispanic,0,0,0,0,2,0,43.016666666666666
Male,24,Hispanic,1,0,0,0,4,0,260.35
Male,20,Caucasian,0,0,0,0,10,1,163.85
Female,27,Caucasian,13,0,0,0,5,0,217.83333333333334
Male,24,Caucasian,3,0,0,0,8,1,430.51666666666665
Male,56,Caucasian,11,0,0,0,4,0,27.083333333333332
Male,26,Caucasian,9,0,0,0,7,1,29.65
Male,21,African-American,1,0,0,0,3,0,537.25
Male,37,Hispanic,6,0,0,0,5,1,574.95
Male,23,African-American,0,0,0,0,7,1,123.15
Male,30,Hispanic,1,0,0,0,2,0,408.3333333333333
Male,40,African-American,30,0,0,0,10,0,3246.5833333333335
Male,23,African-American,4,0,0,0,10,0,2993.483333333333
Female,29,Caucasian,6,0,0,0,7,1,1629.8666666666666
Male,28,Caucasian,4,0,0,0,4,1,92.43333333333334
Male,30,Caucasian,1,0,0,0,1,0,872.7666666666667
Female,21,African-American,2,0,0,0,8,0,1913.8833333333334
Male,24,African-American,2,0,0,2,9,1,581.6666666666666
Male,28,Caucasian,1,0,0,0,1,0,24.066666666666666
Male,48,African-American,0,0,0,0,7,0,1824.25
Male,28,African-American,14,0,0,0,7,1,21.916666666666668
Male,45,Other,0,0,0,0,3,0,29.75
Male,49,Hispanic,3,0,0,0,4,0,7231.866666666667
Male,49,African-American,10,0,0,0,6,1,1055.3
Male,23,Other,0,0,0,0,2,1,22.466666666666665
Male,44,African-American,3,0,0,0,7,0,78.08333333333333
Female,31,African-American,1,0,0,0,3,1,807.8
Male,45,African-American,0,0,0,0,1,0,20.3
Male,25,African-American,0,0,0,0,6,0,6520.35
Male,24,African-American,1,0,0,0,6,1,40.516666666666666
Male,30,African-American,15,1,0,2,10,1,42.55
Male,26,Caucasian,4,0,0,0,4,1,456.18333333333334
Female,22,African-American,5,0,0,0,9,1,457.9166666666667
Male,26,Caucasian,2,0,0,0,5,0,13.366666666666667
Male,27,African-American,4,1,0,1,8,1,18.983333333333334
Male,19,Caucasian,5,1,3,2,9,1,685.9
Male,23,African-American,4,0,0,0,9,0,3909.65
Male,33,African-American,4,0,0,0,2,1,24.35
Female,23,African-American,2,0,0,0,10,1,2787.7833333333333
Male,29,African-American,6,0,0,0,8,1,860.0333333333333
Male,53,African-American,6,0,0,0,6,1,193.26666666666668
Female,42,African-American,2,0,0,0,2,0,28.533333333333335
Female,42,Caucasian,3,0,0,0,1,0,74.4
Male,26,African-American,6,0,0,0,9,1,433.53333333333336
Male,57,Hispanic,3,0,0,0,1,0,24.366666666666667
Female,37,Caucasian,1,0,0,0,3,0,331.15
Male,37,African-American,3,0,0,0,3,0,1941.9166666666667
Male,23,African-American,0,0,0,0,3,1,7.1
Male,42,African-American,0,0,0,0,1,0,-2.3333333333333335
Female,42,African-American,3,0,0,0,9,0,791.1833333333333
Male,26,Caucasian,1,0,0,0,3,0,191.08333333333334
Female,61,Caucasian,2,0,0,0,1,0,21.166666666666668
Male,30,African-American,9,1,0,0,4,1,30.833333333333332
Male,46,Caucasian,2,0,0,0,1,0,27.683333333333334
Male,27,African-American,6,0,0,0,4,1,937.4666666666667
Male,30,Hispanic,0,0,0,0,2,0,2.2333333333333334
Male,32,Caucasian,0,0,0,0,3,1,70.16666666666667
Male,44,Caucasian,0,0,0,0,1,0,26.666666666666668
Female,48,Caucasian,1,0,0,0,1,1,42.93333333333333
Male,24,Other,3,0,0,0,3,1,1191.6833333333334
Male,35,Caucasian,0,0,0,0,1,0,54.38333333333333
Male,43,African-American,20,1,0,0,8,0,25.85
Male,34,African-American,2,0,0,0,3,1,21.683333333333334
Male,36,Caucasian,4,0,0,0,3,1,197.38333333333333
Male,43,African-American,1,0,0,0,6,1,760.7
Male,67,Caucasian,0,0,0,0,1,0,1009.9166666666666
Male,20,Caucasian,1,0,0,2,2,1,39.266666666666666
Male,26,African-American,6,0,1,0,5,0,45.93333333333333
Male,23,Other,2,0,0,0,4,0,25.05
Male,27,African-American,9,0,0,0,7,1,16.966666666666665
Male,30,African-American,10,0,0,1,6,1,172.41666666666666
Male,44,African-American,3,0,0,0,7,0,78.08333333333333
Male,51,African-American,4,0,0,0,3,0,20.383333333333333
Male,23,African-American,2,0,0,0,8,0,44.11666666666667
Male,32,Other,0,0,0,0,1,0,26.483333333333334
Male,38,African-American,0,0,0,0,4,0,27.1
Male,31,African-American,6,0,0,0,10,1,20.033333333333335
Male,31,African-American,13,0,0,0,10,1,16.383333333333333
Male,32,Caucasian,0,0,0,0,4,0,45.083333333333336
Male,24,Caucasian,8,0,0,2,9,1,848.0
Male,47,Caucasian,0,0,0,0,2,0,69.1
Male,27,African-American,0,0,0,0,1,0,20.566666666666666
Male,29,Hispanic,0,0,0,0,2,0,-3.933333333333333
Female,26,African-American,2,0,0,0,2,0,3287.4666666666667
Male,34,Caucasian,3,0,0,1,5,0,22.683333333333334
Female,44,Caucasian,1,0,0,0,5,0,117.06666666666666
Male,23,African-American,3,0,0,0,6,1,100.16666666666667
Female,37,African-American,3,0,0,0,1,0,697.1833333333333
Male,29,African-American,7,0,0,0,3,0,44.0
Female,21,African-American,0,0,0,0,6,0,22.733333333333334
Male,21,African-American,1,0,1,0,8,1,14.65
Male,34,African-American,0,0,0,0,4,0,24.483333333333334
Male,33,African-American,18,0,0,3,9,1,21.35
Male,71,Caucasian,0,0,0,0,1,0,13.8
Male,26,African-American,10,0,0,0,6,1,143.8
Female,24,Caucasian,0,0,0,0,10,0,7.85
Male,28,Caucasian,1,0,0,0,1,0,3.65
Male,24,African-American,2,0,1,0,9,1,458.93333333333334
Female,36,African-American,1,0,0,0,3,1,18.283333333333335
Male,20,Other,0,0,0,0,4,0,17.2
Male,24,African-American,6,0,0,0,6,1,26.716666666666665
Female,33,Caucasian,0,0,0,0,1,1,21.783333333333335
Male,23,African-American,2,0,0,0,5,1,546.35
Male,22,Other,5,0,0,0,4,1,58.916666666666664
Female,38,Caucasian,10,0,0,0,4,0,1314.4333333333334
Female,51,Caucasian,1,0,0,0,3,0,119.01666666666667
Male,39,Caucasian,21,0,0,0,10,0,4658.45
Male,27,African-American,0,0,0,0,6,1,77.23333333333333
Male,38,Caucasian,1,0,0,0,1,1,19.783333333333335
Male,48,Caucasian,0,0,0,0,8,1,1633.7833333333333
Female,28,African-American,13,0,0,0,9,1,768.3666666666667
Male,39,Other,4,0,1,0,2,1,0.5
Male,39,African-American,0,0,0,0,4,1,19.933333333333334
Male,29,African-American,13,0,0,0,8,1,27.566666666666666
Male,19,African-American,0,0,0,0,9,0,121.75
Male,20,African-American,1,1,0,1,10,1,24.033333333333335
Male,24,Caucasian,2,0,0,0,5,1,1180.2
Male,34,African-American,11,1,0,0,8,1,29.183333333333334
Male,46,African-American,3,0,0,0,1,1,24.95
Female,33,Caucasian,0,0,0,0,4,0,3.4
Male,62,African-American,22,0,0,0,8,1,798.1333333333333
Male,32,African-American,15,2,0,0,8,1,170.5
Male,24,African-American,10,1,0,0,10,1,413.1166666666667
Male,28,Hispanic,0,0,0,0,1,1,6.333333333333333
Male,35,Caucasian,5,0,0,0,7,0,1488.9833333333333
Male,28,Hispanic,0,0,0,0,1,0,76.8
Male,24,African-American,3,0,0,0,10,1,-4.383333333333334
Male,26,Hispanic,9,0,0,1,7,1,21.45
Female,30,Caucasian,2,0,0,0,1,1,28.1
Female,23,African-American,0,0,0,0,4,1,39.75
Male,28,Caucasian,0,0,0,0,3,0,317.1666666666667
Male,21,Other,1,0,0,0,4,0,141.63333333333333
Male,28,African-American,4,0,0,0,10,0,8059.5
Male,28,African-American,4,0,0,1,4,0,25.3
Male,49,Caucasian,0,0,0,0,1,0,1770.2166666666667
Male,45,Caucasian,1,0,0,0,1,0,-3.4833333333333334
Male,38,African-American,1,0,0,0,2,0,192.6
Male,23,African-American,4,0,1,0,9,1,3454.35
Male,21,African-American,1,0,0,0,3,0,20.816666666666666
Male,18,African-American,4,5,0,2,5,1,567.0833333333334
Male,21,Other,0,0,0,0,4,1,-4.25
Male,23,African-American,1,0,0,0,2,0,19.616666666666667
Male,27,African-American,9,0,0,0,7,1,16.966666666666665
Female,26,African-American,3,0,0,0,10,1,22.233333333333334
Female,28,Caucasian,0,0,0,0,4,1,21.65
Female,21,African-American,0,0,0,0,5,1,105.23333333333333
Male,29,African-American,0,0,0,0,9,0,24.05
Male,21,Other,0,0,0,0,4,0,19.733333333333334
Male,28,Caucasian,5,0,0,0,7,1,627.45
Male,56,African-American,31,0,0,0,6,1,5.516666666666667
Male,49,Other,2,0,0,0,1,0,15.25
Male,63,African-American,3,0,0,0,9,0,5283.666666666667
Male,34,African-American,5,0,0,0,4,1,67.63333333333334
Male,26,African-American,8,0,4,10,4,0,27.266666666666666
Male,38,Other,9,2,0,0,5,0,27.816666666666666
Male,26,African-American,1,0,0,0,6,1,21.65
Female,46,African-American,1,0,0,0,1,0,28.0
Male,24,Other,4,0,0,0,5,1,963.5833333333334
Male,35,Caucasian,0,0,0,0,1,0,30.25
Male,47,African-American,0,0,0,0,1,1,22.916666666666668
Female,23,African-American,0,0,0,0,7,1,20.033333333333335
Male,38,Caucasian,18,0,0,0,9,0,263.43333333333334
Male,43,Hispanic,1,0,0,0,3,0,712.7333333333333
Female,29,Caucasian,7,0,0,0,6,1,192.91666666666666
Male,56,Caucasian,7,0,0,0,1,1,14.533333333333333
Male,23,African-American,0,0,0,0,6,1,45.9
Female,34,Other,0,0,0,0,2,1,322.21666666666664
Female,30,Caucasian,9,0,0,0,6,0,1376.3
Male,37,African-American,3,0,0,0,2,0,26.033333333333335
Female,33,Caucasian,5,0,0,0,6,1,481.06666666666666
Female,21,African-American,2,0,1,0,6,1,296.65
Male,28,African-American,1,0,0,0,4,1,125.08333333333333
Male,29,Caucasian,5,0,0,0,2,0,6.5
Male,24,African-American,3,0,0,1,8,1,842.0166666666667
Male,22,African-American,1,0,0,0,9,1,125.6
Male,31,Caucasian,7,0,0,0,3,0,28.933333333333334
Male,26,African-American,4,0,0,0,8,1,21.15
Male,28,African-American,2,0,0,0,4,1,68.81666666666666
Female,22,African-American,3,0,1,0,9,0,27.0
Male,30,Caucasian,0,0,0,0,3,0,0.7333333333333333
Male,39,Caucasian,2,0,0,0,1,1,-5.283333333333333
Male,34,Caucasian,3,0,0,0,5,0,24.683333333333334
Male,24,Caucasian,0,0,0,0,5,1,886.9
Male,32,African-American,1,0,0,0,7,0,29.65
Male,35,African-American,29,0,0,0,6,0,763.2666666666667
Male,24,African-American,5,0,0,0,3,1,23.583333333333332
Male,36,African-American,7,0,1,0,7,0,41.2
Female,52,Caucasian,0,0,0,0,2,1,2832.116666666667
Male,26,African-American,1,0,0,0,8,1,105.35
Male,48,Hispanic,1,0,0,0,1,1,3027.65
Male,58,African-American,0,0,0,0,1,0,52.06666666666667
Male,21,African-American,0,0,0,0,7,0,3477.9
Female,30,Caucasian,3,0,0,0,7,1,12722.033333333333
Male,22,African-American,12,1,0,0,10,1,846.25
Male,35,African-American,7,0,0,0,4,1,4.333333333333333
Male,33,Caucasian,1,0,0,0,9,0,21.716666666666665
Male,32,African-American,2,0,0,0,5,0,30.566666666666666
Male,36,Other,8,0,0,0,2,0,44.733333333333334
Male,34,African-American,10,1,0,0,9,1,18.516666666666666
Female,36,Caucasian,4,0,0,0,6,1,51.93333333333333
Male,51,Caucasian,0,0,0,0,1,0,22.183333333333334
Male,34,African-American,1,0,0,0,7,0,-3.5166666666666666
Male,21,Caucasian,1,1,0,1,7,1,883.5666666666667
Female,24,Caucasian,2,0,0,0,7,0,52.28333333333333
Male,37,Other,2,0,0,0,4,1,1226.2333333333333
Male,37,Caucasian,2,0,0,0,2,0,290.6
Male,40,African-American,7,0,0,0,8,0,855.6833333333333
Male,49,Other,0,0,0,0,1,1,24.766666666666666
Male,31,Hispanic,0,0,0,0,1,0,37.733333333333334
Male,26,Caucasian,3,0,0,0,10,0,3.566666666666667
Male,26,African-American,8,0,1,1,8,1,339.6
Male,22,African-American,4,0,0,0,6,0,5810.9
Male,28,African-American,2,0,0,0,4,1,68.81666666666666
Male,33,African-American,5,0,0,0,9,1,31.7
Male,33,African-American,13,0,0,0,6,1,6.216666666666667
Male,32,African-American,7,0,1,3,8,1,22.8
Male,53,Caucasian,0,0,0,0,1,0,32.96666666666667
Female,42,African-American,16,0,0,0,6,0,576.1666666666666
Male,43,Caucasian,1,0,0,0,1,0,29.483333333333334
Male,22,African-American,3,0,0,0,5,1,5144.2
Male,51,Caucasian,0,0,0,0,1,0,-11.066666666666666
Male,30,Caucasian,18,1,1,0,10,0,46.583333333333336
Female,31,African-American,0,0,0,0,3,1,42.85
Male,31,African-American,4,0,0,0,3,1,22.216666666666665
Male,25,African-American,0,0,0,0,4,0,169.15
Male,22,Hispanic,0,0,0,0,4,1,49.68333333333333
Male,26,African-American,0,0,0,0,3,0,46.666666666666664
Male,21,African-American,0,0,0,0,4,0,21.4
Male,34,African-American,5,0,0,0,8,0,3211.45
Male,26,Caucasian,3,0,0,0,5,1,21.583333333333332
Female,47,Caucasian,1,0,0,0,1,0,27.816666666666666
Male,22,Caucasian,6,0,0,0,9,1,21.883333333333333
Male,28,African-American,2,0,0,0,2,1,3001.766666666667
Male,38,African-American,6,1,0,0,4,0,1248.7333333333333
Male,28,African-American,4,0,0,1,4,0,25.3
Male,27,African-American,2,0,0,0,5,1,360.4
Male,22,Hispanic,5,0,0,2,7,0,5230.566666666667
Male,40,Hispanic,2,0,0,0,2,0,4272.716666666666
Female,28,Caucasian,1,0,0,0,7,1,236.16666666666666
Male,28,African-American,5,0,0,0,4,1,677.6333333333333
Male,39,African-American,2,0,0,0,1,0,1133.5666666666666
Male,23,African-American,1,0,0,0,5,0,50.46666666666667
Male,43,Caucasian,4,0,0,0,3,0,16.766666666666666
Male,23,African-American,1,0,0,0,7,0,24.166666666666668
Male,41,Hispanic,0,0,0,0,3,0,17.783333333333335
Male,52,Caucasian,0,0,0,0,1,0,0.43333333333333335
Male,35,Caucasian,0,0,0,0,10,1,383.1166666666667
Male,30,Hispanic,7,0,0,0,9,0,31.216666666666665
Male,24,Hispanic,0,0,0,0,6,1,20.633333333333333
Female,64,Caucasian,1,0,0,0,1,0,28.983333333333334
Male,45,African-American,15,0,0,0,9,1,7942.266666666666
Male,37,Caucasian,8,0,0,0,8,1,6.85
Male,47,African-American,4,0,0,0,4,1,19.85
Male,23,African-American,0,0,0,0,5,0,20.2
Male,50,African-American,23,1,0,0,10,0,4994.15
Male,48,Caucasian,20,0,0,0,8,1,1109.2833333333333
Male,42,African-American,10,0,0,0,5,1,21.216666666666665
Male,19,African-American,0,0,0,0,8,0,23.833333333333332
Male,27,Caucasian,4,0,0,0,7,1,3.8833333333333333
Female,22,Hispanic,1,0,0,0,5,1,52.31666666666667
Male,26,Caucasian,2,0,0,0,4,0,38.5
Male,50,Caucasian,1,0,0,0,1,0,41.56666666666667
Male,34,African-American,10,0,1,0,7,1,54.06666666666667
Female,25,Hispanic,4,0,0,0,6,1,867.0
Female,39,Caucasian,2,0,0,0,10,0,28.45
Female,22,African-American,1,0,0,0,6,0,2310.9666666666667
Male,26,African-American,0,0,0,0,2,0,6.65
Male,22,African-American,1,0,0,0,3,0,-3.716666666666667
Male,34,African-American,5,0,0,0,1,0,97.96666666666667
Male,27,African-American,11,1,2,0,9,0,75.6
Male,25,African-American,10,0,0,0,7,0,4346.433333333333
Female,24,African-American,3,0,0,0,8,0,1.1
Female,43,Other,1,0,0,0,1,0,21.916666666666668
Male,33,African-American,21,0,3,1,10,0,21.666666666666668
Male,25,African-American,4,0,0,0,8,1,14.316666666666666
Male,25,Caucasian,0,0,0,0,5,0,4.6
Male,24,African-American,2,0,0,2,5,1,19.433333333333334
Male,24,African-American,1,0,0,2,9,1,148.93333333333334
Male,22,African-American,2,0,0,0,9,1,147.63333333333333
Male,31,African-American,1,0,0,0,1,0,29.516666666666666
Male,30,African-American,2,0,0,0,1,0,1999.8833333333334
Female,25,African-American,1,0,0,0,3,0,312.01666666666665
Male,40,Caucasian,10,0,0,0,7,1,119.85
Male,30,African-American,3,0,0,0,2,1,138.25
Male,26,Caucasian,1,0,0,0,2,1,390.71666666666664
Female,58,Caucasian,5,0,0,0,4,0,44.516666666666666
Male,20,Caucasian,2,0,0,0,6,0,17.1
Male,24,African-American,0,0,0,0,5,1,16.0
Female,50,African-American,2,0,0,0,2,0,21.983333333333334
Male,38,African-American,14,0,0,0,10,0,2804.9666666666667
Female,64,African-American,1,0,0,0,1,1,16.366666666666667
Male,45,Caucasian,7,0,0,0,2,0,25.75
Male,31,Hispanic,8,2,1,0,9,1,65.95
Male,28,African-American,3,0,0,0,2,0,4.166666666666667
Male,22,Hispanic,1,0,0,0,2,1,431.1
Male,31,Caucasian,9,0,0,0,8,1,2806.0333333333333
Male,39,African-American,11,0,0,0,9,0,24.783333333333335
Male,30,Caucasian,2,0,0,0,2,0,48.733333333333334
Male,56,African-American,7,0,0,0,4,0,1180.95
Male,22,African-American,0,0,0,0,4,0,-10.8
Female,70,Other,0,0,0,0,1,0,23.3
Male,32,Hispanic,0,0,0,0,1,1,44.45
Male,41,African-American,7,0,0,0,3,1,39.916666666666664
Male,24,African-American,1,0,0,2,9,1,148.93333333333334
Male,26,Caucasian,9,0,0,0,7,1,29.65
Male,22,Caucasian,0,0,0,0,3,0,29.633333333333333
Male,57,Caucasian,0,0,0,0,1,0,66.7
Female,29,Caucasian,1,0,0,0,7,1,318.6166666666667
Male,33,African-American,6,0,0,0,5,0,21.566666666666666
Male,46,Caucasian,2,0,0,0,3,0,17.433333333333334
Male,25,African-American,1,0,0,0,4,1,16.2
Male,47,African-American,23,0,0,0,8,1,20.783333333333335
Male,44,Caucasian,0,0,0,0,2,0,50.53333333333333
Female,33,Caucasian,4,0,0,0,5,1,267.6166666666667
Female,31,Caucasian,0,0,0,0,2,0,77.16666666666667
Female,62,Caucasian,2,0,0,0,1,1,991.4833333333333
Female,28,Caucasian,0,0,0,0,4,1,15.116666666666667
Male,24,African-American,1,0,0,0,7,0,599.2833333333333
Female,24,African-American,2,0,0,0,6,0,22.9
Male,36,Hispanic,1,0,0,0,5,0,95.88333333333334
Male,47,Caucasian,2,0,0,0,1,0,668.8666666666667
Female,38,African-American,7,0,0,0,4,0,693.5666666666667
Female,69,Caucasian,5,0,0,0,3,0,24.216666666666665
Male,27,Caucasian,0,0,0,0,2,1,23.783333333333335
Male,32,Caucasian,1,0,0,0,8,0,4734.666666666667
Male,33,Caucasian,5,0,0,0,5,0,526.25
Male,24,African-American,0,0,0,3,3,1,-1.3833333333333333
Male,23,Caucasian,0,0,0,0,2,0,19.883333333333333
Male,49,Caucasian,2,0,0,0,2,0,31.25
Male,25,Caucasian,2,0,0,0,4,1,292.9
Male,33,Caucasian,3,0,0,0,7,1,2122.016666666667
Female,26,African-American,1,0,0,0,5,0,27.366666666666667
Male,25,African-American,2,1,0,0,9,1,26.066666666666666
Male,32,Other,1,0,0,0,1,0,367.53333333333336
Male,30,African-American,4,0,0,0,3,0,142.58333333333334
Female,32,African-American,0,0,0,0,2,0,21.416666666666668
Male,21,Caucasian,2,0,0,0,4,1,1865.3166666666666
Male,40,African-American,4,0,0,0,8,0,1520.4833333333333
Male,34,Caucasian,13,0,0,0,8,1,452.46666666666664
Male,45,African-American,15,0,0,0,9,1,7942.266666666666
Male,21,Caucasian,2,0,0,0,4,1,1865.3166666666666
Male,50,Caucasian,0,0,0,0,1,0,68.31666666666666
Male,34,African-American,1,0,0,0,5,0,26.016666666666666
Male,24,Caucasian,1,0,0,0,8,1,13.433333333333334
Male,28,African-American,5,0,0,0,2,1,75.48333333333333
Female,31,African-American,0,0,0,0,6,0,99.33333333333333
Male,28,Hispanic,16,0,0,0,10,1,699.9166666666666
Male,20,Hispanic,2,0,0,0,10,1,4615.183333333333
Male,33,African-American,7,0,0,0,6,1,47.28333333333333
Male,21,African-American,1,0,0,0,5,0,14.183333333333334
Male,29,African-American,5,0,0,0,10,1,52.78333333333333
Female,25,Caucasian,0,0,0,0,6,0,21.066666666666666
Male,43,Caucasian,0,0,0,0,9,1,22.683333333333334
Male,26,Other,0,0,0,0,7,0,19.533333333333335
Male,34,Caucasian,1,0,0,0,6,0,67.81666666666666
Male,45,African-American,5,0,0,0,1,0,140.2
Male,47,Caucasian,3,0,0,0,2,0,314.6333333333333
Male,32,Caucasian,5,0,0,0,9,1,1322.6166666666666
Male,24,Hispanic,0,0,0,0,2,0,47.35
Male,23,African-American,3,0,0,0,7,1,1035.0333333333333
Male,60,Hispanic,0,0,0,0,1,0,21.633333333333333
Male,27,Caucasian,6,0,0,0,6,1,824.7
Male,27,African-American,17,0,2,0,7,1,27.45
Male,20,African-American,0,0,0,0,7,1,21.766666666666666
Female,34,Caucasian,0,0,0,0,8,0,73.35
Male,24,African-American,1,0,0,0,4,1,4.316666666666666
Male,57,African-American,11,0,0,0,6,0,3365.2166666666667
Male,23,Caucasian,0,0,0,0,2,0,23.416666666666668
Male,49,Caucasian,6,0,0,0,7,0,24.3
Male,24,Caucasian,10,0,0,0,8,0,360.56666666666666
Female,47,African-American,7,0,0,0,9,1,18.7
Male,60,Caucasian,13,0,0,0,5,0,598.4
Male,29,African-American,0,0,0,0,2,0,14.566666666666666
Male,23,Caucasian,0,0,0,0,2,0,25.583333333333332
Female,32,Caucasian,0,0,0,0,8,0,647.4833333333333
Male,49,African-American,0,0,0,0,5,0,30.033333333333335
Male,20,Caucasian,0,0,0,0,10,1,21.0
Male,52,African-American,2,0,0,0,3,0,20.55
Male,31,Caucasian,4,0,0,0,7,1,124.06666666666666
Male,30,African-American,9,0,0,0,10,1,1203.0833333333333
Male,44,Caucasian,13,0,0,0,9,1,405.26666666666665
Male,28,African-American,0,0,0,0,5,0,5164.966666666666
Female,39,Other,0,0,0,0,1,0,25.483333333333334
Female,24,Caucasian,0,0,0,0,2,0,12.95
Male,25,African-American,0,0,0,0,8,0,1062.95
Male,46,Caucasian,2,0,0,0,2,0,141.2
Male,43,Caucasian,4,0,0,0,3,0,16.766666666666666
Male,26,African-American,7,0,0,0,10,1,45.35
Male,26,Caucasian,3,0,0,0,2,1,19.666666666666668
Female,24,African-American,0,0,0,0,5,0,5.566666666666666
Female,24,Caucasian,0,0,0,0,5,1,14.466666666666667
Male,23,African-American,4,0,0,0,7,0,2156.1833333333334
Female,42,Caucasian,4,0,0,0,8,1,116.58333333333333
Female,26,African-American,4,0,0,0,7,1,22.3
Male,27,African-American,0,0,0,0,1,0,27.016666666666666
Male,60,Caucasian,3,0,0,0,1,0,119.45
Male,29,African-American,7,0,0,0,3,0,44.0
Male,25,African-American,1,0,0,0,3,1,23.783333333333335
Male,31,Caucasian,6,0,0,0,5,1,25.266666666666666
Female,26,African-American,4,0,0,0,9,1,19.333333333333332
Male,32,African-American,2,0,0,0,7,1,25.583333333333332
Female,23,African-American,0,0,0,0,3,1,22.8
Male,59,Caucasian,1,0,0,0,1,0,22.85
Male,42,Caucasian,0,0,0,0,2,0,23.083333333333332
Female,25,African-American,0,0,0,0,7,0,14.766666666666667
Female,24,Hispanic,2,0,0,0,6,1,23.266666666666666
Male,23,African-American,0,0,0,0,7,0,75.53333333333333
Female,33,Caucasian,0,0,0,0,1,0,15.2
Male,33,African-American,12,0,0,1,9,1,52.6
Male,35,Caucasian,0,0,0,0,5,1,982.8833333333333
Male,24,African-American,0,0,0,0,3,0,26.55
Male,24,African-American,7,0,0,0,8,1,1635.3833333333334
Male,29,African-American,6,0,0,0,7,1,22.716666666666665
Male,37,Hispanic,3,0,0,0,4,0,5.7
Male,21,Caucasian,3,0,0,1,5,0,1683.6166666666666
Male,32,African-American,6,0,0,0,5,1,50.833333333333336
Male,22,African-American,1,0,0,0,7,1,30.716666666666665
Male,21,African-American,3,0,0,0,9,1,150.61666666666667
Male,39,African-American,8,0,0,0,4,0,66.26666666666667
Male,29,Caucasian,9,1,0,1,8,1,45.2
Male,26,Caucasian,1,0,0,0,7,1,72.76666666666667
Male,22,African-American,3,0,0,1,6,1,384.93333333333334
Male,21,Caucasian,1,0,0,0,6,1,30.633333333333333
Male,60,Caucasian,5,0,0,0,2,0,117.88333333333334
Male,58,Caucasian,2,0,0,0,8,0,3857.483333333333
Male,62,Other,0,0,0,0,1,0,27.166666666666668
Female,46,Caucasian,1,0,0,0,1,0,718.1833333333333
Male,28,Caucasian,3,0,0,1,3,0,28.883333333333333
Male,28,Caucasian,5,0,0,0,5,0,4.25
Male,36,Other,6,0,0,0,2,0,97.58333333333333
Male,46,Caucasian,2,0,0,0,6,1,22.8
Male,56,African-American,0,0,0,0,1,0,35.233333333333334
Male,34,African-American,2,0,0,0,2,0,842.8166666666667
Female,27,Caucasian,0,0,0,0,2,1,55.45
Male,23,African-American,6,0,0,0,6,1,26.45
Male,44,African-American,0,0,0,0,2,0,86.1
Female,50,African-American,0,0,0,0,1,0,25.3
Male,25,Caucasian,6,0,0,0,8,1,27.533333333333335
Female,37,Caucasian,0,0,0,0,1,0,21.766666666666666
Male,48,African-American,14,0,0,0,10,0,16.5
Male,25,Caucasian,0,0,0,0,5,0,-4.2
Female,65,Caucasian,1,0,0,0,1,0,38.733333333333334
Male,30,Caucasian,5,0,0,0,8,1,68.76666666666667
Male,22,African-American,6,1,1,0,7,1,50.9
Male,38,Caucasian,5,0,0,0,6,0,17.866666666666667
Male,22,African-American,2,0,0,0,4,1,44.45
Female,25,Caucasian,2,0,0,0,9,1,21.283333333333335
Male,27,African-American,2,0,0,0,3,0,20.4
Male,22,Caucasian,3,0,0,0,7,1,55.233333333333334
Male,31,African-American,8,0,2,0,10,1,90.85
Female,34,Caucasian,0,0,0,0,2,0,17.45
Male,49,African-American,3,0,0,0,5,0,89.61666666666666
Male,20,Hispanic,0,0,0,0,4,1,553.2666666666667
Male,42,Caucasian,2,0,0,0,4,0,982.2666666666667
Female,24,African-American,0,0,0,0,2,0,58.583333333333336
Male,26,African-American,1,0,0,0,3,1,170.46666666666667
Female,20,Other,1,0,0,0,4,0,24.1
Male,41,African-American,6,0,0,0,3,1,145.6
Male,39,African-American,11,0,0,0,8,0,218.61666666666667
Male,33,African-American,0,0,0,0,5,1,19.916666666666668
Male,22,African-American,0,0,0,0,3,0,225.1
Male,23,African-American,1,0,0,1,6,0,26.2
Male,25,Other,2,0,0,0,2,0,-9.666666666666666
Male,24,Caucasian,8,0,1,2,6,1,292.55
Male,33,African-American,3,0,0,0,5,1,95.06666666666666
Male,26,African-American,4,0,1,0,8,1,24.716666666666665
Male,22,Hispanic,1,0,0,0,3,0,26.983333333333334
Male,53,Caucasian,8,0,0,0,4,0,129.05
Male,33,Other,5,0,0,0,3,1,57.583333333333336
Male,25,Caucasian,0,0,0,0,3,0,13.65
Male,40,Caucasian,10,0,0,0,7,1,119.85
Male,47,African-American,4,0,0,0,10,1,1542.9833333333333
Male,39,Caucasian,0,0,0,0,3,0,25.883333333333333
Male,49,Hispanic,3,0,0,0,4,0,7231.866666666667
Male,30,Hispanic,7,0,0,0,8,1,6.65
Male,22,African-American,0,0,0,0,4,0,30.383333333333333
Male,49,African-American,11,0,0,0,5,1,768.1666666666666
Female,24,African-American,2,0,0,0,5,1,74.01666666666667
Male,21,Caucasian,0,0,0,0,9,1,20.516666666666666
Male,28,African-American,11,0,1,0,9,1,40.43333333333333
Male,22,African-American,2,0,0,0,8,0,1153.1333333333334
Male,26,Other,0,0,0,0,5,1,13.933333333333334
Male,30,African-American,6,0,1,0,5,0,6.9
Male,37,African-American,1,0,0,0,3,0,24214.516666666666
Male,59,Caucasian,0,0,0,0,1,0,14.433333333333334
Male,59,African-American,15,0,0,0,6,1,356.01666666666665
Male,50,African-American,17,0,0,0,10,0,3113.2833333333333
Male,36,Hispanic,1,0,0,0,10,1,956.4666666666667
Male,22,Caucasian,2,0,0,0,5,0,1360.45
Female,34,Caucasian,6,0,0,0,7,0,41.81666666666667
Female,24,Caucasian,2,0,0,0,4,0,67.71666666666667
Male,21,Hispanic,0,0,0,0,4,0,100.55
Male,32,African-American,11,0,0,0,9,1,42.266666666666666
Male,23,African-American,3,0,0,0,10,1,1278.2333333333333
Male,22,African-American,1,0,0,0,3,0,26.483333333333334
Male,42,African-American,1,0,0,0,1,0,44.4
Male,55,Caucasian,2,0,0,0,1,0,318.21666666666664
Female,38,Hispanic,20,0,0,0,9,1,46.1
Female,20,African-American,0,0,0,0,8,1,287.03333333333336
Male,41,African-American,17,4,0,0,8,0,1773.4166666666667
Male,25,African-American,7,0,0,0,7,0,24.466666666666665
Male,34,African-American,14,0,0,1,7,0,29.15
Female,53,Caucasian,1,0,0,0,6,0,366.1333333333333
Female,42,Caucasian,0,0,0,0,8,0,20.466666666666665
Male,67,African-American,4,0,0,0,7,1,668.5666666666667
Male,32,African-American,0,0,0,0,7,1,418.05
Female,26,Caucasian,2,0,0,1,3,0,23.266666666666666
Male,62,African-American,1,0,0,0,6,0,1520.2833333333333
Male,36,African-American,0,0,0,0,6,0,44.53333333333333
Male,54,African-American,2,0,0,0,1,0,19.716666666666665
Male,50,African-American,23,1,0,0,10,0,4994.15
Male,40,Caucasian,10,0,0,0,7,1,119.85
Male,70,Caucasian,0,0,0,0,1,0,52.46666666666667
Male,47,African-American,7,0,0,0,1,1,1368.0333333333333
Male,60,African-American,0,0,0,0,1,0,5235.416666666667
Male,22,African-American,1,0,0,0,4,0,44.78333333333333
Male,36,Caucasian,9,0,0,0,6,1,461.0
Male,40,Caucasian,2,0,0,0,1,0,42.61666666666667
Male,39,African-American,8,0,0,0,4,0,66.26666666666667
Male,58,Caucasian,12,0,0,0,2,1,1296.65
Male,56,Caucasian,1,0,0,0,1,0,44.266666666666666
Male,61,Caucasian,0,0,0,0,1,0,18.283333333333335
Male,27,Caucasian,5,0,0,0,8,0,20.766666666666666
Male,49,Caucasian,5,0,0,0,6,1,94.11666666666666
Male,22,Caucasian,1,0,0,3,5,1,29.166666666666668
Male,42,African-American,1,0,0,0,2,1,410.23333333333335
Male,36,African-American,5,0,0,0,8,1,464.9166666666667
Male,21,African-American,0,0,0,0,8,1,214.85
Male,33,Caucasian,10,0,0,0,9,0,2826.2
Male,22,Caucasian,3,0,0,0,10,1,255.43333333333334
Female,28,Other,1,0,0,1,2,0,5.2
Male,33,Caucasian,1,0,0,0,9,0,21.716666666666665
Male,42,African-American,5,0,1,0,9,1,0.1
Male,58,African-American,2,0,0,0,8,0,1284.3
Male,32,African-American,13,0,1,0,8,1,9.25
Male,28,African-American,25,0,0,0,8,1,623.2
Male,21,African-American,0,0,0,0,8,0,50.61666666666667
Male,37,Caucasian,0,0,0,0,1,0,456.7
Female,26,African-American,5,0,0,0,5,1,809.75
Male,45,Caucasian,5,0,0,0,3,0,24.2
Male,32,African-American,11,0,0,0,6,1,30.633333333333333
Female,25,African-American,1,0,0,0,3,0,99.45
Male,30,African-American,1,0,0,0,7,1,8.1
Male,21,African-American,1,0,0,1,8,0,25.483333333333334
Male,23,Caucasian,2,0,0,0,7,1,363.48333333333335
Male,30,African-American,12,0,0,1,4,0,19.95
Female,38,African-American,0,0,0,0,1,0,16.9
Male,55,African-American,0,0,0,0,1,1,22.783333333333335
Male,33,African-American,14,0,0,0,8,0,1625.1166666666666
Male,32,Caucasian,2,0,0,0,2,0,21.233333333333334
Male,21,African-American,1,0,1,2,7,0,17.933333333333334
Male,52,Caucasian,7,0,0,0,2,0,19.55
Female,30,African-American,15,0,0,0,9,1,-4.683333333333334
Male,25,African-American,7,0,0,0,9,1,3.9166666666666665
Male,28,African-American,9,0,0,0,7,1,1274.05
Male,53,African-American,15,0,0,0,1,1,1942.1666666666667
Male,38,Hispanic,0,0,0,0,1,0,22.933333333333334
Male,40,Caucasian,4,0,0,0,5,0,16.783333333333335
Male,56,Other,9,0,0,0,1,0,3334.8333333333335
Male,32,African-American,7,0,0,0,7,0,-3.716666666666667
Female,25,Caucasian,5,0,0,0,7,0,7.833333333333333
Male,30,Caucasian,0,0,0,0,3,0,115.5
Male,55,Caucasian,1,0,0,0,1,0,14.883333333333333
Male,44,African-American,9,0,0,0,8,0,607.9666666666667
Male,50,Caucasian,9,0,0,0,3,1,10198.783333333333
Male,37,Hispanic,1,0,0,0,5,0,46.35
Female,31,African-American,0,0,0,0,3,1,42.85
Male,47,African-American,12,0,0,0,6,1,2351.05
Male,27,African-American,9,0,4,4,7,1,23.533333333333335
Male,45,African-American,13,0,0,0,1,1,23.7
Male,28,Caucasian,5,0,0,0,7,0,152.63333333333333
Male,30,African-American,21,0,0,0,7,1,15.083333333333334
Male,59,African-American,8,0,0,0,8,1,211.86666666666667
Female,30,Caucasian,0,0,0,0,6,1,68.85
Male,42,African-American,2,0,0,0,5,0,20.633333333333333
Male,24,African-American,2,0,1,2,6,0,6.983333333333333
Male,52,Caucasian,0,0,0,0,1,0,20.833333333333332
Male,34,Hispanic,3,0,0,0,2,0,125.66666666666667
Male,26,Hispanic,5,0,0,0,5,0,26.833333333333332
Male,20,African-American,9,9,0,0,4,1,1558.25
Male,29,Caucasian,3,0,0,0,2,0,56.11666666666667
Male,24,African-American,11,0,0,0,9,1,1227.1333333333334
Female,48,Caucasian,0,0,0,0,2,0,46.833333333333336
Female,23,Caucasian,7,0,0,0,9,0,1400.8833333333334
Female,34,Caucasian,4,0,0,0,4,0,18.466666666666665
Male,24,African-American,8,1,1,0,9,1,1128.0666666666666
Male,35,Hispanic,5,0,0,0,7,1,5.0
Male,31,African-American,23,0,0,0,10,1,1323.3666666666666
Male,21,African-American,3,0,0,0,7,1,103.41666666666667
Female,29,African-American,5,0,0,0,7,1,29.066666666666666
Male,30,African-American,13,0,0,0,8,0,1324.8666666666666
Male,32,Caucasian,10,0,2,1,5,1,161.4
Male,39,Caucasian,11,0,0,0,3,0,15.433333333333334
Male,46,African-American,10,0,0,0,5,1,233.95
Male,27,Hispanic,0,0,0,0,2,1,4.116666666666666
Female,21,Caucasian,0,0,0,0,5,0,19.416666666666668
Male,27,Caucasian,13,0,0,0,6,1,1681.9166666666667
Male,55,Caucasian,13,0,0,0,6,1,20.0
Male,66,Caucasian,3,0,0,0,1,0,727.5166666666667
Male,41,Caucasian,0,0,0,0,1,0,24.316666666666666
Male,30,African-American,12,0,1,2,7,0,2156.116666666667
Male,29,Caucasian,2,0,0,0,1,0,75.5
Male,60,Other,1,0,0,0,1,1,30.35
Male,25,African-American,5,0,2,0,9,0,16274.633333333333
Male,33,African-American,12,0,0,0,9,1,68.9
Male,22,African-American,0,0,0,0,7,0,48.21666666666667
Male,31,Hispanic,5,0,0,0,6,1,892.6833333333333
Male,22,Caucasian,1,0,0,0,4,1,18.416666666666668
Male,20,Caucasian,0,0,0,0,4,0,29.933333333333334
Male,31,Hispanic,0,0,0,0,1,0,27.866666666666667
Male,32,Caucasian,4,0,0,0,10,1,7.516666666666667
Male,55,African-American,3,0,0,0,5,1,1675.4333333333334
Female,25,Caucasian,2,0,0,0,4,1,25.116666666666667
Male,38,Caucasian,5,0,0,0,2,0,6186.683333333333
Male,30,Caucasian,5,0,0,0,7,0,1853.8166666666666
Female,31,Caucasian,1,0,0,0,4,0,53.666666666666664
Male,23,African-American,1,0,0,1,3,0,21.85
Male,26,Hispanic,1,0,0,0,5,0,14.1
Male,61,Asian,1,0,0,0,1,0,5.483333333333333
Female,49,Caucasian,3,0,0,0,2,0,13.883333333333333
Male,22,African-American,0,0,0,0,3,1,32.86666666666667
Female,27,Other,5,0,0,0,6,1,40.983333333333334
Male,67,African-American,1,0,0,0,1,0,765.45
Male,32,African-American,11,0,0,0,9,1,42.266666666666666
Male,31,African-American,4,0,0,0,5,0,22.233333333333334
Male,34,Caucasian,0,0,0,0,1,1,-2.0833333333333335
Female,42,African-American,0,0,0,0,1,1,13.883333333333333
Male,24,African-American,8,0,0,4,8,1,5157.4
Male,41,Caucasian,5,0,0,0,1,0,25.533333333333335
Male,34,Caucasian,5,0,0,0,1,0,25.366666666666667
Male,20,Caucasian,1,1,0,0,9,1,374.81666666666666
Male,21,Caucasian,0,0,0,1,8,1,24.966666666666665
Male,30,African-American,0,0,0,0,2,0,25.166666666666668
Male,49,Caucasian,3,0,0,0,8,1,837.5166666666667
Male,29,African-American,0,0,0,0,2,1,24.7
Male,33,African-American,0,0,0,0,1,0,23.283333333333335
Male,26,Hispanic,0,0,0,0,1,0,-1.9833333333333334
Male,23,Caucasian,5,1,0,1,5,1,1302.25
Male,33,African-American,9,2,0,0,9,1,65.63333333333334
Female,21,African-American,1,0,0,0,4,1,19.266666666666666
Male,47,Caucasian,28,0,0,0,9,1,813.6166666666667
Male,23,African-American,3,0,1,0,5,1,145.18333333333334
Male,28,African-American,12,1,0,0,5,0,44.333333333333336
Male,19,African-American,2,3,0,0,9,1,1036.9
Male,20,African-American,2,0,0,1,8,0,2491.133333333333
Male,25,African-American,11,0,0,0,9,1,710.55
Male,63,African-American,4,0,0,0,1,0,43.6
Male,28,Caucasian,0,0,0,0,6,1,889.4
Male,45,Hispanic,0,0,0,0,1,1,79.75
Male,32,African-American,19,0,3,0,9,1,27.4
Male,32,African-American,7,0,0,0,9,1,889.0333333333333
Male,25,Caucasian,0,0,0,0,5,0,4.6
Male,43,Hispanic,1,0,0,0,2,0,40.666666666666664
Female,28,African-American,0,0,0,0,2,0,23.15
Male,39,Caucasian,17,0,0,0,2,1,845.6166666666667
Male,20,African-American,2,0,1,0,9,1,23.233333333333334
Female,28,African-American,0,0,0,0,2,0,21.9
Male,52,African-American,23,0,0,0,3,1,4918.783333333334
Female,36,African-American,4,0,0,0,10,1,20.466666666666665
Male,27,Caucasian,5,0,0,0,4,0,49.06666666666667
Female,45,African-American,1,0,0,0,4,0,151.96666666666667
Male,35,African-American,1,0,0,0,5,0,37.81666666666667
Male,35,Hispanic,0,0,0,0,3,0,26.366666666666667
Male,22,African-American,1,0,0,0,4,1,29.466666666666665
Male,31,Hispanic,8,0,0,0,9,1,2813.4166666666665
Male,27,African-American,4,1,0,1,8,1,18.983333333333334
Male,23,African-American,2,0,0,1,7,1,17.233333333333334
Male,22,African-American,0,0,0,0,7,1,71.35
Male,23,African-American,3,0,0,0,6,1,313.25
Male,29,African-American,2,0,0,0,4,0,17.266666666666666
Male,32,African-American,1,0,0,0,6,1,525.2666666666667
Female,24,Caucasian,1,0,0,0,7,1,699.8833333333333
Male,27,African-American,2,0,0,0,5,1,47.4
Male,53,African-American,3,0,0,0,9,0,4946.066666666667
Female,24,African-American,0,0,0,0,7,0,48.4
Male,49,Caucasian,3,0,0,0,4,0,4.5
Male,47,Caucasian,3,0,0,0,1,0,48.733333333333334
Male,43,African-American,19,0,0,0,9,0,509.8666666666667
Male,26,African-American,0,0,0,0,9,0,24.216666666666665
Male,42,Caucasian,6,0,0,0,3,0,-3.0
Male,37,Caucasian,2,0,0,0,1,1,350.93333333333334
Male,19,African-American,1,0,1,0,10,1,-2.25
Male,32,Caucasian,2,0,0,0,1,0,24.216666666666665
Male,27,Other,6,0,0,0,4,1,26.15
Male,53,African-American,4,0,0,0,1,0,-3.85
Male,33,African-American,14,0,0,0,8,1,49.5
Female,56,Caucasian,3,0,0,0,2,0,153.51666666666668
Male,30,African-American,2,0,0,0,6,0,18.766666666666666
Male,48,Caucasian,6,0,0,0,2,0,141.8
Female,36,Caucasian,3,0,0,0,1,1,25.9
Male,36,Caucasian,5,0,0,0,3,1,14.3
Male,25,Other,1,0,0,0,5,0,6385.133333333333
Male,49,African-American,3,0,0,0,5,0,89.61666666666666
Male,33,Caucasian,1,0,0,0,6,0,4135.15
Male,45,Hispanic,3,0,0,0,1,0,14.183333333333334
Male,25,African-American,0,0,0,0,8,1,-4.983333333333333
Male,28,African-American,1,0,0,0,1,1,8.0
Male,21,Caucasian,3,0,0,1,3,0,28.85
Male,41,African-American,5,0,0,0,5,0,20.5
Female,34,Caucasian,0,0,0,0,2,0,-0.8833333333333333
Male,37,Caucasian,11,0,0,0,9,1,20.65
Male,35,African-American,4,2,0,0,8,0,42.15
Male,42,African-American,0,0,0,0,1,1,28.966666666666665
Male,31,Other,2,0,0,0,2,0,23.266666666666666
Male,36,Other,0,0,0,0,1,0,170.28333333333333
Male,26,African-American,10,0,1,0,10,1,43.7
Male,37,Caucasian,0,0,0,0,1,0,456.7
Female,55,Caucasian,1,0,0,0,1,0,13.516666666666667
Male,24,Caucasian,1,0,0,0,6,1,94.8
Male,36,African-American,11,0,0,0,6,0,430.05
Male,51,African-American,1,0,0,0,1,0,173.78333333333333
Female,24,African-American,1,0,0,0,3,0,24.6
Male,31,African-American,13,0,0,0,10,1,16.383333333333333
Male,20,Other,8,0,8,1,10,1,25.116666666666667
Male,22,Caucasian,0,0,0,0,5,1,13.95
Male,23,African-American,2,0,1,0,6,1,27.35
Male,31,African-American,7,0,0,0,7,1,1870.4666666666667
Female,23,Caucasian,0,0,0,0,3,0,6.683333333333334
Male,32,Caucasian,3,0,0,0,6,1,-5.833333333333333
Male,56,Caucasian,9,0,0,0,1,1,474.15
Male,69,Caucasian,0,0,0,0,1,1,20.2
Male,20,African-American,0,0,0,0,9,1,5037.666666666667
Male,53,Caucasian,36,0,0,0,6,1,791.8666666666667
Male,33,Caucasian,9,0,0,0,4,0,5.5
Male,22,African-American,3,0,0,0,5,1,16.183333333333334
Male,51,African-American,21,0,0,0,8,1,10778.366666666667
Female,20,African-American,0,0,0,0,5,0,23.683333333333334
Female,20,African-American,0,0,0,0,6,0,96.36666666666666
Male,19,African-American,3,0,2,0,4,1,723.7166666666667
Male,38,African-American,7,0,0,0,6,0,815.5833333333334
Female,24,African-American,2,0,0,0,6,0,741.4333333333333
Male,23,African-American,2,0,0,0,9,1,144.05
Male,20,Caucasian,0,0,0,0,4,0,88.46666666666667
Male,27,African-American,3,0,0,0,3,0,910.2166666666667
Male,53,African-American,4,0,0,0,7,0,47.11666666666667
Male,30,Caucasian,1,0,0,0,2,0,842.3333333333334
Female,63,African-American,0,0,0,0,1,0,-3.3
Female,28,Caucasian,0,0,0,0,3,0,220.05
Male,38,African-American,15,0,0,0,6,0,1329.8833333333334
Male,43,Caucasian,2,0,0,0,2,1,122.05
Male,29,Caucasian,3,0,0,0,3,0,94.56666666666666
Male,41,African-American,13,0,0,0,10,1,15.733333333333333
Male,37,African-American,17,1,0,0,9,1,47.86666666666667
Male,30,Caucasian,2,0,0,0,3,0,124.3
Male,49,African-American,0,0,0,0,1,0,63.5
Male,59,Hispanic,1,0,0,0,2,1,30.866666666666667
Male,34,African-American,11,0,0,4,8,1,20.3
Male,41,Hispanic,2,0,0,0,2,0,24.716666666666665
Female,30,Hispanic,4,0,0,0,5,1,7.733333333333333
Male,71,Caucasian,1,0,0,0,1,0,1490.7
Male,24,Asian,0,0,0,0,2,0,4.266666666666667
Male,20,Hispanic,0,0,0,0,2,1,25.016666666666666
Male,63,African-American,9,0,0,0,6,1,45.266666666666666
Male,45,African-American,12,1,0,0,8,1,91.73333333333333
Male,21,African-American,1,0,0,0,4,1,24.516666666666666
Male,49,Caucasian,3,0,0,0,4,0,4.5
Female,36,Caucasian,3,0,0,0,3,0,19.766666666666666
Male,22,Caucasian,0,0,0,0,7,0,17.166666666666668
Female,40,Caucasian,1,0,0,0,2,0,21.25
Male,36,Caucasian,14,0,0,0,4,1,21.85
Male,24,Caucasian,2,0,0,0,3,1,49.43333333333333
Male,23,Other,0,0,0,0,2,1,22.466666666666665
Male,24,Asian,0,0,0,0,3,0,22.05
Male,55,Caucasian,0,0,0,0,1,1,18.216666666666665
Male,25,Caucasian,1,0,0,0,2,0,47.5
Male,31,African-American,1,0,0,0,10,0,70.46666666666667
Male,33,African-American,3,0,0,0,6,1,286.0
Male,42,African-American,1,0,0,0,2,0,5.233333333333333
Male,19,Hispanic,1,1,0,0,9,1,119.5
Male,21,African-American,2,0,0,1,9,0,1351.0833333333333
Male,22,Caucasian,3,0,0,0,6,0,54.18333333333333
Male,55,African-American,19,0,0,0,8,0,118.93333333333334
Male,28,African-American,0,0,0,0,2,0,42.45
Male,41,African-American,29,2,0,1,10,0,2902.483333333333
Male,40,Asian,0,0,0,0,1,0,478.4
Male,31,Hispanic,0,0,0,0,1,0,13.416666666666666
Male,22,African-American,5,0,0,0,10,0,18.7
Male,25,African-American,2,0,0,0,8,0,42.65
Female,22,Caucasian,1,0,0,0,3,0,360.93333333333334
Male,28,African-American,2,0,0,1,4,1,26.05
Male,41,Other,31,0,0,0,9,1,5809.916666666667
Male,32,African-American,0,0,0,0,5,0,14.55
Male,41,Hispanic,2,0,0,0,1,0,65.63333333333334
Male,21,African-American,1,0,0,0,9,1,27.133333333333333
Male,36,Caucasian,5,0,0,0,4,0,435.1166666666667
Female,27,African-American,9,0,0,0,2,1,1561.1333333333334
Male,39,Hispanic,2,0,0,0,6,0,1008.6333333333333
Female,25,Caucasian,2,0,0,0,4,0,72.95
Male,59,African-American,10,0,0,0,7,1,3051.016666666667
Female,35,Hispanic,0,0,0,0,2,0,24.883333333333333
Female,42,Caucasian,4,0,0,0,8,1,116.58333333333333
Female,22,African-American,0,0,0,0,6,0,29.266666666666666
Male,39,African-American,15,0,1,0,9,0,33.483333333333334
Male,75,Hispanic,1,0,0,0,1,0,2449.4333333333334
Male,21,African-American,1,0,0,0,6,0,191.93333333333334
Male,31,African-American,5,1,0,0,8,0,23.95
Male,37,Caucasian,2,0,0,0,2,0,290.6
Female,25,Caucasian,0,0,0,0,7,0,3.2333333333333334
Male,55,African-American,5,0,0,0,4,1,86.01666666666667
Male,24,Hispanic,1,0,0,0,10,0,144.55
Male,26,Hispanic,1,0,0,0,5,0,27.183333333333334
Male,26,African-American,10,0,1,0,10,1,43.7
Male,24,African-American,0,0,0,0,7,1,22.233333333333334
Male,24,Other,0,0,0,0,4,1,27.0
Male,45,Caucasian,0,0,0,0,1,0,888.5166666666667
Male,33,Caucasian,6,0,0,0,6,1,3654.116666666667
Male,32,African-American,1,0,0,0,4,1,95.45
Male,33,Caucasian,3,0,0,0,5,0,7568.983333333334
Male,30,Hispanic,5,0,0,0,3,1,52.86666666666667
Male,28,Caucasian,1,0,0,0,3,0,142.35
Male,27,African-American,0,0,0,0,6,1,77.23333333333333
Male,30,African-American,5,0,0,0,9,1,33.13333333333333
Male,30,Caucasian,1,0,0,0,5,0,24.316666666666666
Male,24,Caucasian,1,0,0,0,3,0,15.3
Male,20,African-American,3,0,0,0,7,1,506.55
Female,38,Hispanic,0,0,0,0,1,0,22.266666666666666
Male,38,Caucasian,5,0,0,0,7,1,0.5
Female,22,African-American,2,0,1,0,9,0,71.63333333333334
Male,31,African-American,9,0,0,0,8,1,6.733333333333333
Male,23,Caucasian,10,1,0,1,10,0,1611.1
Male,27,African-American,0,0,0,0,2,0,17.683333333333334
Male,37,African-American,0,0,0,0,1,1,24.566666666666666
Female,33,African-American,2,0,0,0,3,0,49.21666666666667
Male,44,Caucasian,2,0,0,0,4,0,-7.583333333333333
Male,21,African-American,1,0,0,1,9,1,5813.95
Male,52,African-American,4,0,0,0,5,0,24.966666666666665
Male,21,Caucasian,3,0,0,1,3,0,28.85
Female,24,African-American,1,0,0,0,5,1,5.583333333333333
Male,37,African-American,4,0,0,0,1,0,23.75
Male,34,African-American,5,0,0,0,4,1,67.63333333333334
Male,21,African-American,2,0,0,0,7,0,2800.85
Female,24,Caucasian,0,0,0,0,8,0,45.983333333333334
Male,39,African-American,2,0,0,0,2,0,26.633333333333333
Male,37,Hispanic,1,0,0,0,5,1,3721.05
Male,30,African-American,2,0,0,0,2,0,15.9
Male,57,Caucasian,15,0,0,0,7,0,486.8666666666667
Male,34,African-American,19,0,2,1,10,1,113.8
Male,25,African-American,8,0,3,1,8,1,14.766666666666667
Male,24,African-American,5,0,0,0,9,0,4054.866666666667
Male,42,Caucasian,8,0,0,0,4,0,24.8
Male,36,Hispanic,3,0,0,0,7,0,795.7166666666667
Female,22,African-American,1,0,0,0,5,0,19.333333333333332
Male,22,Caucasian,1,0,0,0,7,0,578.4666666666667
Male,20,African-American,0,0,0,2,5,1,188.13333333333333
Male,28,African-American,0,0,0,0,5,0,5164.966666666666
Male,27,African-American,8,0,0,0,7,1,1181.05
Male,20,African-American,0,0,0,0,9,1,20.883333333333333
Male,28,African-American,2,0,0,0,4,0,145.25
Male,25,African-American,14,1,6,1,10,1,171.41666666666666
Male,41,Caucasian,3,0,0,0,9,0,4036.25
Male,22,African-American,2,0,0,0,4,1,44.45
Male,38,African-American,7,0,0,0,6,0,815.5833333333334
Male,43,Caucasian,0,0,0,0,4,1,25.883333333333333
Female,57,Caucasian,1,0,0,0,1,1,46.8
Male,36,Other,0,0,0,0,2,0,90.13333333333334
Male,24,African-American,2,0,1,0,9,1,458.93333333333334
Male,26,Caucasian,7,0,0,0,8,1,2.5833333333333335
Female,44,African-American,0,0,0,0,1,0,6.1
Male,61,African-American,20,0,0,0,2,1,736.5333333333333
Male,22,Caucasian,3,0,0,0,6,0,-3.7
Female,22,African-American,1,0,1,0,6,0,738.1166666666667
Female,22,African-American,5,0,0,0,9,1,457.9166666666667
Male,29,African-American,1,0,0,0,9,0,6962.483333333334
Female,42,Caucasian,0,0,0,0,2,0,15.116666666666667
Female,26,African-American,3,0,0,1,5,0,24.516666666666666
Female,41,Caucasian,2,0,0,0,3,0,906.6833333333333
Male,26,Hispanic,2,0,0,1,1,0,-3.783333333333333
Male,37,African-American,4,0,0,0,2,0,28.266666666666666
Male,36,African-American,3,0,0,0,7,0,8.116666666666667
Male,20,Caucasian,3,3,0,1,9,0,1640.85
Male,71,Hispanic,1,0,0,0,1,0,21.65
Male,39,Caucasian,4,0,0,0,1,0,171.76666666666668
Female,20,African-American,1,0,0,0,8,1,95.61666666666666
Male,29,Hispanic,0,0,0,0,4,0,559.1
Male,27,African-American,3,0,0,0,1,1,23.266666666666666
Male,24,Caucasian,3,0,2,0,4,1,26.816666666666666
Male,53,Other,1,0,0,0,5,0,121.95
Male,33,African-American,0,0,0,0,5,1,19.916666666666668
Male,21,African-American,0,0,0,0,10,1,25.083333333333332
Male,19,African-American,0,0,0,0,6,0,797.0333333333333
Male,32,African-American,9,0,0,0,6,1,929.6666666666666
Male,41,Caucasian,4,0,0,0,3,1,20.366666666666667
Female,31,African-American,0,0,0,0,2,0,23.333333333333332
Female,47,Other,0,0,0,0,1,0,16.15
Female,26,African-American,5,0,1,0,5,0,2111.5333333333333
Male,31,African-American,2,0,0,0,7,1,74.03333333333333
Female,22,African-American,5,0,0,0,9,1,457.9166666666667
Male,46,Caucasian,10,0,0,0,7,1,1754.7
Male,55,Caucasian,2,0,0,0,3,0,1628.4666666666667
Male,24,African-American,7,0,0,0,9,1,4794.95
Male,36,African-American,2,0,0,0,4,1,1131.0333333333333
Female,27,Caucasian,2,0,0,0,5,1,1490.5666666666666
Female,56,Caucasian,10,0,0,0,5,1,984.75
Male,36,Caucasian,1,0,0,0,6,0,2551.3166666666666
Male,57,African-American,0,0,0,0,1,1,19.066666666666666
Female,35,Caucasian,1,0,0,0,3,0,313.56666666666666
Male,55,African-American,16,0,0,0,8,0,24.066666666666666
Male,34,Caucasian,9,1,0,0,6,1,28.833333333333332
Male,25,African-American,28,0,0,0,9,1,22.216666666666665
Male,30,African-American,10,0,0,0,6,1,22.75
Male,61,African-American,13,0,0,0,4,1,1589.6833333333334
Male,28,Hispanic,0,0,0,0,4,0,1.8166666666666667
Male,34,Hispanic,5,0,0,0,6,1,24.966666666666665
Male,46,African-American,9,1,0,1,9,1,2783.516666666667
Female,33,Hispanic,0,0,0,0,2,0,21.7
Male,30,African-American,0,0,0,0,1,1,5.833333333333333
Female,25,African-American,3,0,0,0,8,0,23.15
Male,25,African-American,6,0,2,0,8,0,2.45
Female,32,African-American,0,0,0,0,1,1,6.3
Male,57,African-American,19,0,0,0,6,0,76.26666666666667
Male,30,Caucasian,1,0,0,0,8,1,815.7166666666667
Male,26,Caucasian,0,0,0,0,4,0,70.0
Male,26,Caucasian,0,0,0,0,5,0,644.0666666666667
Male,23,African-American,1,1,0,0,9,0,120.13333333333334
Male,20,African-American,2,0,0,1,7,1,246.48333333333332
Male,45,Caucasian,4,0,0,0,4,0,2178.15
Male,27,African-American,5,0,0,0,9,1,29.633333333333333
Male,32,Caucasian,0,0,0,0,2,1,18.65
Male,53,Caucasian,1,0,0,0,1,0,20.566666666666666
Male,21,African-American,0,0,0,3,10,1,167.96666666666667
Male,51,African-American,4,0,0,0,2,1,188.35
Male,55,Caucasian,0,0,0,0,1,0,20.483333333333334
Male,23,African-American,1,0,0,0,8,0,48.7
Male,27,African-American,9,0,1,0,9,1,42.85
Male,36,African-American,5,0,0,0,8,1,464.9166666666667
Male,54,African-American,22,0,0,0,7,1,13.716666666666667
Male,47,African-American,1,0,0,0,2,0,97.61666666666666
Male,24,African-American,0,0,0,0,5,0,25.25
Male,32,African-American,5,0,0,0,4,1,23.716666666666665
Male,30,African-American,2,0,0,0,2,0,436.3333333333333
Male,58,African-American,0,0,0,0,2,0,15.8
Male,31,African-American,6,0,0,0,8,0,3.7
Male,29,African-American,0,0,0,0,5,0,45.11666666666667
Male,47,Other,5,0,0,0,1,1,21.166666666666668
Male,35,African-American,6,0,0,0,8,1,21.633333333333333
Male,24,Caucasian,1,0,0,0,10,1,896.35
Male,32,African-American,3,0,0,0,5,1,894.9333333333333
Male,31,African-American,5,0,0,0,5,1,22.05
Male,26,African-American,11,0,1,1,7,1,28.55
Male,22,African-American,5,1,1,0,9,0,4673.5
Male,20,African-American,1,0,0,0,6,1,389.26666666666665
Male,27,African-American,4,0,0,0,8,0,792.8666666666667
Male,68,Hispanic,0,0,0,0,1,0,19.533333333333335
Male,24,African-American,1,0,0,2,9,1,148.93333333333334
Male,27,African-American,10,0,0,0,9,1,28.266666666666666
Male,38,Caucasian,3,0,0,0,9,1,44.733333333333334
Male,21,African-American,0,0,0,0,8,1,214.85
Male,63,Caucasian,2,0,0,0,1,0,73.78333333333333
Male,29,African-American,8,0,0,0,8,1,333.3666666666667
Male,39,Caucasian,3,0,0,0,6,1,29.7
Male,23,Hispanic,1,0,0,0,10,0,4254.716666666666
Male,20,African-American,2,0,0,0,6,1,1399.2166666666667
Male,28,Caucasian,5,0,0,0,5,0,195.78333333333333
Male,21,African-American,0,0,0,1,10,1,840.1166666666667
Male,25,Hispanic,3,0,0,0,6,1,20.366666666666667
Female,36,African-American,4,0,0,0,10,1,20.466666666666665
Male,39,Caucasian,17,0,0,0,2,1,845.6166666666667
Male,23,Caucasian,2,0,0,2,9,1,2.933333333333333
Male,36,Other,1,0,0,0,1,1,25.766666666666666
Male,25,African-American,2,0,1,0,7,1,20.9
Female,30,African-American,8,0,0,0,8,1,35.583333333333336
Male,28,African-American,0,0,0,0,4,0,27.816666666666666
Male,39,African-American,2,0,0,0,1,1,28.166666666666668
Male,20,Caucasian,0,0,0,0,3,0,15.283333333333333
Female,54,African-American,0,0,0,0,9,0,2662.4333333333334
Male,39,African-American,35,0,0,0,10,0,88.93333333333334
Male,21,African-American,0,0,0,0,5,0,41.46666666666667
Male,22,African-American,2,0,0,0,10,0,5378.316666666667
Male,32,African-American,0,0,0,0,7,0,44.166666666666664
Female,41,African-American,0,0,0,0,1,0,23.133333333333333
Male,27,Caucasian,0,0,0,0,2,0,1051.1833333333334
Female,48,African-American,4,0,0,0,5,0,27.433333333333334
Male,20,Hispanic,2,2,0,0,8,1,505.6666666666667
Male,35,Caucasian,2,0,0,0,2,0,68.26666666666667
Male,36,African-American,8,0,0,0,7,0,11622.666666666666
Male,33,African-American,8,0,0,0,5,1,17.883333333333333
Female,55,Caucasian,3,0,0,0,1,0,92.45
Male,37,African-American,12,3,0,0,10,0,1255.5333333333333
Male,35,African-American,23,0,1,0,9,1,25.166666666666668
Male,44,Other,0,0,0,0,1,0,44.31666666666667
Male,24,African-American,8,1,1,0,9,1,1128.0666666666666
Male,26,African-American,5,0,0,0,7,1,651.7333333333333
Male,35,African-American,4,0,0,0,5,0,33.81666666666667
Male,26,African-American,3,0,1,0,6,1,49.833333333333336
Male,21,Other,3,0,2,0,2,1,16.116666666666667
Female,21,African-American,0,0,0,0,9,0,-10.4
Male,21,African-American,0,0,0,0,3,1,30.6
Male,24,African-American,0,0,0,0,2,1,549.0666666666667
Male,19,Hispanic,2,2,0,0,8,1,27.266666666666666
Female,22,African-American,0,0,0,0,5,0,28.116666666666667
Male,32,Hispanic,1,0,0,0,5,0,21.4
Male,42,Caucasian,3,0,0,0,4,0,21.516666666666666
Male,28,African-American,6,0,0,0,4,0,485.71666666666664
Male,30,Caucasian,1,0,0,0,8,1,815.7166666666667
Male,63,Caucasian,0,0,0,0,1,1,75.83333333333333
Male,34,Other,4,0,0,0,5,0,44.233333333333334
Male,26,African-American,1,0,0,0,10,1,1372.1833333333334
Female,56,Caucasian,0,0,0,0,1,0,17.516666666666666
Male,25,Caucasian,2,0,0,0,5,0,49.15
Male,28,African-American,3,0,0,0,2,1,195.25
Female,42,Caucasian,3,0,0,0,5,0,16.116666666666667
Male,24,African-American,1,0,0,0,8,0,71.7
Male,30,African-American,2,0,0,0,3,1,46.56666666666667
Male,58,Caucasian,3,0,0,0,4,1,366.15
Male,25,African-American,5,1,0,0,9,0,27.85
Male,38,Caucasian,0,0,0,0,4,0,3793.483333333333
Male,39,Caucasian,4,0,0,0,1,0,171.76666666666668
Male,25,African-American,7,0,0,1,8,0,306.51666666666665
Male,30,Caucasian,4,3,0,0,4,1,2306.3
Male,32,Caucasian,4,0,0,0,10,1,7.516666666666667
Male,27,African-American,13,0,2,1,6,1,339.73333333333335
Male,29,African-American,10,0,0,0,10,1,2608.85
Female,60,Caucasian,9,0,0,0,3,1,9233.4
Male,30,African-American,0,0,0,0,4,0,92.45
Male,33,Caucasian,7,0,0,0,8,1,29.066666666666666
Male,23,Caucasian,2,0,1,0,8,1,187.38333333333333
Male,28,African-American,6,0,0,0,5,1,124.78333333333333
Male,27,Caucasian,2,0,0,0,2,0,44.71666666666667
Male,30,African-American,6,0,0,0,7,0,1946.1833333333334
Male,37,Caucasian,1,0,0,0,2,1,-1.05
Male,24,African-American,0,0,0,0,2,0,15.983333333333333
Female,19,African-American,0,0,0,0,4,1,32.8
Male,38,African-American,2,0,0,0,2,0,99.16666666666667
Male,24,African-American,0,0,0,0,7,0,17.683333333333334
Female,28,Caucasian,1,0,0,0,5,0,1127.4833333333333
Male,23,Caucasian,0,0,0,0,2,1,26.866666666666667
Male,26,African-American,6,0,0,1,10,1,89.73333333333333
Male,35,African-American,6,0,0,0,3,0,17.566666666666666
Male,25,African-American,2,0,0,0,4,0,22.183333333333334
Male,30,African-American,0,0,0,0,1,0,47.583333333333336
Male,37,Caucasian,0,0,0,0,2,1,840.15
Female,26,African-American,5,0,0,0,5,1,809.75
Male,48,African-American,25,1,0,0,10,1,152.43333333333334
Male,27,African-American,4,0,0,0,6,1,-3.85
Female,29,African-American,7,0,1,0,7,1,44.56666666666667
Male,28,African-American,4,0,0,0,3,1,818.2666666666667
Male,25,Caucasian,9,0,1,0,9,1,2111.8333333333335
Male,24,African-American,2,1,0,0,10,1,12148.7
Male,53,Caucasian,0,0,0,0,1,0,21.35
Male,50,Caucasian,16,1,0,0,10,1,1611.2666666666667
Male,45,African-American,17,0,0,0,7,1,1125.1833333333334
Male,26,Caucasian,3,0,0,0,2,1,19.666666666666668
Female,24,African-American,0,0,0,0,5,0,22.366666666666667
Male,33,African-American,14,0,0,1,10,1,44.31666666666667
Male,32,African-American,8,0,0,1,4,0,101.15
Male,30,African-American,8,0,1,0,10,0,649.6166666666667
Male,22,Other,0,0,0,0,5,1,165.48333333333332
Male,33,Caucasian,0,0,0,0,9,0,4.35
Male,26,Caucasian,3,0,0,0,10,0,3.566666666666667
Male,21,African-American,1,0,0,1,10,1,1006.5333333333333
Male,28,Caucasian,2,0,0,0,7,0,13.75
Male,62,Caucasian,2,0,0,0,1,0,78.01666666666667
Male,31,African-American,15,0,3,4,6,1,2184.5333333333333
Male,39,African-American,5,0,0,0,7,0,96.31666666666666
Female,21,African-American,4,1,0,0,10,1,1317.4833333333333
Male,60,African-American,11,0,0,0,10,0,814.9833333333333
Male,28,Hispanic,3,0,0,1,3,1,47.61666666666667
Male,35,African-American,5,0,0,1,8,0,154.83333333333334
Male,30,African-American,8,0,0,0,8,1,46.21666666666667
Male,22,African-American,2,0,0,0,5,0,4107.216666666666
Male,26,African-American,2,0,0,0,3,1,50.88333333333333
Male,20,African-American,0,0,0,1,10,1,3.8833333333333333
Male,21,African-American,1,0,0,0,9,1,1178.8166666666666
Male,18,African-American,2,2,0,0,10,0,21.8
Male,60,African-American,15,0,0,0,4,1,912.95
Male,24,African-American,0,0,0,1,3,0,-11.166666666666666
Female,34,African-American,5,0,0,0,3,1,28.566666666666666
Female,55,Caucasian,6,0,0,0,4,0,886.1166666666667
Male,24,Caucasian,10,0,0,0,8,0,360.56666666666666
Male,40,African-American,1,0,0,0,1,0,6.55
Male,26,Caucasian,9,0,0,0,7,1,29.65
Male,47,Caucasian,2,0,0,0,1,0,668.8666666666667
Male,26,African-American,10,1,0,0,8,1,49.28333333333333
Male,21,Other,0,0,0,0,5,1,48.3
Male,50,Other,0,0,0,0,1,1,19.766666666666666
Female,39,Caucasian,11,0,1,0,6,1,27.35
Male,24,Caucasian,3,0,0,0,8,1,214.38333333333333
Male,25,African-American,7,0,1,1,5,1,20.533333333333335
Male,21,Caucasian,5,0,0,0,8,1,40.31666666666667
Male,22,African-American,11,0,0,0,10,1,0.08333333333333333
Female,34,African-American,0,0,0,0,3,1,27.1
Male,34,Other,0,0,0,0,2,1,51.38333333333333
Female,34,Other,0,0,0,0,1,0,17.083333333333332
Female,36,Caucasian,1,0,0,0,3,0,195.75
Male,33,African-American,16,0,2,2,9,1,149.63333333333333
Male,31,African-American,8,0,0,0,9,1,23.466666666666665
Male,30,Caucasian,19,0,0,0,10,1,1971.65
Male,37,African-American,17,0,0,0,9,0,1095.8166666666666
Male,31,African-American,9,0,0,0,7,1,22.15
Male,22,African-American,1,0,0,0,9,1,2479.25
Male,66,Caucasian,0,0,0,0,1,0,47.05
Male,43,Other,3,0,0,0,4,0,23.783333333333335
Male,23,African-American,4,1,0,0,9,0,72.68333333333334
Female,21,African-American,0,0,0,0,8,1,28.266666666666666
Female,50,Caucasian,3,0,0,0,5,1,1369.6833333333334
Male,25,African-American,1,0,0,0,4,1,17.033333333333335
Male,52,Hispanic,2,0,0,0,1,0,73.81666666666666
Male,30,Caucasian,4,0,0,0,8,1,118.01666666666667
Male,21,African-American,1,0,0,0,8,0,200.43333333333334
Male,28,African-American,5,0,0,0,7,0,2062.3
Male,29,African-American,2,0,0,0,1,1,35.81666666666667
Female,29,African-American,0,0,0,0,2,0,26.966666666666665
Male,27,Caucasian,1,0,0,0,3,0,750.8
Male,29,African-American,7,0,0,0,4,1,29.566666666666666
Male,21,Caucasian,3,0,2,1,10,1,27.816666666666666
Male,22,African-American,2,0,1,0,8,0,0.6666666666666666
Male,22,Caucasian,3,0,2,0,8,1,31.183333333333334
Male,21,African-American,0,0,0,0,6,1,8.033333333333333
Male,22,Other,1,0,0,0,6,0,128.33333333333334
Male,66,Caucasian,1,0,0,0,1,0,22.4
Female,31,Caucasian,0,0,0,0,7,0,119.18333333333334
Male,25,African-American,1,0,0,0,3,0,19.933333333333334
Female,22,Caucasian,2,0,0,0,7,1,53.53333333333333
Male,22,African-American,2,0,0,0,10,0,5378.316666666667
Male,36,African-American,1,0,0,0,2,1,5256.816666666667
Female,49,African-American,25,0,0,0,10,1,239.48333333333332
Female,20,African-American,2,0,0,3,10,1,554.9833333333333
Male,40,African-American,0,0,0,0,10,1,103.05
Male,25,Caucasian,7,0,0,0,10,1,1036.2833333333333
Female,20,African-American,0,0,0,0,5,0,23.666666666666668
Male,33,African-American,4,0,0,0,10,0,26.483333333333334
Male,69,Other,1,0,0,0,1,0,46.0
Male,63,Caucasian,2,0,0,0,1,0,73.78333333333333
Male,20,African-American,0,0,0,1,5,0,172.6
Male,31,Caucasian,10,0,0,0,2,1,43.583333333333336
Male,29,African-American,8,0,0,0,9,1,29.7
Male,24,African-American,2,0,0,0,9,1,50.733333333333334
Male,49,African-American,1,0,0,0,5,0,124.41666666666667
