sex,age,race,priors_count,juv_fel_count,juv_misd_count,juv_other_count,decile_score,is_recid,jail_time
Male,21,African-American,1,0,1,0,3,1,-5.583333333333333
Male,49,African-American,0,0,0,0,1,0,63.5
Male,21,Hispanic,4,1,0,0,10,1,17.716666666666665
Male,36,African-American,2,0,0,0,2,0,6.216666666666667
Male,23,African-American,0,0,0,0,8,0,27.2
Male,44,African-American,3,0,0,0,3,0,29.083333333333332
Male,25,Hispanic,0,0,0,0,2,0,17.15
Male,34,African-American,13,3,1,0,7,1,26.633333333333333
Female,23,Caucasian,4,0,0,0,9,1,3197.866666666667
Male,25,African-American,11,0,0,0,8,1,12766.6
Male,41,African-American,10,0,1,0,9,1,4224.233333333334
Male,41,Caucasian,4,0,0,0,3,1,20.366666666666667
Male,27,African-American,20,0,0,2,10,0,19.95
Male,45,Hispanic,0,0,0,0,1,0,33.583333333333336
Male,35,African-American,1,0,0,0,2,0,21.416666666666668
Female,31,African-American,14,0,0,0,8,0,43.516666666666666
Male,22,Caucasian,0,0,0,0,3,0,27.666666666666668
Male,23,African-American,3,0,0,0,7,0,24.483333333333334
Female,25,Caucasian,0,0,0,0,5,0,21.35
Male,21,African-American,1,0,1,1,9,1,66.43333333333334
Male,52,Caucasian,2,0,0,0,1,0,766.5833333333334
Male,20,Caucasian,1,0,1,0,5,1,31.516666666666666
Female,35,African-American,3,0,0,0,1,0,14.0
Male,44,Caucasian,0,0,0,0,1,0,31.4
Male,33,Asian,2,0,0,0,8,0,333.43333333333334
Male,61,African-American,29,0,0,0,8,1,454.3666666666667
Male,39,African-American,2,0,0,0,4,0,5374.3
Male,26,African-American,1,0,0,1,10,1,28.533333333333335
Male,25,African-American,0,0,0,0,7,0,7.583333333333333
Male,31,African-American,4,0,0,0,3,1,22.216666666666665
Male,46,African-American,9,0,0,0,7,0,521.5833333333334
Male,48,African-American,5,0,0,0,9,1,5825.766666666666
Male,35,Caucasian,2,0,0,0,5,1,23.666666666666668
Female,64,African-American,0,0,0,0,1,0,97.46666666666667
Male,55,Caucasian,11,0,0,0,7,0,1374.25
Male,27,African-American,15,0,0,0,10,1,723.25
Male,58,Caucasian,12,0,0,0,2,1,1296.65
Male,38,Hispanic,7,1,0,1,7,1,27.916666666666668
Female,27,African-American,1,0,0,0,2,0,20.966666666666665
Male,33,African-American,5,0,0,0,5,1,6.866666666666666
Male,27,African-American,7,0,0,0,9,1,103.7
Male,53,African-American,5,0,0,0,2,0,48.05
Female,25,Caucasian,2,0,0,0,4,0,72.95
Male,27,African-American,8,0,0,0,7,1,1181.05
Male,66,African-American,5,0,0,0,2,1,16.2
Male,49,Other,7,0,0,0,6,1,310.6
Male,39,African-American,18,0,2,0,9,0,0.75
Male,26,African-American,6,0,0,0,9,1,433.53333333333336
Male,32,African-American,0,0,0,0,9,0,1.1833333333333333
Male,26,Caucasian,0,0,0,0,3,1,44.583333333333336
Male,45,Caucasian,2,0,0,0,2,0,2029.7166666666667
Male,45,Caucasian,0,0,0,0,1,0,71.13333333333334
Female,35,African-American,0,0,0,0,1,1,49.45
Male,36,African-American,9,0,0,0,7,1,21.866666666666667
Male,53,Caucasian,1,0,0,0,1,1,119.93333333333334
Male,22,African-American,1,0,0,0,9,1,125.6
Male,24,African-American,1,0,0,0,7,0,3384.6666666666665
Male,29,Caucasian,1,0,0,0,2,1,23.616666666666667
Male,45,Caucasian,2,0,0,0,4,0,71.53333333333333
Male,26,African-American,10,0,0,0,6,1,143.8
Male,33,African-American,0,0,0,0,10,0,3407.633333333333
Male,30,Caucasian,1,0,0,0,8,1,2.933333333333333
Male,58,African-American,12,0,0,0,6,0,2761.4333333333334
Male,24,African-American,2,0,0,0,-1,1,25.416666666666668
Male,22,African-American,4,0,0,0,6,0,20.316666666666666
Male,57,Caucasian,1,0,0,0,1,0,102.08333333333333
Male,27,Caucasian,6,0,0,0,6,1,824.7
Female,40,Caucasian,3,0,0,0,1,1,16.383333333333333
Male,32,African-American,7,0,3,0,2,1,121.36666666666666
Male,40,Other,0,0,0,0,1,0,30.0
Male,39,Caucasian,2,0,0,0,3,0,196.63333333333333
Male,31,African-American,23,0,0,0,10,1,1323.3666666666666
Male,23,African-American,2,0,0,0,4,1,24.616666666666667
Female,37,African-American,5,0,0,0,5,0,26.783333333333335
Male,37,Caucasian,11,0,0,0,8,1,24.483333333333334
Male,30,African-American,15,0,0,0,9,1,482.9166666666667
Female,24,African-American,7,0,0,0,9,0,26.75
Male,63,African-American,0,0,0,0,1,0,19.4
Female,45,Native American,15,0,0,0,10,1,25.083333333333332
Male,32,Caucasian,2,0,0,0,2,0,21.233333333333334
Male,31,Caucasian,2,0,0,0,1,1,808.25
Female,27,African-American,3,0,0,0,10,0,26.983333333333334
Male,25,Caucasian,0,0,0,0,5,1,53.583333333333336
Male,23,Caucasian,3,0,0,0,3,0,29.85
Female,36,Caucasian,4,0,0,0,2,1,2493.733333333333
Male,23,African-American,3,0,0,0,8,0,321.81666666666666
Male,23,African-American,5,0,0,1,6,1,26.3
Female,24,Hispanic,1,0,0,0,4,0,-1.2166666666666666
Male,34,African-American,7,0,0,0,5,1,-10.85
Male,45,African-American,17,0,0,0,7,1,1125.1833333333334
Male,50,Caucasian,0,0,0,0,2,0,169.28333333333333
Female,35,Caucasian,1,0,0,0,4,0,15.133333333333333
Female,26,Caucasian,2,0,0,0,9,0,21.366666666666667
Male,28,African-American,0,0,0,0,8,0,399.8333333333333
Male,21,African-American,0,0,0,0,10,0,2478.85
Male,33,African-American,2,0,0,0,3,0,9.75
Female,23,African-American,0,0,0,0,4,0,13.416666666666666
Male,44,Caucasian,13,0,0,0,9,1,405.26666666666665
Male,31,African-American,0,0,0,0,1,0,23.916666666666668
Male,19,African-American,2,0,2,0,10,1,28.6
Male,39,Caucasian,3,0,0,0,1,1,26.466666666666665
Male,27,Hispanic,4,0,0,0,2,1,75.7
Female,20,African-American,0,0,0,0,5,0,32.666666666666664
Female,39,Hispanic,0,0,0,0,2,0,32.166666666666664
Male,57,African-American,16,0,0,0,7,0,5955.5
Female,20,African-American,1,0,0,0,4,0,27.233333333333334
Male,42,African-American,6,0,0,0,8,1,13.816666666666666
Female,50,African-American,7,0,0,0,4,0,25.85
Female,23,African-American,1,0,0,0,4,0,145.75
Female,20,African-American,1,1,0,0,10,1,280.8
Female,34,Caucasian,3,0,0,0,5,0,433.6333333333333
Male,29,African-American,0,0,0,0,5,1,13.583333333333334
Male,22,African-American,1,0,0,0,7,1,-4.933333333333334
Male,23,Caucasian,0,0,0,0,2,1,26.866666666666667
Female,30,African-American,11,0,0,0,7,1,145.21666666666667
Male,36,Caucasian,1,0,0,0,2,0,13.716666666666667
Male,48,African-American,4,0,0,0,8,0,6.5
Female,41,Caucasian,9,0,0,0,4,1,16.05
Male,55,African-American,5,0,0,0,4,0,7222.466666666666
Male,25,African-American,1,0,0,0,3,0,896.5833333333334
Male,54,African-American,1,0,0,0,3,0,122.88333333333334
Female,36,African-American,3,0,0,0,6,1,4.2
Male,26,African-American,13,0,0,0,10,1,175.26666666666668
Male,55,Caucasian,1,0,0,0,3,0,21.9
Male,39,African-American,35,0,0,0,10,0,88.93333333333334
Male,36,Hispanic,0,0,0,0,1,0,4.216666666666667
Male,37,African-American,5,0,0,0,5,1,154.8
Male,25,Caucasian,1,0,0,0,2,1,23.066666666666666
Male,34,Caucasian,0,0,0,0,4,0,21.083333333333332
Male,24,Caucasian,2,0,0,0,3,1,49.43333333333333
Male,32,African-American,17,1,2,0,10,1,5022.233333333334
Female,28,African-American,9,0,0,0,9,1,288.43333333333334
Male,24,African-American,6,0,0,0,10,1,26.283333333333335
Male,22,Other,0,0,0,0,2,0,39.666666666666664
Male,29,Caucasian,1,0,0,0,10,0,268.6333333333333
Female,30,African-American,4,0,1,0,6,0,44.766666666666666
Male,20,African-American,1,0,0,1,7,0,50.25
Male,24,African-American,3,0,0,1,8,1,842.0166666666667
Male,28,African-American,1,0,0,0,7,0,44.766666666666666
Male,61,Caucasian,4,0,0,0,6,0,2855.55
Male,32,Hispanic,20,1,1,0,10,0,22.0
Male,52,Caucasian,0,0,0,0,1,0,22.166666666666668
Male,23,African-American,1,0,0,0,10,1,46.9
Female,24,African-American,3,0,0,0,8,0,1.1
Male,36,African-American,9,0,0,0,7,1,21.866666666666667
Male,25,African-American,2,0,0,0,5,0,20492.65
Male,50,Other,5,0,0,0,1,0,2190.766666666667
Male,32,African-American,22,0,0,1,9,1,6.233333333333333
Male,32,African-American,11,0,1,2,5,1,28.1
Male,22,Other,1,0,0,0,4,1,28.45
Female,30,African-American,14,0,3,2,10,1,123.9
Male,60,Other,0,0,0,0,1,0,95.26666666666667
Female,29,Hispanic,0,0,0,0,3,0,2.6166666666666667
Male,28,Hispanic,1,0,0,0,5,0,39.8
Female,28,African-American,2,0,0,0,2,0,25.45
Male,57,African-American,1,0,0,0,5,1,618.8166666666667
Male,24,African-American,5,0,0,0,9,0,4054.866666666667
Male,22,Hispanic,0,0,0,0,2,1,19.516666666666666
Male,54,African-American,0,0,0,0,1,0,-4.35
Male,31,Caucasian,2,0,0,0,4,1,259.68333333333334
Male,57,Caucasian,9,0,0,0,4,1,1406.65
Male,26,African-American,2,0,0,0,2,1,99.16666666666667
Male,26,African-American,6,0,0,1,10,1,89.73333333333333
Male,20,Caucasian,3,3,0,1,9,0,1640.85
Male,22,African-American,1,0,0,0,3,1,403.95
Female,36,Caucasian,3,0,0,0,6,1,648.85
Female,54,Caucasian,0,0,0,0,3,1,488.18333333333334
Male,33,Other,0,0,0,0,1,0,30.133333333333333
Male,30,Caucasian,3,0,0,0,4,0,1681.1
Female,24,African-American,0,0,0,0,6,0,17.533333333333335
Male,24,African-American,2,0,0,0,6,1,22.983333333333334
Female,28,Caucasian,2,0,0,0,3,0,861.1666666666666
Male,32,Caucasian,0,0,0,0,3,0,54.016666666666666
Male,36,African-American,25,0,2,1,10,1,23.883333333333333
Male,40,African-American,16,0,0,0,9,0,13108.166666666666
Male,38,African-American,22,1,2,2,9,1,21.45
Male,20,African-American,1,0,1,0,10,0,595.9666666666667
Male,32,African-American,4,0,0,0,7,1,4577.35
Male,22,African-American,0,0,0,0,4,0,25.533333333333335
Female,38,Caucasian,2,0,0,0,3,0,22.55
Male,30,African-American,9,1,0,0,4,1,30.833333333333332
Male,25,Caucasian,4,0,0,2,10,0,27.05
Male,27,African-American,5,2,1,0,7,1,4877.35
Male,29,African-American,3,0,0,0,5,1,26.366666666666667
Male,45,Hispanic,8,0,0,0,6,0,26.016666666666666
Male,22,Caucasian,2,0,0,0,4,1,654.5833333333334
Male,28,Hispanic,3,0,0,0,5,0,18.116666666666667
Female,21,African-American,0,0,0,0,8,1,27.8
Female,31,Caucasian,2,0,0,1,8,1,26.916666666666668
Male,23,Caucasian,2,0,1,0,8,1,187.38333333333333
Male,26,African-American,0,0,0,0,4,1,28.316666666666666
Male,21,African-American,1,0,0,0,5,1,268.1166666666667
Male,39,Caucasian,0,0,0,0,1,0,20.966666666666665
Male,22,African-American,0,0,0,0,4,1,14.85
Male,31,African-American,8,0,0,0,7,1,20.733333333333334
Male,27,African-American,1,0,0,1,10,0,741.95
Male,54,African-American,4,0,0,0,3,1,24.666666666666668
Male,31,African-American,0,0,0,0,2,0,19.983333333333334
Male,56,Caucasian,7,0,0,0,5,0,217.15
Male,38,Caucasian,1,0,0,0,1,0,25.5
Female,28,African-American,1,0,0,0,2,0,19.15
Male,28,African-American,6,0,0,0,6,1,16.65
Male,30,African-American,0,0,0,1,2,0,48.63333333333333
Male,47,Caucasian,28,0,0,0,9,1,813.6166666666667
Male,22,Caucasian,0,0,0,0,3,0,29.233333333333334
Male,48,African-American,10,1,0,0,7,1,98.41666666666667
Male,22,African-American,3,0,0,0,8,1,628.7
Male,27,Caucasian,4,0,0,0,7,0,1007.3166666666667
Male,40,Caucasian,1,0,0,0,3,0,1007.6833333333333
Male,30,Caucasian,1,0,0,0,5,0,695.5333333333333
Male,25,African-American,1,0,0,0,3,0,896.5833333333334
Male,21,African-American,0,0,0,0,7,0,3477.9
Male,20,African-American,0,0,0,0,4,1,7.6
Female,24,African-American,0,0,0,0,2,0,48.016666666666666
Female,32,Caucasian,0,0,0,0,2,0,24.316666666666666
Male,27,African-American,9,0,0,0,8,1,1250.8666666666666
Male,36,Caucasian,4,0,0,0,2,1,27.783333333333335
Male,32,Caucasian,2,0,0,0,5,1,695.1333333333333
Female,30,Other,4,0,0,0,7,1,42.8
Male,27,Caucasian,0,0,0,0,5,0,21.016666666666666
Male,25,African-American,2,0,0,0,5,0,1392.35
Male,58,African-American,0,0,0,0,1,0,239.8
Male,45,Caucasian,9,0,0,0,9,1,1317.85
Male,27,African-American,7,0,0,0,9,1,97.55
Female,46,Other,1,0,0,0,1,0,20.6
Male,52,Caucasian,0,0,0,0,1,0,116.61666666666666
Male,29,Caucasian,3,0,0,0,2,0,56.11666666666667
Male,29,African-American,13,0,0,0,8,1,27.566666666666666
Male,36,African-American,16,0,0,1,8,1,26.883333333333333
Male,34,African-American,12,0,0,0,6,1,28.466666666666665
Male,33,African-American,8,2,0,0,10,1,172.0
Male,34,African-American,1,0,0,0,1,0,556.15
Male,32,African-American,24,1,3,0,7,1,69.38333333333334
Female,33,Caucasian,2,0,0,0,5,1,1035.7666666666667
Male,25,African-American,0,0,0,0,5,0,4.633333333333334
Male,32,African-American,0,0,0,0,9,0,21.766666666666666
Male,48,Caucasian,0,0,0,0,1,0,27.933333333333334
Male,25,Hispanic,1,0,0,0,3,1,21.066666666666666
Male,29,African-American,7,0,2,1,8,1,54.13333333333333
Male,20,African-American,1,1,0,0,3,1,382.15
Male,52,Caucasian,8,0,0,0,2,0,944.3166666666667
Male,65,Caucasian,0,0,0,0,3,0,144.8
Female,51,African-American,10,1,0,0,10,1,1565.0
Male,30,Caucasian,1,0,0,0,4,0,20.416666666666668
Male,24,African-American,0,0,0,0,10,0,22.966666666666665
Male,57,Caucasian,2,0,0,0,1,0,49.63333333333333
Male,24,Caucasian,0,0,0,0,3,0,54.56666666666667
Male,46,Caucasian,2,0,0,0,6,1,22.8
Female,39,Hispanic,2,0,0,0,2,0,163.23333333333332
Male,53,Hispanic,0,0,0,0,1,0,5.45
Male,31,Hispanic,1,0,1,0,3,0,32.88333333333333
Female,27,Caucasian,6,0,0,0,10,0,28.683333333333334
Male,57,African-American,12,0,0,0,9,1,1869.6666666666667
Male,58,African-American,12,0,0,0,6,1,95.93333333333334
Male,22,Caucasian,0,0,0,0,3,0,93.71666666666667
Male,28,African-American,7,0,0,1,8,1,939.4
Female,25,African-American,1,0,0,0,4,0,22.0
Male,30,African-American,21,0,0,0,7,1,15.083333333333334
Male,36,Caucasian,0,0,0,0,7,1,141.73333333333332
Male,28,Caucasian,0,0,0,0,2,0,22.616666666666667
Male,54,African-American,1,0,0,0,3,0,22.3
Male,67,Caucasian,0,0,0,0,1,0,16.633333333333333
Male,35,African-American,0,0,0,0,3,0,23.883333333333333
Male,63,African-American,22,0,0,0,9,1,226.65
Male,22,Caucasian,0,0,0,0,6,0,25.9
Male,39,African-American,8,0,1,1,10,1,99.63333333333334
Male,50,Caucasian,16,1,0,0,10,1,1611.2666666666667
Male,36,African-American,2,0,0,0,3,1,24.266666666666666
Male,20,Other,8,0,8,1,10,1,25.116666666666667
Male,37,African-American,0,0,0,0,1,1,42.8
Male,37,Caucasian,2,0,0,0,1,0,24.35
Male,32,Caucasian,3,0,0,0,4,0,2067.233333333333
Male,27,African-American,1,1,0,0,5,1,19.583333333333332
Male,28,African-American,6,0,0,0,1,0,23.05
Female,26,African-American,0,0,0,0,9,0,154.01666666666668
Male,47,Caucasian,2,0,0,0,1,0,46.63333333333333
Male,30,African-American,0,0,0,0,2,0,185.86666666666667
Male,48,Caucasian,3,0,0,0,4,0,5.633333333333334
Female,33,African-American,1,0,0,0,2,0,21.733333333333334
Female,42,Caucasian,4,0,0,0,8,1,116.58333333333333
Male,38,Caucasian,1,0,0,0,1,1,19.783333333333335
Male,44,African-American,0,0,0,0,6,0,24.4
Male,26,Caucasian,3,0,0,0,2,0,25.55
Male,23,Caucasian,0,0,0,0,3,0,21.566666666666666
Female,49,African-American,0,0,0,0,1,0,22.55
Male,20,African-American,0,0,0,0,6,1,45.733333333333334
Male,28,Caucasian,3,0,0,0,3,0,4684.416666666667
Male,55,Caucasian,33,0,0,0,9,1,5809.633333333333
Male,38,African-American,9,0,0,0,6,0,69.68333333333334
Male,22,African-American,3,0,1,0,7,1,190.11666666666667
Male,27,Caucasian,1,0,0,0,6,1,522.6166666666667
Female,31,Caucasian,2,0,0,0,4,1,652.4
Male,49,African-American,1,0,0,0,2,0,4.616666666666666
Female,20,Caucasian,0,0,0,0,3,1,14.9
Male,49,Caucasian,0,0,0,0,1,0,1770.2166666666667
Male,31,Caucasian,2,0,0,0,4,1,259.68333333333334
Male,23,Hispanic,6,0,0,0,7,1,122.66666666666667
Male,35,Caucasian,1,0,0,1,1,0,0.2
Male,41,African-American,0,0,0,0,3,0,15.6
Male,24,African-American,3,0,0,0,6,1,23.15
Male,24,Caucasian,0,0,0,0,4,0,20.333333333333332
Male,57,Other,10,0,0,0,4,1,4367.833333333333
Male,22,African-American,1,0,1,0,8,1,-4.083333333333333
Male,25,African-American,8,0,0,0,10,1,43.65
Male,26,African-American,5,0,0,0,10,0,1752.75
Male,23,Caucasian,10,1,0,1,10,0,1611.1
Male,30,Caucasian,11,0,1,0,9,1,962.7
Male,24,African-American,4,0,1,3,6,1,29.133333333333333
Female,34,Caucasian,1,0,0,0,1,0,26.05
Male,26,African-American,5,0,0,1,7,1,22.766666666666666
Male,31,African-American,10,0,0,1,6,1,4366.1
Male,33,Caucasian,0,0,0,0,1,0,23.966666666666665
Male,36,African-American,14,1,2,0,10,1,50.166666666666664
Male,36,African-American,17,0,2,0,8,1,360.53333333333336
Female,31,Caucasian,4,0,0,0,5,0,73.4
Male,62,Caucasian,0,0,0,0,1,0,20.9
Male,24,Caucasian,3,0,0,0,5,0,21.833333333333332
Male,26,Caucasian,7,0,0,0,6,0,1655.2833333333333
Male,29,Other,5,0,0,1,5,0,19.0
Male,56,Caucasian,0,0,0,0,1,0,23.4
Male,28,African-American,7,0,0,1,8,1,939.4
Male,21,Hispanic,0,0,0,0,3,0,21.6
Male,28,African-American,1,0,0,0,3,0,43.6
Male,31,Caucasian,1,0,0,0,3,1,936.9166666666666
Male,27,African-American,6,0,1,0,6,1,722.8
Male,30,African-American,3,0,0,0,2,1,21.266666666666666
Male,55,African-American,12,0,0,0,8,0,686.7333333333333
Female,29,Caucasian,2,0,0,0,7,1,212.88333333333333
Male,22,African-American,4,0,0,1,10,0,94.53333333333333
Male,24,Caucasian,2,0,0,0,5,1,1180.2
Male,54,Caucasian,3,0,0,0,2,0,16.05
Male,28,African-American,5,0,0,0,6,1,1231.4833333333333
Male,26,African-American,4,0,0,0,9,1,22.15
Male,30,African-American,2,0,0,0,4,0,140.96666666666667
Male,49,African-American,1,0,0,0,1,1,4.483333333333333
Male,28,African-American,12,0,0,0,6,1,143.41666666666666
Female,52,African-American,21,0,0,0,7,1,478.8666666666667
Male,21,African-American,1,0,0,1,10,1,23.933333333333334
Male,31,Caucasian,1,0,0,0,3,1,936.9166666666666
Male,53,Other,4,0,0,0,1,1,13.7
Male,34,African-American,4,0,0,0,2,0,23.4
Male,27,Hispanic,0,0,0,0,2,0,21.866666666666667
Male,22,African-American,0,0,0,0,2,0,29.283333333333335
Male,41,African-American,16,2,0,0,7,1,-2.6
Male,26,Other,0,0,0,0,5,1,13.933333333333334
Male,23,Caucasian,1,0,1,0,2,0,22.383333333333333
Female,54,African-American,7,0,0,0,6,0,452.55
Male,50,Caucasian,1,0,0,0,2,0,2801.633333333333
Male,29,African-American,0,0,0,0,2,0,29.2
Male,39,African-American,1,0,0,0,6,0,118.06666666666666
Female,42,African-American,1,0,0,0,1,0,526.1333333333333
Female,35,African-American,0,0,0,0,3,1,46.05
Male,43,African-American,0,0,0,0,1,0,43.95
Male,25,African-American,5,0,0,0,9,0,41.483333333333334
Male,19,Caucasian,1,0,0,0,4,1,15.383333333333333
Male,27,Caucasian,0,0,0,0,8,1,1134.7833333333333
Male,29,Other,3,0,0,0,6,0,4270.8
Male,27,African-American,1,0,0,0,4,1,22.433333333333334
Male,26,African-American,2,0,0,0,3,0,7.25
Male,25,Other,1,0,0,0,4,1,40.85
Male,59,African-American,17,0,0,0,4,0,4287.433333333333
Male,27,Caucasian,2,0,0,0,3,1,-0.9166666666666666
Male,29,African-American,9,0,0,0,9,0,42.81666666666667
Male,33,Caucasian,2,0,0,0,2,0,55.45
Male,38,Caucasian,2,0,0,0,4,1,1148.9
Male,26,African-American,1,0,0,0,6,1,313.6666666666667
Male,25,African-American,8,0,0,2,8,1,2.9833333333333334
Male,23,African-American,2,0,0,0,8,1,166.16666666666666
Male,50,African-American,2,0,0,0,1,0,4359.55
Female,42,African-American,3,0,0,0,9,0,791.1833333333333
Male,29,African-American,4,0,0,0,9,1,455.03333333333336
Male,50,Caucasian,0,0,0,0,1,0,13.483333333333333
Female,44,Caucasian,1,0,0,0,1,1,29.933333333333334
Male,27,African-American,2,0,0,1,9,1,25.85
Male,31,African-American,6,0,0,0,4,0,985.1666666666666
Male,20,Caucasian,0,0,0,0,2,1,90.43333333333334
Male,53,African-American,6,0,0,0,2,1,22.85
Female,45,Caucasian,2,0,0,0,5,0,174.0
Male,29,Caucasian,1,0,0,0,4,0,341.45
Male,29,African-American,1,0,0,0,4,0,21.683333333333334
Female,26,African-American,0,0,0,0,2,0,30.133333333333333
Male,32,Caucasian,4,0,0,0,5,0,122.8
Male,44,African-American,2,0,0,0,5,0,52.666666666666664
Male,22,Other,0,0,0,0,5,1,165.48333333333332
Male,27,Caucasian,0,0,0,0,8,1,1134.7833333333333
Male,20,African-American,0,0,0,0,3,0,30.4
Male,52,Caucasian,1,0,0,0,1,0,17.733333333333334
Male,27,African-American,5,0,0,0,9,1,101.66666666666667
Male,26,African-American,3,1,0,0,10,1,92.43333333333334
Male,42,African-American,0,0,0,0,5,1,169.25
Male,20,African-American,0,0,0,0,6,1,45.733333333333334
Female,28,Caucasian,0,0,0,0,4,0,5.683333333333334
Male,27,African-American,4,0,0,0,5,0,932.6666666666666
Male,36,Caucasian,5,0,0,0,3,1,14.3
Female,33,Caucasian,0,0,0,0,1,0,24.566666666666666
Female,20,African-American,1,1,0,0,10,0,66.5
Male,37,African-American,1,0,0,0,10,0,75.76666666666667
Male,30,African-American,7,0,1,1,5,1,17.566666666666666
Male,26,African-American,6,0,0,1,10,1,89.73333333333333
Male,32,African-American,3,0,0,0,7,1,193.5
Male,34,African-American,16,0,0,0,9,1,24.3
Male,56,Caucasian,1,0,0,0,1,1,16.033333333333335
Male,60,African-American,43,0,0,0,8,0,912.4166666666666
Male,26,African-American,13,0,1,1,8,1,-4.05
Female,19,African-American,0,0,0,0,6,0,46.1
Male,31,African-American,7,0,0,0,4,1,1302.7833333333333
Male,22,African-American,0,0,0,1,7,1,23.333333333333332
Male,29,African-American,0,0,0,0,6,0,25.483333333333334
Male,64,African-American,17,0,0,0,9,0,6098.9
Male,26,Caucasian,9,0,0,0,7,1,29.65
Male,40,African-American,0,0,0,0,3,0,1093.5666666666666
Male,26,African-American,8,0,1,1,8,1,339.6
Female,35,African-American,2,0,0,0,2,0,29.416666666666668
Male,31,Caucasian,0,0,0,0,1,0,22.85
Male,40,African-American,15,1,0,0,8,0,1313.8166666666666
Male,23,African-American,1,0,0,0,4,0,63.71666666666667
Female,20,African-American,0,0,0,0,5,0,30.433333333333334
Male,25,Caucasian,2,0,0,0,8,0,293.1
Male,24,African-American,2,0,0,0,-1,1,25.416666666666668
Male,24,African-American,1,0,0,0,8,1,331.73333333333335
Male,29,Caucasian,0,0,0,0,3,0,23.3
Male,33,African-American,15,0,0,0,2,0,-2.7666666666666666
Female,29,Caucasian,6,0,0,0,7,1,1629.8666666666666
Male,32,Hispanic,6,0,0,0,5,1,217.21666666666667
Male,30,African-American,10,0,0,1,6,1,172.41666666666666
Female,28,Caucasian,0,0,0,0,3,0,19.95
Male,40,African-American,8,0,0,0,4,1,19.25
Male,23,Hispanic,0,0,0,0,7,0,27.683333333333334
Male,34,Other,2,0,0,0,1,0,30.033333333333335
Male,20,African-American,1,1,0,0,8,1,353.4166666666667
Male,22,Caucasian,0,0,0,0,7,0,25.366666666666667
Male,53,African-American,13,0,0,0,9,0,816.6666666666666
Female,50,Caucasian,3,0,0,0,3,1,3.0
Female,39,Caucasian,0,0,0,0,6,0,23.0
Female,24,African-American,7,3,0,0,10,0,97.73333333333333
Male,39,Caucasian,5,0,0,0,4,0,30.333333333333332
Male,29,Caucasian,0,0,0,0,3,0,24.666666666666668
Male,21,African-American,0,0,0,0,2,1,24.116666666666667
Male,27,African-American,10,0,0,0,8,1,27.566666666666666
Male,22,African-American,4,0,0,0,7,0,2568.5333333333333
Male,20,African-American,1,0,0,0,10,1,47.416666666666664
Female,42,Caucasian,0,0,0,0,1,1,21.266666666666666
Male,29,African-American,4,0,0,0,2,1,27.85
Male,22,African-American,6,0,0,0,9,0,24.1
Male,30,African-American,14,0,1,0,9,1,49.666666666666664
Male,46,Caucasian,1,0,0,0,1,0,46.78333333333333
Female,29,African-American,11,0,0,0,8,0,19.55
Female,43,Caucasian,1,0,0,0,1,0,46.266666666666666
Male,48,African-American,6,0,0,0,3,0,41.45
Male,35,African-American,22,0,0,0,10,1,49.81666666666667
Male,26,Caucasian,1,0,0,0,7,0,23.883333333333333
Male,32,Caucasian,2,0,0,0,1,0,20.633333333333333
Male,20,African-American,4,2,2,0,9,1,41.766666666666666
Male,23,African-American,0,0,0,0,4,0,23.566666666666666
Female,28,African-American,1,0,0,0,4,0,21.666666666666668
Male,34,African-American,2,0,0,0,3,1,293.4
Male,25,African-American,1,0,0,0,2,1,22.066666666666666
Male,24,Caucasian,3,0,0,0,8,1,146.93333333333334
Male,28,Caucasian,2,0,0,0,6,0,7.15
Male,27,Caucasian,0,0,0,0,3,0,118.96666666666667
Male,39,Caucasian,2,0,0,0,1,1,-5.283333333333333
Female,40,Other,0,0,0,0,1,0,27.216666666666665
Male,42,African-American,1,0,0,0,1,0,7.833333333333333
Female,42,Caucasian,11,0,0,0,5,0,483.95
Female,38,Caucasian,1,0,0,0,5,1,389.46666666666664
Female,38,Hispanic,20,0,0,0,9,1,46.1
Male,24,African-American,4,0,0,0,10,1,17.5
Male,22,African-American,0,0,0,0,7,1,790.35
Male,22,African-American,3,0,1,1,10,1,32.31666666666667
Male,44,African-American,7,0,0,0,5,1,650.1666666666666
Female,39,African-American,3,0,0,0,6,0,49.583333333333336
Male,21,African-American,4,0,0,0,9,1,5278.116666666667
Male,20,African-American,1,1,0,1,10,1,1126.4166666666667
Male,34,Other,1,0,0,0,2,1,-5.383333333333334
Female,25,African-American,2,0,0,0,8,1,9794.183333333332
Male,30,Caucasian,0,0,0,0,2,1,24.816666666666666
Male,25,African-American,2,0,0,0,5,1,28.066666666666666
Female,28,Caucasian,1,0,0,0,4,0,30.666666666666668
Female,26,African-American,3,0,0,0,6,0,47.45
Male,34,Hispanic,14,0,0,0,9,1,977.65
Male,43,African-American,4,0,0,0,1,1,621.6166666666667
Male,29,Caucasian,2,0,0,0,1,0,24.35
Male,37,African-American,8,0,0,0,5,1,340.06666666666666
Male,36,African-American,19,3,0,2,10,1,2001.9166666666667
Male,34,African-American,0,0,0,0,3,1,241.85
Male,39,Caucasian,3,0,0,0,5,0,40.0
Female,24,Other,2,0,0,0,4,1,27.85
Male,21,African-American,2,0,2,0,9,1,1151.95
Male,51,Caucasian,0,0,0,0,1,0,67.83333333333333
Male,26,African-American,2,0,0,0,10,1,27.4
Male,39,African-American,8,0,0,0,4,0,964.5666666666667
Male,44,African-American,7,0,0,0,4,0,32.1
Male,27,African-American,1,0,0,0,5,0,23.116666666666667
Male,30,Caucasian,19,0,0,0,10,1,1971.65
Male,26,Caucasian,0,0,0,0,2,0,47.46666666666667
Male,27,Caucasian,2,0,0,1,4,1,29.033333333333335
Male,38,Hispanic,0,0,0,0,1,0,26.316666666666666
Male,27,Hispanic,1,0,0,0,2,0,29.016666666666666
Male,31,African-American,9,0,0,0,7,1,22.15
Male,24,African-American,5,0,0,0,7,1,27.066666666666666
Male,22,African-American,0,0,0,0,3,1,3593.2833333333333
Male,40,African-American,16,0,0,0,5,0,52.0
Male,26,African-American,13,0,0,0,10,1,175.26666666666668
Male,37,Hispanic,8,0,0,0,2,1,3.7666666666666666
Male,28,Caucasian,2,0,0,0,1,0,25.466666666666665
Male,28,African-American,2,0,0,0,4,0,1320.0166666666667
Male,37,African-American,18,2,0,0,9,0,25.883333333333333
Male,36,African-American,12,0,0,0,9,0,218.75
Female,33,African-American,0,0,0,0,9,1,703.9
Female,23,African-American,3,0,0,0,5,1,16.733333333333334
Male,46,African-American,2,0,0,0,7,0,91.18333333333334
Male,33,African-American,18,0,0,3,9,1,21.35
Male,25,Hispanic,0,0,0,1,2,0,8.2
Female,34,Caucasian,3,0,0,0,5,0,240.33333333333334
Male,19,Caucasian,1,0,0,0,4,1,15.383333333333333
Male,31,African-American,0,0,0,0,7,0,-0.06666666666666667
Female,34,Hispanic,0,0,0,0,2,0,21.916666666666668
Male,45,Other,1,0,0,0,1,0,21.666666666666668
Male,37,African-American,4,0,0,0,4,1,28.766666666666666
Male,49,Caucasian,2,0,0,0,1,0,31.35
Male,27,Caucasian,7,0,0,0,4,0,3886.05
Female,46,African-American,1,0,0,0,8,1,1328.3666666666666
Male,22,Hispanic,0,0,0,1,7,0,49.53333333333333
Male,32,Caucasian,15,2,0,1,9,1,1701.4833333333333
Male,30,African-American,3,0,0,0,2,1,21.266666666666666
Male,39,African-American,6,0,0,0,3,1,68.66666666666667
Female,31,African-American,2,0,0,0,2,0,27.55
Male,36,Caucasian,9,0,0,0,4,1,29.066666666666666
Male,26,African-American,15,0,0,0,9,0,1031.2
Male,35,Hispanic,1,0,0,0,9,0,214.46666666666667
Male,24,Caucasian,5,0,0,0,6,1,453.4
Male,29,African-American,0,0,0,0,1,0,25.2
Male,28,Caucasian,5,0,0,0,7,0,152.63333333333333
Male,43,African-American,23,0,1,0,7,0,2449.4166666666665
Male,32,African-American,9,0,0,0,6,1,929.6666666666666
Male,66,Caucasian,1,0,0,0,1,0,463.78333333333336
Male,38,African-American,4,0,0,0,2,0,20.266666666666666
Male,39,African-American,2,0,0,0,1,1,28.166666666666668
Male,51,Caucasian,6,0,0,0,1,1,445.56666666666666
Male,73,Caucasian,0,0,0,0,1,0,24.433333333333334
Male,26,Caucasian,0,0,0,0,5,0,789.25
Male,33,Caucasian,3,0,0,0,4,1,282.76666666666665
Male,29,African-American,2,0,0,0,5,0,26.05
Male,20,African-American,0,0,0,1,8,0,47.483333333333334
Male,20,Caucasian,1,1,0,0,7,1,963.6166666666667
Male,39,African-American,10,0,4,0,9,0,978.8166666666667
Male,59,African-American,0,0,0,0,1,0,24.816666666666666
Male,27,African-American,7,0,1,0,8,0,188.65
Male,22,Hispanic,2,0,0,0,3,0,18.55
Male,24,Caucasian,1,0,0,0,3,0,15.3
Male,22,African-American,1,0,0,0,3,1,403.95
Male,51,Caucasian,6,0,0,0,3,1,54.45
Male,57,Hispanic,1,0,0,0,1,0,26.216666666666665
Male,35,Hispanic,13,0,0,0,7,0,98.96666666666667
Male,38,Caucasian,1,0,0,0,1,1,18.266666666666666
Female,25,African-American,1,0,0,0,3,0,97.68333333333334
Male,20,Caucasian,0,0,0,0,4,0,27.533333333333335
Male,50,Caucasian,1,0,0,0,1,1,125.53333333333333
Female,34,African-American,14,0,0,0,9,0,93.85
Male,53,Caucasian,3,0,0,0,1,0,503.9
Male,32,African-American,3,0,0,0,4,0,20.95
Male,31,Caucasian,9,0,0,3,6,1,11281.6
Male,27,African-American,13,0,2,1,6,1,339.73333333333335
Male,36,Hispanic,3,0,0,0,7,0,795.7166666666667
Male,52,African-American,4,0,0,0,1,0,119.61666666666666
Male,32,African-American,13,0,1,0,8,1,9.25
Male,21,Other,1,0,0,0,6,1,94.1
Male,23,African-American,0,0,0,0,4,0,28.133333333333333
Female,34,Caucasian,5,0,0,0,5,1,19.05
Male,47,African-American,5,0,0,0,6,0,51.46666666666667
Male,30,African-American,7,0,1,0,9,1,928.9
Male,22,African-American,0,0,0,0,3,1,25.866666666666667
Male,61,Caucasian,10,0,0,0,6,0,548.7333333333333
Male,44,African-American,0,0,0,0,2,1,19.633333333333333
Male,30,Other,1,0,0,0,3,0,476.31666666666666
Male,33,Caucasian,0,0,0,0,6,1,4.016666666666667
Male,26,African-American,0,0,0,0,1,0,20.216666666666665
Male,36,Caucasian,5,0,0,0,3,0,88.26666666666667
Male,23,African-American,0,0,0,0,3,1,23.433333333333334
Male,24,Caucasian,1,0,0,0,8,1,13.433333333333334
Male,37,Other,0,0,0,0,1,0,48.68333333333333
Female,43,African-American,0,0,0,0,1,0,26.25
Male,39,Other,1,0,0,0,2,1,15.45
Male,37,Caucasian,7,0,0,0,8,1,1679.65
Male,29,African-American,4,0,0,0,6,0,4155.033333333334
Male,27,Other,0,0,0,0,2,1,1296.1833333333334
Male,25,Caucasian,0,0,0,0,2,1,24.083333333333332
Male,23,African-American,1,0,0,0,7,1,648.9666666666667
Male,26,Caucasian,3,0,0,1,4,1,54.63333333333333
Male,26,Hispanic,0,0,0,1,2,0,18.75
Male,35,African-American,5,0,0,0,3,0,23.333333333333332
Male,35,Caucasian,1,0,0,0,6,0,164.63333333333333
Female,28,Caucasian,0,0,0,0,9,0,25.933333333333334
Male,54,Other,2,0,0,0,2,1,25.3
Male,36,African-American,2,0,0,0,1,1,-9.433333333333334
Male,24,African-American,3,0,1,0,10,1,18.45
Male,34,African-American,0,0,0,0,1,0,22.333333333333332
Male,23,African-American,5,0,0,1,7,1,41.13333333333333
Male,21,Hispanic,0,0,0,0,3,0,21.6
Male,31,African-American,0,0,0,0,3,0,31.333333333333332
Male,30,African-American,1,0,0,0,1,0,21.733333333333334
Male,51,Caucasian,13,0,0,0,3,0,13054.65
Male,30,Caucasian,3,0,0,0,7,0,21.633333333333333
Male,22,Caucasian,3,0,0,0,10,1,255.43333333333334
Female,75,African-American,0,0,0,0,1,0,19.316666666666666
Male,61,African-American,5,0,0,0,2,0,291.95
Female,33,Caucasian,0,0,0,0,6,1,28.016666666666666
Male,38,Caucasian,1,0,0,0,1,1,19.783333333333335
Male,33,African-American,1,0,0,0,2,0,20.166666666666668
Male,21,African-American,3,0,0,0,7,1,236.58333333333334
Male,28,Caucasian,0,0,0,0,4,0,22.016666666666666
Male,36,Hispanic,26,0,1,0,10,1,2826.9333333333334
Male,25,African-American,1,0,0,0,3,1,23.783333333333335
Male,37,Caucasian,0,0,0,0,2,1,840.15
Female,34,Caucasian,0,0,0,0,3,0,27.95
Male,24,African-American,0,0,0,0,2,0,21.516666666666666
Male,23,Caucasian,6,0,0,0,9,1,141.73333333333332
Male,33,Caucasian,1,0,0,0,1,0,21.433333333333334
Female,67,Caucasian,0,0,0,0,1,0,18.133333333333333
Female,27,African-American,1,0,0,0,4,0,48.31666666666667
Male,22,Caucasian,0,0,0,0,5,1,13.95
Female,28,African-American,0,0,0,0,10,1,165.4
Female,40,African-American,0,0,0,0,2,0,14.683333333333334
Male,24,African-American,7,0,0,0,7,1,21.05
Male,26,Caucasian,1,0,0,0,2,1,390.71666666666664
Male,21,African-American,1,0,0,0,7,0,78.11666666666666
Male,31,Caucasian,1,0,0,0,3,1,936.9166666666666
Male,21,African-American,0,0,0,0,3,1,45.68333333333333
Male,21,African-American,1,0,0,0,6,1,52.65
Male,24,African-American,0,0,0,0,3,0,13.2
Male,31,African-American,0,0,0,0,4,0,523.85
Male,27,Caucasian,0,0,0,0,6,0,29.383333333333333
Male,20,African-American,0,0,0,0,5,1,44.266666666666666
Male,49,Other,7,0,0,0,3,1,94.11666666666666
Male,55,Caucasian,0,0,0,0,3,0,14.75
Male,49,African-American,0,0,0,0,1,1,103.88333333333334
Male,23,African-American,3,0,0,0,2,1,20.866666666666667
Male,35,African-American,8,0,0,0,7,1,1489.9
Male,34,Caucasian,0,0,0,0,2,1,718.7
Male,66,African-American,3,0,0,0,1,0,6.583333333333333
Male,29,African-American,7,0,0,0,7,0,6.7
Male,58,African-American,21,0,0,0,7,1,1418.7833333333333
Male,31,African-American,15,0,0,1,5,1,3263.35
Male,34,African-American,3,0,0,0,5,0,1275.25
Male,58,African-American,0,0,0,0,4,1,28.15
Male,37,African-American,16,0,1,0,9,0,3864.2
Male,39,Caucasian,2,0,0,0,3,0,196.63333333333333
Male,32,African-American,4,0,0,0,6,1,9936.8
Male,27,Caucasian,1,0,0,0,3,1,26.866666666666667
Male,21,African-American,1,1,0,0,5,0,21.2
Female,62,Caucasian,0,0,0,0,1,0,26.0
Male,52,African-American,23,3,0,0,5,0,9431.216666666667
Male,33,African-American,3,0,0,0,3,0,49.15
Male,23,Caucasian,3,0,0,1,4,1,989.9666666666667
Male,23,African-American,0,0,0,0,7,0,18.616666666666667
Male,28,Caucasian,0,0,0,0,3,0,46.6
Male,53,Caucasian,3,0,0,0,2,1,63.86666666666667
Male,59,African-American,5,0,0,0,5,0,3628.6666666666665
Male,57,African-American,3,0,0,0,4,0,44.65
Male,28,African-American,4,0,0,0,6,1,505.2
Male,20,African-American,1,0,0,0,7,0,5906.166666666667
Male,35,Caucasian,10,0,0,0,8,0,9358.066666666668
Male,29,African-American,6,0,0,0,10,1,954.5666666666667
Female,20,Other,0,0,0,0,5,0,29.766666666666666
Male,28,African-American,10,0,0,0,7,1,27.55
Male,22,Caucasian,0,0,0,0,8,0,1390.1333333333334
Female,46,African-American,1,0,0,0,8,1,1328.3666666666666
Male,21,Other,0,0,0,0,4,0,27.166666666666668
Male,61,African-American,1,0,0,0,1,1,5.95
Male,25,Caucasian,9,0,0,0,8,1,23.933333333333334
Male,22,Caucasian,1,0,1,0,8,1,478.95
Male,21,African-American,2,0,0,0,7,0,2800.85
Male,25,African-American,6,0,0,0,7,1,2.7333333333333334
Male,27,African-American,4,0,0,0,4,0,23.383333333333333
Male,31,African-American,4,0,0,0,5,1,48.43333333333333
Female,27,African-American,3,0,0,0,5,1,24.016666666666666
Male,36,African-American,4,0,1,0,5,0,51.016666666666666
Male,23,African-American,4,0,0,0,10,0,2993.483333333333
Female,53,Caucasian,4,0,0,0,8,0,1330.4166666666667
Male,32,African-American,7,0,0,1,6,1,1224.8833333333334
Male,47,African-American,7,0,0,0,1,1,28.9
Male,58,African-American,20,0,0,0,9,0,2454.733333333333
Male,21,African-American,0,0,0,0,9,1,3.1333333333333333
Male,55,Caucasian,2,0,0,0,1,1,17.65
Female,31,African-American,3,0,0,0,5,0,1484.4166666666667
Male,21,African-American,0,0,0,0,7,0,73.83333333333333
Female,27,Caucasian,2,0,0,0,3,0,24.8
Male,27,African-American,2,0,0,0,4,0,72.31666666666666
Female,37,Caucasian,1,0,0,0,1,0,24.35
Female,26,African-American,1,0,0,0,3,0,1060.05
Female,22,African-American,0,0,0,0,4,1,166.26666666666668
Male,34,African-American,8,2,0,1,7,1,112.0
Male,33,African-American,0,0,0,0,2,0,46.21666666666667
Male,31,Caucasian,0,0,0,0,7,0,-3.7333333333333334
Male,27,African-American,8,0,0,0,3,1,408.01666666666665
Male,29,Caucasian,2,0,0,0,5,1,47.68333333333333
Male,24,African-American,6,0,0,0,6,1,26.716666666666665
Male,31,African-American,0,0,0,0,7,0,-0.06666666666666667
Male,28,Caucasian,0,0,0,0,3,1,13.866666666666667
Male,31,Hispanic,5,0,0,0,6,1,892.6833333333333
Male,57,African-American,12,0,0,0,9,1,1869.6666666666667
Male,30,African-American,1,0,0,0,4,1,3168.15
Male,35,Caucasian,9,0,0,0,8,0,1033.4666666666667
Male,25,African-American,0,0,0,0,9,1,239.86666666666667
Male,23,African-American,2,0,1,0,6,1,27.35
Male,45,African-American,1,0,0,0,3,0,68.25
Male,45,Caucasian,2,0,0,0,2,0,4.15
Female,34,African-American,0,0,0,0,1,0,33.75
Male,23,African-American,0,0,0,0,3,1,26.7
Male,46,African-American,3,0,0,0,6,1,705.5333333333333
Female,38,African-American,0,0,0,0,10,0,817.4833333333333
Male,22,African-American,1,0,1,0,9,1,99.65
Female,36,Caucasian,1,0,0,0,2,0,10074.416666666666
Female,45,Asian,6,0,0,0,3,1,46.96666666666667
Male,50,African-American,12,0,0,0,1,1,24.05
Female,57,African-American,3,0,0,0,9,0,3709.7166666666667
Male,27,African-American,9,0,0,0,8,0,313.01666666666665
Male,36,Caucasian,7,0,0,0,9,0,692.4333333333333
Female,19,African-American,0,0,0,0,9,0,28.166666666666668
Male,25,African-American,5,0,0,1,9,1,118.0
Male,27,African-American,9,0,4,4,7,1,23.533333333333335
Male,23,Caucasian,7,0,0,1,8,0,22.616666666666667
Female,34,African-American,0,0,0,0,1,1,25.966666666666665
Male,20,African-American,0,0,0,0,3,1,26.033333333333335
Male,26,Caucasian,9,0,0,0,7,1,29.65
Female,38,Caucasian,2,0,0,0,5,1,23.783333333333335
Male,39,Caucasian,9,0,0,0,5,1,26.55
Male,23,African-American,2,0,0,0,4,0,46.46666666666667
Male,28,Hispanic,1,0,0,0,7,0,808.0666666666667
Male,28,African-American,25,0,0,0,8,1,623.2
Male,28,Caucasian,0,0,0,0,3,0,46.6
Male,28,African-American,8,0,0,0,6,1,83.11666666666666
Male,28,Caucasian,0,0,0,0,2,0,23.9
Male,21,African-American,1,0,0,1,8,0,51.1
Male,50,Caucasian,1,0,0,0,2,0,14.316666666666666
Male,28,African-American,6,0,1,0,6,0,49.36666666666667
Male,36,Hispanic,2,1,0,0,2,1,30.233333333333334
Female,25,African-American,4,0,0,0,7,1,3.933333333333333
Male,47,African-American,0,0,0,0,5,0,75.83333333333333
Male,27,Other,0,0,0,0,4,0,25.683333333333334
Male,30,African-American,13,0,0,0,10,1,11399.983333333334
Male,21,Caucasian,2,0,0,0,4,1,1865.3166666666666
Female,37,African-American,0,0,0,0,1,0,32.46666666666667
Male,25,African-American,2,0,0,0,9,0,15.9
Female,35,Caucasian,0,0,0,0,3,1,-3.033333333333333
Female,29,Caucasian,5,0,0,0,10,0,772.3333333333334
Male,30,African-American,15,0,0,0,9,1,482.9166666666667
Male,30,African-American,8,0,0,0,8,1,46.21666666666667
Male,27,African-American,1,0,0,0,2,1,20.316666666666666
Male,55,Hispanic,0,0,0,0,1,0,17.0
Male,63,Caucasian,1,0,0,0,1,0,137.88333333333333
Male,60,Caucasian,0,0,0,0,1,0,49.2
Male,27,African-American,3,0,0,0,2,0,20.9
Male,29,African-American,12,0,0,0,10,1,143.25
Male,46,Caucasian,7,0,0,0,6,1,866.8833333333333
Male,24,African-American,2,0,0,0,4,1,13.416666666666666
Male,21,African-American,0,0,0,0,7,1,43.416666666666664
Male,29,African-American,12,0,0,0,10,1,143.25
Female,22,African-American,0,0,0,0,3,0,13.616666666666667
Male,22,African-American,3,0,0,0,5,1,16.183333333333334
Male,28,Other,1,0,0,0,3,1,27.183333333333334
Male,30,African-American,1,0,0,0,8,0,23.75
Male,19,African-American,0,0,0,0,8,0,28.583333333333332
Male,56,Other,0,0,0,0,1,0,24.133333333333333
Male,40,Other,4,0,0,0,1,1,54.06666666666667
Female,42,Caucasian,11,0,0,0,5,0,483.95
Male,58,African-American,12,0,0,0,6,1,95.93333333333334
Male,27,African-American,2,0,0,0,7,1,5906.283333333334
Male,49,Caucasian,4,0,0,0,6,1,409.98333333333335
Male,37,Caucasian,0,0,0,0,6,0,21.216666666666665
Male,32,Caucasian,1,0,0,0,1,0,5.183333333333334
Male,22,Hispanic,0,0,0,0,4,1,49.68333333333333
Male,25,African-American,3,0,1,0,10,1,1933.5166666666667
Male,25,African-American,9,0,0,1,7,0,54.95
Female,26,Caucasian,1,0,0,0,6,0,213.25
Male,33,Caucasian,2,0,0,0,3,0,45.11666666666667
Male,36,African-American,16,0,0,0,5,1,5.466666666666667
Male,77,Caucasian,5,0,0,0,3,0,0.55
Female,31,Caucasian,9,0,0,0,7,1,639.0
Male,26,African-American,6,0,0,1,10,1,89.73333333333333
Male,51,Caucasian,3,0,0,0,1,1,26.9
Male,26,Hispanic,1,0,0,0,2,1,18.716666666666665
Male,20,African-American,1,1,0,0,10,1,4489.233333333334
Male,24,African-American,2,0,0,2,5,1,19.433333333333334
Male,30,African-American,14,0,0,0,7,0,6067.283333333334
Male,36,Caucasian,0,0,0,0,1,0,22.266666666666666
Male,20,African-American,1,0,0,1,10,1,2616.45
Male,42,Caucasian,0,0,0,0,1,0,5.366666666666666
Male,58,African-American,1,0,0,0,5,0,863.9166666666666
Male,25,African-American,7,0,1,1,5,1,20.533333333333335
Male,23,African-American,3,0,0,0,8,0,321.81666666666666
Male,51,African-American,3,0,0,0,2,0,29.05
Male,55,Caucasian,18,0,0,0,2,1,894.4166666666666
Male,32,African-American,3,0,0,0,7,1,193.5
Male,25,African-American,4,2,0,0,10,1,2072.55
Male,22,African-American,0,0,0,0,5,1,26.133333333333333
Male,21,African-American,3,1,2,2,10,1,20.933333333333334
Male,21,African-American,1,0,0,0,6,1,38.1
Male,30,Hispanic,2,0,0,0,2,0,144.18333333333334
Male,50,African-American,2,0,0,0,1,0,15.216666666666667
Male,21,African-American,0,0,0,0,5,0,19.216666666666665
Male,30,Caucasian,2,0,0,1,4,1,3.45
Male,44,Caucasian,1,0,0,0,1,1,2.283333333333333
Male,32,Caucasian,4,0,0,0,7,0,43.28333333333333
Male,33,African-American,5,0,0,0,8,1,139.86666666666667
Male,53,Caucasian,19,0,0,0,5,0,140.75
Male,20,Caucasian,1,0,0,2,2,1,39.266666666666666
Male,56,African-American,6,0,0,0,2,0,25.25
Female,21,African-American,0,0,0,0,8,1,28.266666666666666
Female,29,African-American,7,0,1,0,7,1,44.56666666666667
Male,31,African-American,19,0,0,0,9,1,19.5
Male,24,African-American,1,0,0,0,2,0,5.45
Female,21,African-American,0,0,0,0,10,1,792.4666666666667
Male,38,Caucasian,3,0,0,0,9,1,44.733333333333334
Female,43,Caucasian,0,0,0,0,2,0,-1.05
Male,20,African-American,1,1,0,0,4,1,15.866666666666667
Male,30,African-American,14,0,1,0,7,1,143.53333333333333
Male,26,African-American,2,0,0,0,8,1,19.666666666666668
Female,23,African-American,0,0,0,0,2,0,24.8
Male,27,Caucasian,6,0,1,3,4,1,30.683333333333334
Male,50,Caucasian,1,0,0,0,1,0,20.433333333333334
Male,42,African-American,10,0,0,0,7,0,19.25
Male,44,Caucasian,0,0,0,0,1,0,48.35
Male,29,African-American,1,0,0,0,5,1,74.46666666666667
Male,57,Caucasian,6,0,0,0,1,0,13.966666666666667
Male,21,African-American,0,0,0,0,8,1,29.983333333333334
Male,38,Caucasian,5,0,0,0,6,0,17.866666666666667
Male,33,Caucasian,0,0,0,0,3,1,21.15
Male,22,Caucasian,5,0,0,0,5,1,16.166666666666668
Male,35,African-American,1,0,0,0,1,0,220.11666666666667
Male,21,African-American,1,0,0,0,10,1,22.016666666666666
Female,22,Other,1,0,0,0,4,0,20.7
Male,29,African-American,1,0,0,0,9,0,49.43333333333333
Male,22,African-American,0,0,0,2,3,1,170.53333333333333
Male,22,Caucasian,0,0,0,1,2,1,24.383333333333333
Male,21,African-American,1,0,0,0,6,0,719.0833333333334
Male,27,African-American,6,0,0,0,5,0,2860.2833333333333
Male,66,Caucasian,0,0,0,0,1,0,30.616666666666667
Male,53,Caucasian,3,0,0,0,1,0,46.233333333333334
Male,21,African-American,1,0,0,0,8,0,944.5166666666667
Male,32,Hispanic,1,0,0,0,7,0,16.916666666666668
Female,30,African-American,4,0,0,0,7,1,23.55
Male,42,Caucasian,0,0,0,0,3,0,55.4
Male,23,Caucasian,3,0,2,0,5,1,217.75
Male,22,African-American,0,0,0,0,3,0,22.666666666666668
Female,54,Caucasian,1,0,0,0,1,0,6.066666666666666
Male,44,Other,6,0,0,0,1,1,64.2
Male,26,Caucasian,0,0,0,0,2,0,21.733333333333334
Male,26,Hispanic,1,1,0,0,5,1,5326.5
Male,46,Caucasian,5,0,0,0,8,1,-3.15
Male,42,African-American,4,0,0,0,1,0,3.4
Female,43,Caucasian,3,0,0,0,2,1,24.033333333333335
Female,25,African-American,2,0,0,0,8,1,9794.183333333332
Female,35,African-American,2,0,0,0,2,0,29.416666666666668
Male,25,Caucasian,1,0,0,0,9,0,1417.1
Male,24,African-American,0,0,0,0,3,0,42.9
Male,22,African-American,2,0,1,0,8,0,0.6666666666666666
Male,36,Caucasian,2,0,0,0,2,0,888.0666666666667
Male,49,Hispanic,14,0,0,0,7,0,2208.9
Male,31,African-American,1,0,0,0,10,1,-3.2
Male,41,African-American,1,0,0,0,2,0,31.15
Male,36,Hispanic,3,0,0,0,9,0,3334.1833333333334
Male,34,Hispanic,14,0,0,0,9,1,977.65
Male,36,Other,2,0,0,0,3,1,71.68333333333334
Male,24,Caucasian,2,0,0,1,2,0,24.983333333333334
Male,48,African-American,7,0,0,0,7,1,68.46666666666667
Male,34,African-American,14,0,0,0,8,0,14.966666666666667
Female,29,African-American,5,0,0,0,4,1,214.28333333333333
Male,61,African-American,25,0,0,0,7,0,30.1
Male,30,Other,1,0,0,0,3,0,476.31666666666666
Female,24,Caucasian,3,0,1,0,5,1,14.633333333333333
Male,28,Caucasian,3,0,0,0,6,0,5784.533333333334
Male,20,Hispanic,2,0,0,0,10,1,4615.183333333333
Male,20,Other,0,0,0,0,6,1,22.7
Female,57,Caucasian,1,0,0,0,1,0,32.55
Male,27,African-American,10,0,0,0,9,1,28.266666666666666
Male,31,Caucasian,4,0,1,1,8,1,47.733333333333334
Male,40,Hispanic,8,0,0,0,5,1,5.9
Male,21,African-American,3,0,1,1,8,1,431.1666666666667
Male,30,African-American,8,0,0,1,8,1,786.6833333333333
Male,28,African-American,11,1,0,1,8,1,6.516666666666667
Male,26,African-American,1,0,0,0,1,1,15.95
Male,58,Caucasian,11,0,0,0,6,0,201.3
Female,38,Caucasian,5,0,0,0,6,1,1002.5
Female,25,African-American,5,0,0,0,7,1,1136.0833333333333
Male,23,Caucasian,0,0,0,0,3,1,187.68333333333334
Male,25,African-American,13,4,0,0,10,1,872.05
Male,39,African-American,0,0,0,0,4,0,5.933333333333334
Male,35,Hispanic,0,0,0,0,1,0,51.05
Male,61,Caucasian,1,0,0,0,1,1,101.26666666666667
Male,44,Hispanic,2,0,0,0,2,0,28.033333333333335
Male,43,African-American,3,0,0,0,1,1,27.2
Male,26,African-American,4,0,0,0,4,1,1759.4666666666667
Male,41,Asian,2,0,0,0,8,1,3886.9333333333334
Female,26,Caucasian,0,0,0,0,5,0,30.066666666666666
Female,23,African-American,1,0,0,0,2,0,18.383333333333333
Male,24,African-American,4,0,1,0,8,1,644.7333333333333
Male,24,African-American,2,0,0,0,-1,1,25.416666666666668
Male,57,African-American,16,0,0,0,7,0,5955.5
Male,34,African-American,11,1,0,0,8,0,90.31666666666666
Male,33,Hispanic,1,0,0,0,4,0,5.9
Male,48,Caucasian,20,0,0,0,8,1,1109.2833333333333
Male,54,Caucasian,2,0,0,0,1,1,936.4166666666666
Male,53,Caucasian,2,0,0,0,1,0,414.4
Male,32,Caucasian,0,0,0,0,3,1,70.16666666666667
Female,29,Caucasian,1,0,0,0,5,1,55.2
Male,20,African-American,0,0,0,1,7,1,30.383333333333333
Female,29,Caucasian,8,0,0,0,8,0,2530.4166666666665
Male,31,African-American,3,0,0,0,8,1,477.75
Male,24,African-American,2,0,0,0,4,1,44.95
Male,20,Other,0,0,0,0,3,1,28.916666666666668
Female,22,Caucasian,3,0,0,0,9,1,63.4
Female,24,Caucasian,0,0,0,0,6,0,570.95
Male,29,African-American,0,0,0,0,4,0,5.8
Male,28,Caucasian,8,0,0,0,7,0,26.1
Male,24,Other,0,0,0,0,4,1,27.0
Male,26,Caucasian,2,0,0,0,2,0,75.96666666666667
Male,47,Other,1,0,0,0,1,0,22.216666666666665
Male,31,African-American,4,0,0,0,3,1,24.45
Male,56,Caucasian,1,0,0,0,1,1,16.033333333333335
Male,37,African-American,12,0,0,0,3,0,604.35
Female,46,Caucasian,0,0,0,0,1,0,44.81666666666667
Male,27,African-American,2,1,0,0,4,1,578.9333333333333
Male,31,Caucasian,11,0,0,0,7,1,20.183333333333334
Male,41,African-American,0,0,0,0,1,0,85.86666666666666
Male,55,Caucasian,2,0,0,0,1,1,17.65
Male,21,African-American,2,0,0,0,9,1,436.43333333333334
Female,48,Hispanic,9,0,0,0,6,0,1372.3333333333333
Male,30,Hispanic,9,0,0,0,2,0,750.2
Male,51,Hispanic,0,0,0,0,1,0,20.95
Female,44,Caucasian,0,0,0,0,1,1,17.233333333333334
Male,21,Hispanic,1,0,0,0,5,1,48.38333333333333
Male,52,Caucasian,0,0,0,0,1,0,116.61666666666666
Male,30,African-American,21,0,0,0,7,1,15.083333333333334
Male,23,Hispanic,0,0,0,0,3,0,1.0
Male,32,African-American,9,0,0,0,6,1,929.6666666666666
Female,32,Caucasian,1,0,0,0,2,1,694.1
Male,35,Caucasian,0,0,0,0,10,1,383.1166666666667
Male,23,African-American,1,0,0,0,3,1,29.133333333333333
Female,60,Other,0,0,0,0,1,0,22.533333333333335
Male,21,African-American,0,0,0,0,4,1,40.766666666666666
Male,23,Caucasian,0,0,0,0,4,0,27.6
Male,36,African-American,14,10,0,0,7,1,4173.233333333334
Male,23,Hispanic,3,0,0,0,7,1,78.01666666666667
Female,66,Caucasian,7,0,0,0,4,0,418.78333333333336
Male,22,Caucasian,0,0,0,0,3,0,47.18333333333333
Male,38,African-American,9,1,1,0,8,1,315.1333333333333
Male,58,Caucasian,1,0,0,0,1,0,5.95
Male,19,African-American,1,1,0,1,10,1,859.45
Male,55,African-American,9,0,0,0,3,1,90.93333333333334
Male,33,African-American,7,0,0,0,7,1,1888.4333333333334
Male,37,Hispanic,1,0,0,0,1,0,51.75
Male,36,African-American,2,0,0,0,9,1,1107.3833333333334
Male,25,Caucasian,4,0,0,0,7,0,1029.2
Female,22,African-American,0,0,0,0,7,0,6.15
Male,32,African-American,0,0,0,0,1,1,16.083333333333332
Male,38,African-American,9,0,0,0,6,0,69.68333333333334
Male,38,Caucasian,2,0,0,0,2,0,19.683333333333334
Male,44,Caucasian,0,0,0,0,1,0,28.383333333333333
Male,30,Hispanic,3,0,0,0,5,1,53.333333333333336
Male,23,African-American,4,0,0,0,10,1,16.7
Male,20,African-American,1,1,0,1,5,1,113.96666666666667
Male,38,African-American,0,0,0,0,4,0,26.95
Male,42,African-American,14,0,0,0,7,1,41.5
Male,47,Caucasian,28,0,0,0,9,1,813.6166666666667
Male,27,Caucasian,2,0,0,0,6,1,165.63333333333333
Female,35,African-American,0,0,0,0,3,1,46.05
Male,30,African-American,8,0,0,0,10,1,41.38333333333333
Male,29,African-American,8,0,0,0,9,1,29.7
Male,36,Hispanic,11,0,0,0,7,0,1894.2166666666667
Male,24,African-American,0,0,0,0,9,1,364.26666666666665
Male,60,Caucasian,2,0,0,0,1,0,9438.133333333333
Male,45,African-American,2,0,0,0,1,0,54.9
Female,21,African-American,0,0,0,0,8,1,27.8
Male,47,African-American,3,0,0,0,8,1,942.2166666666667
Male,51,Caucasian,0,0,0,0,1,0,846.2833333333333
Male,22,African-American,1,0,0,0,4,1,29.466666666666665
Male,31,African-American,3,0,0,0,5,1,22.166666666666668
Male,24,Caucasian,0,0,0,0,4,0,24.316666666666666
Male,21,African-American,1,0,0,0,9,1,27.133333333333333
Male,29,African-American,5,0,0,0,10,1,52.78333333333333
Male,31,African-American,11,0,0,0,7,1,25.233333333333334
Female,25,African-American,2,0,0,0,4,0,100.13333333333334
Male,41,Caucasian,9,0,0,0,6,0,789.6166666666667
Female,26,Caucasian,0,0,0,0,6,0,23.1
Male,23,African-American,1,0,0,0,5,0,23.283333333333335
Male,34,African-American,0,0,0,0,4,0,10057.816666666668
Male,24,African-American,1,0,0,0,1,1,17.05
Male,28,Caucasian,1,0,0,0,1,1,0.2
Male,42,African-American,10,0,0,0,7,0,19.25
Male,38,Caucasian,5,0,0,0,2,0,6186.683333333333
Female,26,African-American,3,0,0,0,5,1,184.71666666666667
Female,22,African-American,0,0,0,0,8,0,26.166666666666668
Female,20,African-American,0,0,0,0,4,0,28.7
Male,26,African-American,1,0,0,2,8,0,50.733333333333334
Female,35,African-American,6,0,0,0,2,1,30.083333333333332
Female,24,African-American,1,0,0,0,6,0,21.316666666666666
Male,29,African-American,1,0,0,0,2,1,5.116666666666666
Male,25,African-American,1,0,0,0,8,1,28.25
Male,23,African-American,1,0,0,0,4,1,88.63333333333334
Male,43,African-American,0,0,0,0,1,0,121.43333333333334
Male,22,African-American,1,0,0,0,7,1,1.0166666666666666
Male,32,Caucasian,0,0,0,0,2,0,30.616666666666667
Male,44,African-American,1,0,0,0,1,0,24.783333333333335
Male,23,African-American,0,0,0,0,3,1,23.466666666666665
Male,27,African-American,6,0,1,0,6,1,722.8
Male,34,African-American,22,0,0,0,7,1,26.283333333333335
Male,52,Caucasian,4,0,0,0,3,1,40.45
Male,28,Caucasian,3,0,0,0,7,1,888.8333333333334
Male,42,African-American,33,0,0,0,7,1,14.883333333333333
Male,28,African-American,14,0,0,0,7,1,21.916666666666668
Male,39,Caucasian,1,0,0,0,1,0,25.166666666666668
Male,32,African-American,9,0,0,0,6,1,929.6666666666666
Male,28,African-American,5,0,0,0,6,0,27.066666666666666
Male,21,African-American,3,0,0,0,6,1,1513.8
Male,21,Caucasian,2,0,0,0,3,0,15.8
Male,66,Caucasian,1,0,0,0,1,0,14.016666666666667
Male,59,Caucasian,0,0,0,0,1,0,-10.616666666666667
Male,36,Caucasian,1,0,0,0,1,0,25.183333333333334
Male,64,Hispanic,1,0,0,0,1,0,22.15
Male,24,African-American,9,0,1,0,9,1,74.53333333333333
Male,25,Caucasian,0,0,0,0,2,0,19.866666666666667
Male,27,African-American,7,0,0,0,4,1,50.916666666666664
Male,26,African-American,2,0,0,0,8,1,19.666666666666668
Male,37,Caucasian,2,0,0,0,6,0,26.35
Male,46,Caucasian,5,0,0,0,8,1,-3.15
Male,38,Caucasian,4,0,0,0,2,1,47.1
Female,26,African-American,5,0,0,0,7,1,29.45
Male,34,Caucasian,0,0,0,0,1,0,23.866666666666667
Male,21,Hispanic,0,0,0,2,9,1,16.3
Female,42,Caucasian,0,0,0,0,1,0,39.7
Female,28,African-American,4,0,0,0,5,1,48.71666666666667
Male,51,Caucasian,7,0,0,0,3,0,7.816666666666666
Male,56,Caucasian,13,0,0,0,4,0,954.4833333333333
Male,37,Other,0,0,0,0,1,0,48.68333333333333
Male,33,African-American,4,0,0,0,9,0,20.466666666666665
Male,28,Caucasian,1,0,0,0,1,0,24.066666666666666
Male,55,Caucasian,27,0,0,0,5,0,43.3
Male,26,African-American,8,0,0,0,8,1,6.416666666666667
Male,33,African-American,14,0,0,1,10,1,44.31666666666667
Male,21,Other,0,0,0,0,4,1,23.383333333333333
Male,55,Caucasian,0,0,0,0,1,0,27.1
Male,47,Caucasian,11,0,0,0,4,0,2158.233333333333
Male,25,African-American,9,1,2,0,9,1,1195.1333333333334
Female,39,Caucasian,1,0,0,0,2,1,240.35
Male,22,African-American,2,0,0,0,9,1,147.63333333333333
Male,40,African-American,1,0,0,0,1,0,17.35
Male,42,Caucasian,0,0,0,0,3,0,787.7166666666667
Female,28,African-American,4,0,0,0,5,1,48.71666666666667
Male,51,Hispanic,1,0,0,0,1,0,162.41666666666666
Female,21,Caucasian,1,0,0,1,3,0,16.35
Male,35,Caucasian,2,0,0,0,1,0,29.083333333333332
Male,22,African-American,3,0,0,0,3,1,210.28333333333333
Male,25,African-American,5,0,0,0,9,1,38.083333333333336
Male,28,Hispanic,3,0,0,0,5,0,18.116666666666667
Male,27,African-American,3,0,0,0,3,0,360.8666666666667
Male,30,African-American,8,0,0,0,10,1,29.55
Male,24,Caucasian,1,0,0,0,6,0,16.016666666666666
Male,22,Caucasian,0,0,0,2,5,0,-4.966666666666667
Male,25,African-American,8,0,0,1,8,0,1382.0666666666666
Male,24,African-American,3,0,1,0,10,1,18.45
Male,34,African-American,14,0,0,0,7,0,267.56666666666666
Male,25,Caucasian,0,0,0,0,2,0,7.5
Male,22,African-American,12,1,0,0,10,1,846.25
Male,27,Other,2,0,0,0,2,1,44.666666666666664
Male,60,Caucasian,2,0,0,0,8,0,908.3833333333333
Male,23,African-American,0,0,0,0,7,1,123.15
Female,24,Caucasian,0,0,0,0,5,0,22.083333333333332
Male,54,African-American,22,0,0,0,7,1,13.716666666666667
Male,36,Other,0,0,0,0,2,0,90.13333333333334
Male,36,Caucasian,0,0,0,0,3,1,16.75
Male,60,Caucasian,2,0,0,0,8,0,908.3833333333333
Male,26,African-American,1,0,0,0,5,1,550.05
Male,24,African-American,2,0,0,0,6,0,99.08333333333333
Female,22,African-American,2,0,0,0,4,0,1439.1666666666667
Male,34,Caucasian,5,0,0,1,6,1,6.233333333333333
Male,38,Caucasian,10,0,0,0,8,1,17.533333333333335
Male,31,African-American,5,0,0,0,10,0,6.083333333333333
Male,27,African-American,0,0,0,0,4,0,358.7
Male,31,Caucasian,0,0,0,0,7,1,847.7833333333333
Male,20,Other,1,0,0,0,6,1,27.75
Female,43,African-American,3,0,0,0,9,0,3219.016666666667
Male,53,Caucasian,2,0,0,0,2,0,23.966666666666665
Male,36,Caucasian,4,0,0,0,2,1,27.783333333333335
Male,22,African-American,11,0,0,0,8,0,3594.7833333333333
Male,36,African-American,7,0,0,2,5,0,189.48333333333332
Male,21,African-American,1,0,1,2,7,0,17.933333333333334
Female,23,African-American,2,0,0,0,7,1,28.433333333333334
Male,57,African-American,3,0,0,0,1,0,21.55
Male,21,African-American,0,0,0,0,5,0,1203.8333333333333
Male,26,African-American,7,0,0,0,7,0,458.23333333333335
Male,23,African-American,2,0,0,0,8,1,50.666666666666664
Female,25,Caucasian,0,0,0,0,4,1,4.666666666666667
Male,24,African-American,7,2,0,0,8,1,69.28333333333333
Male,43,Caucasian,13,0,0,0,4,1,1231.8333333333333
Male,21,African-American,2,0,0,0,4,0,823.6833333333333
Male,35,Caucasian,7,0,0,0,6,0,8.583333333333334
Male,23,African-American,3,0,0,0,8,1,2188.5333333333333
Male,28,African-American,9,0,0,0,7,1,1274.05
Male,44,Caucasian,0,0,0,0,1,0,22.8
Male,24,African-American,0,0,0,0,5,1,24.05
Male,33,African-American,18,0,0,3,9,1,21.35
Male,28,African-American,8,1,2,0,10,0,435.4
Male,21,African-American,3,0,0,0,9,1,150.61666666666667
Male,51,African-American,15,0,0,0,8,1,820.9833333333333
Male,39,African-American,5,0,0,0,9,1,625.4833333333333
Male,50,Hispanic,3,0,0,0,9,1,815.1833333333333
Male,32,African-American,8,0,0,1,9,0,24.3
Male,30,African-American,1,0,0,0,3,1,26.766666666666666
Male,60,African-American,13,0,0,0,6,1,50.233333333333334
Female,24,African-American,0,0,0,0,7,1,22.716666666666665
Male,26,African-American,2,0,0,0,4,0,893.2
Male,57,Caucasian,0,0,0,0,1,1,-10.35
Female,32,Caucasian,2,0,0,0,2,1,23.783333333333335
Male,31,Caucasian,0,0,0,0,5,0,935.3
Male,46,Caucasian,1,0,0,0,1,1,711.6833333333333
Male,21,African-American,0,0,0,0,7,1,16.183333333333334
Female,29,African-American,0,0,0,0,5,0,71.36666666666666
Female,24,Caucasian,7,0,2,0,7,0,27.266666666666666
Male,24,African-American,7,0,0,1,8,1,2337.9166666666665
Male,32,Caucasian,2,0,0,0,4,0,55.2
Female,52,Caucasian,0,0,0,0,3,0,8.666666666666666
Female,23,African-American,5,0,0,3,7,0,28.3
Male,54,Caucasian,12,0,0,0,7,1,142.4
Female,24,African-American,0,0,0,0,3,0,23.216666666666665
Male,23,African-American,4,0,0,0,8,0,38.56666666666667
Male,53,African-American,8,0,0,0,6,1,127.71666666666667
Female,39,African-American,3,0,0,0,5,1,20.566666666666666
Female,48,Hispanic,0,0,0,0,1,0,0.016666666666666666
Male,23,African-American,4,0,0,0,7,0,29.683333333333334
Male,46,Caucasian,1,0,0,0,1,0,26.516666666666666
Male,34,African-American,6,0,0,0,7,0,44.55
Male,43,African-American,3,0,0,0,1,1,29.816666666666666
Female,39,Caucasian,8,0,0,0,4,0,24.133333333333333
Male,23,African-American,3,0,0,0,10,1,1278.2333333333333
Male,23,Caucasian,3,0,0,1,4,1,989.9666666666667
Male,29,African-American,8,0,0,0,9,1,29.7
Male,59,African-American,1,0,0,0,6,0,46.53333333333333
Male,30,Caucasian,4,0,0,0,8,1,118.01666666666667
Male,58,African-American,12,0,0,0,6,1,95.93333333333334
Female,28,Other,0,0,0,0,4,1,22.133333333333333
Male,30,African-American,4,0,0,0,2,1,25.15
Male,29,African-American,0,0,0,0,1,0,24.933333333333334
Male,26,Hispanic,1,1,0,0,5,1,5326.5
Female,25,African-American,2,0,0,0,8,1,9794.183333333332
Male,25,African-American,6,0,0,2,7,1,20.55
Male,36,African-American,1,0,0,0,8,1,747.0333333333333
Male,33,Caucasian,9,0,0,0,4,0,5.5
Male,53,African-American,1,0,0,0,8,0,8736.333333333334
Female,48,Caucasian,8,0,0,0,4,1,570.0333333333333
Male,25,Caucasian,0,0,0,0,9,0,13.9
Male,61,Hispanic,0,0,0,0,1,0,14.216666666666667
Male,20,Caucasian,0,0,0,1,6,1,199.68333333333334
Female,23,African-American,0,0,0,0,3,1,22.8
Male,21,African-American,1,0,0,0,6,1,17.35
Male,34,African-American,14,0,0,0,8,0,14.966666666666667
Male,21,African-American,1,0,0,0,7,1,364.6
Female,49,African-American,1,0,0,0,1,0,32.43333333333333
Male,22,African-American,2,0,1,0,8,0,0.6666666666666666
Male,32,Caucasian,1,0,0,0,2,0,24.516666666666666
Male,30,Hispanic,0,0,0,0,4,0,3679.366666666667
Male,28,African-American,0,0,0,0,1,0,5.166666666666667
Male,26,African-American,10,1,1,0,9,1,17.35
Male,57,African-American,16,0,0,0,5,1,291.48333333333335
Male,28,African-American,3,0,0,0,4,1,65.36666666666666
Male,55,African-American,3,0,0,0,5,1,1675.4333333333334
Male,22,Caucasian,5,0,0,2,8,1,115.91666666666667
Male,20,Other,3,0,2,1,2,1,24.65
Male,27,Other,0,0,0,0,4,0,25.683333333333334
Male,28,African-American,9,0,0,0,8,1,28.233333333333334
Male,21,Caucasian,0,0,0,0,9,1,17.933333333333334
Female,40,Caucasian,0,0,0,0,9,0,2523.2166666666667
Female,20,Caucasian,0,0,0,0,8,1,455.65
Male,42,Caucasian,2,0,0,0,5,1,2.3
Male,34,Caucasian,2,0,0,0,1,0,215.38333333333333
Male,37,Hispanic,6,0,0,0,5,1,574.95
Female,31,Hispanic,0,0,0,0,2,0,21.983333333333334
Male,27,Caucasian,0,0,0,0,1,0,22.75
Male,35,Caucasian,6,0,0,0,4,0,384.56666666666666
Female,36,African-American,1,0,0,0,1,0,15.483333333333333
Male,37,African-American,8,0,0,0,5,1,26.633333333333333
Male,31,Hispanic,8,2,1,0,9,1,65.95
Male,22,African-American,1,0,0,0,5,1,1393.6833333333334
Male,23,Caucasian,0,0,0,0,8,0,69.23333333333333
Male,30,African-American,9,0,0,0,10,1,1203.0833333333333
Female,29,Other,0,0,0,0,2,0,23.933333333333334
Male,30,African-American,4,0,0,0,10,0,1297.3833333333334
Female,38,Hispanic,0,0,0,0,1,0,21.683333333333334
Male,25,Caucasian,2,0,0,0,4,1,24.566666666666666
Male,27,African-American,2,0,0,0,4,0,72.31666666666666
Male,26,Caucasian,0,0,0,1,3,0,51.416666666666664
Male,67,Hispanic,2,0,0,0,1,0,2355.766666666667
Male,25,African-American,4,0,0,1,5,1,789.2333333333333
Male,25,African-American,0,0,0,0,2,0,25.633333333333333
Male,27,Caucasian,1,0,0,0,-1,0,3281.1833333333334
Female,37,Caucasian,1,0,0,0,1,0,194.15
Male,48,African-American,14,0,0,0,9,1,3415.4166666666665
Male,47,African-American,3,0,0,0,8,1,942.2166666666667
Male,32,Caucasian,5,0,0,0,5,1,158.78333333333333
Male,26,Hispanic,0,0,0,0,2,0,27.833333333333332
Male,28,African-American,20,0,0,0,8,1,8.6
Male,31,Caucasian,11,0,0,0,7,1,20.183333333333334
Female,52,African-American,8,0,0,0,9,0,1033.4833333333333
Female,29,Caucasian,1,0,0,0,2,1,24.066666666666666
Male,25,African-American,1,0,0,0,3,0,19.35
Male,43,Caucasian,1,0,0,0,1,0,16.266666666666666
Female,42,Other,2,0,0,0,3,0,338.23333333333335
Female,27,Caucasian,2,0,0,0,3,0,24.8
Male,26,African-American,5,0,0,0,10,1,75.31666666666666
Male,36,Caucasian,2,0,0,0,6,0,1368.7333333333333
Male,69,Caucasian,0,0,0,0,1,0,0.21666666666666667
Male,22,African-American,3,0,0,0,8,1,628.7
Male,20,African-American,1,0,1,0,10,0,595.9666666666667
Male,34,African-American,15,0,0,0,7,0,149.78333333333333
Male,28,African-American,8,1,2,0,10,0,435.4
Male,44,African-American,11,0,0,1,5,1,27.816666666666666
Male,27,African-American,9,0,0,0,7,0,-4.166666666666667
Male,20,African-American,0,0,0,0,6,0,22.45
Male,57,African-American,0,0,0,0,1,0,18.966666666666665
Male,31,Caucasian,9,0,0,3,6,1,11281.6
Male,56,Caucasian,5,0,0,0,7,1,20.516666666666666
Male,26,African-American,0,0,0,0,3,1,22.75
Male,29,African-American,6,0,0,0,6,1,1081.3166666666666
Male,28,African-American,5,1,1,0,10,0,3285.016666666667
Male,29,African-American,2,0,0,0,1,0,747.1666666666666
Male,41,African-American,1,0,0,0,4,0,67.91666666666667
Male,26,African-American,14,0,1,3,9,1,-2.1333333333333333
Female,20,Caucasian,0,0,0,0,10,1,7.383333333333334
Male,49,Caucasian,4,0,0,0,1,0,1870.35
Male,31,African-American,16,2,1,1,9,1,1270.3833333333334
Male,29,African-American,1,0,0,0,2,1,47.416666666666664
Female,53,Caucasian,6,0,0,0,5,1,259.75
Male,51,Other,2,0,0,0,1,0,817.2
Female,33,African-American,0,0,0,0,3,0,54.75
Male,26,African-American,0,0,0,0,3,0,45.55
Male,25,Hispanic,1,0,0,0,2,0,767.5333333333333
Male,22,African-American,1,0,0,0,6,1,98.26666666666667
Female,25,African-American,5,0,0,0,9,1,19.883333333333333
Male,27,African-American,2,0,0,0,6,1,0.2833333333333333
Male,22,African-American,2,0,1,0,8,0,0.6666666666666666
Male,47,Caucasian,1,0,0,0,1,0,50.36666666666667
Female,45,Caucasian,3,0,0,0,3,0,1065.9166666666667
Male,63,African-American,22,0,0,0,9,1,226.65
Male,40,Caucasian,4,0,0,0,5,1,19.3
Female,30,African-American,8,0,0,0,7,1,1084.75
Male,37,Caucasian,4,0,0,0,1,0,-3.9833333333333334
Male,23,African-American,2,0,0,0,4,1,24.616666666666667
Male,44,Caucasian,0,0,0,0,7,0,97.1
Male,22,African-American,4,0,0,0,7,0,2568.5333333333333
Male,34,Caucasian,0,0,0,0,1,1,24.183333333333334
Female,31,African-American,2,0,0,0,2,1,21.25
Female,27,Caucasian,2,0,0,0,5,1,0.45
Male,25,Caucasian,2,0,0,0,4,0,1025.6833333333334
Male,24,Hispanic,0,0,0,0,3,0,7.266666666666667
Female,31,African-American,3,0,0,0,2,1,13.05
Male,24,Caucasian,3,0,0,0,5,1,172.56666666666666
Male,51,African-American,7,0,0,0,6,1,75.05
Male,34,African-American,1,0,0,0,6,0,815.9666666666667
Male,69,Caucasian,0,0,0,0,1,1,20.2
Female,27,African-American,0,0,0,0,3,1,18.266666666666666
Male,27,African-American,7,0,0,0,9,1,103.7
Female,35,African-American,2,0,0,0,5,0,339.1333333333333
Male,20,African-American,1,0,0,1,9,1,21.5
Male,61,African-American,13,0,0,0,4,1,1589.6833333333334
Male,47,Caucasian,5,0,0,0,2,0,117.05
Male,51,African-American,0,0,0,0,4,1,27.283333333333335
Male,30,Hispanic,14,0,1,0,4,1,1323.6333333333334
Male,22,Caucasian,5,0,0,2,8,1,115.91666666666667
Male,20,Caucasian,4,0,0,0,7,0,7.25
Female,22,Caucasian,3,0,0,0,9,1,63.4
Male,30,Caucasian,19,0,0,0,10,1,1971.65
Male,22,African-American,0,0,0,0,10,0,1593.6166666666666
Male,27,African-American,8,0,0,0,10,1,662.75
Male,21,African-American,0,0,0,1,8,0,50.05
Male,32,African-American,17,0,0,0,8,1,6.633333333333334
Female,56,Caucasian,4,0,0,0,1,0,3664.9333333333334
Male,66,African-American,3,0,0,0,1,1,48.35
Male,31,African-American,6,0,0,0,8,1,25.516666666666666
Male,33,Caucasian,0,0,0,0,9,0,24.283333333333335
Male,54,African-American,28,0,0,0,9,1,138.4
Male,39,African-American,4,0,0,0,2,0,163.78333333333333
Male,46,Caucasian,0,0,0,0,2,1,19.6
Male,41,Hispanic,1,0,0,0,2,0,30.683333333333334
Female,27,African-American,3,0,0,0,4,1,-4.9
Male,23,African-American,0,0,0,0,5,0,92.63333333333334
Male,34,Caucasian,1,0,0,0,5,0,19.75
Male,39,Caucasian,2,0,0,0,6,0,1545.6666666666667
Male,23,African-American,6,0,0,0,8,0,25.15
Male,27,Caucasian,1,0,0,0,3,0,1633.2833333333333
Male,51,Caucasian,7,0,0,0,3,0,7.816666666666666
Female,21,Caucasian,2,0,0,0,5,0,2924.15
Male,23,African-American,2,0,0,0,9,1,144.05
Female,21,African-American,1,0,0,0,6,0,4364.066666666667
Female,34,African-American,0,0,0,0,8,0,31.233333333333334
Male,22,Hispanic,2,0,0,0,3,0,18.55
Male,25,African-American,4,0,0,1,5,1,789.2333333333333
Male,21,African-American,0,0,0,0,7,1,32.15
Male,27,Caucasian,0,0,0,0,2,0,43.983333333333334
Female,23,African-American,0,0,0,0,7,0,6.533333333333333
Male,28,African-American,1,0,0,0,7,0,245.1
Male,22,African-American,1,0,0,0,5,0,20.083333333333332
Male,26,African-American,4,0,0,0,8,1,13.35
Female,28,Caucasian,0,0,0,0,9,0,25.933333333333334
Male,30,African-American,3,0,2,0,1,0,41.766666666666666
Male,38,Caucasian,11,3,0,0,9,0,11446.616666666667
Male,43,African-American,0,0,0,0,5,0,72.51666666666667
Male,36,Caucasian,0,0,0,0,2,0,75.03333333333333
Male,38,African-American,7,0,0,0,4,1,165.68333333333334
Male,33,African-American,0,0,0,0,1,1,90.78333333333333
Male,31,African-American,2,0,0,0,7,1,74.03333333333333
Male,38,Other,8,0,0,0,5,0,41.016666666666666
Male,20,Caucasian,1,0,0,0,4,0,23.216666666666665
Male,29,Caucasian,3,0,0,0,6,1,21.983333333333334
Male,50,African-American,12,0,0,0,1,1,24.05
Male,48,Hispanic,0,0,0,0,1,0,-11.033333333333333
Male,25,African-American,14,1,6,1,10,1,171.41666666666666
Male,26,African-American,24,0,1,0,10,1,7.05
Male,50,African-American,5,1,0,0,2,0,757.2666666666667
Male,28,African-American,2,0,0,0,6,1,18.433333333333334
Male,27,African-American,6,0,0,0,7,1,46.18333333333333
Male,27,African-American,15,0,0,0,10,1,1172.1666666666667
Male,23,African-American,0,0,0,0,3,1,15.033333333333333
Male,20,Caucasian,0,0,0,2,4,0,7.066666666666666
Female,27,African-American,3,0,0,0,5,1,24.016666666666666
Male,20,African-American,0,0,0,0,8,0,23.3
Male,30,African-American,12,0,0,0,9,1,-1.8
Male,23,Caucasian,0,0,0,0,3,1,187.68333333333334
Male,37,Caucasian,2,0,0,0,1,1,118.05
Male,57,Caucasian,6,0,0,0,1,0,13.966666666666667
Female,27,Other,1,0,0,0,5,0,22.933333333333334
Male,22,Caucasian,0,0,0,0,3,0,6.466666666666667
Male,49,Caucasian,3,0,0,0,8,1,837.5166666666667
Male,27,Other,0,0,0,0,2,1,1296.1833333333334
Male,28,Caucasian,4,1,1,1,6,1,25.866666666666667
Male,22,Caucasian,0,0,0,0,4,1,217.73333333333332
Male,57,African-American,8,0,0,0,4,0,3053.766666666667
Male,60,African-American,0,0,0,0,6,0,21.1
Male,24,African-American,1,1,0,1,6,1,5053.5
Female,26,African-American,0,0,0,0,2,0,21.783333333333335
Male,21,Caucasian,1,0,0,0,3,0,672.6166666666667
Female,28,Caucasian,6,0,0,0,10,1,740.8666666666667
Male,31,African-American,4,0,0,0,5,1,98.5
Male,26,African-American,4,0,0,0,8,1,22.816666666666666
Male,54,African-American,4,0,0,0,3,1,24.666666666666668
Male,56,African-American,0,0,0,0,2,0,167.1
Male,48,Other,1,0,0,0,1,0,511.1333333333333
Male,57,African-American,13,0,0,0,5,0,26.733333333333334
Male,23,Caucasian,2,0,0,2,9,1,2.933333333333333
Male,33,Caucasian,3,0,0,0,1,0,74.6
Male,77,African-American,1,0,0,0,1,1,55.666666666666664
Female,36,African-American,4,0,0,0,2,0,18.233333333333334
Male,53,Caucasian,1,0,0,0,3,0,782.45
Female,25,Hispanic,0,0,0,0,4,0,5.433333333333334
Male,55,African-American,5,0,0,0,3,1,2855.766666666667
Male,20,African-American,0,0,0,2,4,1,26.766666666666666
Male,29,African-American,0,0,0,0,1,0,25.75
Male,29,African-American,16,0,0,0,10,1,798.7166666666667
Male,52,Caucasian,1,0,0,0,1,0,17.733333333333334
Male,28,Hispanic,1,0,0,0,2,0,815.9333333333333
Female,21,Caucasian,0,0,0,0,5,0,19.416666666666668
Female,33,African-American,0,0,0,0,9,1,703.9
Male,25,Caucasian,0,0,0,1,3,0,29.316666666666666
Female,24,Caucasian,9,0,0,0,10,1,213.13333333333333
Male,26,African-American,9,1,2,0,10,1,50.333333333333336
Female,55,Hispanic,0,0,0,0,1,0,22.466666666666665
Male,20,Caucasian,0,0,0,0,4,1,37.53333333333333
Female,23,African-American,2,0,0,0,8,1,20.633333333333333
Female,27,Caucasian,6,0,0,0,10,0,28.683333333333334
Male,20,African-American,0,0,0,0,9,0,20.933333333333334
Male,32,African-American,14,0,0,0,9,1,50.36666666666667
Male,20,Caucasian,0,0,0,0,5,1,30.066666666666666
Male,25,African-American,2,0,0,1,9,0,6579.4
Male,29,Native American,0,0,0,0,1,0,26.7
Female,24,African-American,0,0,0,0,3,0,23.666666666666668
Male,56,African-American,5,0,0,0,3,0,289.8666666666667
Male,55,Hispanic,1,0,0,0,1,0,16.1
Male,30,African-American,7,0,1,0,3,0,45.06666666666667
Male,39,African-American,6,0,0,0,3,1,68.66666666666667
Female,50,Caucasian,2,0,0,0,1,1,14.116666666666667
Male,32,Caucasian,4,0,0,0,10,1,7.516666666666667
Female,36,Caucasian,1,0,0,0,5,0,24.0
Female,32,African-American,6,0,0,0,4,1,93.73333333333333
Male,28,African-American,2,0,0,0,4,0,1320.0166666666667
Male,57,African-American,0,0,0,0,1,0,25.466666666666665
Male,48,African-American,2,0,0,0,1,1,25.1
Male,50,Caucasian,0,0,0,0,1,0,23.683333333333334
Male,25,African-American,2,0,0,0,8,0,1489.8166666666666
Male,30,Caucasian,1,0,0,0,3,1,19.316666666666666
Male,23,African-American,1,0,0,1,9,1,239.88333333333333
Male,28,Hispanic,2,0,0,0,3,1,47.483333333333334
Male,25,Other,1,0,0,0,4,1,1393.1833333333334
Male,25,Caucasian,1,0,0,0,5,0,24.4
Male,56,African-American,1,0,0,0,1,0,0.35
Female,33,Caucasian,1,0,0,0,4,0,764.2166666666667
Male,22,African-American,13,0,0,1,10,1,22.183333333333334
Female,23,Other,0,0,0,0,6,0,14.566666666666666
Male,28,African-American,5,0,0,0,5,1,5.183333333333334
Male,33,Caucasian,1,0,0,0,4,0,77.38333333333334
Male,37,Other,0,0,0,0,1,1,14.95
Male,62,African-American,17,0,0,0,7,0,6725.816666666667
Male,52,African-American,5,0,0,0,8,0,693.3
Male,20,Hispanic,1,0,0,0,10,1,19.616666666666667
Male,44,Caucasian,0,0,0,0,1,0,25.1
Male,32,African-American,8,0,0,0,3,1,14.75
Male,34,Caucasian,0,0,0,0,1,0,49.516666666666666
Male,22,African-American,1,0,0,0,9,1,23.616666666666667
Female,24,Caucasian,0,0,0,0,10,0,7.85
Male,29,African-American,6,0,0,0,6,1,25.0
Male,21,African-American,4,4,0,0,7,1,2830.45
Male,29,African-American,1,0,0,0,1,0,1041.8666666666666
Male,49,Caucasian,8,0,0,0,2,0,577.2666666666667
Male,23,Other,0,0,0,0,6,0,31.45
Male,44,Caucasian,11,0,0,0,9,0,2214.4666666666667
Male,41,African-American,2,0,0,0,5,0,359.1166666666667
Female,44,Caucasian,4,0,0,0,4,0,244.7
Male,27,African-American,2,0,0,0,2,0,758.8333333333334
Male,43,African-American,9,0,0,0,6,1,23.55
Male,46,African-American,2,0,0,0,2,1,223.41666666666666
Male,26,Caucasian,1,0,0,0,9,0,1086.0333333333333
Male,21,Hispanic,0,0,0,0,4,0,48.53333333333333
Male,22,African-American,3,0,1,1,10,1,32.31666666666667
Male,40,Caucasian,5,0,0,0,3,0,13.65
Male,29,African-American,4,0,0,0,3,0,25.533333333333335
Male,20,Hispanic,0,0,0,0,6,1,604.8333333333334
Male,36,Caucasian,1,0,0,0,2,1,20.25
Male,55,Caucasian,3,0,0,0,7,1,864.3
Male,55,Caucasian,18,0,0,0,2,1,894.4166666666666
Male,20,African-American,1,1,0,0,3,1,911.7833333333333
Female,50,Caucasian,0,0,0,0,1,0,-5.05
Female,45,Caucasian,3,0,0,0,8,0,390.85
Male,21,African-American,1,0,0,0,7,1,23.933333333333334
Male,24,Hispanic,3,0,0,0,6,1,2350.9666666666667
Male,21,Caucasian,3,0,2,1,10,1,27.816666666666666
Male,50,African-American,5,1,0,0,2,0,757.2666666666667
Male,53,Caucasian,1,0,0,0,1,0,150.98333333333332
Male,30,Caucasian,3,0,0,0,4,0,1681.1
Male,31,Caucasian,8,0,0,0,7,0,128.56666666666666
Male,24,African-American,0,0,0,0,7,1,22.233333333333334
Male,26,African-American,4,0,0,0,9,1,22.15
Male,29,Caucasian,3,0,0,0,4,1,934.6166666666667
Male,26,African-American,3,0,0,0,7,1,-5.25
Male,68,Hispanic,0,0,0,0,1,-1,23.116666666666667
Female,37,African-American,2,0,0,0,1,0,1243.9
Male,60,African-American,0,0,0,0,1,0,5235.416666666667
Male,30,African-American,4,0,0,0,8,1,383.56666666666666
Male,25,African-American,4,0,0,0,5,1,767.8833333333333
Male,24,African-American,0,0,0,0,6,0,53.483333333333334
Male,53,Caucasian,0,0,0,0,1,1,1.1666666666666667
Male,21,Caucasian,1,0,0,0,5,0,1029.9166666666667
Male,20,Caucasian,1,0,0,0,5,1,57.3
Male,20,Caucasian,2,0,0,0,8,0,51.45
Male,31,Other,5,0,1,0,1,0,31.533333333333335
Male,23,African-American,0,0,0,0,7,0,3559.8
Male,29,African-American,0,0,0,0,2,0,29.216666666666665
Male,58,Caucasian,1,0,0,0,1,0,1918.8666666666666
Male,32,African-American,8,0,0,0,10,1,49.55
Male,39,African-American,3,0,0,0,2,0,24.25
Male,21,Other,0,0,0,0,4,0,49.516666666666666
Male,39,African-American,8,0,1,1,10,1,99.63333333333334
Female,38,Caucasian,10,0,0,0,4,0,1314.4333333333334
Male,20,African-American,0,0,0,0,9,0,20.933333333333334
Male,46,Caucasian,0,0,0,0,1,0,24.416666666666668
Male,26,African-American,4,0,1,0,8,1,24.716666666666665
Male,26,African-American,0,0,0,0,2,1,13.483333333333333
Female,47,African-American,5,0,0,0,3,0,15.866666666666667
Male,36,Hispanic,0,0,0,0,1,0,25.066666666666666
Female,42,African-American,1,0,0,0,1,0,23.966666666666665
Male,26,Hispanic,0,0,0,0,3,0,10063.816666666668
Male,53,Caucasian,0,0,0,0,2,0,24.383333333333333
Male,27,African-American,10,0,0,0,6,1,30.016666666666666
Female,40,African-American,0,0,0,0,1,0,-4.3
Male,24,African-American,2,0,0,1,3,1,46.65
Male,34,Hispanic,3,0,0,0,2,0,125.66666666666667
Female,27,Caucasian,2,0,0,0,3,0,24.8
Male,23,African-American,1,0,0,0,8,1,7.966666666666667
Male,56,African-American,0,0,0,0,4,0,47.5
Male,45,Caucasian,2,0,0,0,2,0,19.95
Male,37,Hispanic,1,0,0,0,5,1,3721.05
Male,37,Caucasian,7,0,0,0,5,0,2043.5166666666667
Male,38,African-American,0,0,0,0,1,0,47.916666666666664
Male,39,Hispanic,4,0,0,0,1,0,31.366666666666667
Male,50,Caucasian,5,0,0,0,1,1,25.8
Male,24,African-American,7,0,0,0,7,0,676.75
Male,36,Caucasian,4,0,0,0,8,1,905.8166666666667
Male,23,Caucasian,0,0,0,0,2,0,23.283333333333335
Female,24,Caucasian,1,0,0,0,4,0,78.2
Male,27,African-American,7,0,0,0,5,0,307.48333333333335
Male,46,African-American,9,0,0,0,7,0,521.5833333333334
Male,51,Hispanic,1,0,0,0,1,0,188.78333333333333
Male,56,African-American,28,0,0,0,7,0,1447.6666666666667
Male,22,African-American,1,0,0,0,6,1,39.166666666666664
Male,20,African-American,1,0,1,1,10,1,123.93333333333334
Female,29,Caucasian,7,0,0,0,6,1,192.91666666666666
Male,27,African-American,4,1,0,0,7,0,745.3166666666667
Female,31,African-American,0,0,0,0,2,0,27.05
Male,37,Hispanic,0,0,0,0,3,1,67.98333333333333
Male,21,Caucasian,0,0,0,0,4,1,25.7
Male,25,Caucasian,3,0,0,0,7,1,462.0833333333333
Male,65,Caucasian,6,0,0,0,4,0,1313.5333333333333
Female,35,African-American,23,0,1,0,9,1,50.28333333333333
Male,20,African-American,1,1,0,0,7,1,21.0
Male,20,African-American,2,2,0,0,9,1,23.716666666666665
Male,31,Other,0,0,0,0,2,0,5.15
Male,26,Caucasian,7,0,0,0,8,1,2.5833333333333335
Female,32,Caucasian,2,0,0,0,2,1,23.783333333333335
Male,26,African-American,3,0,0,0,6,0,8017.566666666667
Male,37,African-American,8,0,0,0,6,0,27.216666666666665
Male,27,Caucasian,1,0,0,0,3,0,25.6
Male,21,African-American,0,0,0,1,10,1,840.1166666666667
Male,26,African-American,0,0,0,0,4,1,-0.5666666666666667
Male,30,Caucasian,1,0,0,1,3,0,22.25
Male,60,African-American,7,0,0,0,8,0,270.3833333333333
Male,43,African-American,20,1,0,0,8,0,25.85
Male,26,Hispanic,3,0,0,1,6,0,49.016666666666666
Male,31,Caucasian,9,0,0,0,8,1,28.116666666666667
Male,20,Caucasian,1,0,0,0,5,1,57.3
Male,44,Caucasian,1,0,0,0,1,1,2.283333333333333
Male,19,African-American,0,0,0,0,4,1,21.783333333333335
Male,25,African-American,0,0,0,0,3,1,24.55
Male,28,African-American,9,0,0,0,7,1,1040.2166666666667
Male,25,Caucasian,1,0,0,0,5,0,24.4
Male,28,African-American,5,0,0,0,8,0,837.85
Male,30,African-American,0,0,0,0,1,0,19.466666666666665
Male,51,Caucasian,6,0,0,0,3,1,54.45
Male,40,African-American,0,0,0,0,1,0,21.716666666666665
Male,34,African-American,7,0,0,0,5,1,16.583333333333332
Male,53,Other,0,0,0,0,1,0,5.283333333333333
Female,24,Other,0,0,0,0,4,0,28.966666666666665
Male,21,African-American,1,0,1,0,9,1,24.05
Male,25,African-American,0,0,0,0,3,1,99.55
Male,21,African-American,3,1,0,0,9,0,146.38333333333333
Male,24,African-American,1,0,0,0,5,1,1800.65
Female,26,Caucasian,4,0,0,0,3,1,13.883333333333333
Female,36,Caucasian,4,0,0,0,6,1,51.93333333333333
Female,24,African-American,0,0,0,0,6,1,3.9
Female,38,Hispanic,1,0,0,0,1,0,-4.633333333333334
Male,22,African-American,2,0,1,0,8,0,0.6666666666666666
Female,25,African-American,5,0,0,0,7,1,1136.0833333333333
Male,29,African-American,13,0,0,0,8,1,27.566666666666666
Male,34,African-American,7,0,0,0,3,0,188.16666666666666
Male,36,African-American,4,0,0,0,6,1,50.46666666666667
Female,29,African-American,1,0,0,0,2,0,15.033333333333333
Male,22,African-American,0,0,0,0,3,1,3593.2833333333333
Male,30,African-American,3,0,0,0,2,1,138.25
Male,20,African-American,0,0,0,1,7,1,30.383333333333333
Female,23,Other,0,0,0,0,10,0,30.416666666666668
Male,33,African-American,3,0,0,0,5,0,66.41666666666667
Male,25,Caucasian,1,0,0,0,9,0,1417.1
Male,27,African-American,4,0,0,0,5,1,1220.4666666666667
Male,25,Caucasian,5,0,2,0,7,1,2.2333333333333334
Male,35,Caucasian,3,0,0,2,4,0,26.933333333333334
Male,23,Caucasian,3,0,0,1,6,1,5878.266666666666
Male,27,African-American,5,0,0,1,9,1,14.433333333333334
Female,35,African-American,7,0,0,0,2,1,48.93333333333333
Male,38,African-American,10,2,0,0,8,0,165.46666666666667
Male,25,African-American,0,0,0,0,3,0,24.5
Female,35,African-American,0,0,0,0,1,0,22.716666666666665
Male,42,Caucasian,0,0,0,0,1,0,150.96666666666667
Male,22,Caucasian,0,0,0,0,4,0,28.466666666666665
Female,32,Hispanic,0,0,0,0,3,1,190.33333333333334
Female,45,Caucasian,7,0,1,0,2,1,17.633333333333333
Male,63,African-American,0,0,0,0,1,0,6.266666666666667
Male,28,African-American,5,0,0,0,5,1,21.483333333333334
Female,62,Hispanic,0,0,0,0,1,0,26.783333333333335
Male,21,African-American,2,0,0,1,6,1,182.21666666666667
Male,38,Other,1,0,0,0,1,0,21.533333333333335
Male,56,African-American,3,0,0,0,2,1,26.75
Male,33,African-American,11,0,2,3,8,1,1378.0833333333333
Male,51,African-American,9,0,0,0,9,1,847.8833333333333
Male,29,African-American,9,0,0,1,7,1,29.483333333333334
Male,22,African-American,2,0,1,2,10,1,2980.883333333333
Male,36,African-American,14,10,0,0,7,1,4173.233333333334
Male,41,Caucasian,0,0,0,0,6,0,50.95
Male,62,Hispanic,0,0,0,0,1,0,265.96666666666664
Male,24,African-American,2,0,0,1,3,1,46.65
Male,63,African-American,1,0,0,0,1,0,46.6
Male,20,African-American,0,0,0,0,3,1,26.033333333333335
Male,34,African-American,16,2,0,0,10,0,8066.316666666667
Male,23,African-American,0,0,0,0,8,1,49.56666666666667
Male,69,Other,0,0,0,0,1,0,20.75
Female,25,African-American,2,0,0,0,4,0,18.3
Male,41,Caucasian,3,0,0,0,7,0,2146.2166666666667
Male,37,African-American,4,0,0,0,7,1,1802.7666666666667
Male,33,Caucasian,10,0,0,0,4,0,26.016666666666666
Female,20,Caucasian,0,0,0,0,6,0,28.6
Male,29,African-American,2,0,0,0,8,0,965.3833333333333
Male,23,African-American,4,0,0,0,7,0,2156.1833333333334
Male,28,Caucasian,3,0,0,0,3,0,4684.416666666667
Male,48,Caucasian,2,0,0,0,2,0,19.85
Male,23,African-American,4,0,0,2,8,1,21.783333333333335
Male,34,Caucasian,4,0,0,0,5,0,20.033333333333335
Male,35,African-American,3,0,0,2,2,1,18.633333333333333
Male,48,Caucasian,1,0,0,0,5,0,819.2166666666667
Male,27,Caucasian,0,0,0,0,1,0,29.716666666666665
Male,50,African-American,4,0,0,0,5,0,49.53333333333333
Male,27,African-American,4,0,0,0,5,0,24.05
Male,37,Other,2,0,0,0,1,0,695.95
Male,26,African-American,4,0,0,0,8,1,13.35
Female,34,Caucasian,1,0,0,0,6,1,309.48333333333335
Male,21,African-American,3,1,0,0,9,0,146.38333333333333
Male,32,Caucasian,4,0,0,0,5,0,122.8
Female,22,African-American,1,0,0,0,9,0,461.2
Male,32,African-American,1,0,0,0,4,0,-5.95
Female,41,Caucasian,11,0,0,0,8,0,12225.266666666666
Male,30,Hispanic,7,0,0,0,8,1,6.65
Male,50,Caucasian,1,0,0,0,2,0,220.43333333333334
Male,21,African-American,1,0,1,0,4,1,28.2
Male,61,African-American,15,0,0,0,6,1,28.266666666666666
Male,48,Caucasian,0,0,0,0,1,0,793.9
Female,38,Hispanic,20,0,0,0,9,1,46.1
Male,47,Caucasian,1,0,0,0,1,0,28.316666666666666
Male,28,Caucasian,2,0,0,0,2,1,241.1
Male,29,African-American,2,0,0,0,4,1,18.566666666666666
Male,22,African-American,7,0,4,0,8,1,264.8666666666667
Male,40,Caucasian,10,0,0,0,7,1,119.85
Male,26,African-American,6,0,0,0,10,1,27.183333333333334
Female,20,Caucasian,0,0,0,0,5,0,57.45
Male,30,African-American,4,0,0,0,8,1,383.56666666666666
Male,24,Caucasian,4,0,0,0,8,0,874.1333333333333
Male,24,Caucasian,3,0,0,0,5,1,172.56666666666666
Female,24,Caucasian,0,0,0,0,4,0,19.633333333333333
Male,27,African-American,5,0,0,0,3,1,6.216666666666667
Male,37,Caucasian,1,0,0,0,7,1,196.96666666666667
Male,21,African-American,0,0,0,0,5,0,19.216666666666665
Male,22,Other,1,0,0,0,2,0,18.15
Male,29,African-American,3,1,0,0,9,1,22.983333333333334
Male,28,African-American,6,0,1,0,6,0,49.36666666666667
Female,19,African-American,1,0,0,0,4,1,53.06666666666667
Male,40,African-American,2,0,0,0,2,0,76.51666666666667
Male,29,African-American,17,0,1,0,10,1,365.0
Female,38,African-American,3,0,0,0,1,1,7.066666666666666
Female,34,Caucasian,2,0,0,0,3,1,985.2666666666667
Female,21,Caucasian,1,0,0,0,6,0,44.55
Male,37,Hispanic,9,0,0,0,6,0,1169.5333333333333
Male,28,Caucasian,8,0,0,0,6,1,743.5
Male,25,African-American,2,0,0,0,4,1,22.016666666666666
Female,30,African-American,0,0,0,0,2,0,14.616666666666667
Female,30,African-American,10,0,3,2,10,1,6.55
Male,36,Hispanic,0,0,0,0,1,0,603.5333333333333
Female,43,Caucasian,7,0,0,0,8,0,207.98333333333332
Female,29,Caucasian,20,0,0,0,10,1,1350.2833333333333
Male,32,Other,0,0,0,0,1,0,21.05
Male,33,African-American,1,0,0,0,2,1,77.35
Male,28,African-American,11,0,0,0,6,1,53.21666666666667
Male,29,African-American,11,0,0,0,3,1,44.78333333333333
Male,27,African-American,5,0,0,0,10,1,888.9666666666667
Female,32,Caucasian,4,0,0,1,2,0,4.15
Male,38,African-American,0,0,0,0,2,0,26.5
Male,60,Caucasian,0,0,0,0,1,1,73.71666666666667
Male,34,Caucasian,2,0,0,0,10,0,415.55
Male,30,African-American,1,0,0,0,5,1,47.45
Female,56,Caucasian,10,0,0,0,5,1,984.75
Male,24,African-American,3,2,1,0,6,1,6.233333333333333
Male,20,African-American,0,0,0,0,6,0,3.75
Male,23,Caucasian,2,0,0,0,7,1,3936.5333333333333
Female,34,Caucasian,0,0,0,0,7,1,50.95
Male,27,African-American,15,0,0,0,10,1,1172.1666666666667
Male,38,African-American,0,0,0,0,1,0,-10.666666666666666
Male,38,Hispanic,0,0,0,0,1,0,24.2
Female,37,Caucasian,0,0,0,0,1,0,21.733333333333334
Male,30,African-American,20,2,0,0,9,1,7610.383333333333
Male,20,Other,0,0,0,1,8,1,533.0
Male,53,African-American,3,0,0,0,6,1,141.8
Male,26,African-American,6,0,1,0,10,1,103.78333333333333
Male,55,Caucasian,5,0,0,0,3,0,88.31666666666666
Male,42,Caucasian,2,0,0,0,7,1,27.733333333333334
Male,31,African-American,6,0,0,0,10,1,20.033333333333335
Male,26,African-American,8,0,0,0,9,1,24.033333333333335
Male,43,Hispanic,0,0,0,0,2,1,5.15
Male,32,Other,0,0,0,0,1,0,104.28333333333333
Male,51,Caucasian,3,0,0,0,3,1,314.3
Male,27,African-American,10,0,0,0,8,1,27.566666666666666
Male,22,African-American,2,0,0,0,4,1,29.633333333333333
Male,22,African-American,0,0,0,0,3,1,21.2
Male,28,African-American,10,0,1,0,7,1,5848.266666666666
Male,51,African-American,3,0,0,0,7,0,-3.55
Male,37,African-American,11,0,0,0,8,1,30.633333333333333
Male,54,Caucasian,6,0,0,0,2,1,22.7
Male,32,African-American,5,0,0,0,4,0,24.3
Male,22,Hispanic,0,0,0,0,4,1,49.68333333333333
Male,35,Hispanic,1,0,0,0,1,0,-9.983333333333333
Male,55,African-American,1,0,0,0,9,0,3267.016666666667
Female,37,African-American,1,0,0,0,5,0,62.56666666666667
Male,59,African-American,14,0,0,0,9,1,2633.7
Male,20,Caucasian,0,0,0,3,3,1,19.85
Female,44,Caucasian,0,0,0,0,1,0,21.566666666666666
Male,26,Caucasian,9,0,0,0,4,1,29.95
Male,27,Other,0,0,0,0,1,0,52.63333333333333
Male,20,African-American,0,0,0,0,3,1,66.73333333333333
Male,21,Caucasian,0,0,0,0,3,0,2.85
Male,31,African-American,2,0,0,0,7,1,74.03333333333333
Male,61,African-American,0,0,0,0,1,0,26.85
Male,33,African-American,4,0,0,0,7,1,409.46666666666664
Male,32,Caucasian,2,0,0,0,4,1,14.5
Female,24,Caucasian,0,0,0,0,5,0,24.983333333333334
Male,40,Hispanic,1,0,0,0,1,0,23.05
Male,25,Native American,7,0,0,0,9,1,19.55
Male,44,African-American,7,0,0,0,4,0,32.1
Male,26,African-American,13,0,0,0,8,1,267.35
Male,22,Hispanic,0,0,0,0,4,1,786.6333333333333
Female,33,Caucasian,1,0,0,0,6,1,102.11666666666666
Female,34,Caucasian,1,0,0,0,4,0,38.86666666666667
Male,50,African-American,7,0,0,0,3,0,71.05
Female,50,Caucasian,30,0,0,0,6,1,89.5
Male,27,African-American,0,0,0,0,1,1,121.56666666666666
Male,23,African-American,0,0,0,0,3,0,18.183333333333334
Male,38,Other,0,0,0,0,1,0,63.666666666666664
Male,22,Hispanic,1,0,0,0,7,1,40.61666666666667
Male,26,African-American,1,0,0,0,2,0,19.683333333333334
Male,57,Other,10,0,0,0,4,1,4367.833333333333
Male,29,African-American,0,0,0,0,7,1,4.7
Male,23,African-American,0,0,0,0,4,0,13152.5
Male,51,Caucasian,3,0,0,0,6,0,404.25
Male,45,Other,0,0,0,0,1,0,27.933333333333334
Male,36,African-American,2,0,0,0,5,0,18.283333333333335
Female,29,Caucasian,10,0,1,0,4,1,170.38333333333333
Female,28,African-American,0,0,0,0,3,1,53.36666666666667
Male,36,Other,0,0,0,0,1,0,16.35
Male,28,Hispanic,1,0,0,0,7,0,808.0666666666667
Male,29,Caucasian,12,0,0,0,6,1,938.85
Male,45,Caucasian,0,0,0,0,6,1,40.0
Female,28,Other,1,0,0,0,4,0,51.05
Male,32,African-American,8,0,0,1,4,0,101.15
Male,41,African-American,14,0,0,0,6,1,4.9
Male,26,African-American,13,0,1,1,8,1,-4.05
Male,24,Caucasian,1,0,0,0,6,0,2897.0833333333335
Male,38,Caucasian,0,0,0,0,1,0,54.6
Female,32,Other,0,0,0,0,1,0,21.883333333333333
Male,20,Caucasian,0,0,0,0,9,1,4.35
Male,50,Caucasian,0,0,0,0,1,0,26.683333333333334
Male,29,Caucasian,9,1,0,1,8,1,45.2
Male,22,African-American,0,0,0,0,3,1,25.866666666666667
Male,21,Other,0,0,0,0,3,1,27.85
Male,21,Other,0,0,0,0,4,1,-4.25
Male,21,African-American,1,0,0,0,9,0,4050.8333333333335
Male,60,Caucasian,2,0,0,0,2,0,260.28333333333336
Male,38,Hispanic,0,0,0,0,1,0,3.9166666666666665
Male,40,African-American,5,0,0,0,9,1,1323.3833333333334
Male,47,Caucasian,0,0,0,0,1,0,15.433333333333334
Male,30,Hispanic,1,0,0,0,2,1,-0.5
Male,34,African-American,1,0,0,0,1,1,38.55
Male,50,Caucasian,1,0,0,0,2,0,1334.5333333333333
Male,55,Caucasian,0,0,0,0,1,1,724.85
Male,35,African-American,8,0,0,0,6,0,215.91666666666666
Female,20,African-American,0,0,0,0,4,0,22.716666666666665
Male,32,Caucasian,2,0,0,0,5,1,695.1333333333333
Male,30,Caucasian,0,0,0,0,2,1,24.816666666666666
Male,23,Other,0,0,0,0,1,0,15.5
Male,27,African-American,12,0,0,0,8,1,24.383333333333333
Female,20,Other,1,1,0,0,4,0,70.88333333333334
Female,51,Caucasian,0,0,0,0,1,1,17.383333333333333
Male,20,African-American,0,0,0,0,9,0,20.933333333333334
Male,52,Hispanic,20,0,0,0,3,0,669.7333333333333
Female,34,African-American,5,0,0,0,3,1,28.566666666666666
Male,27,African-American,5,0,0,0,9,0,870.6
Male,26,Hispanic,5,0,0,0,3,0,17.65
Male,30,Caucasian,1,0,0,0,8,1,815.7166666666667
Male,34,African-American,16,0,0,0,9,1,24.3
Male,54,African-American,1,0,0,0,1,0,22.466666666666665
Male,29,African-American,0,0,0,0,2,0,15.416666666666666
Male,61,Hispanic,1,0,0,0,1,0,1944.4833333333333
Male,48,Caucasian,0,0,0,0,1,0,-3.15
Male,30,African-American,7,0,0,0,10,1,49.4
Male,23,Other,1,0,0,0,8,0,47.56666666666667
Male,28,African-American,12,0,0,1,7,1,25.416666666666668
Male,24,African-American,1,0,0,0,3,1,46.55
Male,23,Caucasian,1,0,0,1,5,1,6.433333333333334
Male,25,Caucasian,0,0,0,0,2,0,25.683333333333334
Male,29,African-American,0,0,0,0,5,0,1013.2833333333333
Male,26,African-American,27,0,2,2,9,1,240.81666666666666
Male,48,Hispanic,1,0,0,0,1,0,27.316666666666666
Male,28,Caucasian,4,0,0,0,4,0,2310.9
Male,29,Caucasian,8,0,0,0,8,0,8.8
Male,27,Caucasian,1,0,0,0,10,0,5512.15
Male,40,Caucasian,0,0,0,0,1,1,14.333333333333334
Male,21,Hispanic,0,0,0,0,6,1,23.833333333333332
Male,24,African-American,1,0,0,2,2,1,-10.55
Male,27,African-American,2,0,0,0,3,0,7.15
Male,40,Caucasian,10,0,0,0,7,1,119.85
Male,39,African-American,8,0,0,0,4,0,66.26666666666667
Male,27,Other,6,0,0,0,7,0,2081.2833333333333
Male,34,African-American,11,0,0,4,8,1,20.3
Male,29,African-American,6,0,0,0,7,1,22.716666666666665
Male,35,African-American,0,0,0,1,3,0,16.933333333333334
Male,24,African-American,2,0,0,0,6,1,4.15
Male,21,Caucasian,0,0,0,0,5,0,-10.166666666666666
Male,31,African-American,3,0,0,0,5,1,22.166666666666668
Male,59,African-American,39,0,0,0,7,0,8071.616666666667
Male,27,African-American,0,0,0,0,3,0,118.28333333333333
Female,28,Caucasian,7,0,0,0,9,0,3476.9
Male,29,African-American,29,0,0,0,8,1,120.78333333333333
Male,25,African-American,0,0,0,0,7,1,44.38333333333333
Female,38,African-American,2,0,0,0,7,0,601.8166666666667
Male,44,Caucasian,0,0,0,0,1,0,15.95
Male,30,African-American,15,0,0,0,9,1,482.9166666666667
Male,52,Caucasian,1,0,0,0,1,0,14.916666666666666
Female,51,Caucasian,0,0,0,0,1,1,191.88333333333333
Female,20,African-American,12,0,7,2,10,0,40.86666666666667
Male,37,African-American,13,0,0,0,8,0,698.9
Male,24,African-American,2,0,0,0,4,1,44.95
Male,28,African-American,4,0,0,0,5,0,0.2
Male,27,African-American,6,2,0,0,8,0,17182.433333333334
Male,23,Caucasian,0,0,0,0,3,0,17.65
Male,44,African-American,4,0,0,0,10,0,4592.15
Male,59,African-American,9,0,0,0,9,1,18.85
Male,40,Hispanic,8,0,0,0,5,1,5.9
Male,23,African-American,0,0,0,0,2,1,27.666666666666668
Male,23,African-American,4,1,1,2,10,0,744.6333333333333
Female,38,African-American,1,0,0,0,1,0,21.9
Male,24,Caucasian,8,0,0,2,9,1,848.0
Male,44,African-American,7,0,0,0,2,0,18.116666666666667
Male,36,African-American,7,0,0,2,5,0,189.48333333333332
Male,56,Caucasian,5,0,0,0,2,0,196.23333333333332
Male,22,African-American,1,0,0,0,6,1,150.23333333333332
Male,50,Caucasian,3,0,0,0,9,0,138.56666666666666
Female,22,African-American,1,0,0,0,4,0,13.266666666666667
Male,25,African-American,3,0,0,0,6,1,49.13333333333333
Male,51,African-American,17,0,0,0,4,0,5.783333333333333
Male,51,Hispanic,1,0,0,0,1,0,409.6666666666667
Male,26,African-American,0,0,0,0,2,0,22.116666666666667
Male,54,African-American,8,0,0,0,5,0,247.55
Male,46,African-American,1,0,0,0,6,1,24.033333333333335
Male,37,African-American,16,0,0,0,8,1,50.4
Male,31,African-American,8,0,0,0,7,1,20.733333333333334
Male,21,African-American,1,0,1,0,4,1,28.2
Male,22,Caucasian,0,0,0,0,3,0,6.216666666666667
Male,21,Caucasian,0,0,0,0,9,1,20.516666666666666
Female,28,African-American,1,0,0,0,5,0,32.05
Male,33,African-American,12,4,0,0,10,1,24.366666666666667
Male,35,Caucasian,3,0,0,0,5,1,28.516666666666666
Male,55,Hispanic,1,0,0,0,2,1,29.216666666666665
Male,21,Caucasian,0,0,0,0,3,0,53.916666666666664
Male,58,African-American,2,0,0,0,8,0,1284.3
Male,48,African-American,8,0,0,0,8,0,797.1833333333333
Male,18,Hispanic,1,1,0,0,9,0,457.6166666666667
Male,30,Caucasian,0,0,0,0,1,0,16.866666666666667
Male,55,African-American,0,0,0,0,1,0,18.35
Male,27,African-American,11,0,1,0,8,0,115.96666666666667
Male,33,African-American,2,0,0,0,4,0,26.366666666666667
Female,24,African-American,2,0,0,0,4,0,332.6333333333333
Male,21,African-American,2,0,0,0,9,1,23.133333333333333
Male,20,Caucasian,0,0,0,1,4,0,13.25
Female,38,African-American,2,0,0,0,7,0,601.8166666666667
Male,34,African-American,7,0,0,0,6,1,5.4
Male,29,African-American,0,0,0,0,3,0,44.63333333333333
Male,24,African-American,0,0,0,0,10,1,30.916666666666668
Male,26,African-American,1,0,0,0,3,0,44.85
Female,45,Caucasian,1,0,0,0,3,1,24.616666666666667
Male,32,Caucasian,8,0,0,0,9,1,21.55
Female,23,African-American,0,0,0,0,4,1,39.75
Male,61,Caucasian,0,0,0,0,1,0,23.35
Female,28,African-American,1,0,0,0,3,1,44.95
Male,25,African-American,1,0,0,0,4,1,16.2
Male,26,African-American,7,0,0,0,4,0,50.78333333333333
Male,23,Hispanic,6,0,0,0,8,0,821.6833333333333
Female,43,African-American,5,1,0,0,10,0,10540.233333333334
Male,41,African-American,7,0,0,0,9,0,1393.75
Female,38,African-American,3,0,0,0,1,1,7.066666666666666
Male,29,African-American,8,0,0,0,8,1,333.3666666666667
Male,27,Caucasian,0,0,0,0,6,0,29.383333333333333
Male,57,African-American,0,0,0,0,1,1,19.066666666666666
Male,41,Caucasian,5,0,0,0,10,0,2301.116666666667
Male,32,Caucasian,3,0,0,0,4,0,2067.233333333333
Male,36,African-American,17,1,2,5,7,0,171.11666666666667
Male,20,African-American,0,0,0,0,4,0,4.183333333333334
Male,65,Caucasian,1,0,0,0,3,1,23.316666666666666
Male,38,Caucasian,2,0,0,0,2,0,678.0333333333333
Male,22,African-American,1,0,0,0,3,0,699.0833333333334
Male,21,African-American,1,0,0,0,4,1,32.733333333333334
Male,19,Caucasian,1,0,0,1,10,1,768.7333333333333
Male,45,Hispanic,6,0,0,0,6,0,982.15
Female,24,Caucasian,9,0,0,0,10,1,213.13333333333333
Male,21,African-American,0,0,0,0,9,1,43.68333333333333
Female,57,Caucasian,0,0,0,0,4,0,28.433333333333334
Male,52,African-American,5,0,0,0,8,0,693.3
Male,21,Caucasian,3,0,0,0,7,0,141.65
Male,32,African-American,26,2,0,0,10,1,24.5
Male,23,African-American,6,0,0,0,6,1,26.45
Male,25,African-American,6,0,0,0,6,1,144.01666666666668
Male,55,African-American,3,0,0,0,5,1,1675.4333333333334
Female,23,African-American,0,0,0,0,7,0,21.6
Male,37,Hispanic,8,0,0,0,2,1,3.7666666666666666
Male,31,African-American,1,0,0,0,10,1,-3.2
Male,34,Other,0,0,0,0,1,0,30.25
Male,24,African-American,2,0,0,2,5,1,19.433333333333334
Female,41,Hispanic,0,0,0,0,1,0,27.633333333333333
Male,24,African-American,5,0,1,0,5,1,44.333333333333336
Male,25,African-American,7,0,0,0,8,1,3053.0
Female,25,African-American,4,0,0,0,7,1,3.933333333333333
Male,27,African-American,11,0,0,0,7,1,122.93333333333334
Male,64,Caucasian,0,0,0,0,1,0,15.716666666666667
Male,25,Caucasian,5,4,0,0,8,1,240.11666666666667
Male,24,Hispanic,0,0,0,0,6,1,20.633333333333333
Male,22,African-American,9,0,2,0,10,0,27.366666666666667
Male,38,Caucasian,2,0,0,0,5,1,185.5
Male,39,African-American,21,0,0,0,10,1,16.366666666666667
Male,53,Caucasian,0,0,0,0,1,0,2302.85
Male,21,Caucasian,3,0,0,1,5,0,1683.6166666666666
Male,24,African-American,4,0,0,1,4,1,26.066666666666666
Male,32,African-American,7,0,0,1,6,1,1224.8833333333334
Male,33,African-American,1,0,0,0,1,1,26.783333333333335
Male,34,African-American,0,0,0,0,9,1,56.416666666666664
Male,39,Other,1,0,0,0,2,1,15.45
Male,32,African-American,7,0,0,0,2,0,47.3
Male,19,Caucasian,5,1,3,2,9,1,685.9
Male,27,African-American,1,0,0,0,4,1,22.433333333333334
Male,31,African-American,5,0,0,0,7,0,165.61666666666667
Male,35,African-American,1,0,0,0,2,0,23.683333333333334
Male,60,African-American,15,0,0,0,4,1,912.95
Male,22,African-American,0,0,0,0,9,0,187.83333333333334
Male,22,Caucasian,1,0,1,0,8,1,478.95
Male,26,African-American,0,0,0,0,4,1,28.316666666666666
Male,26,Caucasian,5,0,0,0,5,1,26.8
Male,54,Caucasian,2,0,0,0,1,1,936.4166666666666
Male,21,Hispanic,0,0,0,0,7,0,5.783333333333333
Male,41,Caucasian,5,0,0,0,1,0,26.366666666666667
Male,28,African-American,10,0,0,0,3,0,3.066666666666667
Male,26,African-American,10,1,0,0,8,1,49.28333333333333
Male,61,African-American,13,0,0,0,4,1,1589.6833333333334
Male,24,Caucasian,0,0,0,0,9,0,53.93333333333333
Male,27,Caucasian,1,0,0,0,6,1,522.6166666666667
Male,28,African-American,7,0,2,0,7,1,45.5
Male,21,African-American,0,0,0,0,4,0,14.35
Female,29,African-American,1,0,0,0,2,1,-1.05
Male,29,African-American,6,0,0,0,6,1,1081.3166666666666
Female,47,Hispanic,0,0,0,0,1,0,175.93333333333334
Female,25,Caucasian,5,0,0,0,7,0,7.833333333333333
Male,23,African-American,1,0,0,1,2,0,17.916666666666668
Male,26,African-American,4,0,0,0,4,0,354.15
Male,58,African-American,12,0,0,0,6,1,95.93333333333334
Male,33,Caucasian,0,0,0,0,3,0,137.65
Male,55,Caucasian,18,0,0,0,2,1,894.4166666666666
Male,62,African-American,13,0,0,0,8,1,25.0
Male,22,African-American,2,0,0,0,8,1,26.816666666666666
Male,22,Caucasian,3,0,1,1,4,1,6.633333333333334
Male,34,African-American,9,3,1,0,7,1,22.216666666666665
Male,31,Caucasian,9,0,0,0,8,1,2806.0333333333333
Male,30,Other,5,0,0,0,5,0,504.2
Male,29,African-American,6,0,0,0,2,0,122.21666666666667
Female,41,African-American,8,0,0,0,8,1,1566.6166666666666
Male,46,African-American,2,0,0,0,9,0,22.35
Male,57,Caucasian,12,0,0,0,5,0,78.63333333333334
Male,36,Caucasian,10,1,0,0,9,1,2019.9666666666667
Male,34,Caucasian,4,0,0,0,5,0,25.483333333333334
Male,36,Caucasian,2,0,0,0,2,0,888.0666666666667
Female,66,Caucasian,7,0,0,0,4,0,418.78333333333336
Male,22,Caucasian,2,0,0,0,5,1,332.6166666666667
Male,37,African-American,5,0,0,0,5,1,154.8
Male,33,Caucasian,3,0,0,0,7,1,2122.016666666667
Male,20,African-American,5,1,2,0,9,1,47.733333333333334
Male,53,African-American,18,0,0,0,7,0,7899.95
Male,48,African-American,0,0,0,0,1,0,52.18333333333333
Male,50,Caucasian,10,0,0,0,4,0,20.633333333333333
Male,36,African-American,11,0,0,0,6,1,864.0166666666667
Male,32,African-American,4,0,0,0,7,0,4493.75
Male,42,African-American,2,0,0,0,1,0,253.11666666666667
Male,30,African-American,15,0,0,0,9,1,482.9166666666667
Male,31,African-American,11,0,0,1,7,1,3.066666666666667
Male,56,Caucasian,17,0,0,0,4,1,557.4333333333333
Male,28,African-American,0,0,0,0,2,1,21.566666666666666
Female,30,Caucasian,0,0,0,0,6,1,68.85
Male,51,Caucasian,3,0,0,0,4,0,166.11666666666667
Male,22,African-American,2,0,1,0,5,0,22.866666666666667
Male,52,Hispanic,3,0,0,0,4,0,331.28333333333336
Male,62,Caucasian,2,0,0,0,-1,0,16.266666666666666
Male,41,Caucasian,0,0,0,0,1,1,26.283333333333335
Male,58,Caucasian,0,0,0,0,1,0,5.583333333333333
Male,20,African-American,0,0,0,4,9,0,5809.85
Male,24,African-American,1,0,0,0,7,0,3.05
Male,58,African-American,0,0,0,0,1,0,33.38333333333333
Male,29,Asian,0,0,0,0,1,0,20.966666666666665
Male,27,Other,1,0,0,0,2,1,21.116666666666667
Female,50,Caucasian,30,0,0,0,6,1,89.5
Male,32,African-American,0,0,0,0,2,0,27.583333333333332
Male,21,African-American,0,0,0,0,3,0,21.433333333333334
Male,22,African-American,13,0,0,1,10,1,22.183333333333334
Male,23,African-American,2,1,0,0,7,0,438.45
Male,32,African-American,16,0,0,0,10,1,22.283333333333335
Male,41,African-American,3,0,0,0,2,1,54.53333333333333
Male,27,Caucasian,1,0,0,0,5,0,844.7333333333333
Female,25,Caucasian,0,0,0,0,4,0,20.366666666666667
Male,21,Caucasian,2,0,0,0,9,0,45.916666666666664
Male,47,Hispanic,2,0,0,0,1,0,22.5
Male,31,African-American,8,0,0,0,7,1,20.733333333333334
Male,44,Caucasian,0,0,0,0,2,0,72.46666666666667
Male,20,African-American,1,0,0,1,4,1,29.4
Male,24,Caucasian,1,0,0,0,3,0,15.3
Male,39,African-American,1,0,0,0,1,1,327.53333333333336
Male,31,Caucasian,4,0,0,0,8,1,699.9833333333333
Female,58,Caucasian,1,0,0,0,2,0,-5.033333333333333
Male,41,Hispanic,1,0,0,0,1,0,20.75
Male,23,Hispanic,1,0,0,0,3,0,124.41666666666667
Female,24,African-American,1,0,0,0,9,0,90.76666666666667
Male,27,Hispanic,1,0,0,0,7,1,49.083333333333336
Male,22,African-American,0,0,0,1,8,1,25.833333333333332
Male,57,Caucasian,21,0,0,0,1,1,515.1
Male,44,Caucasian,4,0,0,0,2,0,45.733333333333334
Male,53,African-American,3,0,0,0,9,0,4946.066666666667
Male,22,African-American,3,0,0,0,3,1,210.28333333333333
Male,33,Hispanic,8,0,0,0,9,1,26.083333333333332
Male,38,Asian,2,0,0,0,1,0,198.71666666666667
Male,21,African-American,2,0,0,0,10,1,22.3
Male,21,African-American,1,0,0,0,6,1,38.1
Male,56,African-American,28,0,0,0,7,0,1447.6666666666667
Male,39,Hispanic,0,0,0,0,1,0,17.516666666666666
Male,25,Caucasian,2,0,0,0,4,1,24.566666666666666
Male,22,Other,3,0,0,1,3,0,50.15
Female,35,African-American,0,0,0,0,4,0,23.283333333333335
Male,22,African-American,0,0,0,0,7,0,34.65
Male,26,Caucasian,5,0,0,0,4,0,3.1333333333333333
Female,38,African-American,14,0,0,0,10,1,118.71666666666667
Male,47,African-American,1,0,0,0,1,0,119.63333333333334
Male,32,Hispanic,3,0,0,0,3,0,6.133333333333334
Male,21,African-American,0,0,0,3,10,1,167.96666666666667
Male,32,Other,2,0,0,0,4,0,164.58333333333334
Male,33,African-American,4,0,0,0,3,0,31.433333333333334
Male,29,African-American,8,0,0,0,9,0,122.51666666666667
Male,21,Hispanic,1,1,0,0,8,1,1320.6
Male,21,African-American,0,0,0,0,8,0,934.0833333333334
Male,26,Caucasian,1,0,0,0,2,0,23.6
Male,43,African-American,0,0,0,0,1,0,3.716666666666667
Male,37,African-American,3,0,0,0,6,1,22.566666666666666
Male,31,African-American,7,0,0,0,4,0,26.483333333333334
Male,30,African-American,7,0,0,0,10,1,49.4
Male,52,African-American,7,0,0,1,7,0,1655.1166666666666
Female,24,African-American,3,0,0,0,6,1,70.65
Male,24,Hispanic,8,0,0,0,8,0,-0.75
Male,31,African-American,0,0,0,0,1,0,721.9
Male,29,African-American,7,0,0,0,3,1,53.916666666666664
Male,28,African-American,6,0,0,0,4,0,485.71666666666664
Male,23,African-American,0,0,0,0,5,0,73.88333333333334
Male,37,Caucasian,1,0,0,0,1,0,18.05
Male,30,Caucasian,0,0,0,0,2,0,5.016666666666667
Male,27,Caucasian,1,0,0,1,6,1,342.01666666666665
Male,20,Caucasian,1,0,0,0,5,1,57.3
Female,25,African-American,3,0,0,0,8,0,23.15
Male,25,Caucasian,3,0,0,0,1,0,16.4
Male,21,Caucasian,2,0,0,0,6,0,50.166666666666664
Male,27,African-American,6,1,2,1,10,0,24.233333333333334
Male,42,Caucasian,0,0,0,0,2,0,43.43333333333333
Female,21,African-American,0,0,0,0,5,1,105.23333333333333
Male,26,African-American,4,0,0,0,7,1,2002.2666666666667
Male,34,Caucasian,1,0,0,0,1,0,11836.55
Male,38,African-American,1,0,0,0,8,0,1197.7833333333333
Male,40,Caucasian,4,0,0,0,1,0,24.95
Female,56,African-American,2,0,0,0,1,1,20.3
Male,28,Caucasian,0,0,0,0,4,1,27.633333333333333
Male,56,Caucasian,4,0,0,0,1,1,6.133333333333334
Male,20,African-American,2,0,0,0,8,1,795.5833333333334
Female,27,African-American,0,0,0,0,2,0,18.25
Male,32,African-American,8,0,0,1,4,0,101.15
Male,35,African-American,1,0,0,0,1,1,26.833333333333332
Male,30,Caucasian,0,0,0,0,3,0,147.45
Male,53,African-American,10,0,0,0,2,0,4995.1
Male,34,Hispanic,4,0,0,0,1,1,762.6666666666666
Male,23,African-American,1,0,0,2,7,0,23.566666666666666
Male,38,African-American,0,0,0,0,3,1,19.6
Male,58,African-American,6,0,0,0,6,0,3457.866666666667
Female,28,Caucasian,1,0,0,0,5,1,3.8
Male,50,Hispanic,3,0,0,0,9,1,815.1833333333333
Male,31,African-American,13,0,0,0,10,1,16.383333333333333
Male,25,Caucasian,1,0,0,0,6,0,25.016666666666666
Male,28,Caucasian,14,0,0,0,9,0,20.85
Male,35,African-American,0,0,0,0,4,0,24.766666666666666
Male,22,African-American,0,0,0,1,8,1,20.533333333333335
Male,23,African-American,1,0,0,0,2,1,24.233333333333334
Male,21,African-American,0,0,0,0,9,1,169.23333333333332
Male,21,African-American,0,0,0,0,3,0,17.433333333333334
Female,29,Caucasian,11,0,0,0,10,1,836.7833333333333
Male,54,African-American,3,0,0,0,6,1,55.083333333333336
Male,41,African-American,0,0,0,0,1,0,19.833333333333332
Male,36,Caucasian,4,0,0,0,2,1,27.783333333333335
Male,30,African-American,8,0,0,0,7,0,44.7
Male,43,African-American,1,0,0,0,6,1,760.7
Male,41,African-American,1,0,0,0,5,0,44.38333333333333
Male,23,African-American,3,0,0,0,10,1,1278.2333333333333
Male,20,Hispanic,3,0,0,0,10,1,1010.55
Female,35,African-American,2,0,0,0,2,1,749.9
Male,25,African-American,1,0,0,0,3,0,896.5833333333334
Male,27,African-American,4,0,0,0,4,1,23.733333333333334
Male,23,African-American,2,0,0,0,8,1,166.16666666666666
Female,33,African-American,5,0,0,0,7,0,4480.9
Male,30,Caucasian,2,0,0,0,2,1,23.783333333333335
Male,27,African-American,1,0,0,0,2,0,25.033333333333335
Female,21,Hispanic,0,0,0,0,7,1,19.9
Male,31,Other,5,0,1,0,1,0,31.533333333333335
Female,43,African-American,7,0,0,0,7,0,24.333333333333332
Female,44,Caucasian,1,0,0,0,1,1,151.85
Male,31,Hispanic,8,2,1,0,9,1,65.95
Male,21,Caucasian,1,0,0,0,6,0,645.5
Male,27,African-American,11,0,0,0,10,1,55.8
Male,29,Caucasian,0,0,0,0,4,1,24.066666666666666
Male,58,Hispanic,1,0,0,0,2,0,30.616666666666667
Male,22,Caucasian,0,0,0,0,8,0,1390.1333333333334
Male,22,African-American,1,0,0,0,9,0,116.11666666666666
Female,42,African-American,0,0,0,0,1,1,13.883333333333333
Male,23,Hispanic,0,0,0,0,2,0,7.383333333333334
Male,22,African-American,2,0,1,0,5,0,22.866666666666667
Female,37,African-American,0,0,0,0,2,0,5589.283333333334
Male,55,African-American,9,0,0,0,3,1,90.93333333333334
Male,25,Caucasian,1,0,0,0,3,0,54.71666666666667
Male,56,Caucasian,2,0,0,0,1,0,47.833333333333336
Female,27,African-American,3,0,0,0,5,1,22.933333333333334
Male,56,Caucasian,5,0,0,0,5,1,513.0333333333333
Male,44,Caucasian,0,0,0,0,1,0,23.583333333333332
Female,42,Caucasian,4,0,0,0,8,1,116.58333333333333
Female,43,African-American,1,0,0,0,6,0,41.4
Male,27,African-American,2,0,0,0,9,1,25.983333333333334
Male,23,African-American,2,0,0,0,5,0,647.0
Female,31,Caucasian,2,0,0,1,8,1,26.916666666666668
Male,41,African-American,9,0,0,0,5,0,4153.7
Male,56,African-American,31,0,0,0,6,1,5.516666666666667
Male,30,Hispanic,7,5,0,0,9,0,23.25
Male,37,Caucasian,1,0,0,0,2,0,20.9
Male,23,African-American,0,0,0,0,5,0,44.4
Male,25,African-American,8,0,0,2,8,1,2.9833333333333334
Male,46,African-American,12,0,0,0,6,0,71.2
Female,22,Caucasian,3,0,0,0,9,1,63.4
Female,59,Caucasian,0,0,0,0,1,0,5.2
Male,22,Caucasian,4,0,0,0,6,1,341.46666666666664
Male,31,African-American,6,0,0,0,8,1,461.78333333333336
Male,30,African-American,0,0,0,0,4,1,30.65
Male,34,Caucasian,5,0,0,0,2,1,27.95
Male,21,Caucasian,1,0,1,0,5,1,143.58333333333334
Female,21,African-American,0,0,0,0,6,0,20.95
Male,46,Caucasian,9,0,0,0,5,0,99.6
Male,24,African-American,5,5,0,0,8,1,28.766666666666666
Female,33,Hispanic,0,0,0,0,2,0,21.416666666666668
Male,20,African-American,9,9,0,0,4,1,1558.25
Male,22,African-American,0,0,0,0,4,1,26.783333333333335
Female,55,Caucasian,0,0,0,0,1,0,41.11666666666667
Male,27,Caucasian,5,0,0,0,6,0,720.2333333333333
Male,46,Caucasian,0,0,0,0,1,1,47.833333333333336
Male,25,African-American,9,0,0,0,9,1,2033.7333333333333
Male,43,Caucasian,1,0,0,0,1,0,24.433333333333334
Male,34,African-American,0,0,0,0,1,1,4.65
Male,21,Caucasian,0,0,0,0,3,0,21.583333333333332
Female,23,African-American,0,0,0,0,4,1,90.95
Male,31,African-American,1,0,0,0,1,0,-4.483333333333333
Male,32,African-American,4,0,0,0,4,1,1079.4833333333333
Male,20,African-American,1,1,0,0,3,1,911.7833333333333
Male,22,African-American,3,0,0,1,6,1,384.93333333333334
Female,49,Caucasian,3,0,0,0,2,1,26.683333333333334
Male,24,Hispanic,2,0,0,0,8,1,2201.0666666666666
Male,21,African-American,6,0,1,0,8,1,14.333333333333334
Female,45,African-American,9,0,0,0,7,1,1804.3666666666666
Male,57,Caucasian,9,0,0,0,4,1,1406.65
Male,21,African-American,0,0,0,0,10,1,25.083333333333332
Female,42,Caucasian,0,0,0,0,2,1,42.93333333333333
Male,26,African-American,2,0,0,0,4,1,19.666666666666668
Female,35,African-American,12,0,0,0,7,1,20.666666666666668
Male,30,African-American,7,0,0,0,10,1,14470.816666666668
Male,54,African-American,10,0,0,0,4,1,1.9666666666666666
Female,47,Caucasian,0,0,0,0,3,1,100.18333333333334
Female,26,Caucasian,1,0,0,0,4,0,195.26666666666668
Male,35,Other,1,0,0,0,1,0,28.383333333333333
Male,33,Caucasian,0,0,0,0,6,0,47.43333333333333
Male,32,Caucasian,0,0,0,0,1,0,22.633333333333333
Male,36,Caucasian,0,0,0,0,8,1,894.2
Male,64,African-American,13,0,0,0,6,1,26.65
Male,23,African-American,5,0,0,1,9,1,119.63333333333334
Male,44,Caucasian,1,0,0,0,1,1,5.15
Male,21,Other,0,0,0,0,4,0,97.38333333333334
Male,28,African-American,3,0,0,0,2,1,195.25
Male,23,African-American,3,0,2,1,7,1,217.8
Male,41,Caucasian,11,0,0,0,4,1,2834.1666666666665
Female,28,African-American,0,0,0,0,10,1,165.4
Male,25,African-American,1,0,0,0,3,0,3.7666666666666666
Male,34,Asian,0,0,0,0,2,0,24.416666666666668
Male,28,Hispanic,5,0,0,0,5,0,1103.55
Male,31,Caucasian,1,0,0,0,3,1,936.9166666666666
Female,60,Caucasian,6,0,0,0,6,0,13198.866666666667
Male,47,African-American,10,1,0,0,7,0,29.35
Male,53,African-American,20,0,0,0,5,0,75.9
Male,30,Other,0,0,0,0,1,0,21.416666666666668
Male,23,African-American,0,0,0,0,5,0,73.88333333333334
Male,32,African-American,2,0,0,0,8,1,463.1666666666667
Male,26,African-American,8,0,0,0,4,1,624.9833333333333
Male,40,African-American,2,0,0,0,4,0,27.883333333333333
Female,36,Caucasian,3,0,0,0,2,0,236.96666666666667
Male,22,Caucasian,3,0,0,4,3,0,27.766666666666666
Male,40,African-American,3,0,0,0,9,0,-2.0166666666666666
Female,27,Caucasian,0,0,0,0,3,0,28.3
Male,34,African-American,8,2,0,0,9,1,49.833333333333336
Male,69,Caucasian,0,0,0,0,1,0,0.21666666666666667
Female,45,Native American,15,0,0,0,10,1,25.083333333333332
Male,24,African-American,1,0,0,0,3,0,24.533333333333335
Female,21,African-American,1,0,0,0,7,0,28.833333333333332
Male,24,African-American,3,0,0,0,6,1,23.15
Female,24,Other,0,0,0,0,3,0,25.2
Male,34,African-American,0,0,0,0,1,0,27.433333333333334
Male,45,African-American,13,0,0,0,7,1,146.55
Female,35,African-American,0,0,0,0,3,1,46.05
Female,44,Caucasian,11,0,0,0,7,1,639.6166666666667
Male,56,Caucasian,4,0,0,0,1,1,6.133333333333334
Male,20,African-American,0,0,0,0,6,1,21.133333333333333
Male,22,African-American,2,0,0,0,9,1,147.63333333333333
Male,27,African-American,5,0,0,0,9,1,101.66666666666667
Male,33,Caucasian,3,0,0,0,7,1,2122.016666666667
Male,45,Caucasian,1,0,0,0,1,1,5.8
Male,52,Other,13,0,0,0,7,1,41.68333333333333
Male,30,Other,1,0,0,0,2,1,21.233333333333334
Female,39,Caucasian,11,0,1,0,6,1,27.35
Male,30,African-American,4,0,0,0,6,0,937.4166666666666
Male,29,African-American,3,0,1,0,10,1,2857.4
Male,69,Caucasian,6,0,0,0,1,1,3650.9
Male,58,African-American,2,0,0,0,8,0,1284.3
Male,21,African-American,0,0,0,0,7,1,27.766666666666666
Male,35,Caucasian,16,0,1,0,6,1,17.583333333333332
Male,40,Caucasian,0,0,0,0,8,1,717.35
Male,31,African-American,4,0,0,0,3,1,24.45
Male,27,Caucasian,1,0,0,0,10,0,5512.15
Male,32,Caucasian,3,0,0,0,8,0,25.733333333333334
Male,50,Caucasian,8,0,0,0,2,0,284.6166666666667
Male,28,Hispanic,7,0,0,0,8,0,25.983333333333334
Male,50,Caucasian,5,0,0,0,1,1,25.8
Male,58,African-American,24,0,0,0,6,1,77.98333333333333
Male,38,Caucasian,5,0,0,0,5,1,2.566666666666667
Male,19,African-American,1,1,0,0,9,1,14.75
Male,36,African-American,1,0,0,0,2,1,5256.816666666667
Male,24,Other,5,0,0,0,6,0,128.4
Male,26,African-American,0,0,0,0,5,1,9.916666666666666
Male,21,African-American,0,0,0,0,7,1,32.15
Male,40,Hispanic,1,0,0,0,1,0,23.05
Male,25,African-American,3,0,1,0,10,1,1933.5166666666667
Male,26,Caucasian,2,0,0,0,9,1,23.816666666666666
Female,34,Caucasian,12,0,0,0,10,1,73.3
Male,39,African-American,10,0,4,0,9,0,978.8166666666667
Male,23,Caucasian,1,0,0,0,2,0,58.63333333333333
Male,28,Caucasian,3,0,0,0,7,1,888.8333333333334
Male,32,African-American,21,0,0,0,9,1,1537.5
Male,59,African-American,3,0,0,0,3,1,194.35
Female,37,Caucasian,6,0,0,0,10,0,2540.5666666666666
Male,38,African-American,1,0,0,0,1,1,187.48333333333332
Female,36,African-American,5,0,1,0,5,0,20.566666666666666
Male,22,African-American,0,0,0,0,7,0,34.65
Male,27,African-American,12,0,0,0,8,1,766.6833333333333
Male,20,Caucasian,0,0,0,0,7,1,26.966666666666665
Female,47,Hispanic,1,0,0,0,1,0,127.43333333333334
Male,39,Caucasian,2,0,0,0,1,0,68.38333333333334
Male,57,Caucasian,2,0,0,0,1,0,49.63333333333333
Male,30,Caucasian,4,0,0,0,4,0,91.95
Female,31,Caucasian,1,0,0,0,5,1,256.7
Male,23,Hispanic,6,0,0,0,7,1,122.66666666666667
Male,46,Caucasian,6,0,0,0,1,1,544.15
Male,27,African-American,6,2,0,0,8,1,22.366666666666667
Male,51,African-American,0,0,0,0,4,1,27.283333333333335
Female,38,Hispanic,0,0,0,0,2,0,608.9833333333333
Male,32,African-American,6,0,0,0,5,1,50.833333333333336
Male,31,Caucasian,3,0,0,0,5,0,7.033333333333333
Female,32,Caucasian,6,0,0,0,6,1,194.13333333333333
Male,70,Caucasian,11,0,0,0,1,1,311.95
Male,67,Caucasian,0,0,0,0,1,0,3.4166666666666665
Female,33,African-American,6,0,0,0,1,1,24.183333333333334
Male,41,Caucasian,1,0,0,0,2,0,28.766666666666666
Male,24,Caucasian,3,0,0,0,8,1,214.38333333333333
Male,43,African-American,2,0,0,0,1,0,20.7
Male,52,African-American,9,1,0,0,8,1,934.2
Male,22,Hispanic,1,0,0,0,2,0,23.433333333333334
Male,22,African-American,1,0,0,1,4,1,24.916666666666668
Male,29,African-American,8,0,1,1,8,1,66.63333333333334
Male,26,African-American,11,0,1,1,7,1,28.55
Male,33,African-American,0,0,0,0,4,0,23.233333333333334
Male,27,African-American,13,0,0,0,8,1,27.45
Male,26,Caucasian,5,0,0,0,4,0,3.1333333333333333
Male,21,African-American,1,0,0,0,6,1,52.65
Male,32,African-American,4,0,0,0,3,1,25.216666666666665
Female,36,African-American,1,0,0,0,5,0,22.316666666666666
Male,26,Caucasian,2,1,0,0,6,1,17.483333333333334
Male,45,African-American,0,0,0,0,1,0,21.633333333333333
Male,67,Caucasian,5,0,0,0,1,0,21.666666666666668
Male,26,African-American,8,0,1,0,6,0,973.5666666666667
Male,29,African-American,2,0,0,0,9,0,3840.5333333333333
Male,29,African-American,0,0,0,0,2,0,27.216666666666665
Male,23,African-American,5,0,0,0,9,1,40.1
Male,32,African-American,1,0,0,0,5,0,10.016666666666667
Male,24,Caucasian,2,0,0,0,3,1,26.05
Male,32,Caucasian,8,1,0,0,4,1,48.86666666666667
Male,21,African-American,0,0,0,1,10,1,840.1166666666667
Male,51,Caucasian,2,0,0,0,1,1,1531.6333333333334
Female,43,Caucasian,0,0,0,0,1,1,30.683333333333334
Male,22,Caucasian,6,0,0,0,9,1,21.883333333333333
Male,29,African-American,1,0,0,0,5,0,170.83333333333334
Male,36,Caucasian,1,0,0,0,6,0,2551.3166666666666
Male,53,Caucasian,0,0,0,0,1,0,18.616666666666667
Male,23,African-American,4,0,1,0,9,1,4624.933333333333
Male,30,African-American,3,0,0,0,9,0,1865.6
Male,28,Hispanic,2,0,0,0,3,1,47.483333333333334
Male,26,African-American,4,0,0,0,8,1,22.816666666666666
Male,49,African-American,0,0,0,0,5,0,30.033333333333335
Male,26,African-American,7,0,1,0,8,0,8280.533333333333
Female,23,African-American,2,0,0,0,7,1,28.433333333333334
Male,23,Caucasian,3,0,0,1,4,1,989.9666666666667
Male,35,Hispanic,0,0,0,0,3,0,26.366666666666667
Male,27,African-American,3,0,0,0,7,0,29.2
Female,32,African-American,3,0,0,0,6,0,28.25
Female,63,African-American,1,0,0,0,1,0,6.333333333333333
Male,26,African-American,4,0,0,0,3,1,9.483333333333333
Male,47,Caucasian,1,0,0,0,2,0,909.1833333333333
Male,22,Caucasian,1,0,0,1,7,0,5683.35
Male,25,Hispanic,10,1,4,0,9,1,188.36666666666667
Female,34,African-American,7,0,2,0,5,0,66.53333333333333
Female,24,Caucasian,0,0,0,0,5,0,18.3
Male,36,African-American,2,0,0,0,3,1,24.266666666666666
Male,29,Caucasian,1,0,0,0,6,0,1177.8833333333334
Male,23,Hispanic,4,0,0,0,9,0,655.0833333333334
Female,36,African-American,0,0,0,0,2,0,24.183333333333334
Male,57,Caucasian,1,0,0,0,1,0,4247.833333333333
Male,31,Caucasian,3,0,0,0,4,1,19.8
Male,44,Other,0,0,0,0,1,0,125.11666666666666
Male,44,Caucasian,6,0,0,0,6,1,2852.633333333333
Male,24,Caucasian,8,0,1,2,6,1,292.55
Female,25,Hispanic,0,0,0,0,3,0,2.183333333333333
Male,41,Caucasian,3,0,0,0,9,0,4036.25
Male,18,Hispanic,1,1,0,0,9,0,457.6166666666667
Female,39,African-American,1,0,0,0,7,1,69.18333333333334
Male,50,Caucasian,16,1,0,0,10,1,1611.2666666666667
Male,26,African-American,7,0,0,0,10,1,67.85
Male,59,Caucasian,3,0,0,0,1,0,50.666666666666664
Male,30,African-American,21,0,2,0,7,1,29.616666666666667
Male,20,Caucasian,1,1,0,0,9,1,374.81666666666666
Male,31,Caucasian,1,0,0,0,8,0,5711.083333333333
Male,33,Caucasian,3,0,0,0,8,1,355.01666666666665
Male,60,Hispanic,1,0,0,0,1,0,932.1
Male,55,African-American,16,0,0,0,8,0,24.066666666666666
Male,46,African-American,15,0,0,1,7,1,166.23333333333332
Male,55,Caucasian,2,0,0,0,3,0,1628.4666666666667
Male,58,Caucasian,2,0,0,0,1,1,22.4
Male,38,African-American,11,0,0,0,6,0,48.13333333333333
Female,38,African-American,7,0,0,0,10,1,941.0
Male,26,African-American,6,1,1,0,8,1,24.333333333333332
Male,24,Hispanic,0,0,0,0,1,1,715.9833333333333
Male,20,Caucasian,0,0,0,0,4,0,22.533333333333335
Male,29,Native American,1,0,0,0,2,0,792.9333333333333
Male,22,African-American,3,0,1,1,10,1,32.31666666666667
Male,36,Hispanic,1,0,0,0,4,1,2563.883333333333
Male,28,Caucasian,2,0,0,0,2,0,24.866666666666667
Male,28,Caucasian,4,0,0,0,4,0,2310.9
Male,29,Caucasian,0,0,0,0,1,0,335.78333333333336
Female,29,Hispanic,1,0,0,0,2,1,24.85
Male,25,African-American,10,0,1,1,10,1,190.58333333333334
Female,45,Caucasian,0,0,0,0,9,1,22.95
Male,28,African-American,9,0,0,0,10,0,166.81666666666666
Male,24,African-American,1,0,0,0,2,0,1400.5166666666667
Male,36,Caucasian,1,0,0,0,4,1,55.766666666666666
Male,36,African-American,4,0,0,0,5,0,26.283333333333335
Male,37,African-American,22,0,0,0,9,1,1954.0333333333333
Male,25,African-American,5,0,0,0,8,1,89.43333333333334
Male,31,Caucasian,4,0,0,0,7,1,124.06666666666666
Male,32,Caucasian,8,0,0,0,9,1,21.55
Female,51,Caucasian,4,0,0,0,3,0,194.33333333333334
Male,32,African-American,15,2,0,0,8,1,170.5
Male,37,African-American,0,0,0,0,1,0,29.45
Male,22,Caucasian,1,0,0,1,8,1,142.66666666666666
Male,28,African-American,7,1,0,0,10,1,24.416666666666668
Female,33,African-American,1,0,0,0,1,0,24.216666666666665
Male,43,Caucasian,4,0,0,0,5,1,49.63333333333333
Male,23,African-American,5,0,0,1,9,1,119.63333333333334
Female,34,Caucasian,5,0,0,0,5,1,19.05
Female,38,African-American,2,0,0,0,7,0,601.8166666666667
Male,37,Hispanic,3,0,0,0,1,1,2002.0166666666667
Male,30,African-American,17,0,0,0,10,1,97.28333333333333
Male,21,African-American,2,1,0,1,9,0,39.3
Male,24,African-American,1,0,0,0,2,0,3295.15
Male,36,African-American,16,0,0,1,8,1,26.883333333333333
Male,69,Hispanic,0,0,0,0,1,0,144.98333333333332
Female,27,African-American,0,0,0,0,8,1,163.58333333333334
Female,29,Caucasian,3,0,0,0,7,0,5306.333333333333
Female,51,Other,0,0,0,0,1,0,49.21666666666667
Male,27,Hispanic,2,0,0,0,4,0,18.9
Male,49,Caucasian,6,0,0,0,3,0,41.3
Male,26,Caucasian,10,0,0,0,7,1,6.816666666666666
Male,32,African-American,0,0,0,0,1,0,5.416666666666667
Male,28,African-American,1,0,0,0,2,1,4.883333333333334
Male,22,Caucasian,2,0,0,0,5,1,332.6166666666667
Male,25,African-American,5,0,0,0,5,1,21.95
Female,23,African-American,1,0,0,0,5,1,42.06666666666667
Male,29,African-American,8,0,0,0,8,1,333.3666666666667
Male,22,African-American,3,0,0,0,6,1,3073.4333333333334
Male,26,African-American,2,0,0,0,2,1,99.16666666666667
Male,30,African-American,18,0,1,1,10,1,1484.0666666666666
Male,27,African-American,6,0,0,0,7,1,46.18333333333333
Male,31,African-American,2,0,0,0,2,1,53.083333333333336
Male,43,Caucasian,5,0,0,0,5,0,17.3
Male,39,African-American,3,0,0,0,5,0,126.26666666666667
Male,23,Hispanic,2,0,0,0,4,0,551.4833333333333
Male,55,Caucasian,9,0,0,0,1,0,20.666666666666668
Male,24,African-American,4,0,0,1,4,1,26.066666666666666
Male,41,Caucasian,1,0,0,0,4,1,1391.85
Male,26,African-American,11,0,2,0,4,0,71.75
Male,55,African-American,3,0,0,0,5,1,1675.4333333333334
Male,52,Hispanic,0,0,0,0,1,1,20.066666666666666
Female,42,African-American,16,0,0,0,6,0,576.1666666666666
Male,75,Caucasian,2,0,0,0,1,0,119.98333333333333
Male,37,African-American,11,1,0,0,8,0,5323.8
Female,19,Caucasian,0,0,0,0,5,0,3.9
Male,36,African-American,16,0,0,0,5,1,5.466666666666667
Male,37,African-American,27,2,0,0,10,0,8779.916666666666
Male,23,African-American,3,0,0,2,8,1,23.716666666666665
Male,48,Caucasian,2,0,0,0,8,1,101.96666666666667
Female,24,Hispanic,2,0,0,0,6,1,23.266666666666666
Male,49,African-American,0,0,0,0,1,0,4.616666666666666
Male,22,African-American,3,0,1,0,7,0,16.333333333333332
Male,32,African-American,9,0,0,0,6,1,929.6666666666666
Male,44,Caucasian,2,0,0,0,5,0,168.98333333333332
Male,54,African-American,7,1,0,0,6,0,8083.616666666667
Male,63,Other,23,0,0,0,4,1,49.46666666666667
Male,24,Other,0,0,0,0,6,0,23.883333333333333
Female,41,African-American,6,0,0,0,2,0,79.31666666666666
Male,26,African-American,27,0,2,2,9,1,240.81666666666666
Male,26,Caucasian,3,0,0,0,10,0,3.566666666666667
Male,23,African-American,10,0,0,1,10,1,96.83333333333333
Male,41,Caucasian,1,0,0,0,1,0,49.833333333333336
Male,22,African-American,13,0,0,1,10,1,22.183333333333334
Male,36,African-American,14,1,2,0,10,1,50.166666666666664
Male,56,Caucasian,0,0,0,0,1,1,19.1
Male,36,African-American,6,0,0,0,8,0,770.5666666666667
Female,27,Caucasian,3,0,0,0,7,0,285.6166666666667
Male,20,African-American,0,0,0,0,9,1,5037.666666666667
Female,32,African-American,0,0,0,0,1,1,-4.483333333333333
Male,24,African-American,0,0,0,0,8,0,31.166666666666668
Male,25,African-American,8,2,3,0,10,0,4448.933333333333
Male,36,African-American,10,0,0,0,10,1,786.7
Male,57,Caucasian,3,0,0,0,1,0,1002.8
Male,29,African-American,4,0,1,1,4,1,46.06666666666667
Male,47,Caucasian,3,0,0,0,2,0,314.6333333333333
Male,33,African-American,2,0,0,0,9,1,680.25
Male,26,African-American,8,0,0,0,9,1,24.033333333333335
Male,56,African-American,8,0,0,0,2,0,186.31666666666666
Male,21,African-American,1,0,1,0,7,0,69.7
Male,23,African-American,2,1,0,0,7,0,438.45
Male,24,Hispanic,0,0,0,0,6,0,10534.65
Male,22,African-American,1,0,0,0,3,0,642.2666666666667
Female,30,Caucasian,9,0,0,0,6,0,1376.3
Male,22,Hispanic,1,0,0,0,3,0,26.983333333333334
Male,25,African-American,0,0,0,0,3,0,8.2
Male,50,Caucasian,0,0,0,0,2,1,343.53333333333336
Female,37,African-American,0,0,0,0,2,0,2.933333333333333
Female,53,Caucasian,0,0,0,0,1,0,22.716666666666665
Male,75,Caucasian,1,0,0,0,4,1,727.8
Male,33,African-American,3,0,0,0,5,1,95.06666666666666
Male,22,Caucasian,1,0,0,0,6,0,286.3333333333333
Male,41,African-American,19,0,0,0,5,1,1162.05
Male,29,African-American,0,0,0,0,1,0,15.866666666666667
Male,56,Other,6,0,0,0,2,1,46.833333333333336
Male,29,African-American,3,0,0,0,7,0,28.583333333333332
Female,24,African-American,11,0,0,1,9,1,1850.3833333333334
Male,34,African-American,21,2,1,3,9,1,799.2333333333333
Male,47,Caucasian,0,0,0,0,1,0,-2.5166666666666666
Male,32,African-American,17,1,2,0,10,1,5022.233333333334
Male,28,Caucasian,2,0,0,0,1,0,25.466666666666665
Male,20,African-American,1,0,0,0,5,0,199.21666666666667
Male,59,Caucasian,0,0,0,0,1,0,30.166666666666668
Male,23,Other,0,0,0,0,3,1,14.866666666666667
Female,49,Caucasian,2,0,0,0,2,1,287.96666666666664
Female,25,Caucasian,0,0,0,0,2,0,14.583333333333334
Male,24,Hispanic,0,0,0,0,1,1,715.9833333333333
Male,23,Caucasian,3,0,2,0,5,1,217.75
Male,26,African-American,1,0,0,0,4,0,48.38333333333333
Female,32,African-American,2,0,0,0,2,0,-5.4
Male,30,African-American,0,0,0,0,6,0,146.28333333333333
Female,27,African-American,3,0,0,0,5,1,22.933333333333334
Male,24,African-American,7,0,0,0,7,1,21.05
Male,43,Caucasian,3,0,0,0,1,1,726.1833333333333
Male,21,African-American,0,0,0,0,5,0,19.216666666666665
Male,38,Asian,0,0,0,0,1,0,17.9
Male,32,African-American,11,2,0,2,10,0,30.516666666666666
Female,30,African-American,4,0,1,0,6,0,44.766666666666666
Male,54,African-American,11,0,0,0,9,0,3117.116666666667
Male,28,African-American,2,0,0,0,2,1,3001.766666666667
Female,49,Caucasian,2,0,0,0,6,0,259.1333333333333
Male,31,Caucasian,0,0,0,0,1,0,1962.15
Female,20,African-American,0,0,0,0,8,1,287.03333333333336
Male,32,African-American,14,0,1,0,9,0,27.7
Male,29,African-American,1,0,0,0,1,0,3.45
Male,32,African-American,1,0,0,0,5,0,10.016666666666667
Female,31,Caucasian,2,0,0,0,4,1,652.4
Male,46,African-American,3,0,0,0,6,1,705.5333333333333
Male,55,African-American,0,0,0,0,1,0,20.8
Female,55,Caucasian,0,0,0,0,1,0,26.716666666666665
Male,35,Caucasian,0,0,0,0,3,1,26.7
Male,24,African-American,3,0,0,1,6,1,27.35
Male,36,African-American,12,0,0,0,9,0,218.75
Male,23,African-American,1,0,0,1,5,1,169.43333333333334
Male,28,Caucasian,0,0,0,0,10,0,39.56666666666667
Female,56,Hispanic,2,0,0,0,1,1,1179.6833333333334
Male,31,Caucasian,1,0,0,0,1,1,-1.5333333333333334
Male,35,African-American,13,0,0,0,8,1,121.2
Male,48,Caucasian,18,0,0,0,6,1,3219.55
Male,23,African-American,0,0,0,0,9,1,356.26666666666665
Male,50,African-American,11,0,0,0,9,0,51.083333333333336
Female,28,Hispanic,2,0,0,0,5,0,176.3
Male,32,African-American,0,0,0,0,6,0,717.3333333333334
Male,59,African-American,9,0,0,0,9,1,18.85
Male,24,African-American,1,0,0,1,2,1,18.1
Male,25,Caucasian,0,0,0,0,3,0,13.65
Male,21,African-American,3,0,0,0,7,1,103.41666666666667
Male,39,Caucasian,0,0,0,0,1,0,55.666666666666664
Male,40,Other,1,0,0,0,1,0,-2.6166666666666667
Female,34,Caucasian,0,0,0,0,7,1,50.95
Male,46,Other,3,0,0,0,1,0,-2.066666666666667
Female,28,Caucasian,7,0,0,0,6,1,163.35
Male,24,African-American,0,0,0,0,2,1,549.0666666666667
Male,38,African-American,0,0,0,0,1,0,21.816666666666666
Male,46,Caucasian,2,0,0,0,5,0,-2.05
Male,24,African-American,0,0,0,0,9,1,364.26666666666665
Male,26,African-American,0,0,0,0,2,0,25.333333333333332
Female,24,African-American,0,0,0,0,7,0,42.5
Male,30,African-American,4,0,0,0,1,0,24.016666666666666
Male,20,African-American,0,0,0,0,5,1,50.95
Male,28,African-American,7,0,0,0,7,0,18.816666666666666
Male,29,Caucasian,8,0,0,0,9,1,1887.3833333333334
Male,24,African-American,2,0,0,0,5,1,28.4
Male,20,Caucasian,1,0,0,3,8,1,25.65
Male,29,African-American,0,0,0,0,2,0,1748.0333333333333
Female,26,Caucasian,1,0,0,0,6,0,25.733333333333334
Male,29,African-American,2,0,0,1,4,1,1219.1333333333334
Male,52,African-American,6,0,0,0,1,1,40.93333333333333
Male,32,African-American,6,0,0,0,8,1,3123.266666666667
Female,49,Caucasian,0,0,0,0,1,1,2.7333333333333334
Male,30,Other,1,0,0,0,2,1,21.233333333333334
Male,47,Caucasian,0,0,0,0,1,0,20.916666666666668
Male,40,Caucasian,0,0,0,0,1,0,23.466666666666665
Male,24,African-American,2,0,0,0,3,1,792.2333333333333
Male,43,Caucasian,13,0,0,0,4,1,1231.8333333333333
Male,30,African-American,8,0,0,0,10,1,29.55
Male,50,Caucasian,26,0,0,0,7,1,25.583333333333332
Male,25,Hispanic,9,0,0,0,8,0,7557.633333333333
Male,25,African-American,0,0,0,0,9,0,16.616666666666667
Male,43,Caucasian,12,0,0,0,6,0,1252.2666666666667
Male,36,African-American,7,0,0,0,2,1,46.38333333333333
Male,33,Caucasian,3,0,0,0,1,0,13.233333333333333
Male,23,Hispanic,1,0,0,1,6,1,30.183333333333334
Male,25,African-American,9,1,2,0,9,1,1195.1333333333334
Male,27,Hispanic,1,0,0,0,7,1,49.083333333333336
Female,32,Native American,3,0,0,0,6,0,552.2166666666667
Male,29,African-American,4,0,0,0,9,1,455.03333333333336
Male,61,Other,0,0,0,0,1,0,17.533333333333335
Female,25,Caucasian,0,0,0,0,5,0,21.733333333333334
Male,31,African-American,6,0,0,0,4,0,985.1666666666666
Male,48,African-American,10,0,0,0,9,0,167.93333333333334
Female,40,African-American,4,0,0,0,1,0,29.3
Male,54,Caucasian,2,0,0,0,4,1,-1.2
Male,40,African-American,0,0,0,0,2,0,26.816666666666666
Male,26,Caucasian,9,0,0,0,7,1,29.65
Male,29,African-American,11,0,0,0,3,1,44.78333333333333
Female,22,Hispanic,1,0,0,0,4,0,23.383333333333333
Male,27,African-American,5,0,0,1,5,1,151.18333333333334
Male,58,African-American,10,0,0,0,3,1,45.06666666666667
Male,32,African-American,0,0,0,0,2,1,140.23333333333332
Male,32,Caucasian,9,0,0,0,7,1,117.76666666666667
Male,40,African-American,4,0,0,0,8,0,1520.4833333333333
Male,49,African-American,3,0,0,0,8,1,21.583333333333332
Male,32,Caucasian,0,0,0,0,6,1,118.01666666666667
Male,29,African-American,1,0,0,0,4,1,26.933333333333334
Female,43,Caucasian,0,0,0,0,1,1,6.45
Male,28,African-American,0,0,0,0,2,0,22.8
Male,49,African-American,4,0,0,0,2,0,860.0333333333333
Male,27,African-American,1,0,0,0,6,0,816.3833333333333
Male,26,African-American,4,0,0,0,9,1,22.15
Male,30,African-American,10,0,0,0,6,1,22.75
Male,52,African-American,16,0,0,0,8,1,20.083333333333332
Male,62,African-American,13,0,0,0,8,1,25.0
Male,56,Other,6,0,0,0,2,1,46.833333333333336
Male,45,Caucasian,1,0,0,0,5,1,663.7
Male,26,African-American,0,0,0,0,4,0,1.85
Male,22,African-American,0,0,0,0,6,1,21.95
Male,19,African-American,3,3,0,0,10,1,6573.383333333333
Male,57,Caucasian,1,0,0,0,4,0,28.95
Male,38,Native American,25,0,0,1,10,1,198.2
Male,32,Hispanic,0,0,0,0,3,0,20.4
Male,19,Caucasian,1,0,1,3,10,1,195.11666666666667
Male,35,African-American,1,0,0,0,2,0,22.033333333333335
Male,33,African-American,0,0,0,0,2,0,26.266666666666666
Male,49,Hispanic,3,0,0,0,4,0,7231.866666666667
Male,29,African-American,6,0,1,0,7,0,2.6166666666666667
Male,27,African-American,7,0,0,0,10,0,15449.483333333334
Male,28,African-American,5,0,0,0,7,1,26.116666666666667
Male,59,African-American,17,0,0,0,4,0,4287.433333333333
Male,30,African-American,7,0,1,0,9,1,928.9
Male,54,Caucasian,3,0,0,0,1,1,48.95
Female,19,Caucasian,1,1,1,0,6,1,29.95
Female,30,African-American,15,0,0,0,8,1,25.916666666666668
Male,30,African-American,1,0,0,0,6,1,22.3
Male,41,African-American,9,2,1,0,9,1,23.816666666666666
Male,23,Caucasian,3,0,0,0,8,1,859.9666666666667
Male,29,African-American,1,0,0,0,6,1,2385.65
Male,26,Hispanic,1,0,0,0,5,0,8908.783333333333
Male,22,African-American,1,0,0,0,3,0,699.0833333333334
Female,30,African-American,15,0,0,0,9,1,-4.683333333333334
Male,38,Native American,25,0,0,1,10,1,198.2
Male,37,Caucasian,7,0,0,0,8,1,1679.65
Female,48,African-American,0,0,0,0,5,0,238.0
Female,28,Other,1,0,0,0,7,0,1568.0833333333333
Male,26,African-American,1,0,0,0,9,1,19.883333333333333
Male,49,African-American,4,0,0,0,4,0,27.35
Female,27,Caucasian,3,0,0,0,10,0,484.8
Male,22,African-American,12,1,0,0,10,1,846.25
Male,20,Caucasian,0,0,0,0,10,1,163.85
Male,42,Caucasian,1,0,0,0,1,0,28.683333333333334
Male,20,Caucasian,1,0,0,0,7,0,147.63333333333333
Male,32,African-American,13,0,1,0,8,1,9.25
Male,61,African-American,11,0,0,0,3,0,26.85
Male,21,Caucasian,1,0,0,1,6,1,1173.45
Male,48,Caucasian,1,0,0,0,2,0,20.266666666666666
Male,28,African-American,3,0,0,0,9,0,1840.6166666666666
Female,52,African-American,0,0,0,0,1,0,15.95
Male,45,Caucasian,10,0,0,0,5,0,262.53333333333336
Male,25,Hispanic,0,0,0,0,2,0,46.5
Male,42,Caucasian,0,0,0,0,1,0,-4.133333333333334
Male,40,Caucasian,10,0,0,0,7,1,119.85
Male,20,African-American,1,0,0,0,5,0,41.61666666666667
Female,22,African-American,0,0,0,0,4,1,25.2
Male,20,African-American,0,0,0,0,7,1,21.766666666666666
Male,44,African-American,16,0,0,1,7,0,23.516666666666666
Male,49,Caucasian,0,0,0,0,1,0,-4.8
Male,23,Other,0,0,0,0,4,0,29.366666666666667
Male,43,African-American,4,0,0,0,1,1,917.5333333333333
Male,31,Caucasian,2,0,0,0,3,1,22.433333333333334
Male,27,Hispanic,6,0,0,0,6,1,339.85
Male,21,African-American,2,1,0,0,10,0,7053.716666666666
Male,51,Hispanic,1,0,0,0,1,0,27.583333333333332
Male,29,Caucasian,1,0,0,0,3,0,896.7
Male,21,Caucasian,1,0,1,0,5,1,143.58333333333334
Male,19,African-American,3,0,0,0,8,1,47.3
Male,31,African-American,3,0,1,0,5,0,22.766666666666666
Male,22,African-American,5,0,0,0,10,0,18.7
Male,26,African-American,7,0,0,0,8,0,21.966666666666665
Female,27,African-American,0,0,0,0,8,0,22.333333333333332
Male,27,Caucasian,0,0,0,0,4,0,290.95
Female,47,Other,0,0,0,0,1,0,72.71666666666667
Male,20,African-American,1,1,0,0,7,0,597.7833333333333
Male,59,Caucasian,0,0,0,0,1,0,24.5
Male,49,African-American,3,0,0,0,10,0,5827.066666666667
Male,37,African-American,26,0,0,1,10,1,44.71666666666667
Male,47,African-American,22,0,0,0,7,1,27.15
Male,38,African-American,0,0,0,0,1,0,5.366666666666666
Male,23,African-American,4,0,2,2,7,1,23.483333333333334
Male,29,African-American,29,0,0,0,8,1,120.78333333333333
Male,26,African-American,2,0,0,0,2,0,19.316666666666666
Female,27,African-American,10,0,1,0,9,1,358.53333333333336
Male,41,African-American,25,0,0,0,9,1,4463.483333333334
Male,60,African-American,13,0,0,0,6,1,50.233333333333334
Female,60,Caucasian,2,0,0,0,1,0,28.716666666666665
Male,23,Caucasian,0,0,0,0,4,0,28.2
Male,41,African-American,7,0,0,1,7,1,31.733333333333334
Male,37,Hispanic,1,0,0,0,3,0,1.85
Male,20,African-American,0,0,0,0,10,1,287.0833333333333
Male,34,African-American,20,0,1,0,9,1,643.5333333333333
Male,22,African-American,4,0,0,0,6,0,5810.9
Male,31,African-American,10,0,0,1,6,1,4366.1
Male,55,Caucasian,0,0,0,0,5,0,23.983333333333334
Female,44,Caucasian,4,0,0,0,6,1,121.73333333333333
Male,30,Caucasian,3,0,0,0,3,0,25.883333333333333
Male,20,Caucasian,0,0,0,0,9,1,4.35
Male,25,African-American,8,0,3,1,8,1,14.766666666666667
Female,53,African-American,10,0,0,0,2,1,96.81666666666666
Male,39,African-American,1,0,0,0,8,0,23.133333333333333
Male,35,Caucasian,2,0,0,0,2,0,193.58333333333334
Female,38,Caucasian,0,0,0,0,1,0,23.233333333333334
Male,40,Caucasian,4,0,0,0,7,0,27.45
Male,59,Caucasian,2,0,0,0,1,0,306.85
Male,25,African-American,2,0,0,0,4,1,117.35
Male,47,Other,5,0,0,0,1,1,21.166666666666668
Male,26,African-American,11,0,1,1,7,1,28.55
Male,36,Hispanic,0,0,0,0,1,0,603.5333333333333
Male,24,Caucasian,0,0,0,0,1,0,15.9
Male,26,African-American,0,0,0,0,2,0,67.35
Male,38,Caucasian,0,0,0,0,1,0,175.68333333333334
Male,32,Caucasian,1,0,0,0,1,0,5.183333333333334
Male,51,African-American,17,0,0,0,8,1,20.85
Male,34,Native American,9,1,0,0,6,0,6.85
Male,29,African-American,4,0,0,0,4,0,56.0
Male,27,African-American,0,0,0,1,2,0,-5.083333333333333
Male,40,Other,1,0,0,0,1,0,28.7
Male,31,African-American,10,5,0,0,9,1,111.9
Male,60,African-American,15,0,0,0,4,1,912.95
Female,64,African-American,1,0,0,0,1,1,16.366666666666667
Male,40,Caucasian,4,0,0,0,5,0,16.783333333333335
Male,22,Caucasian,1,0,0,0,5,1,14.016666666666667
Male,43,Caucasian,0,0,0,0,1,0,5.233333333333333
Male,53,Caucasian,0,0,0,0,1,0,6.916666666666667
Male,33,Caucasian,1,0,0,0,1,0,13.15
Male,27,African-American,3,0,0,0,9,1,187.01666666666668
Male,27,African-American,3,0,0,0,3,0,51.516666666666666
Male,46,Caucasian,3,0,0,0,4,0,341.1666666666667
Female,24,African-American,6,1,0,0,9,1,625.8666666666667
Male,22,Caucasian,2,0,0,0,5,0,1360.45
Male,28,African-American,2,0,0,0,5,0,748.8666666666667
Male,23,African-American,3,0,0,0,2,1,20.866666666666667
Male,37,Caucasian,11,0,0,0,9,1,20.65
Male,20,African-American,2,0,1,0,9,1,23.233333333333334
Male,25,African-American,7,0,1,1,5,1,20.533333333333335
Male,22,African-American,5,0,0,0,5,0,22.566666666666666
Male,33,African-American,16,0,0,0,9,1,21.233333333333334
Male,22,Caucasian,2,0,0,0,3,1,20.516666666666666
Male,42,African-American,0,0,0,0,1,0,6.7
Male,31,Caucasian,5,0,0,1,6,0,1637.5
Male,28,Caucasian,5,0,0,0,5,0,195.78333333333333
Male,27,Caucasian,3,0,0,0,1,0,-0.21666666666666667
Male,35,African-American,4,0,0,0,1,0,189.93333333333334
Male,50,Caucasian,0,0,0,0,2,0,169.28333333333333
Male,23,African-American,2,0,0,0,8,0,3047.383333333333
Male,30,Other,5,0,0,0,5,1,1497.3666666666666
Male,24,African-American,0,0,0,0,2,0,-4.916666666666667
Female,23,Hispanic,0,0,0,0,4,0,16.6
Male,31,African-American,0,0,0,0,3,0,6743.883333333333
Male,29,Caucasian,1,0,0,0,6,0,5.316666666666666
Female,28,African-American,5,0,0,0,8,0,48.05
Male,37,African-American,8,0,0,0,2,1,27.116666666666667
Male,42,Caucasian,0,0,0,0,1,0,24.266666666666666
Male,34,Caucasian,5,0,0,0,2,1,27.95
Male,25,Hispanic,2,0,0,0,5,1,21.55
Male,32,Caucasian,5,0,0,0,5,1,22.1
Male,28,Caucasian,7,0,0,0,9,1,28.483333333333334
Male,20,Caucasian,1,0,1,0,5,1,31.516666666666666
Male,27,African-American,3,0,0,0,7,1,145.23333333333332
Male,46,Caucasian,1,0,0,0,1,0,22.066666666666666
Male,21,African-American,0,0,0,0,10,1,25.083333333333332
Male,24,Caucasian,5,0,0,0,6,1,453.4
Male,46,African-American,8,1,0,0,4,1,20.983333333333334
Male,44,African-American,16,0,0,1,7,0,23.516666666666666
Male,28,Caucasian,6,0,0,0,4,1,43.583333333333336
Male,28,Hispanic,8,0,0,0,8,1,1360.95
Female,27,African-American,0,0,0,0,4,0,71.81666666666666
Female,24,Hispanic,0,0,0,0,3,0,25.45
Male,25,African-American,1,0,0,0,2,1,46.06666666666667
Male,38,Caucasian,0,0,0,0,3,1,9.033333333333333
Male,27,Caucasian,0,0,0,0,2,0,21.333333333333332
Male,22,African-American,1,0,0,0,3,1,360.68333333333334
Male,35,Caucasian,0,0,0,0,3,1,26.7
Male,23,African-American,0,0,0,0,3,0,46.916666666666664
Male,34,African-American,12,0,0,0,7,1,1486.9666666666667
Female,43,Caucasian,0,0,0,0,6,0,718.65
Female,42,African-American,2,0,0,0,2,0,68.95
Male,33,Caucasian,2,0,0,0,2,0,1.6333333333333333
Male,27,African-American,6,0,0,0,5,1,16.233333333333334
Male,21,African-American,0,0,0,0,9,1,3.1333333333333333
Male,26,African-American,3,0,0,0,6,1,23.366666666666667
Male,28,Caucasian,2,0,0,1,4,0,314.85
Female,31,Caucasian,1,0,0,0,5,1,256.7
Male,48,Caucasian,2,0,0,0,1,1,93.95
Male,35,African-American,1,0,0,0,10,1,29.566666666666666
Male,27,Caucasian,0,0,0,0,4,0,25.916666666666668
Male,22,Caucasian,1,0,1,0,8,1,478.95
Male,47,Caucasian,2,0,0,0,5,1,48.88333333333333
Male,22,African-American,2,0,0,0,6,1,1894.4833333333333
Female,29,Caucasian,1,0,0,0,5,1,55.2
Male,28,Hispanic,0,0,0,0,3,0,2091.45
Female,49,Caucasian,2,0,0,0,1,1,4.75
Male,29,African-American,7,0,0,0,7,0,43.233333333333334
Male,30,African-American,1,0,0,0,4,1,3168.15
Male,44,Caucasian,2,0,0,0,1,0,24.15
Male,25,Caucasian,13,4,0,1,4,1,124.63333333333334
Female,29,African-American,9,0,0,0,7,1,353.76666666666665
Male,24,Caucasian,5,0,0,1,5,1,141.23333333333332
Male,25,Other,24,20,0,0,10,1,20.8
Male,27,African-American,7,0,0,0,7,1,664.5333333333333
Male,58,Caucasian,1,0,0,0,1,0,23.866666666666667
Male,42,African-American,17,0,0,0,7,1,1244.6333333333334
Female,47,Caucasian,28,0,0,0,9,1,2825.883333333333
Female,21,African-American,0,0,0,0,10,1,792.4666666666667
Male,29,African-American,2,0,0,0,10,0,27.55
Male,42,Caucasian,0,0,0,0,1,0,66.81666666666666
Male,27,African-American,13,0,0,1,10,1,22.816666666666666
Male,21,African-American,0,0,0,1,3,1,19.916666666666668
Male,38,Caucasian,0,0,0,0,1,0,54.6
Male,20,African-American,2,0,0,4,5,1,27.466666666666665
Female,30,African-American,3,0,0,0,6,1,288.65
Male,49,African-American,0,0,0,0,1,0,5806.266666666666
Female,37,African-American,1,0,0,0,1,0,215.9
Female,58,Caucasian,0,0,0,0,1,0,19.083333333333332
Male,57,African-American,13,0,0,0,5,0,26.733333333333334
Male,32,African-American,7,0,0,0,9,1,889.0333333333333
Male,23,African-American,2,1,0,0,9,1,25.083333333333332
Female,30,African-American,2,0,0,0,2,0,22.0
Female,45,African-American,1,0,0,0,3,0,2420.8
Male,18,African-American,2,2,0,0,10,0,21.8
Male,58,African-American,6,0,0,0,7,0,53.666666666666664
Male,30,African-American,14,0,0,0,6,1,550.6
Male,31,African-American,1,0,0,0,3,0,98.13333333333334
Female,22,Caucasian,0,0,0,0,5,0,22.533333333333335
Male,25,Caucasian,1,0,0,0,9,0,1417.1
Male,25,Hispanic,0,0,0,0,2,0,-2.8666666666666667
Male,26,African-American,2,0,0,0,6,0,799.1666666666666
Male,32,Caucasian,10,0,2,1,5,1,161.4
Male,37,African-American,3,0,0,0,7,0,20.433333333333334
Male,55,African-American,0,0,0,0,8,1,1086.7333333333333
Male,30,Caucasian,0,0,0,0,3,0,23.283333333333335
Male,29,African-American,1,0,0,0,1,0,115.98333333333333
Male,30,Caucasian,1,0,0,0,3,1,19.15
Female,28,African-American,0,0,0,0,2,0,5.75
Female,27,African-American,10,0,1,0,7,1,451.1
Male,51,African-American,8,0,0,0,1,1,74.95
Male,22,Caucasian,1,0,0,0,2,0,19.866666666666667
Male,49,African-American,1,0,0,0,3,0,212.23333333333332
Male,25,African-American,0,0,0,0,2,0,29.283333333333335
Male,52,African-American,3,0,0,0,6,1,598.1666666666666
Female,34,African-American,7,0,2,0,5,0,66.53333333333333
Male,26,African-American,5,0,0,0,7,1,6.583333333333333
Male,42,Other,1,0,0,0,2,0,30.8
Male,33,Other,0,0,0,0,1,0,983.6666666666666
Male,25,Caucasian,6,0,0,0,7,1,1309.65
Male,34,African-American,6,0,0,0,7,0,44.55
Male,47,Other,0,0,0,0,1,0,18.516666666666666
Male,27,African-American,7,0,0,0,9,1,97.55
Male,25,Caucasian,0,0,0,0,3,0,27.333333333333332
Female,27,African-American,0,0,0,0,8,1,163.58333333333334
Male,32,African-American,0,0,0,0,6,0,75.75
Male,33,African-American,0,0,0,0,5,1,19.916666666666668
Male,23,African-American,1,0,0,0,7,1,648.9666666666667
Female,27,African-American,0,0,0,0,2,0,20.583333333333332
Male,24,Hispanic,2,0,0,1,4,0,5.533333333333333
Male,59,African-American,3,0,0,0,3,1,194.35
Male,29,Caucasian,6,0,0,0,4,1,15.8
Male,61,African-American,12,0,0,0,3,0,5807.716666666666
Male,39,Caucasian,16,0,0,0,9,1,845.45
Male,44,Caucasian,4,0,0,0,4,0,29.833333333333332
Male,21,African-American,0,0,0,0,7,0,29.85
Male,23,African-American,0,0,0,0,3,0,28.35
Female,39,African-American,1,0,0,0,5,0,1505.7
Male,28,African-American,13,0,0,0,7,0,3065.766666666667
Female,35,Caucasian,4,0,0,0,3,0,333.96666666666664
Female,55,Caucasian,0,0,0,0,1,0,26.716666666666665
Female,50,Caucasian,0,0,0,0,3,1,5.483333333333333
Male,20,African-American,0,0,0,0,9,1,5037.666666666667
Male,26,African-American,6,0,0,0,10,1,27.183333333333334
Male,57,Caucasian,7,0,0,0,1,1,3645.9666666666667
Male,30,African-American,6,0,0,0,6,1,28.883333333333333
Male,21,Hispanic,1,0,0,0,9,0,118.3
Male,35,African-American,5,0,0,0,8,0,835.85
Male,54,African-American,8,0,0,0,1,1,-2.4166666666666665
Male,31,African-American,12,0,0,0,6,0,809.2666666666667
Male,34,African-American,1,0,0,0,7,0,-3.5166666666666666
Male,36,Other,0,0,0,0,4,0,91.46666666666667
Female,35,Caucasian,5,0,0,0,6,0,501.23333333333335
