sex,age,race,priors_count,juv_fel_count,juv_misd_count,juv_other_count,decile_score,is_recid,jail_time
Male,23,African-American,0,0,0,0,2,0,25.066666666666666
Male,41,African-American,18,2,0,0,10,1,815.6166666666667
Male,31,African-American,1,0,0,0,3,1,5516.366666666667
Male,51,Caucasian,3,0,0,0,2,0,2066.0833333333335
Male,26,African-American,7,0,0,0,6,0,27.333333333333332
Male,23,Hispanic,2,0,0,0,4,0,551.4833333333333
Female,34,African-American,14,0,0,0,9,0,93.85
Male,22,Caucasian,1,0,0,3,5,1,29.166666666666668
Male,23,Hispanic,0,0,0,0,2,0,23.033333333333335
Female,24,Other,1,0,0,0,2,0,24.516666666666666
Female,28,Caucasian,0,0,0,0,2,0,17.65
Male,28,Caucasian,1,0,0,0,7,1,740.3166666666667
Male,30,African-American,14,0,0,0,6,1,550.6
Male,27,African-American,1,0,0,0,5,0,2690.2833333333333
Male,24,Caucasian,8,0,0,0,4,1,21.05
Male,42,African-American,1,0,0,0,1,0,44.4
Male,32,Hispanic,1,0,0,0,1,0,0.36666666666666664
Male,33,African-American,21,0,0,0,7,1,147.36666666666667
Female,26,African-American,1,0,0,0,5,0,42.13333333333333
Male,50,African-American,0,0,0,0,1,0,48.516666666666666
Male,30,African-American,2,0,0,0,5,1,24.383333333333333
Male,23,Caucasian,2,0,0,0,6,0,191.9
Female,30,African-American,0,0,0,0,5,1,23.966666666666665
Female,36,African-American,13,0,0,0,9,1,798.8
Male,23,African-American,3,0,1,0,5,1,145.18333333333334
Female,43,African-American,5,1,0,0,10,0,10540.233333333334
Male,28,Caucasian,7,0,0,0,10,0,7772.666666666667
Female,31,African-American,5,0,0,0,6,0,241.46666666666667
Male,37,Hispanic,2,0,0,0,1,1,25.15
Male,25,Caucasian,0,0,0,0,5,1,53.583333333333336
Male,27,African-American,21,0,0,0,7,1,840.5666666666667
Female,47,Caucasian,1,0,0,0,1,1,342.3
Male,28,Caucasian,0,0,0,0,2,1,21.3
Female,34,Caucasian,12,0,0,0,10,1,73.3
Male,23,African-American,2,1,0,0,9,1,25.083333333333332
Male,34,African-American,8,0,0,0,7,1,26.716666666666665
Male,44,Caucasian,1,0,0,0,1,0,23.633333333333333
Male,53,Hispanic,1,0,0,0,1,1,48.38333333333333
Male,26,African-American,3,0,0,0,10,1,46.21666666666667
Male,26,Caucasian,9,0,0,0,7,1,29.65
Male,31,Hispanic,0,0,0,0,1,0,117.2
Female,37,Caucasian,8,0,0,0,5,0,19.583333333333332
Female,44,African-American,1,0,0,0,2,0,44.266666666666666
Male,68,Caucasian,0,0,0,0,1,0,24.316666666666666
Male,26,African-American,6,0,0,2,7,0,6.216666666666667
Male,23,African-American,2,0,0,0,5,0,647.0
Male,35,African-American,13,1,0,4,8,1,21.7
Male,26,Caucasian,1,0,0,0,3,1,18.3
Male,28,Caucasian,0,0,0,0,7,0,25.05
Male,39,Hispanic,2,0,0,0,1,1,2518.3
Male,27,African-American,3,0,0,0,9,1,23.316666666666666
Male,35,Caucasian,1,0,0,0,1,1,1180.1166666666666
Male,48,Other,4,0,0,0,1,1,98.33333333333333
Male,55,Caucasian,0,0,0,0,1,0,14.45
Female,39,Caucasian,4,0,0,0,1,1,27.016666666666666
Male,38,Hispanic,0,0,0,0,4,0,26.233333333333334
Male,32,African-American,19,0,3,0,9,1,27.4
Male,58,Caucasian,0,0,0,0,1,0,22.533333333333335
Male,32,Caucasian,0,0,0,0,3,0,25.416666666666668
Male,40,African-American,3,0,0,0,2,0,25.833333333333332
Male,66,African-American,33,0,0,0,6,1,327.1166666666667
Female,39,African-American,4,0,0,0,6,0,77.33333333333333
Male,45,Hispanic,0,0,0,0,1,0,33.583333333333336
Male,27,African-American,4,0,0,0,2,1,24.483333333333334
Female,30,African-American,11,0,0,0,7,1,145.21666666666667
Male,29,African-American,29,0,0,0,8,1,120.78333333333333
Female,22,African-American,0,0,0,1,5,0,24.783333333333335
Male,23,African-American,0,0,0,0,10,1,21.45
Male,23,African-American,4,0,2,2,7,1,23.483333333333334
Male,42,Hispanic,1,0,0,0,1,1,1242.85
Male,20,Caucasian,0,0,0,0,5,1,30.066666666666666
Male,27,Other,0,0,0,0,1,0,27.183333333333334
Male,61,African-American,8,0,0,0,2,1,17.966666666666665
Male,27,Hispanic,1,0,0,0,5,0,45.083333333333336
Male,21,Caucasian,1,0,1,0,5,1,143.58333333333334
Male,33,African-American,16,0,2,2,9,1,149.63333333333333
Male,39,Caucasian,2,0,0,0,2,1,119.18333333333334
Male,26,Caucasian,4,0,0,0,7,1,48.86666666666667
Male,24,African-American,3,0,0,0,10,1,-4.383333333333334
Male,47,Other,5,0,0,0,1,0,23.883333333333333
Male,26,African-American,8,0,0,0,8,1,6.416666666666667
Male,25,African-American,7,0,1,1,5,1,20.533333333333335
Male,33,Caucasian,1,0,0,0,8,1,242.71666666666667
Male,52,Caucasian,6,0,0,0,5,1,43.5
Male,67,Caucasian,3,0,0,0,1,0,29.816666666666666
Male,50,African-American,1,0,0,0,1,0,23.15
Male,25,African-American,0,0,0,0,5,0,22.933333333333334
Male,38,African-American,14,0,0,0,7,0,1347.9
Male,32,Caucasian,2,0,0,0,4,0,961.4833333333333
Male,28,African-American,7,0,0,0,10,1,19.8
Male,30,Other,0,0,0,0,6,1,24.416666666666668
Male,27,African-American,0,0,0,0,1,0,19.216666666666665
Female,20,African-American,0,0,0,0,8,0,46.06666666666667
Female,39,African-American,22,0,0,0,6,1,42.266666666666666
Male,50,African-American,24,0,0,2,8,1,777.15
Male,62,African-American,15,0,0,0,9,0,870.1166666666667
Female,53,Caucasian,0,0,0,0,1,0,27.866666666666667
Male,52,African-American,23,0,0,0,3,1,4918.783333333334
Male,34,African-American,1,0,0,0,2,0,53.1
Male,21,African-American,0,0,0,0,6,0,0.48333333333333334
Male,21,Caucasian,3,0,2,1,10,1,27.816666666666666
Female,32,Hispanic,0,0,0,0,1,0,21.733333333333334
Male,23,African-American,4,0,0,0,10,1,16.7
Female,21,African-American,1,1,0,0,6,1,23.883333333333333
Male,48,African-American,5,0,0,0,9,1,5825.766666666666
Male,38,Caucasian,5,0,0,0,2,0,6186.683333333333
Male,27,African-American,0,0,0,0,1,1,0.5
Male,22,African-American,0,0,0,0,10,0,93.81666666666666
Male,29,Caucasian,3,0,0,0,6,1,21.983333333333334
Female,28,Caucasian,0,0,0,0,4,1,15.116666666666667
Male,37,African-American,23,1,8,5,8,1,45.06666666666667
Female,26,African-American,0,0,0,0,2,0,-4.55
Male,40,Caucasian,2,0,0,0,1,0,373.0
Male,32,Caucasian,11,1,0,0,10,1,7553.6
Male,30,African-American,3,0,0,0,1,0,31.933333333333334
Male,38,Hispanic,3,0,0,0,1,1,46.333333333333336
Male,32,African-American,11,2,0,2,10,0,30.516666666666666
Male,28,African-American,13,0,0,0,8,1,43.916666666666664
Male,24,Other,0,0,0,0,4,1,27.0
Female,48,Other,0,0,0,0,1,0,28.95
Male,25,Caucasian,0,0,0,0,2,0,5.366666666666666
Male,26,Caucasian,9,0,0,0,7,1,29.65
Male,36,African-American,11,0,0,0,6,1,864.0166666666667
Male,48,Caucasian,2,0,0,0,8,1,101.96666666666667
Male,39,Caucasian,0,0,0,0,1,0,18.6
Male,25,Caucasian,2,0,0,1,5,0,17.283333333333335
Male,27,African-American,0,0,0,0,2,1,50.05
Male,20,Caucasian,0,0,0,0,4,1,37.53333333333333
Male,24,Caucasian,5,0,0,0,7,1,893.9666666666667
Male,50,African-American,10,0,0,0,5,0,1151.3833333333334
Male,40,Other,0,0,0,0,1,0,47.56666666666667
Male,26,African-American,2,0,0,0,2,1,214.0
Male,42,Caucasian,2,0,0,0,5,1,2.3
Male,25,African-American,0,0,0,0,9,0,16.616666666666667
Male,53,African-American,1,0,0,0,8,0,8736.333333333334
Male,45,Other,2,0,0,0,1,0,724.6333333333333
Male,23,African-American,1,0,0,0,6,1,54.2
Female,47,Caucasian,0,0,0,0,1,0,2.7
Male,34,African-American,5,0,0,0,2,1,23.033333333333335
Male,28,Hispanic,1,0,0,0,5,0,39.8
Male,31,Caucasian,3,0,0,0,5,0,769.95
Male,26,African-American,10,0,0,0,8,1,29.7
Male,29,Caucasian,1,0,0,0,1,0,-2.8833333333333333
Male,59,Caucasian,4,0,0,0,4,0,1187.1
Female,23,Hispanic,1,0,0,0,3,1,10.25
Male,49,Caucasian,2,0,0,0,6,0,65.9
Female,49,Caucasian,4,0,0,0,2,0,93.33333333333333
Male,42,Caucasian,1,0,0,0,2,1,21.833333333333332
Male,23,African-American,6,0,3,1,10,1,3263.233333333333
Female,38,Caucasian,1,0,0,0,6,0,24.783333333333335
Male,64,Caucasian,8,0,0,0,10,1,6968.766666666666
Male,32,African-American,0,0,0,0,2,1,140.23333333333332
Male,30,Caucasian,0,0,0,0,4,0,44.13333333333333
Female,37,African-American,0,0,0,0,5,0,891.8333333333334
Male,44,Caucasian,0,0,0,0,1,0,22.733333333333334
Female,31,Other,4,0,0,0,6,0,23.583333333333332
Male,20,African-American,0,0,0,3,6,1,26.933333333333334
Male,35,African-American,1,0,0,0,6,1,22.233333333333334
Male,48,Caucasian,18,0,0,0,6,1,3219.55
Male,33,African-American,2,0,0,0,8,1,20.433333333333334
Male,56,African-American,3,0,0,0,2,1,26.75
Male,22,Caucasian,0,0,0,1,6,1,3.0833333333333335
Male,38,African-American,0,0,0,0,4,0,27.1
Male,26,African-American,3,0,0,0,7,1,1130.2333333333333
Male,46,African-American,3,0,0,0,1,1,24.95
Male,21,African-American,1,0,0,0,9,0,44.266666666666666
Male,29,Caucasian,12,0,0,0,6,1,938.85
Male,23,African-American,5,0,1,0,8,0,1199.3666666666666
Female,28,Caucasian,0,0,0,0,4,0,20.5
Male,21,Hispanic,1,0,0,0,10,0,270.1666666666667
Male,21,Caucasian,2,0,0,0,6,0,1295.5333333333333
Male,28,African-American,6,0,0,0,8,1,30.633333333333333
Male,21,Caucasian,2,0,0,0,7,1,24.133333333333333
Male,22,African-American,3,0,0,0,6,0,3724.1
Female,31,African-American,0,0,0,0,6,0,57.516666666666666
Male,30,Caucasian,0,0,0,0,3,1,20.05
Male,33,Caucasian,3,0,0,0,3,0,4.15
Male,30,Caucasian,0,0,0,0,3,0,115.5
Female,43,Caucasian,1,0,0,0,3,0,24.183333333333334
Female,23,African-American,2,0,0,0,8,1,20.633333333333333
Female,43,Caucasian,0,0,0,0,1,1,30.683333333333334
Male,35,African-American,4,0,0,0,5,0,711.6833333333333
Male,29,African-American,2,0,1,0,3,1,50.38333333333333
Male,42,Caucasian,1,0,0,0,2,0,-4.2
Female,47,African-American,7,0,0,0,9,1,18.7
Male,20,African-American,0,0,0,0,4,1,30.033333333333335
Male,40,Other,7,0,0,0,2,0,46.75
Male,21,African-American,0,0,0,0,4,1,19.733333333333334
Male,26,African-American,3,0,1,0,6,1,49.833333333333336
Female,27,Caucasian,1,0,0,0,4,0,342.4
Male,35,Other,3,0,0,0,1,1,26.566666666666666
Male,26,Hispanic,3,0,0,0,9,0,1050.2833333333333
Male,25,Caucasian,4,0,0,0,9,0,31.8
Male,36,Caucasian,14,0,0,0,4,1,21.85
Male,23,African-American,2,0,0,0,8,1,166.16666666666666
Male,39,African-American,6,0,0,1,7,1,857.4166666666666
Male,33,Caucasian,1,0,0,0,6,0,4135.15
Male,47,Caucasian,11,0,0,0,4,0,2158.233333333333
Male,35,African-American,9,0,0,0,6,0,28.15
Male,25,Other,0,0,0,0,4,0,41.416666666666664
Male,23,African-American,0,0,0,0,7,0,51.166666666666664
Male,24,African-American,3,0,0,0,4,1,45.46666666666667
Male,55,Caucasian,2,0,0,0,1,0,26.116666666666667
Female,33,Hispanic,2,0,0,0,4,1,217.68333333333334
Female,28,African-American,13,0,0,0,9,1,768.3666666666667
Male,36,Hispanic,0,0,0,0,1,0,21.5
Male,35,Caucasian,2,0,0,0,2,1,49.65
Male,26,African-American,1,0,0,0,5,1,27.016666666666666
Male,52,Caucasian,2,0,0,0,2,0,354.25
Male,21,African-American,2,0,0,1,9,0,1351.0833333333333
Male,22,Caucasian,1,0,0,0,2,0,19.866666666666667
Male,30,Caucasian,1,0,0,0,3,1,19.316666666666666
Male,28,Hispanic,16,0,0,0,10,1,699.9166666666666
Male,36,Caucasian,10,0,0,0,5,1,166.7
Male,51,Caucasian,1,0,0,0,1,0,100.06666666666666
Male,29,African-American,6,1,2,0,6,1,20.3
Male,43,Caucasian,2,0,0,0,2,1,122.05
Female,24,African-American,2,0,0,0,6,1,1391.95
Male,40,African-American,1,0,0,0,1,0,44.15
Male,27,African-American,0,0,0,0,1,0,27.016666666666666
Male,24,Caucasian,5,0,0,0,6,1,453.4
Female,28,Caucasian,7,0,0,0,9,1,24.516666666666666
Male,23,Caucasian,2,0,0,0,7,1,3936.5333333333333
Male,56,Caucasian,1,0,0,0,1,0,66.4
Male,26,Caucasian,10,0,0,3,8,1,20.633333333333333
Male,39,African-American,2,0,0,0,4,0,5374.3
Male,44,Caucasian,0,0,0,0,1,1,29.35
Male,55,African-American,10,0,0,0,8,0,6.6
Male,34,African-American,1,0,0,0,1,0,38.8
Male,41,African-American,8,0,0,0,1,1,48.85
Male,26,African-American,7,0,0,1,8,1,75.86666666666666
Male,35,Caucasian,7,0,0,0,4,1,1824.2
Female,23,Caucasian,4,0,0,0,9,1,3197.866666666667
Male,33,Caucasian,6,0,0,0,7,0,2322.5666666666666
Male,21,Other,1,0,0,0,6,1,94.1
Female,22,Other,0,0,0,0,4,0,56.21666666666667
Male,24,Caucasian,3,0,0,0,5,1,938.4166666666666
Male,27,African-American,6,2,0,0,8,1,22.366666666666667
Male,29,Caucasian,0,0,0,0,2,0,-5.916666666666667
Male,47,African-American,9,0,0,0,4,1,1559.4666666666667
Male,20,African-American,6,4,2,1,10,1,1442.8333333333333
Male,34,Caucasian,5,0,0,0,2,1,27.95
Female,22,African-American,0,0,0,0,3,0,26.816666666666666
Male,44,Caucasian,0,0,0,0,2,1,40.28333333333333
Male,60,Caucasian,1,0,0,0,1,0,23.4
Male,25,African-American,3,0,0,0,6,1,49.75
Male,22,African-American,2,0,0,0,6,0,1198.1166666666666
Male,35,African-American,4,2,0,0,8,0,42.15
Male,43,Other,1,0,0,0,1,0,21.766666666666666
Male,35,African-American,0,0,0,0,4,0,27.966666666666665
Male,50,African-American,10,0,0,0,5,0,1151.3833333333334
Male,56,African-American,8,0,0,0,3,0,1732.2333333333333
Male,24,Caucasian,3,0,1,1,8,1,4.966666666666667
Male,41,African-American,18,0,0,0,9,0,95.53333333333333
Female,24,Caucasian,3,0,0,1,6,0,2879.883333333333
Male,21,African-American,0,0,0,1,8,0,50.05
Female,19,Caucasian,2,0,0,0,10,1,534.6
Male,21,African-American,0,0,0,0,3,0,24.7
Male,24,Hispanic,0,0,0,0,1,1,26.133333333333333
Male,46,African-American,8,0,0,0,3,1,6696.116666666667
Male,31,African-American,5,0,1,0,9,1,22.566666666666666
Female,47,Caucasian,2,0,0,0,5,0,72.25
Male,48,Other,1,0,0,0,1,0,48.7
Male,32,Caucasian,6,0,0,0,2,1,67.0
Female,31,African-American,0,0,0,0,1,0,-0.13333333333333333
Male,22,Hispanic,0,0,0,0,3,0,24.083333333333332
Male,55,Caucasian,18,0,0,0,7,1,1343.4333333333334
Male,24,African-American,0,0,0,0,3,0,13.6
Male,29,African-American,3,0,0,0,3,1,27.4
Male,33,African-American,0,0,0,0,1,0,55.9
Male,50,Caucasian,1,0,0,0,1,1,26.283333333333335
Male,26,African-American,1,0,0,0,10,1,1372.1833333333334
Male,31,Hispanic,0,0,0,0,1,0,117.2
Female,28,African-American,1,0,0,0,9,0,931.95
Male,48,African-American,2,0,0,0,1,1,25.1
Male,23,Caucasian,1,0,0,0,3,0,1055.5833333333333
Male,22,Other,1,0,0,0,6,0,128.33333333333334
Male,28,Caucasian,1,0,0,0,4,1,720.8833333333333
Female,30,African-American,0,0,0,0,2,0,22.65
Male,21,African-American,1,0,0,1,10,1,23.933333333333334
Male,20,African-American,1,1,0,0,3,1,911.7833333333333
Male,21,Caucasian,1,0,0,0,4,0,21.716666666666665
Male,28,African-American,7,1,0,0,10,1,24.416666666666668
Male,39,African-American,1,0,0,0,4,0,117.61666666666666
Male,52,Caucasian,3,0,0,0,2,0,41.25
Male,32,African-American,14,0,0,0,9,1,50.36666666666667
Male,36,African-American,2,0,0,0,4,1,1131.0333333333333
Female,25,Caucasian,1,0,0,0,5,0,408.3666666666667
Male,30,Caucasian,9,0,0,0,8,0,6882.3
Male,24,African-American,0,0,0,0,6,1,488.6166666666667
Male,45,Caucasian,0,0,0,0,1,0,99.76666666666667
Male,46,Caucasian,0,0,0,0,1,0,22.183333333333334
Male,57,Caucasian,0,0,0,0,1,0,29.733333333333334
Male,23,Caucasian,2,0,0,0,2,0,21.616666666666667
Male,27,African-American,0,0,0,0,2,0,26.433333333333334
Male,38,African-American,0,0,0,0,4,0,27.1
Male,30,Caucasian,1,0,0,0,3,1,19.316666666666666
Male,42,African-American,14,0,0,0,7,1,41.5
Male,24,Caucasian,3,0,2,0,4,1,26.816666666666666
Female,21,Caucasian,1,0,0,0,8,1,-4.216666666666667
Male,23,African-American,3,1,0,1,9,0,807.15
Male,31,Hispanic,0,0,0,0,2,0,3.066666666666667
Male,21,African-American,1,0,1,0,7,0,69.7
Female,36,African-American,2,0,1,0,6,0,16.233333333333334
Female,36,Caucasian,4,0,0,0,2,1,2493.733333333333
Male,46,Caucasian,4,0,0,0,2,0,64.13333333333334
Male,45,Caucasian,2,0,0,0,2,0,2029.7166666666667
Male,40,African-American,0,0,0,0,1,0,146.53333333333333
Male,44,African-American,0,0,0,0,1,0,28.05
Male,24,African-American,2,0,1,2,6,0,6.983333333333333
Male,25,African-American,21,0,1,0,10,1,55.3
Male,34,African-American,1,0,0,0,6,0,20.433333333333334
Male,50,Hispanic,11,0,0,0,9,0,2735.15
Male,42,Caucasian,5,0,0,0,6,0,23.4
Male,21,African-American,1,0,0,0,9,0,44.266666666666666
Male,20,African-American,0,0,0,0,6,1,45.733333333333334
Male,29,Other,0,0,0,0,1,0,21.266666666666666
Female,40,African-American,0,0,0,0,1,0,-5.183333333333334
Male,33,African-American,2,0,0,0,3,0,9.75
Male,33,African-American,13,0,0,0,6,1,6.216666666666667
Male,31,Caucasian,3,0,0,0,7,0,3.2333333333333334
Female,21,Caucasian,0,0,1,0,5,1,32.78333333333333
Male,20,Caucasian,1,0,1,1,10,1,312.26666666666665
Male,40,African-American,0,0,0,0,1,0,146.53333333333333
Female,32,Hispanic,0,0,0,0,1,0,240.1
Male,29,Caucasian,0,0,0,0,2,1,27.116666666666667
Male,23,Hispanic,2,0,0,0,5,1,1414.8833333333334
Male,45,Caucasian,0,0,0,0,2,0,20.05
Male,28,Asian,1,0,0,0,5,0,1839.95
Male,46,African-American,0,0,0,0,2,0,25.033333333333335
Female,54,Caucasian,1,0,0,0,2,0,1824.45
Female,50,African-American,2,0,0,0,2,0,21.983333333333334
Male,57,African-American,19,0,0,0,3,0,25.7
Male,20,African-American,1,1,0,1,5,1,113.96666666666667
Male,21,Hispanic,1,0,0,3,8,0,20.766666666666666
Male,54,Caucasian,12,0,0,0,7,1,142.4
Male,45,Caucasian,0,0,0,0,6,1,40.0
Male,31,Caucasian,4,0,0,0,7,1,124.06666666666666
Male,67,Hispanic,0,0,0,0,1,0,16.033333333333335
Male,29,African-American,1,0,0,0,4,0,79.9
Male,31,African-American,0,0,0,0,8,1,39.2
Male,58,African-American,24,0,0,0,6,1,77.98333333333333
Male,24,Caucasian,4,0,0,1,6,0,26.033333333333335
Male,32,African-American,8,0,0,1,4,0,101.15
Male,25,Caucasian,2,0,0,0,4,1,24.566666666666666
Female,21,African-American,1,1,0,0,6,1,23.883333333333333
Female,33,Caucasian,1,1,0,0,4,0,-3.7
Male,34,African-American,9,0,0,0,8,0,15.216666666666667
Male,49,African-American,17,1,0,0,7,0,23.116666666666667
Male,28,African-American,2,0,0,0,5,1,48.75
Male,35,Caucasian,1,0,0,0,1,1,1180.1166666666666
Male,27,Hispanic,0,0,0,0,8,0,50.18333333333333
Male,65,Caucasian,0,0,0,0,1,0,23.216666666666665
Male,47,African-American,3,0,0,0,3,0,4.483333333333333
Male,39,Caucasian,1,0,0,0,1,0,28.2
Male,40,African-American,4,0,0,0,8,0,1520.4833333333333
Male,21,African-American,2,0,0,1,10,0,12115.716666666667
Male,59,Caucasian,3,0,0,0,1,1,31.2
Female,25,Caucasian,0,0,0,0,3,0,22.533333333333335
Male,26,African-American,4,0,0,0,3,1,9.483333333333333
Male,28,African-American,25,0,0,0,8,1,623.2
Male,28,African-American,5,0,0,0,5,1,21.483333333333334
Male,21,African-American,1,0,0,0,7,1,23.45
Male,50,African-American,26,0,0,0,8,0,502.98333333333335
Male,37,African-American,6,0,0,0,5,1,484.6333333333333
Female,43,African-American,2,0,0,0,3,0,50.03333333333333
Male,27,African-American,6,0,0,0,7,1,46.18333333333333
Male,29,African-American,1,0,0,0,1,0,111.46666666666667
Female,29,African-American,2,0,0,0,10,0,56.266666666666666
Male,20,Caucasian,0,0,0,0,5,1,30.066666666666666
Male,25,African-American,21,0,1,0,10,1,55.3
Male,27,African-American,9,0,0,0,7,1,583.8833333333333
Male,22,African-American,1,0,0,0,3,0,699.0833333333334
Female,20,Caucasian,0,0,0,0,4,0,4.083333333333333
Male,49,African-American,11,0,0,0,5,1,768.1666666666666
Male,27,African-American,3,0,0,0,2,0,27.45
Male,28,Hispanic,5,0,0,0,5,0,1103.55
Male,55,African-American,8,0,0,0,1,1,55.85
Male,24,Other,5,0,0,0,5,1,20.416666666666668
Male,52,African-American,7,0,0,0,3,1,21.916666666666668
Male,37,African-American,20,0,0,0,9,1,863.3833333333333
Male,27,African-American,15,0,0,0,10,1,1172.1666666666667
Male,46,African-American,2,0,0,0,7,1,1551.2
Male,34,African-American,4,0,0,0,3,1,1229.7833333333333
Male,29,Caucasian,10,0,0,0,6,1,116.8
Male,30,African-American,10,0,0,0,4,1,46.766666666666666
Male,29,African-American,0,0,0,0,1,0,50.233333333333334
Male,29,Caucasian,1,0,0,0,2,0,70.35
Male,26,African-American,2,0,0,0,5,0,50.833333333333336
Male,27,Caucasian,2,0,0,0,6,1,20.983333333333334
Male,42,African-American,1,0,0,0,3,0,2184.8333333333335
Male,20,African-American,1,0,1,0,10,1,27.433333333333334
Male,52,Caucasian,2,0,0,0,9,1,118.4
Male,48,African-American,12,0,0,0,4,0,43.71666666666667
Female,28,Hispanic,0,0,0,0,2,0,21.583333333333332
Female,21,Caucasian,0,0,0,0,4,0,27.683333333333334
Male,39,Caucasian,0,0,0,0,4,1,22.15
Male,23,African-American,0,0,0,0,3,0,26.216666666666665
Male,51,Other,0,0,0,0,1,1,25.85
Female,35,African-American,1,0,0,0,2,0,20.283333333333335
Male,21,African-American,0,0,0,0,8,1,826.45
Male,31,Caucasian,4,2,0,3,9,0,3268.6833333333334
Male,36,Caucasian,7,0,0,0,6,0,41.46666666666667
Male,25,Caucasian,1,0,0,0,5,0,123.66666666666667
Male,35,Caucasian,1,0,0,0,3,0,4388.4
Male,43,Caucasian,0,0,0,0,4,0,18.366666666666667
Female,27,Caucasian,1,0,0,0,4,0,342.4
Male,42,Hispanic,1,0,0,0,1,0,22.3
Female,29,Caucasian,1,0,0,0,4,1,144.08333333333334
Male,23,African-American,4,0,1,0,9,1,3454.35
Male,21,African-American,0,0,0,0,8,0,39.38333333333333
Female,29,Caucasian,8,0,0,0,8,0,2530.4166666666665
Male,52,Hispanic,4,0,0,0,9,0,1694.5666666666666
Male,39,African-American,1,0,0,0,5,0,57.516666666666666
Male,30,African-American,0,0,0,0,1,0,52.75
Male,32,Caucasian,15,2,0,1,9,1,1701.4833333333333
Female,44,Hispanic,0,0,0,0,1,0,6.466666666666667
Female,25,African-American,2,0,0,0,4,0,100.13333333333334
Male,36,African-American,1,0,0,0,9,0,27.983333333333334
Male,22,Hispanic,0,0,0,0,2,0,45.483333333333334
Female,22,Caucasian,2,0,0,0,5,0,17.916666666666668
Male,62,Hispanic,5,0,0,0,2,0,583.1166666666667
Male,27,African-American,7,0,0,0,5,1,241.21666666666667
Male,24,African-American,3,0,0,0,5,1,6.1
Male,35,African-American,1,0,0,0,4,0,44.733333333333334
Female,44,Caucasian,3,0,0,0,2,1,269.1666666666667
Male,57,African-American,16,0,0,0,5,1,291.48333333333335
Male,23,African-American,1,0,0,0,4,1,88.63333333333334
Male,62,Caucasian,2,0,0,0,1,0,78.01666666666667
Male,50,Hispanic,1,0,0,0,1,0,21.216666666666665
Male,28,African-American,8,0,0,0,6,1,83.11666666666666
Male,29,African-American,3,0,0,0,2,1,-10.4
Male,24,African-American,1,0,0,0,4,1,4.316666666666666
Male,23,African-American,0,0,0,0,3,0,18.183333333333334
Female,37,Other,0,0,0,0,1,1,21.233333333333334
Male,70,African-American,0,0,0,0,1,0,23.933333333333334
Male,30,Caucasian,1,0,0,0,2,0,91.53333333333333
Male,38,African-American,0,0,0,0,1,0,25.916666666666668
Male,54,African-American,6,0,0,0,6,0,2537.2
Male,19,African-American,0,0,0,0,4,0,17.366666666666667
Male,31,African-American,16,0,0,1,9,0,1168.3333333333333
Female,22,African-American,0,0,0,0,6,0,29.933333333333334
Male,38,Caucasian,18,0,0,0,9,0,263.43333333333334
Male,21,African-American,4,0,0,2,6,0,2.3
Female,46,African-American,10,0,0,0,9,0,43.083333333333336
Male,37,Caucasian,4,0,0,0,3,1,44.4
Female,55,Caucasian,0,0,0,0,7,1,146.93333333333334
Male,33,African-American,16,0,2,2,9,1,149.63333333333333
Male,20,Caucasian,0,0,0,5,4,0,28.066666666666666
Male,26,African-American,7,1,0,0,9,1,933.0666666666667
Female,30,Caucasian,2,0,0,0,10,1,1042.7666666666667
Male,27,Caucasian,0,0,0,0,3,1,4.533333333333333
Female,62,Caucasian,0,0,0,0,1,0,6.3
Male,30,Other,9,0,0,0,4,0,43.733333333333334
Male,24,African-American,4,0,0,1,7,0,116.76666666666667
Female,36,Caucasian,3,0,0,0,1,1,25.9
Male,38,Caucasian,0,0,0,0,1,0,54.6
Male,20,African-American,0,0,0,0,4,1,-10.733333333333333
Male,55,African-American,16,0,0,0,8,0,24.066666666666666
Male,22,African-American,1,0,0,0,6,0,14.45
Male,30,African-American,14,0,0,0,6,1,550.6
Male,24,African-American,0,0,0,0,3,0,17.833333333333332
Male,41,African-American,6,0,0,0,6,1,941.4166666666666
Male,26,African-American,0,0,0,0,3,1,22.75
Male,23,African-American,4,0,0,0,7,0,29.683333333333334
Female,46,African-American,4,0,0,0,6,0,1343.3833333333334
Female,44,African-American,6,0,0,0,6,0,51.28333333333333
Male,21,African-American,3,0,1,1,8,1,431.1666666666667
Male,41,Caucasian,1,0,0,0,5,0,1496.9666666666667
Male,41,Other,1,0,0,0,2,0,17.15
Male,34,African-American,5,0,0,0,9,0,19.983333333333334
Male,31,Hispanic,0,0,0,0,10,1,-4.216666666666667
Male,19,Hispanic,1,0,0,0,3,0,26.233333333333334
Male,24,African-American,0,0,0,0,3,0,26.55
Male,41,African-American,7,0,0,1,7,1,31.733333333333334
Male,27,Hispanic,0,0,0,0,2,0,5.483333333333333
Female,33,African-American,6,0,0,0,4,1,-0.3333333333333333
Male,45,Caucasian,0,0,0,0,6,1,40.0
Male,27,African-American,0,0,0,0,8,1,1462.4
Female,34,African-American,14,0,0,0,9,0,93.85
Male,29,African-American,12,0,0,0,8,0,28.85
Male,22,African-American,0,0,0,0,7,0,25.75
Male,38,African-American,37,0,5,0,7,1,740.7
Male,22,African-American,3,1,0,0,9,0,1936.5166666666667
Male,42,Caucasian,2,0,0,0,5,0,357.1166666666667
Male,41,African-American,3,0,0,0,4,1,26.45
Female,34,African-American,1,0,0,0,9,0,511.55
Male,43,African-American,0,0,0,0,4,0,27.066666666666666
Male,28,African-American,3,0,0,0,9,0,1840.6166666666666
Male,23,Caucasian,0,0,0,0,6,1,43.46666666666667
Male,51,Caucasian,4,0,0,0,1,0,17.4
Female,24,African-American,1,0,0,0,5,0,16.933333333333334
Male,30,African-American,1,0,0,0,9,0,2081.5666666666666
Female,36,Caucasian,0,0,0,0,2,0,14.95
Male,38,Caucasian,10,1,0,0,4,1,-1.7166666666666666
Male,25,African-American,4,2,0,0,10,1,2072.55
Male,51,Caucasian,1,0,0,0,1,0,1227.0833333333333
Male,26,African-American,2,0,0,0,3,1,50.88333333333333
Male,38,African-American,19,0,0,0,9,1,22.4
Male,24,African-American,17,0,0,0,9,1,3121.0666666666666
Male,48,African-American,14,0,0,0,9,1,3415.4166666666665
Male,40,African-American,0,0,0,0,1,0,30.233333333333334
Female,25,African-American,2,0,0,0,8,1,14.133333333333333
Female,34,African-American,7,0,2,0,5,0,66.53333333333333
Male,36,Caucasian,0,0,0,0,3,1,16.75
Male,36,African-American,10,0,0,0,6,0,16.566666666666666
Male,45,Caucasian,1,0,0,0,1,1,121.65
Male,39,Caucasian,0,0,0,0,3,0,1301.3833333333334
Male,22,Hispanic,1,0,0,0,4,0,25.366666666666667
Male,30,African-American,2,0,0,0,6,1,41.583333333333336
Male,31,African-American,11,0,0,2,10,1,-10.633333333333333
Male,30,Hispanic,0,0,0,0,1,0,24.25
Male,27,African-American,14,2,0,0,10,1,39.28333333333333
Male,47,Asian,1,0,0,0,1,0,29.566666666666666
Male,52,Caucasian,2,0,0,0,1,0,44.983333333333334
Female,31,Caucasian,14,0,0,2,10,0,23.883333333333333
Male,35,African-American,0,0,0,0,7,1,29.15
Male,33,African-American,3,0,0,0,6,1,171.7
Male,24,Hispanic,0,0,0,0,2,0,147.91666666666666
Male,51,African-American,3,0,0,0,3,0,50.916666666666664
Female,25,Caucasian,4,0,0,0,6,0,26.533333333333335
Male,20,African-American,6,4,2,1,10,1,1442.8333333333333
Male,22,African-American,1,0,0,0,7,1,148.15
Male,22,Hispanic,0,0,0,0,3,0,16.5
Male,30,Caucasian,0,0,0,0,3,0,147.45
Male,38,Caucasian,5,0,0,0,1,1,75.71666666666667
Male,23,African-American,1,0,0,1,10,0,20.466666666666665
Male,24,African-American,1,0,0,1,6,1,5.816666666666666
Male,24,African-American,3,0,0,0,3,0,26.366666666666667
Male,22,African-American,1,0,1,0,9,1,99.65
Male,28,Caucasian,0,0,0,0,2,1,21.3
Male,29,African-American,11,0,0,0,8,1,1565.3833333333334
Female,28,African-American,0,0,0,0,2,0,22.016666666666666
Male,58,Hispanic,1,0,0,0,1,0,242.08333333333334
Male,39,African-American,4,0,0,0,9,0,2852.516666666667
Male,34,Caucasian,0,0,0,0,2,1,718.7
Female,23,African-American,0,0,0,0,6,0,25.983333333333334
Male,27,African-American,15,0,0,0,10,1,723.25
Male,43,African-American,2,0,0,0,3,0,143.65
Male,23,African-American,1,0,0,0,7,0,63.666666666666664
Male,25,African-American,3,0,0,0,7,0,19.3
Male,30,Hispanic,0,0,0,0,1,0,7.116666666666666
Male,23,Caucasian,1,0,0,0,3,1,7.6
Male,41,Hispanic,1,0,0,0,1,0,21.283333333333335
Female,23,Caucasian,0,0,0,0,6,1,41.266666666666666
Male,22,Hispanic,0,0,0,0,3,1,21.85
Male,39,Caucasian,0,0,0,0,1,1,67.06666666666666
Female,30,Other,1,0,0,0,2,0,26.7
Male,55,Caucasian,0,0,0,0,1,0,24.366666666666667
Female,27,Caucasian,4,0,0,0,8,1,1312.2166666666667
Male,24,Caucasian,4,0,0,0,8,0,874.1333333333333
Male,37,African-American,27,2,0,0,10,0,8779.916666666666
Male,23,Hispanic,0,0,0,0,5,1,19.9
Male,32,African-American,1,0,0,0,10,0,41.56666666666667
Male,28,African-American,12,0,0,1,7,1,25.416666666666668
Male,26,African-American,13,0,1,0,10,1,-3.566666666666667
Male,52,Caucasian,2,0,0,0,9,1,118.4
Male,29,African-American,2,0,0,0,6,0,907.0333333333333
Male,33,African-American,5,0,0,0,2,0,-10.366666666666667
Male,27,African-American,9,0,4,4,7,1,23.533333333333335
Male,23,African-American,4,1,1,2,10,0,744.6333333333333
Male,27,African-American,6,2,0,0,8,1,22.366666666666667
Male,21,African-American,1,1,0,2,10,1,47.766666666666666
Male,67,Caucasian,0,0,0,0,1,0,25.2
Male,22,Caucasian,1,0,1,0,4,0,51.2
Female,61,Caucasian,2,0,0,0,1,0,473.53333333333336
Female,34,Native American,4,0,0,0,7,1,2328.2166666666667
Male,28,African-American,1,0,0,0,1,0,1167.6
Male,29,Caucasian,1,0,0,0,6,0,22.366666666666667
Male,29,Caucasian,0,0,0,0,2,0,23.833333333333332
Male,20,African-American,2,0,1,1,9,1,49.266666666666666
Male,56,Caucasian,1,0,0,0,1,0,50.56666666666667
Female,32,African-American,3,0,0,0,4,0,95.85
Male,29,Other,0,0,0,0,1,0,44.25
Male,59,Caucasian,3,0,0,0,1,1,31.2
Male,31,African-American,25,0,3,0,8,1,2829.15
Male,33,Caucasian,9,0,0,0,4,0,5.5
Male,24,Hispanic,1,0,0,0,2,0,24.733333333333334
Male,22,African-American,2,0,0,0,7,1,4276.666666666667
Male,45,African-American,1,0,0,0,1,1,6481.566666666667
Male,31,African-American,2,0,0,0,5,1,-3.9833333333333334
Male,27,African-American,2,0,0,1,9,1,956.2666666666667
Female,24,African-American,1,0,0,0,10,0,31.483333333333334
Male,22,Hispanic,0,0,0,0,7,1,246.8
Male,25,African-American,0,0,0,0,7,1,44.38333333333333
Female,30,African-American,2,0,0,0,10,0,52.7
Male,23,African-American,2,0,0,0,8,1,50.666666666666664
Male,54,Caucasian,0,0,0,0,1,0,18.233333333333334
Female,29,Caucasian,1,0,0,0,4,1,144.08333333333334
Male,60,Hispanic,0,0,0,0,1,0,24.816666666666666
Male,23,African-American,1,0,0,0,4,0,24.316666666666666
Male,26,Caucasian,6,0,0,2,8,0,290.95
Male,34,African-American,9,0,0,0,10,1,409.9
Male,33,Caucasian,0,0,0,0,1,1,22.983333333333334
Male,25,African-American,8,0,0,0,6,1,696.3166666666667
Female,33,African-American,7,0,0,0,9,1,628.3
Male,26,African-American,1,0,0,0,9,0,-4.133333333333334
Male,21,African-American,2,0,0,0,7,1,692.4833333333333
Male,20,African-American,0,0,0,0,4,1,30.033333333333335
Male,35,Caucasian,2,0,0,0,1,0,21.3
Male,32,African-American,19,0,3,0,9,1,27.4
Male,48,African-American,3,0,0,0,2,1,26.2
Male,44,Caucasian,1,0,0,0,1,1,31.85
Male,41,Caucasian,0,0,0,0,1,0,19.733333333333334
Male,38,African-American,3,0,0,0,5,0,29.866666666666667
Female,25,African-American,5,0,0,0,7,1,1136.0833333333333
Male,42,African-American,0,0,0,0,10,1,817.3333333333334
Male,30,Caucasian,2,0,0,0,2,1,23.783333333333335
Male,21,African-American,1,0,0,0,9,0,44.266666666666666
Male,53,Caucasian,1,0,0,0,1,1,119.93333333333334
Male,51,African-American,2,0,0,0,3,0,599.2833333333333
Male,21,African-American,1,0,0,0,8,1,322.4
Male,31,African-American,3,0,0,0,8,1,477.75
Male,43,Caucasian,1,0,0,0,6,1,1656.7
Male,32,Other,0,0,0,0,1,1,534.2666666666667
Male,25,African-American,10,0,1,0,9,1,6261.016666666666
Male,61,African-American,15,0,0,0,6,1,28.266666666666666
Male,67,Caucasian,0,0,0,0,1,0,43.8
Female,41,African-American,2,0,0,0,3,0,22.816666666666666
Male,38,African-American,12,0,4,2,6,0,49.75
Female,31,African-American,14,0,0,0,8,0,43.516666666666666
Male,21,Hispanic,0,0,0,0,5,0,21.266666666666666
Male,45,African-American,0,0,0,0,1,0,29.033333333333335
Male,41,Caucasian,3,0,0,0,9,0,562.9666666666667
Male,47,Caucasian,0,0,0,0,1,0,-4.2
Male,34,African-American,0,0,0,0,9,0,7784.966666666666
Male,28,Hispanic,2,0,0,0,5,1,26.916666666666668
Male,55,African-American,5,0,0,0,4,1,86.01666666666667
Male,21,African-American,1,0,0,0,9,1,20.333333333333332
Male,26,Hispanic,5,0,0,0,9,1,-2.8666666666666667
Male,44,Caucasian,1,0,0,0,3,0,9699.216666666667
Female,34,Native American,4,0,0,0,7,1,2328.2166666666667
Male,46,African-American,9,0,0,0,7,0,521.5833333333334
Female,39,African-American,3,0,0,0,5,1,20.566666666666666
Male,52,Other,13,0,0,0,7,1,41.68333333333333
Male,31,Other,6,0,0,0,2,1,29.933333333333334
Male,27,Caucasian,2,0,0,0,6,1,20.983333333333334
Female,34,African-American,1,0,0,0,1,0,52.21666666666667
Male,45,African-American,12,1,0,0,8,1,91.73333333333333
Male,58,Caucasian,8,0,0,0,2,0,27.133333333333333
Female,43,Caucasian,3,0,0,0,2,1,24.033333333333335
Male,54,African-American,1,0,0,0,3,0,22.3
Male,21,African-American,0,0,0,0,9,0,24.7
Female,25,African-American,0,0,0,0,4,0,40.666666666666664
Male,59,African-American,22,0,0,0,6,1,1661.8333333333333
Male,38,Caucasian,5,0,0,0,7,1,0.5
Male,24,Other,0,0,0,0,3,0,25.433333333333334
Male,48,Caucasian,9,0,0,0,6,0,25.15
Male,24,Caucasian,1,0,0,0,4,1,26.083333333333332
Male,22,African-American,0,0,0,0,5,1,52.0
Male,61,African-American,2,0,0,0,1,0,20.683333333333334
Male,22,African-American,3,0,0,0,9,0,815.0
Male,27,Caucasian,1,0,0,0,3,0,1633.2833333333333
Female,39,Caucasian,1,0,0,0,2,1,240.35
Female,29,African-American,0,0,0,0,4,0,13.95
Male,29,Caucasian,3,0,0,0,4,1,24.183333333333334
Male,29,African-American,8,0,1,1,8,1,66.63333333333334
Male,39,African-American,8,0,1,1,10,1,99.63333333333334
Male,35,Hispanic,1,0,0,0,1,1,15.916666666666666
Male,21,African-American,1,0,0,0,8,0,200.43333333333334
Male,37,African-American,0,0,0,0,3,0,66.55
Male,41,Hispanic,2,0,0,0,1,0,65.63333333333334
Female,38,Caucasian,1,0,0,0,6,0,24.783333333333335
Male,29,African-American,7,0,0,0,2,0,3400.633333333333
Female,20,Caucasian,4,0,0,0,8,1,68.85
Female,42,African-American,5,0,0,0,7,0,4083.1833333333334
Female,25,Caucasian,1,0,0,0,3,0,22.85
Male,32,African-American,11,0,1,2,5,1,28.1
Female,52,Caucasian,6,0,0,0,1,0,165.1
Male,37,African-American,20,0,0,0,9,1,863.3833333333333
Male,42,African-American,6,0,0,0,5,0,27.283333333333335
Male,20,Caucasian,0,0,0,2,2,0,25.033333333333335
Female,45,Caucasian,3,0,0,0,9,0,11503.716666666667
Male,45,African-American,3,0,0,0,9,0,870.2833333333333
Male,23,Caucasian,10,0,0,1,7,1,1687.1666666666667
Male,29,Other,5,0,0,0,6,0,6195.866666666667
Male,22,Caucasian,3,0,0,0,10,1,255.43333333333334
Male,19,Caucasian,0,0,0,0,8,0,28.333333333333332
Male,39,Other,0,0,0,0,1,0,20.016666666666666
Male,42,African-American,15,0,0,0,9,0,1666.4666666666667
Male,45,African-American,1,0,0,0,6,0,18.183333333333334
Male,37,African-American,4,0,0,0,6,0,429.4
Male,34,African-American,6,0,0,0,3,1,3144.5833333333335
Male,47,African-American,15,0,0,0,8,0,2038.2333333333333
Male,50,Hispanic,9,0,0,0,5,1,693.9166666666666
Male,53,Caucasian,1,0,0,0,1,0,27.2
Male,26,Caucasian,7,0,0,0,6,1,432.6333333333333
Male,21,African-American,1,1,0,0,10,1,140.78333333333333
Male,22,Caucasian,0,0,0,0,4,0,23.433333333333334
Male,25,African-American,5,0,0,0,7,0,2041.9666666666667
Male,25,Caucasian,0,0,0,0,2,1,4.833333333333333
Male,26,African-American,8,2,1,0,10,1,2032.9166666666667
Male,38,African-American,15,0,0,0,9,0,42.28333333333333
Male,24,African-American,1,0,0,0,2,0,6.65
Male,38,Caucasian,2,0,0,0,7,0,162.71666666666667
Female,25,Caucasian,5,0,0,0,7,0,7.833333333333333
Male,26,African-American,2,0,0,0,4,0,893.2
Male,41,African-American,6,0,0,0,6,1,941.4166666666666
Male,28,African-American,4,0,0,0,8,1,1251.5333333333333
Male,21,African-American,0,0,0,0,8,1,29.983333333333334
Male,52,Other,0,0,0,0,1,0,14.733333333333333
Female,26,Caucasian,2,0,0,0,3,0,-4.583333333333333
Male,70,Caucasian,1,0,0,0,1,0,311.43333333333334
Male,26,Caucasian,0,0,0,0,2,0,19.95
Male,30,Caucasian,6,0,0,0,7,0,165.75
Male,26,African-American,4,0,0,0,8,1,22.816666666666666
Female,35,African-American,0,0,0,0,3,1,46.05
Female,27,Caucasian,3,0,0,0,7,1,2118.0333333333333
Male,32,Caucasian,0,0,0,0,1,0,-2.9833333333333334
Male,64,African-American,8,0,0,0,4,1,23.066666666666666
Male,31,African-American,6,2,0,0,6,0,622.1666666666666
Female,32,African-American,8,0,0,0,3,0,21.266666666666666
Female,39,African-American,0,0,0,0,3,0,20.25
Male,53,Caucasian,1,0,0,0,1,0,287.3333333333333
Male,46,Hispanic,0,0,0,0,1,0,25.85
Male,25,African-American,9,0,0,1,7,0,54.95
Male,45,African-American,3,0,0,0,9,0,870.2833333333333
Female,39,African-American,0,0,0,0,5,1,1384.5166666666667
Male,31,Caucasian,0,0,0,0,5,0,54.45
Male,40,Other,4,0,0,0,1,1,382.21666666666664
Male,37,Caucasian,11,0,0,0,9,1,20.65
Male,21,African-American,1,0,0,0,8,0,944.5166666666667
Male,23,African-American,0,0,0,0,7,0,51.166666666666664
Male,41,African-American,0,0,0,0,1,0,22.833333333333332
Female,27,African-American,3,0,0,0,5,1,22.933333333333334
Male,26,African-American,0,0,0,0,3,1,27.216666666666665
Male,24,African-American,0,0,0,0,5,0,25.233333333333334
Male,27,African-American,2,0,0,0,5,1,360.4
Male,35,African-American,0,0,0,0,5,0,172.43333333333334
Female,26,Caucasian,2,0,0,0,9,0,21.366666666666667
Male,40,African-American,5,0,0,0,7,1,728.7
Female,30,Caucasian,5,0,0,0,4,0,20.433333333333334
Male,26,African-American,6,0,0,0,5,1,0.55
Male,30,Caucasian,0,0,0,0,1,0,71.41666666666667
Female,64,Other,0,0,0,0,1,0,14.533333333333333
Male,29,African-American,2,0,0,0,8,0,965.3833333333333
Male,20,Caucasian,1,0,0,3,8,1,25.65
Male,63,African-American,2,0,0,0,1,0,288.76666666666665
Male,21,Caucasian,0,0,0,0,8,1,5.533333333333333
Male,50,Caucasian,1,0,0,0,2,0,1334.5333333333333
Male,49,African-American,0,0,0,0,1,0,26.3
Female,32,African-American,5,0,0,0,7,0,26.433333333333334
Male,28,Caucasian,1,0,0,0,8,0,98.23333333333333
Male,20,African-American,2,0,0,1,10,0,1491.9
Male,49,Caucasian,0,0,0,0,1,0,23.133333333333333
Male,45,Hispanic,1,0,0,0,1,0,0.8666666666666667
Male,49,Hispanic,3,0,0,0,4,0,7231.866666666667
Male,31,Caucasian,1,0,0,0,3,1,864.5166666666667
Male,52,Caucasian,0,0,0,0,1,0,21.583333333333332
Male,33,Hispanic,8,0,0,0,9,1,26.083333333333332
Male,31,African-American,6,0,0,0,8,1,461.78333333333336
Male,27,African-American,7,0,0,0,10,1,828.4666666666667
Male,23,Other,0,0,0,0,3,0,22.766666666666666
Male,22,African-American,1,0,0,0,6,0,43.93333333333333
Male,36,Caucasian,6,0,0,0,7,0,56.68333333333333
Male,55,African-American,0,0,0,0,1,1,42.21666666666667
Male,20,Caucasian,6,0,0,0,4,0,750.0
Male,57,Caucasian,3,0,0,0,1,0,295.3833333333333
Female,33,African-American,7,0,0,0,9,1,628.3
Male,21,African-American,0,0,0,1,9,1,19.166666666666668
Male,37,African-American,1,0,0,0,4,0,867.95
Male,21,African-American,0,0,0,0,3,0,16.733333333333334
Male,62,Hispanic,0,0,0,0,1,0,-2.8666666666666667
Male,37,African-American,18,0,0,0,9,0,3600.4333333333334
Male,25,Caucasian,2,0,0,0,4,1,24.566666666666666
Male,27,African-American,7,0,0,0,9,1,103.7
Male,42,Caucasian,0,0,0,0,5,0,219.78333333333333
Male,25,Hispanic,2,0,0,0,3,1,24.85
Male,25,Caucasian,1,0,0,0,3,0,54.71666666666667
Male,43,African-American,2,0,0,0,1,0,50.2
Male,39,African-American,3,0,0,0,3,1,72.25
Female,43,African-American,2,0,0,0,2,1,46.4
Female,20,Caucasian,0,0,0,0,6,1,20.566666666666666
Male,28,Caucasian,3,0,0,0,5,1,7.133333333333334
Male,56,Caucasian,2,0,0,0,1,0,28.0
Female,30,African-American,15,0,0,0,9,1,-4.683333333333334
Male,41,African-American,14,0,0,0,7,0,4761.883333333333
Male,19,African-American,1,0,0,0,5,1,1153.6166666666666
Female,42,African-American,6,0,0,0,9,0,627.85
Male,25,African-American,0,0,0,0,4,0,169.15
Male,33,Hispanic,2,0,0,0,3,0,106.23333333333333
Male,39,African-American,16,1,1,0,9,0,1871.6166666666666
Female,30,African-American,1,0,0,0,4,0,48.45
Male,25,Caucasian,0,0,0,0,2,0,19.45
Male,21,African-American,2,2,0,1,10,1,3362.3
Female,45,Caucasian,4,0,0,0,7,0,580.0
Male,31,African-American,2,0,0,0,7,1,74.03333333333333
Male,46,Caucasian,0,0,0,0,1,0,19.533333333333335
Male,59,Caucasian,0,0,0,0,1,0,27.766666666666666
Male,22,Caucasian,1,0,0,0,3,1,13.783333333333333
Male,25,African-American,8,0,0,2,8,1,2.9833333333333334
Male,25,African-American,0,0,0,0,7,0,7.583333333333333
Male,22,Other,2,0,0,1,2,0,1224.9166666666667
Female,24,Caucasian,9,0,0,0,10,1,213.13333333333333
Male,36,African-American,16,0,0,0,5,1,5.466666666666667
Male,39,Caucasian,2,0,0,0,1,1,-5.283333333333333
Female,31,African-American,2,0,0,0,2,0,27.55
Male,20,African-American,0,0,0,0,6,1,45.733333333333334
Female,25,Caucasian,2,0,0,0,3,1,20.7
Male,23,African-American,2,0,0,0,6,1,145.61666666666667
Male,32,African-American,12,0,1,0,9,1,37.233333333333334
Male,22,Caucasian,0,0,0,0,3,0,23.95
Male,21,Caucasian,2,0,0,4,9,1,206.28333333333333
Female,22,African-American,0,0,0,5,5,1,22.933333333333334
Male,38,African-American,9,0,0,0,3,0,15.35
Male,23,Caucasian,0,0,0,0,4,0,28.2
Male,44,African-American,29,0,0,0,9,1,480.53333333333336
Male,24,African-American,3,0,0,0,8,1,1819.2833333333333
Male,35,African-American,13,3,0,0,10,0,21.533333333333335
Female,34,Hispanic,1,0,0,0,3,0,21.316666666666666
Female,26,African-American,1,0,0,0,8,0,89.4
Male,39,Caucasian,2,0,0,0,1,1,-5.283333333333333
Male,34,Other,4,0,0,0,5,0,44.233333333333334
Male,27,African-American,2,1,0,0,4,1,578.9333333333333
Male,35,African-American,18,0,0,0,6,1,2696.9166666666665
Male,20,Caucasian,1,0,0,2,2,1,39.266666666666666
Male,30,Hispanic,0,0,0,0,1,0,17.766666666666666
Male,31,African-American,15,0,0,0,10,0,2497.2
Female,40,Caucasian,5,0,0,0,10,0,1327.7
Male,26,African-American,4,0,0,0,3,1,9.483333333333333
Female,26,African-American,3,0,0,0,5,1,184.71666666666667
Male,28,African-American,5,0,0,0,8,0,25.95
Male,69,Caucasian,0,0,0,0,1,0,0.21666666666666667
Male,33,Caucasian,9,0,0,0,4,0,5.5
Male,65,African-American,7,0,0,0,5,0,21.783333333333335
Male,23,African-American,3,0,2,1,7,1,217.8
Male,23,African-American,2,0,1,0,2,0,14.25
Female,24,Caucasian,9,0,0,0,10,1,213.13333333333333
Male,48,African-American,10,1,0,0,7,1,98.41666666666667
Male,23,African-American,8,0,2,1,10,0,1746.55
Female,32,Caucasian,0,0,0,1,1,0,25.5
Male,26,African-American,13,0,1,0,10,1,-3.566666666666667
Male,30,Caucasian,2,0,0,0,3,0,1513.35
Male,24,Asian,0,0,0,0,3,0,28.85
Female,20,African-American,2,0,0,3,10,1,554.9833333333333
Male,50,African-American,6,0,0,0,7,0,2639.016666666667
Male,60,African-American,15,0,0,0,7,0,2042.1333333333334
Male,60,African-American,11,0,0,0,10,0,814.9833333333333
Male,26,African-American,0,0,0,0,5,0,21.433333333333334
Male,23,African-American,3,0,0,0,7,0,27.05
Male,50,Caucasian,0,0,0,0,1,0,54.96666666666667
Male,30,African-American,4,0,0,0,2,0,171.86666666666667
Male,32,African-American,0,0,0,0,1,0,-6.45
Male,61,African-American,9,0,0,0,2,0,2295.2833333333333
Female,49,African-American,14,0,0,0,7,1,2929.633333333333
Male,26,African-American,14,0,1,3,9,1,-2.1333333333333333
Male,20,African-American,1,0,0,0,10,1,47.416666666666664
Male,34,Caucasian,1,0,0,0,2,0,23.066666666666666
Male,42,African-American,13,1,0,1,8,1,21.75
Male,21,Hispanic,0,0,0,0,10,0,169.65
Female,35,Other,2,0,0,0,2,0,957.5166666666667
Male,36,African-American,10,0,0,0,10,1,786.7
Male,32,Caucasian,3,0,0,0,5,0,2903.1833333333334
Male,51,African-American,19,1,0,1,9,0,317.1333333333333
Male,31,African-American,3,0,0,0,5,1,22.166666666666668
Female,35,African-American,12,0,0,0,2,0,-10.133333333333333
Male,27,Caucasian,2,0,0,0,4,0,864.15
Male,26,Hispanic,7,0,0,0,5,1,25.85
Male,28,African-American,5,0,0,0,6,0,353.1
Male,31,Caucasian,4,0,0,0,8,1,699.9833333333333
Male,21,African-American,1,0,0,0,7,1,364.6
Male,49,Other,7,0,0,0,6,1,310.6
Male,38,Caucasian,5,0,0,0,6,0,17.866666666666667
Male,23,African-American,6,0,0,0,6,1,26.45
Male,52,Caucasian,1,0,0,0,1,0,18.15
Male,49,African-American,29,0,0,0,6,1,19.35
Female,49,Other,0,0,0,0,1,0,24.133333333333333
Male,28,Caucasian,1,0,0,0,4,1,720.8833333333333
Male,23,African-American,3,2,0,0,10,1,5.95
Female,33,African-American,0,0,0,0,9,1,703.9
Male,34,African-American,21,2,1,3,9,1,799.2333333333333
Male,20,Hispanic,3,0,0,0,10,1,1010.55
Male,24,African-American,6,0,0,1,9,1,1103.1833333333334
Male,38,African-American,6,0,0,0,6,1,4862.783333333334
Male,39,Caucasian,17,6,1,0,7,1,4345.6
Male,44,Hispanic,0,0,0,0,1,0,25.116666666666667
Female,34,Caucasian,10,0,0,0,9,1,333.75
Female,25,Caucasian,0,0,0,0,4,1,4.666666666666667
Female,49,Caucasian,2,0,0,0,3,0,1968.1333333333334
Male,23,African-American,0,0,0,0,3,1,21.316666666666666
Male,32,African-American,9,0,0,4,9,0,19.2
Male,20,Other,0,0,0,0,6,1,22.7
Male,56,African-American,1,0,0,0,1,0,69.53333333333333
Male,26,African-American,1,0,0,0,3,0,23.966666666666665
Male,24,African-American,4,0,0,3,5,1,30.316666666666666
Female,34,Caucasian,10,0,0,0,9,1,333.75
Male,25,African-American,4,0,0,0,10,0,137.23333333333332
Male,28,Caucasian,1,0,0,0,2,1,21.383333333333333
Female,38,Caucasian,0,0,0,0,1,0,30.85
Male,28,African-American,0,0,0,0,2,1,26.933333333333334
Female,34,Other,0,0,0,0,1,0,17.033333333333335
Female,26,Caucasian,1,0,0,0,8,1,7.083333333333333
Male,49,Caucasian,0,0,0,0,7,1,44.483333333333334
Male,24,Hispanic,0,0,0,0,2,0,22.116666666666667
Male,62,African-American,3,0,0,0,3,1,43.35
Female,54,Caucasian,0,0,0,0,3,0,28.65
Male,30,Caucasian,4,0,0,0,8,1,118.01666666666667
Male,23,Caucasian,7,0,0,1,8,0,22.616666666666667
Male,31,African-American,11,0,0,0,8,0,576.9333333333333
Male,24,African-American,0,0,0,0,5,1,16.0
Male,30,Caucasian,2,0,0,0,3,0,124.3
Male,29,African-American,1,0,0,0,2,1,5.116666666666666
Female,25,Caucasian,0,0,0,0,4,1,4.666666666666667
Male,26,Caucasian,5,0,0,0,5,1,26.8
Male,30,Caucasian,2,1,0,0,5,0,716.5666666666667
Female,23,Caucasian,4,0,0,0,9,1,3197.866666666667
Male,48,African-American,5,0,0,0,5,0,3350.7166666666667
Male,47,Other,3,0,0,0,1,0,17.333333333333332
Male,27,African-American,2,0,0,0,8,0,30.166666666666668
Male,36,African-American,15,0,0,0,5,0,44.766666666666666
Male,35,African-American,13,3,0,0,10,0,21.533333333333335
Male,30,Caucasian,2,0,0,0,8,1,872.2166666666667
Male,38,Caucasian,10,0,0,0,8,1,17.533333333333335
Male,30,Other,0,0,0,0,2,0,141.73333333333332
Male,35,Caucasian,2,0,0,0,9,0,27.066666666666666
Male,23,African-American,6,0,0,0,4,1,121.83333333333333
Male,52,African-American,7,0,0,0,3,1,21.916666666666668
Male,26,Caucasian,0,0,0,0,5,0,14.633333333333333
Male,48,African-American,7,0,0,0,7,1,68.46666666666667
Female,35,Caucasian,2,0,0,0,3,0,45.11666666666667
Male,45,African-American,0,0,0,0,6,1,21.3
Male,37,African-American,26,0,0,1,10,1,44.71666666666667
Female,28,Caucasian,0,0,0,0,2,0,28.6
Male,38,Caucasian,0,0,0,0,1,0,21.1
Male,58,African-American,12,0,0,0,6,1,95.93333333333334
Female,28,African-American,0,0,0,0,3,0,24.05
Male,59,African-American,8,0,0,0,8,1,211.86666666666667
Male,43,African-American,9,0,0,0,6,1,23.55
Female,27,African-American,12,0,0,0,6,1,19.983333333333334
Male,46,Caucasian,2,0,0,0,2,0,1101.4
Male,31,African-American,7,0,0,0,7,1,1870.4666666666667
Male,24,African-American,4,0,0,1,4,1,26.066666666666666
Male,30,African-American,15,0,0,0,10,1,2255.883333333333
Male,26,Caucasian,0,0,0,0,5,1,41.833333333333336
Male,34,Caucasian,5,0,0,0,2,1,145.96666666666667
Female,50,Hispanic,1,0,0,0,2,1,25.316666666666666
Male,32,Hispanic,0,0,0,0,2,0,145.2
Male,41,African-American,18,2,0,0,10,1,815.6166666666667
Male,25,African-American,8,0,0,0,6,1,696.3166666666667
Male,30,African-American,0,0,0,0,4,0,92.45
Male,22,Caucasian,5,0,0,2,8,1,115.91666666666667
Male,23,Caucasian,0,0,0,0,4,0,0.25
Female,52,African-American,8,0,0,0,9,0,1033.4833333333333
Female,31,Caucasian,0,0,0,0,4,1,13.933333333333334
Male,48,Caucasian,23,1,0,0,8,1,8662.533333333333
Male,51,Hispanic,1,0,0,0,1,0,409.6666666666667
Female,28,African-American,4,0,0,1,4,0,5.9
Male,31,African-American,0,0,0,0,4,0,15.183333333333334
Male,50,Caucasian,1,0,0,0,6,1,964.2333333333333
Male,21,African-American,1,0,0,0,6,1,38.1
Male,47,African-American,19,0,0,1,8,1,5096.633333333333
Female,58,Other,0,0,0,0,1,1,30.8
Male,37,African-American,3,0,0,0,2,0,30.533333333333335
Male,31,African-American,0,0,0,0,8,1,39.2
Male,24,African-American,0,0,0,0,6,1,43.166666666666664
Female,42,Caucasian,0,0,0,0,1,0,5.6
Male,23,African-American,5,0,0,1,9,1,119.63333333333334
Male,33,Caucasian,0,0,0,0,1,0,23.25
Male,45,Caucasian,5,0,0,0,5,1,24.283333333333335
Male,51,Asian,2,0,0,0,2,0,26.85
Female,25,Caucasian,2,0,0,0,9,1,21.283333333333335
Male,23,Other,0,0,0,0,4,0,21.05
Male,42,Caucasian,3,0,0,0,5,1,-11.65
Male,33,African-American,4,0,0,0,3,0,20.833333333333332
Male,50,African-American,2,0,0,0,1,0,15.216666666666667
Male,33,Caucasian,7,0,0,0,9,0,64.35
Female,27,Caucasian,0,0,0,0,2,0,28.5
Female,32,Caucasian,1,0,0,0,2,0,48.61666666666667
Male,55,Hispanic,2,0,0,0,3,0,662.2666666666667
Male,33,African-American,3,0,0,0,5,1,95.06666666666666
Female,42,African-American,8,0,0,0,8,1,26.083333333333332
Male,36,African-American,9,0,0,0,7,1,88.03333333333333
Male,43,Caucasian,8,0,0,0,4,1,1487.8666666666666
Female,54,Caucasian,7,0,0,0,5,0,482.18333333333334
Male,62,Caucasian,0,0,0,0,1,0,46.71666666666667
Female,37,Caucasian,1,0,0,0,3,0,28.016666666666666
Male,46,Caucasian,0,0,0,0,5,0,4660.933333333333
Male,26,African-American,1,0,0,0,3,1,3.5
Male,22,African-American,2,0,0,0,7,1,329.1
Male,42,Caucasian,0,0,0,0,4,0,15.4
Male,27,African-American,8,0,0,0,8,1,3.6166666666666667
Male,26,African-American,1,0,0,0,5,0,1.7
Male,34,African-American,5,0,0,0,2,1,23.033333333333335
Male,26,African-American,1,0,0,0,5,1,550.05
Male,25,African-American,3,0,1,1,8,1,9.5
Male,28,Caucasian,3,0,0,0,3,1,23.333333333333332
Male,48,African-American,4,0,0,0,3,0,22.416666666666668
Male,43,African-American,2,0,0,0,1,0,42.1
Male,50,Hispanic,9,0,0,0,5,1,693.9166666666666
Male,47,Caucasian,0,0,0,0,1,0,31.9
Male,29,Caucasian,11,0,0,1,8,1,1181.1333333333334
Male,41,African-American,1,0,0,0,1,0,48.43333333333333
Male,26,African-American,20,0,0,0,10,1,1054.7333333333333
Male,33,African-American,0,0,0,0,10,1,906.9833333333333
Male,52,Hispanic,2,0,0,0,1,0,45.85
Male,24,African-American,1,0,0,0,7,1,28.2
Male,20,African-American,0,0,0,0,3,0,44.583333333333336
Male,22,African-American,0,0,0,0,7,1,38.65
Female,26,African-American,4,0,0,0,9,1,19.333333333333332
Male,21,African-American,1,0,0,0,8,0,3311.3
Male,52,Caucasian,0,0,0,0,1,0,22.166666666666668
Male,64,Other,0,0,0,0,1,0,30.4
Male,44,Caucasian,8,0,0,0,6,1,48.65
Female,24,Caucasian,2,0,0,0,7,0,52.28333333333333
Male,27,African-American,7,0,0,0,9,1,103.7
Male,25,African-American,3,0,1,0,10,1,1933.5166666666667
Female,29,African-American,0,0,0,0,4,1,27.05
Female,49,African-American,12,0,0,0,6,0,505.28333333333336
Female,51,African-American,3,0,0,0,2,0,22.75
Male,22,Caucasian,2,0,0,0,5,1,332.6166666666667
Male,46,Caucasian,0,0,0,0,1,0,18.683333333333334
Male,21,Caucasian,2,0,0,0,7,1,24.133333333333333
Male,21,African-American,0,0,0,0,9,1,43.8
Male,34,African-American,13,0,0,0,4,1,19.383333333333333
Male,49,Caucasian,3,0,0,0,8,1,837.5166666666667
Female,50,Caucasian,0,0,0,0,3,0,5.283333333333333
Female,40,Caucasian,0,0,0,0,2,0,26.266666666666666
Male,29,African-American,4,0,0,0,4,0,23.7
Male,57,Caucasian,0,0,0,0,1,0,-2.4166666666666665
Male,43,African-American,18,0,0,0,4,1,221.66666666666666
Male,41,African-American,6,2,0,0,3,1,37.45
Male,32,African-American,1,0,0,0,3,0,29.883333333333333
Male,62,Caucasian,0,0,0,0,1,0,46.71666666666667
Male,25,Caucasian,5,0,0,0,9,1,16.0
Male,30,African-American,18,0,0,0,9,1,27.3
Male,22,Caucasian,0,0,0,0,6,0,25.9
Male,26,Caucasian,1,0,0,0,3,1,18.3
Male,26,Hispanic,0,0,0,0,1,1,17.716666666666665
Male,22,Caucasian,4,0,1,2,8,1,69.5
Male,56,Caucasian,0,0,0,0,1,0,29.666666666666668
Female,23,African-American,0,0,0,0,5,1,16.333333333333332
Male,35,Caucasian,2,0,0,0,9,0,27.066666666666666
Male,51,African-American,1,0,0,0,1,0,173.78333333333333
Male,34,Caucasian,1,0,0,0,5,0,31.05
Male,38,African-American,1,0,0,0,4,0,12.683333333333334
Male,34,African-American,11,0,0,4,8,1,20.3
Male,28,African-American,20,0,0,0,8,1,8.6
Male,21,African-American,1,0,0,0,9,0,3.933333333333333
Male,44,Caucasian,2,0,0,0,3,1,47.6
Female,30,Hispanic,0,0,0,0,3,1,24.25
Male,23,African-American,2,0,0,0,4,1,30.316666666666666
Male,21,African-American,1,0,0,0,4,0,25.383333333333333
Male,31,African-American,12,0,0,0,5,0,46.766666666666666
Male,40,Other,0,0,0,0,1,0,14.083333333333334
Male,55,Caucasian,3,0,0,0,7,1,864.3
Male,25,Caucasian,6,0,0,0,7,1,1309.65
Male,28,African-American,1,0,0,0,7,0,245.1
Male,29,African-American,4,0,1,1,4,1,46.06666666666667
Male,49,African-American,6,0,0,0,4,1,22.333333333333332
Male,33,African-American,18,0,0,0,10,1,27.9
Female,34,Other,0,0,0,0,2,1,322.21666666666664
Female,38,African-American,14,0,0,0,10,1,118.71666666666667
Female,29,Caucasian,10,0,1,0,4,1,170.38333333333333
Male,33,African-American,4,0,0,0,9,0,20.466666666666665
Male,40,African-American,3,0,0,0,8,1,22.1
Male,21,African-American,3,1,0,0,9,0,146.38333333333333
Male,33,African-American,0,0,0,0,6,0,5800.933333333333
Male,30,Caucasian,10,0,0,0,5,1,2612.483333333333
Male,24,Other,0,0,0,0,2,0,47.4
Male,53,Caucasian,2,0,0,0,1,0,23.833333333333332
Male,30,Hispanic,0,0,0,0,1,0,23.5
Male,31,Caucasian,5,0,0,0,3,0,3024.05
Male,23,African-American,0,0,0,0,4,0,74.23333333333333
Female,24,Caucasian,6,0,0,1,9,1,80.9
Male,26,African-American,10,0,0,0,8,1,29.7
Female,37,African-American,13,0,0,0,6,1,39.03333333333333
Male,30,Caucasian,1,0,0,0,3,1,19.15
Female,34,African-American,6,0,0,0,3,0,16.766666666666666
Male,30,African-American,20,2,0,0,9,1,7610.383333333333
Male,36,Caucasian,1,0,0,0,2,1,454.3333333333333
Male,27,African-American,0,0,0,0,2,0,32.28333333333333
Male,50,Hispanic,0,0,0,0,1,0,8.216666666666667
Male,52,African-American,7,0,0,0,9,1,94.8
Male,25,Caucasian,1,0,0,0,3,0,1014.1833333333333
Female,21,African-American,0,0,0,0,8,1,28.266666666666666
Male,40,African-American,7,0,0,0,8,0,855.6833333333333
Female,64,African-American,1,0,0,0,1,1,16.366666666666667
Male,53,Hispanic,11,0,0,0,2,0,25.633333333333333
Male,22,African-American,2,0,0,0,5,1,32.916666666666664
Male,28,African-American,1,0,0,0,1,0,30.266666666666666
Male,21,Caucasian,0,0,0,0,4,0,18.55
Female,21,African-American,1,1,0,0,6,1,23.883333333333333
Male,24,Caucasian,10,0,0,0,8,0,360.56666666666666
Male,27,African-American,4,0,0,0,2,1,24.483333333333334
Male,27,African-American,2,0,0,0,6,1,0.2833333333333333
Male,23,African-American,2,0,0,0,8,1,50.666666666666664
Male,31,Caucasian,1,0,0,0,1,0,872.5
Male,24,Hispanic,0,0,0,0,6,0,25.033333333333335
Female,21,African-American,2,0,0,0,10,1,24.483333333333334
Male,23,Caucasian,5,0,2,1,10,1,305.78333333333336
Male,26,African-American,24,0,1,0,10,1,7.05
Male,52,Hispanic,9,0,0,0,7,1,811.5333333333333
Male,47,Other,0,0,0,0,1,0,48.2
Male,44,African-American,6,0,0,0,1,0,1205.7333333333333
Male,35,Asian,1,0,0,0,1,0,65.43333333333334
Male,26,African-American,4,0,0,0,8,0,793.2666666666667
Male,21,Caucasian,0,0,0,1,5,0,14.25
Male,22,African-American,0,0,0,0,7,1,38.65
Female,74,African-American,0,0,0,0,1,0,14.616666666666667
Male,27,Caucasian,2,0,0,0,4,1,23.783333333333335
Male,25,Other,3,0,0,0,4,0,14.966666666666667
Female,26,Caucasian,1,0,0,0,2,0,25.516666666666666
Male,33,Caucasian,3,0,0,0,8,1,355.01666666666665
Male,65,Caucasian,1,0,0,0,1,0,41.28333333333333
Male,51,Caucasian,0,0,0,0,1,0,45.31666666666667
Male,50,African-American,23,1,0,0,10,0,4994.15
Male,21,African-American,1,0,0,1,10,1,1006.5333333333333
Male,43,Hispanic,1,0,0,0,1,1,23.016666666666666
Female,23,Caucasian,3,0,0,0,10,0,137.45
Female,59,Caucasian,2,0,0,0,3,0,696.9666666666667
Male,37,African-American,26,0,0,1,10,1,44.71666666666667
Male,21,African-American,1,0,0,1,4,0,7747.2
Male,37,African-American,5,0,0,0,5,1,154.8
Male,46,African-American,0,0,0,0,7,0,14.066666666666666
Male,45,African-American,1,0,0,0,1,0,22.833333333333332
Female,42,Caucasian,5,0,0,0,4,1,148.28333333333333
Female,40,African-American,7,0,0,0,4,0,44.416666666666664
Male,32,Caucasian,6,0,0,0,2,1,67.0
Male,31,Caucasian,11,0,0,0,7,1,284.4
Male,55,African-American,4,0,0,0,8,0,389.75
Male,20,African-American,0,0,0,0,4,1,-10.733333333333333
Male,36,African-American,2,0,0,0,3,1,24.266666666666666
Male,35,African-American,0,0,0,0,8,1,1373.8666666666666
Male,36,Caucasian,5,0,0,0,3,1,20.516666666666666
Male,24,African-American,0,0,0,0,3,1,4370.45
Male,45,African-American,13,0,0,0,7,0,42.416666666666664
Male,33,Caucasian,1,0,0,0,3,1,2.05
Male,38,Caucasian,5,0,0,0,4,1,68.26666666666667
Male,19,Caucasian,1,0,1,3,10,1,195.11666666666667
Male,22,African-American,1,0,0,0,9,1,2479.25
Male,20,Caucasian,0,0,0,0,4,0,22.533333333333335
Male,21,African-American,2,0,2,2,10,1,24.066666666666666
Male,25,African-American,4,0,0,0,6,1,1037.9166666666667
Male,20,African-American,0,0,0,0,6,1,21.133333333333333
Female,23,Caucasian,4,0,0,0,9,1,3197.866666666667
Male,41,African-American,13,0,0,0,10,1,15.733333333333333
Male,20,African-American,1,0,1,0,10,1,27.433333333333334
Male,33,African-American,0,0,0,0,5,1,19.916666666666668
Male,49,African-American,2,0,0,0,1,0,43.63333333333333
Male,39,African-American,1,0,0,0,2,1,21.5
Female,40,Other,1,0,0,0,1,0,6600.266666666666
Male,35,Other,0,0,0,0,1,0,54.266666666666666
Male,67,Hispanic,2,0,0,0,1,0,2355.766666666667
Female,40,Caucasian,5,0,0,0,4,0,277.25
Male,29,African-American,6,0,0,0,2,0,122.21666666666667
Male,32,African-American,9,0,0,4,9,0,19.2
Male,22,African-American,0,0,0,0,10,0,15.683333333333334
Female,47,African-American,0,0,0,0,2,0,20.75
Male,40,Hispanic,0,0,0,0,1,0,29.283333333333335
Male,29,Hispanic,4,0,0,0,4,0,28.683333333333334
Male,27,Hispanic,0,0,0,0,3,0,26.816666666666666
Male,25,Other,1,0,0,0,4,1,1632.7333333333333
Female,27,African-American,1,0,0,0,5,1,4.216666666666667
Male,31,Caucasian,3,0,0,0,2,1,43.0
Female,27,African-American,2,0,0,0,4,1,24.3
Female,27,African-American,3,0,0,0,5,1,22.933333333333334
Female,26,African-American,0,0,0,0,7,0,44.36666666666667
Male,34,Hispanic,0,0,0,0,1,0,1.35
Female,21,African-American,0,0,0,0,4,0,25.366666666666667
Male,35,African-American,4,0,0,0,5,0,33.81666666666667
Male,31,African-American,4,0,0,0,8,1,580.55
Male,21,African-American,0,0,0,0,8,1,214.85
Male,37,Caucasian,3,0,0,0,1,0,20.0
Female,41,Caucasian,2,0,0,0,1,0,-0.5333333333333333
Female,31,African-American,2,0,0,0,2,1,21.25
Male,24,Other,0,0,0,0,2,0,26.433333333333334
Male,40,African-American,1,0,0,0,1,1,7.083333333333333
Male,32,African-American,4,0,0,0,5,0,22.583333333333332
Female,37,African-American,0,0,0,0,3,0,23.133333333333333
Male,28,Caucasian,1,0,0,0,2,0,21.833333333333332
Male,26,African-American,13,0,0,0,8,1,267.35
Male,65,Other,0,0,0,0,1,0,18.283333333333335
Male,20,Other,8,0,8,1,10,1,25.116666666666667
Male,34,Caucasian,26,1,0,0,8,0,15.916666666666666
Male,25,Caucasian,0,0,0,0,2,1,4.833333333333333
Male,31,African-American,1,0,0,0,10,0,21.783333333333335
Male,46,Caucasian,9,3,1,0,6,0,45.06666666666667
Male,42,Other,6,0,0,0,3,0,28.566666666666666
Male,28,Caucasian,2,0,0,1,4,0,314.85
Male,36,Hispanic,0,0,0,0,1,1,24.15
Male,33,Hispanic,3,0,0,0,2,0,22.966666666666665
Male,22,Hispanic,0,0,0,0,2,1,19.516666666666666
Male,24,African-American,1,0,0,0,2,1,144.25
Male,44,Caucasian,1,0,0,0,1,0,122.5
Male,31,African-American,1,0,0,0,3,0,25.633333333333333
Male,27,Caucasian,0,0,0,0,2,0,41.0
Female,34,Caucasian,0,0,0,0,1,0,5.433333333333334
Female,32,Hispanic,0,0,0,0,2,0,7.783333333333333
Male,41,Caucasian,10,0,0,0,5,0,1.6
Male,21,African-American,0,0,0,0,7,1,4.683333333333334
Female,31,African-American,10,0,0,0,6,0,21.683333333333334
Male,25,African-American,3,0,0,0,5,1,644.2166666666667
Female,51,Caucasian,0,0,0,0,5,0,46.166666666666664
Female,28,Caucasian,0,0,0,0,5,0,27.95
Male,26,Caucasian,1,0,0,0,6,0,40.93333333333333
Male,40,Caucasian,0,0,0,0,7,1,198.83333333333334
Male,23,Caucasian,0,0,0,0,3,1,13.233333333333333
Male,38,Caucasian,12,0,0,0,5,0,22.416666666666668
Male,27,African-American,15,1,1,2,10,1,27.666666666666668
Male,29,Other,0,0,0,0,1,0,15.95
Male,37,Caucasian,13,1,6,0,7,0,28.75
Male,27,African-American,27,0,5,1,10,1,1.85
Male,48,African-American,2,0,0,0,6,0,29.85
Male,28,African-American,4,0,0,0,7,0,1820.8333333333333
Female,20,Caucasian,0,0,0,0,4,0,-10.85
Male,31,African-American,8,0,0,0,9,1,23.466666666666665
Male,25,African-American,1,0,0,0,4,1,15.65
Male,23,African-American,3,1,0,0,9,1,44.916666666666664
Male,47,Caucasian,0,0,0,0,1,0,21.216666666666665
Male,21,Hispanic,0,0,0,0,6,1,6.15
Male,27,African-American,7,0,0,0,9,1,97.55
Male,22,African-American,0,0,0,0,7,1,71.35
Male,25,Hispanic,1,0,0,0,7,0,63.0
Male,60,Hispanic,0,0,0,0,1,0,24.816666666666666
Male,35,African-American,3,0,0,0,2,0,270.6
Male,34,Other,0,0,0,0,2,0,48.0
Male,41,Asian,2,0,0,0,8,1,3886.9333333333334
Male,25,Caucasian,4,0,0,0,4,0,4396.166666666667
Male,22,Caucasian,4,0,0,0,6,1,341.46666666666664
Male,26,Hispanic,4,0,0,0,9,0,28.716666666666665
Male,26,Caucasian,0,0,0,0,5,0,789.25
Male,32,African-American,11,0,0,0,9,1,42.266666666666666
Male,34,African-American,7,0,0,0,5,1,16.583333333333332
Male,25,Caucasian,1,0,0,0,5,0,24.4
Male,47,Other,2,0,0,0,1,0,19.75
Female,32,Hispanic,1,0,0,0,2,0,263.2
Male,47,African-American,17,0,0,0,8,0,6.633333333333334
Male,31,African-American,11,0,0,1,7,1,3.066666666666667
Male,52,Caucasian,18,1,0,0,7,0,8295.333333333334
Male,27,African-American,3,0,0,0,2,0,20.9
Male,42,African-American,33,0,0,0,7,1,14.883333333333333
Male,61,African-American,8,0,0,0,2,1,17.966666666666665
Male,61,African-American,5,0,0,0,2,0,291.95
Male,51,Caucasian,3,0,0,0,4,0,166.11666666666667
Male,33,Caucasian,0,0,0,0,1,0,16.366666666666667
Male,22,African-American,4,0,0,1,10,0,94.53333333333333
Male,31,Other,2,0,0,0,2,1,320.46666666666664
Male,34,African-American,2,0,0,0,10,0,1666.7666666666667
Male,21,African-American,2,1,0,1,9,0,39.3
Male,46,Caucasian,0,0,0,0,1,0,20.7
Male,25,Caucasian,2,0,0,0,5,1,19.033333333333335
Male,37,Caucasian,0,0,0,0,2,0,18.25
Female,33,Caucasian,0,0,0,0,6,1,28.016666666666666
Male,22,African-American,1,0,0,0,7,0,189.16666666666666
Female,27,Caucasian,0,0,0,0,8,1,4.216666666666667
Male,35,Caucasian,3,0,0,0,4,1,236.08333333333334
Male,26,Caucasian,2,0,0,0,9,1,23.816666666666666
Male,28,Caucasian,0,0,0,0,3,0,46.6
Male,21,Caucasian,0,0,0,0,7,0,24.4
Female,26,Caucasian,4,0,0,0,3,1,13.883333333333333
Male,23,African-American,0,0,0,0,4,0,15.616666666666667
Male,23,African-American,0,0,0,0,7,0,21.95
Male,22,African-American,3,0,0,0,8,1,-1.0833333333333333
Female,41,African-American,2,0,0,0,6,1,565.4666666666667
Male,28,African-American,11,0,0,0,6,1,53.21666666666667
Male,25,African-American,8,0,0,2,8,1,2.9833333333333334
Male,26,Hispanic,7,0,0,0,5,1,25.85
Male,29,Caucasian,1,0,0,0,3,0,18.066666666666666
Female,23,African-American,2,0,0,0,10,1,14.666666666666666
Female,37,Other,0,0,0,0,1,0,24.083333333333332
Female,25,Caucasian,0,0,0,0,3,0,15.683333333333334
Female,22,African-American,0,0,0,0,7,0,-10.516666666666667
Male,25,Caucasian,2,0,0,0,5,0,49.15
Female,45,Caucasian,0,0,0,0,1,0,22.65
Male,23,African-American,1,0,1,0,10,0,91.78333333333333
Male,29,Caucasian,4,0,0,0,6,1,168.03333333333333
Male,35,African-American,13,1,0,0,9,1,3225.266666666667
Male,35,African-American,10,0,0,0,6,1,547.6166666666667
Male,24,Caucasian,3,0,0,2,5,0,20.183333333333334
Female,23,Caucasian,3,0,0,1,8,0,846.2333333333333
Female,58,Other,0,0,0,0,1,1,30.8
Male,39,African-American,3,0,0,0,2,0,30.116666666666667
Male,35,Caucasian,1,0,0,0,4,1,101.95
Male,28,Caucasian,0,0,0,0,5,0,93.15
Male,27,African-American,2,0,0,0,10,1,20.933333333333334
Male,44,African-American,0,0,0,0,1,0,26.016666666666666
Male,56,African-American,31,0,0,0,6,1,5.516666666666667
Male,32,Other,4,0,0,0,3,0,-10.016666666666667
Female,42,Caucasian,0,0,0,0,1,0,25.733333333333334
Male,36,African-American,2,0,0,0,4,1,1131.0333333333333
Male,38,African-American,8,1,5,0,6,0,380.9166666666667
Male,21,African-American,1,1,0,0,7,0,64.63333333333334
Male,20,African-American,2,1,1,0,4,0,5804.283333333334
Male,29,African-American,3,0,0,0,1,0,30.583333333333332
Male,25,African-American,0,0,0,2,2,0,0.7166666666666667
Male,41,African-American,0,0,0,0,4,0,14.383333333333333
Male,20,African-American,1,1,0,1,10,1,24.033333333333335
Male,64,African-American,0,0,0,0,4,0,96.61666666666666
Male,30,African-American,12,0,0,0,9,1,-1.8
Male,34,African-American,8,0,0,0,10,0,511.8
Male,22,Caucasian,0,0,0,2,5,0,-4.966666666666667
Male,24,African-American,3,0,0,0,6,1,23.15
Male,24,African-American,0,0,0,0,7,0,72.21666666666667
Female,23,African-American,1,0,0,0,5,1,42.06666666666667
Male,33,Other,0,0,0,0,1,1,2007.5166666666667
Male,56,African-American,1,0,0,0,1,0,211.61666666666667
Male,41,African-American,1,0,0,0,4,0,1148.6
Male,33,Caucasian,0,0,0,0,1,0,43.666666666666664
Male,34,Hispanic,17,0,0,0,6,1,959.15
Male,26,Caucasian,1,0,0,0,5,0,176.36666666666667
Male,35,Caucasian,6,0,0,0,5,1,41.88333333333333
Male,24,Caucasian,1,0,0,0,4,1,26.083333333333332
Male,23,African-American,2,0,0,0,4,1,24.616666666666667
Male,27,African-American,11,0,1,0,8,0,115.96666666666667
Male,24,African-American,3,0,0,0,4,1,45.46666666666667
Female,29,African-American,1,0,0,0,4,0,41.5
Male,31,Caucasian,3,0,0,0,5,0,769.95
Male,26,African-American,4,0,0,0,4,0,354.15
Male,28,Other,10,0,0,0,10,0,4176.533333333334
Male,26,African-American,3,0,0,0,3,0,25.583333333333332
Male,32,Caucasian,2,0,1,0,2,0,1677.0333333333333
Male,23,Hispanic,3,0,0,0,6,1,73.31666666666666
Female,33,Caucasian,3,0,0,0,6,1,45.56666666666667
Male,32,African-American,1,0,0,0,1,0,41.983333333333334
Male,49,Caucasian,12,0,0,0,2,1,71.16666666666667
Male,24,African-American,1,0,0,1,2,1,18.1
Male,45,Hispanic,1,0,0,0,8,0,142.71666666666667
Male,23,Caucasian,1,0,0,0,3,0,30.983333333333334
Female,31,Caucasian,1,0,0,0,3,0,25.1
Male,19,African-American,0,0,0,0,9,0,22.183333333333334
Male,30,African-American,11,0,0,2,9,1,29.35
Male,30,African-American,13,0,2,2,10,1,69.55
Female,35,African-American,4,0,0,0,6,0,14.733333333333333
Male,33,African-American,1,0,0,0,2,0,23.833333333333332
Male,21,African-American,0,0,0,0,7,1,32.15
Male,27,African-American,6,0,0,0,7,1,46.18333333333333
Female,38,Caucasian,5,0,0,0,6,1,1002.5
Male,24,Other,0,0,0,0,6,0,23.883333333333333
Male,29,African-American,0,0,0,0,6,0,23.9
Male,24,African-American,1,0,0,2,9,1,148.93333333333334
Female,38,Hispanic,20,0,0,0,9,1,46.1
Male,37,African-American,4,0,0,0,3,0,31.166666666666668
Male,23,Caucasian,0,0,0,0,6,0,23.433333333333334
Male,32,Caucasian,2,0,0,0,4,0,26.666666666666668
Male,25,Hispanic,6,0,0,0,7,1,959.4333333333333
Male,32,African-American,9,0,0,1,7,1,552.4833333333333
Male,21,Caucasian,1,0,0,0,3,0,28.016666666666666
Male,25,African-American,0,0,0,0,8,1,-4.983333333333333
Male,26,Caucasian,0,0,0,0,2,0,218.23333333333332
Male,60,African-American,13,0,0,0,6,1,50.233333333333334
Female,54,Caucasian,1,0,0,0,2,0,100.61666666666666
Male,58,African-American,12,0,0,0,6,1,95.93333333333334
Male,31,Hispanic,1,0,0,0,8,1,409.8666666666667
Female,20,African-American,2,0,0,0,9,0,1006.4
Male,46,Caucasian,2,0,0,0,6,1,22.8
Female,58,African-American,3,0,0,0,1,0,440.3666666666667
Female,53,Caucasian,4,0,0,0,8,0,1330.4166666666667
Male,30,African-American,1,0,0,0,2,0,32.18333333333333
Male,33,African-American,1,0,0,0,2,0,26.366666666666667
Female,51,African-American,10,1,0,0,10,1,1565.0
Male,51,Caucasian,0,0,0,0,1,0,67.83333333333333
Female,23,Hispanic,2,0,0,0,4,1,47.05
Female,30,African-American,4,0,0,0,7,1,23.55
Male,25,African-American,3,0,0,2,6,0,172.88333333333333
Male,24,Asian,4,0,0,0,6,1,0.85
Male,32,African-American,19,0,0,0,10,1,359.76666666666665
Male,28,African-American,4,0,0,0,6,1,505.2
Female,25,Caucasian,1,0,0,0,5,1,20.95
Male,34,African-American,12,0,0,0,7,0,833.05
Male,33,Caucasian,0,0,0,0,1,0,20.016666666666666
Male,46,Caucasian,2,0,0,0,3,1,53.65
Male,21,African-American,0,0,0,0,8,1,214.85
Male,55,African-American,21,0,0,0,6,1,2041.3666666666666
Male,23,African-American,4,0,0,0,7,0,29.683333333333334
Male,65,African-American,1,0,0,0,1,0,32.516666666666666
Male,59,African-American,4,0,0,0,3,1,24.383333333333333
Male,24,African-American,3,0,0,0,8,0,7.2
Male,30,Caucasian,6,0,0,1,5,0,246.23333333333332
Male,40,Hispanic,1,0,0,0,1,0,1609.9166666666667
Male,32,African-American,0,0,0,0,3,0,27.716666666666665
Male,33,Caucasian,1,0,0,0,3,0,1016.35
Male,61,African-American,8,0,0,0,6,0,837.5166666666667
Male,48,Caucasian,0,0,0,0,7,0,264.43333333333334
Male,39,Caucasian,13,1,0,0,7,0,21.483333333333334
Female,24,African-American,0,0,0,0,6,1,3.9
Male,21,African-American,0,0,0,0,10,1,25.083333333333332
Male,30,Hispanic,2,0,0,0,2,0,144.18333333333334
Male,55,Caucasian,18,0,0,0,2,1,894.4166666666666
Female,23,Caucasian,1,0,0,0,3,0,14.1
Female,23,African-American,0,0,0,0,6,0,6.833333333333333
Male,24,Other,2,0,1,9,10,1,5806.9
Male,33,African-American,4,0,0,0,10,0,26.483333333333334
Male,62,Other,2,0,0,0,1,0,20.216666666666665
Male,46,Caucasian,1,0,0,0,1,1,711.6833333333333
Male,21,Caucasian,0,0,0,0,7,1,17.9
Male,27,African-American,11,0,0,0,7,1,122.93333333333334
Male,27,African-American,5,0,0,0,3,1,77.08333333333333
Male,52,Caucasian,1,0,0,0,1,1,72.13333333333334
Male,32,Other,0,0,0,0,1,0,30.766666666666666
Male,23,Caucasian,4,0,1,0,4,1,187.73333333333332
Male,22,Caucasian,0,0,0,2,7,1,70.33333333333333
Male,31,Caucasian,2,0,0,0,3,1,22.433333333333334
Male,32,African-American,13,0,0,0,10,1,2331.9166666666665
Male,42,African-American,1,0,0,0,1,0,101.55
Male,24,African-American,7,0,0,0,7,1,21.05
Female,44,Hispanic,4,0,0,0,3,1,-2.816666666666667
Male,32,Caucasian,9,0,0,0,7,1,117.76666666666667
Female,23,Hispanic,7,0,0,0,8,0,2501.4333333333334
Male,25,African-American,3,0,1,0,7,0,29.266666666666666
Male,25,African-American,10,0,0,0,7,0,4346.433333333333
Male,26,African-American,3,0,3,0,9,1,4920.8
Male,23,African-American,2,0,1,2,6,1,56.63333333333333
Male,41,Caucasian,16,5,0,0,10,0,6715.6
Female,24,Caucasian,7,0,0,1,8,1,3009.4333333333334
Male,64,African-American,13,0,0,0,6,0,26.766666666666666
Male,38,Other,2,0,0,0,3,1,5.4
Female,47,Caucasian,0,0,0,0,3,1,100.18333333333334
Female,23,Caucasian,1,0,0,2,2,0,4.05
Male,47,Caucasian,10,0,0,0,8,0,873.3833333333333
Male,27,African-American,6,1,2,1,10,0,24.233333333333334
Male,38,Caucasian,0,0,0,0,3,1,9.033333333333333
Male,33,African-American,0,0,0,0,9,0,1562.7333333333333
Male,58,African-American,12,0,0,0,6,1,95.93333333333334
Male,33,African-American,18,0,0,0,10,1,27.9
Female,37,Caucasian,0,0,0,0,3,0,23.383333333333333
Female,35,African-American,2,0,0,0,6,0,357.0833333333333
Male,21,African-American,2,2,0,1,10,1,3362.3
Female,24,African-American,2,0,0,0,5,1,74.01666666666667
Male,56,African-American,1,0,0,0,1,0,211.61666666666667
Male,38,African-American,14,0,0,0,10,0,2804.9666666666667
Female,25,African-American,2,0,0,0,8,1,9794.183333333332
Male,33,Other,3,0,0,0,2,0,27.65
Male,22,African-American,4,0,0,0,8,0,18.466666666666665
Male,23,African-American,0,0,0,0,2,0,50.516666666666666
Female,28,African-American,6,0,0,0,5,1,49.68333333333333
Male,20,Hispanic,2,0,2,1,8,1,751.6166666666667
Male,35,Caucasian,4,0,0,0,5,1,26.766666666666666
Male,65,Caucasian,3,0,0,0,2,0,555.55
Male,21,African-American,0,0,0,0,4,1,31.55
Female,54,African-American,6,0,0,0,1,0,17.583333333333332
Female,22,African-American,4,0,0,0,9,1,48.8
Male,39,Hispanic,1,0,0,0,1,0,28.4
Male,38,African-American,2,0,0,0,7,1,221.1
Female,38,African-American,0,0,0,0,2,0,26.566666666666666
Male,37,African-American,3,0,0,0,6,1,22.566666666666666
Male,24,African-American,2,0,0,2,5,1,19.433333333333334
Male,33,African-American,3,0,0,0,6,1,286.0
Male,22,Caucasian,3,0,0,0,6,0,54.18333333333333
Female,33,African-American,0,0,0,0,2,0,13.316666666666666
Male,29,Caucasian,1,0,0,0,6,0,22.033333333333335
Male,24,African-American,11,0,0,0,9,1,1227.1333333333334
Male,32,Other,0,0,0,0,3,1,20.25
Male,29,African-American,13,0,0,0,8,1,27.566666666666666
Male,34,African-American,8,2,0,1,7,1,112.0
Male,30,African-American,10,0,0,0,6,1,22.75
Female,22,African-American,1,0,0,0,6,1,25.283333333333335
Male,25,African-American,2,0,0,0,8,0,28.166666666666668
Female,39,Caucasian,8,0,0,0,7,1,764.4333333333333
Male,45,African-American,4,0,0,0,3,1,-4.116666666666666
Male,25,Caucasian,3,0,0,0,3,0,6575.85
Male,29,Caucasian,3,0,0,0,3,0,94.56666666666666
Male,41,African-American,12,0,0,3,6,1,5.316666666666666
Male,58,Hispanic,4,0,0,0,1,0,46.416666666666664
Male,35,African-American,2,0,0,0,3,0,25.916666666666668
Male,24,Caucasian,3,0,1,1,8,1,4.966666666666667
Female,49,Caucasian,0,0,0,0,1,1,2.7333333333333334
Female,26,Caucasian,2,0,0,0,4,0,53.88333333333333
Male,40,African-American,4,0,0,0,3,0,22.233333333333334
Female,52,African-American,0,0,0,0,1,0,58.083333333333336
Male,32,African-American,21,0,0,0,9,1,1537.5
Male,25,Hispanic,2,0,0,0,5,1,21.55
Female,51,Caucasian,5,0,0,0,7,1,498.26666666666665
Male,52,African-American,7,0,0,0,9,1,2830.1666666666665
Male,51,African-American,1,0,0,0,4,1,13.416666666666666
Male,29,African-American,7,2,0,1,9,0,42.4
Male,28,African-American,5,0,0,0,8,0,837.85
Female,50,African-American,0,0,0,0,1,0,24.016666666666666
Male,31,African-American,12,1,1,1,9,1,6984.9
Female,35,African-American,0,0,0,0,3,1,46.05
Male,54,African-American,4,0,0,0,3,1,73.6
Male,45,African-American,1,0,0,0,2,1,1134.4
Male,20,African-American,2,0,0,0,8,1,795.5833333333334
Female,39,Caucasian,2,0,0,0,5,1,22.866666666666667
Male,20,African-American,1,0,0,0,7,0,4559.583333333333
Female,24,African-American,1,0,0,0,4,1,4.916666666666667
Male,24,African-American,1,0,0,0,4,1,4.316666666666666
Male,30,African-American,2,0,0,0,2,0,436.3333333333333
Male,32,African-American,3,0,0,0,2,0,27.266666666666666
Female,23,African-American,2,0,0,0,7,1,26.083333333333332
Male,26,African-American,5,0,0,0,7,1,166.1
Male,26,African-American,2,0,0,0,4,0,18.25
Male,31,African-American,13,0,0,0,10,1,16.383333333333333
Male,30,African-American,19,0,1,0,10,1,222.31666666666666
Male,22,African-American,0,0,0,0,6,0,5.533333333333333
Female,39,Caucasian,0,0,0,0,1,0,21.133333333333333
Male,32,African-American,6,0,0,0,7,1,97.55
Male,31,Caucasian,1,0,0,0,2,1,3.3833333333333333
Male,52,African-American,1,0,0,0,1,0,236.7
Male,24,African-American,7,2,0,0,8,1,69.28333333333333
Male,26,African-American,6,0,0,0,5,1,0.55
Female,39,Caucasian,1,0,0,0,4,0,174.63333333333333
Male,35,Caucasian,10,0,0,0,8,0,9358.066666666668
Male,46,Caucasian,0,0,0,0,1,0,-1.75
Male,22,Caucasian,1,0,0,0,3,1,13.783333333333333
Male,35,Caucasian,1,0,0,0,4,0,1075.6833333333334
Male,32,Hispanic,0,0,0,0,1,0,23.666666666666668
Male,38,African-American,0,0,0,0,1,0,239.1
Male,30,Other,0,0,0,0,6,1,24.416666666666668
Male,25,Caucasian,4,0,0,0,10,1,794.3333333333334
Male,32,African-American,1,0,0,0,10,0,2761.483333333333
Female,23,Caucasian,4,0,0,0,9,1,3197.866666666667
Female,33,African-American,2,0,0,0,2,0,3.15
Female,34,Hispanic,1,0,0,0,3,0,91.46666666666667
Male,60,Caucasian,0,0,0,0,1,1,73.71666666666667
Female,26,African-American,0,0,0,0,4,0,53.61666666666667
Male,59,African-American,14,0,0,0,8,1,792.2833333333333
Male,20,Caucasian,0,0,0,1,6,1,26.1
Male,48,Caucasian,3,0,0,0,-1,1,51.483333333333334
Male,27,African-American,10,0,0,0,6,1,30.016666666666666
Female,29,Caucasian,1,0,0,0,4,1,144.08333333333334
Male,27,Other,6,0,0,0,4,1,26.15
Male,40,Other,1,0,0,0,1,0,23.783333333333335
Male,24,African-American,2,0,0,0,7,0,27.2
Female,28,African-American,10,0,0,0,7,1,85.33333333333333
Male,25,Other,2,0,0,0,2,1,23.583333333333332
Male,32,Caucasian,0,0,0,0,1,0,16.183333333333334
Male,28,African-American,6,0,0,0,8,1,30.633333333333333
Male,25,African-American,4,2,0,0,10,1,2072.55
Male,45,African-American,3,0,0,0,9,0,870.2833333333333
Male,31,Caucasian,0,0,0,0,7,1,847.7833333333333
Male,67,Caucasian,2,0,0,0,1,1,6.866666666666666
Male,42,African-American,4,0,0,0,1,0,297.55
Male,31,Hispanic,8,0,0,0,9,1,2813.4166666666665
Male,34,African-American,10,0,1,0,7,1,54.06666666666667
Male,40,Native American,2,0,0,0,6,0,24.066666666666666
Male,20,Hispanic,0,0,0,0,4,1,20.0
Male,57,Caucasian,0,0,0,0,1,0,114.66666666666667
Female,32,Caucasian,6,0,0,0,6,1,194.13333333333333
Male,59,Caucasian,1,0,0,0,2,1,13.883333333333333
Male,51,Caucasian,0,0,0,0,1,0,18.233333333333334
Male,21,African-American,3,0,2,0,5,1,-5.55
Male,30,Caucasian,4,0,0,0,8,1,118.01666666666667
Male,30,Caucasian,0,0,0,0,1,0,-3.216666666666667
Male,24,African-American,2,0,0,0,6,1,24.283333333333335
Male,24,African-American,6,0,0,1,9,1,1103.1833333333334
Female,48,Caucasian,4,0,0,0,4,0,6.333333333333333
Female,24,African-American,1,0,0,0,6,1,22.166666666666668
Male,22,African-American,1,0,0,0,9,1,918.1833333333333
Male,19,African-American,0,0,0,1,9,0,4598.65
Male,24,Caucasian,0,0,0,0,5,1,886.9
Male,21,Caucasian,1,0,0,0,5,0,23.6
Male,42,Caucasian,2,0,0,0,7,1,27.733333333333334
Female,30,African-American,0,0,0,0,1,0,20.633333333333333
Male,19,African-American,3,0,0,0,8,1,47.3
Male,22,African-American,1,0,0,1,7,1,22.783333333333335
Male,29,African-American,6,0,0,0,6,1,3601.4666666666667
Male,39,African-American,0,0,0,0,1,0,-0.55
Male,37,Hispanic,3,0,0,0,2,1,49.75
Male,21,African-American,1,0,0,0,7,0,46.166666666666664
Male,22,African-American,0,0,0,1,7,1,22.9
Male,23,Caucasian,2,0,0,0,7,1,363.48333333333335
Male,24,African-American,1,0,0,0,3,0,42.45
Male,27,African-American,9,0,0,0,8,0,313.01666666666665
Male,23,African-American,1,0,0,0,2,0,0.38333333333333336
Male,47,Caucasian,2,0,0,0,4,0,147.2
Male,41,African-American,9,0,0,0,5,0,4153.7
Male,41,African-American,1,0,0,0,1,0,19.183333333333334
Male,23,African-American,2,1,0,4,9,0,1274.9666666666667
Male,23,Caucasian,2,0,0,0,6,0,4.2
Male,55,African-American,3,0,0,0,5,1,1675.4333333333334
Female,34,Hispanic,5,0,0,0,4,0,26.133333333333333
Male,42,African-American,1,0,0,0,6,1,147.05
Male,58,African-American,21,0,0,0,7,1,1418.7833333333333
Male,42,African-American,0,0,0,0,1,0,27.683333333333334
Male,26,African-American,5,0,0,0,10,1,75.31666666666666
Female,23,Caucasian,0,0,0,0,3,0,6.683333333333334
Male,33,African-American,11,0,2,3,8,1,1378.0833333333333
Male,28,African-American,20,0,0,0,8,1,8.6
Male,58,African-American,12,0,0,0,6,0,2761.4333333333334
Male,32,Caucasian,2,0,0,0,1,0,20.633333333333333
Male,41,African-American,14,2,0,1,8,1,142.41666666666666
Female,26,African-American,1,0,0,0,3,1,26.833333333333332
Male,31,African-American,1,0,0,0,3,1,5516.366666666667
Male,55,African-American,12,0,0,0,8,0,686.7333333333333
Female,36,Caucasian,3,0,0,0,6,1,648.85
Female,27,African-American,6,0,0,0,5,0,5.616666666666666
Male,25,African-American,3,0,0,0,3,1,139.35
Male,41,African-American,8,0,0,0,2,1,30.15
Male,33,African-American,6,0,0,0,5,0,21.566666666666666
Male,21,Caucasian,0,0,0,0,10,0,22.75
Female,30,African-American,11,0,0,0,7,1,145.21666666666667
Male,55,Caucasian,1,0,0,0,3,0,21.9
Male,27,Caucasian,5,0,0,0,9,0,28.616666666666667
Female,37,Caucasian,2,0,0,0,5,0,37.95
Male,28,Caucasian,4,0,0,0,4,1,1446.8666666666666
Female,29,Caucasian,1,0,0,0,4,1,144.08333333333334
Male,23,African-American,2,0,0,0,6,1,145.61666666666667
Male,24,African-American,3,0,0,0,7,0,158.6
Male,42,African-American,7,0,0,0,5,0,23.316666666666666
Female,22,African-American,1,0,0,0,4,0,-0.1
Male,27,African-American,6,0,0,0,5,0,2860.2833333333333
Male,22,Caucasian,2,0,0,0,6,1,20.2
Male,23,African-American,4,0,0,0,10,0,52.016666666666666
Female,52,Hispanic,0,0,0,0,1,1,22.6
Female,50,Caucasian,0,0,0,0,1,0,42.416666666666664
Male,28,Caucasian,6,0,0,0,4,1,43.583333333333336
Male,24,African-American,7,0,0,0,8,1,1635.3833333333334
Male,48,Asian,0,0,0,0,1,0,16.416666666666668
Male,21,Caucasian,1,1,0,1,7,1,883.5666666666667
Female,24,African-American,1,0,0,0,6,0,7437.25
Male,58,African-American,12,0,0,0,6,1,95.93333333333334
Male,21,African-American,1,0,0,0,5,1,868.3666666666667
Male,27,Caucasian,0,0,0,0,2,0,22.35
Male,31,African-American,4,0,0,0,2,0,1680.0333333333333
Male,28,Hispanic,3,0,0,0,5,0,18.116666666666667
Male,39,Caucasian,2,0,0,0,2,0,116.9
Female,23,Hispanic,7,0,3,1,8,1,28.666666666666668
Male,33,Caucasian,1,0,0,0,3,0,1016.35
Male,53,Caucasian,36,0,0,0,6,1,791.8666666666667
Male,54,African-American,0,0,0,0,1,0,24.233333333333334
Male,23,African-American,4,0,0,1,8,1,268.06666666666666
Male,41,African-American,9,0,0,0,5,0,4153.7
Male,37,African-American,0,0,0,0,8,0,213.91666666666666
Male,29,African-American,5,0,0,0,6,1,27.116666666666667
Male,50,Asian,5,0,0,0,7,1,270.4166666666667
Male,39,Caucasian,0,0,0,0,2,0,24.416666666666668
Female,42,Caucasian,0,0,0,0,2,0,236.4
Male,54,Caucasian,13,0,0,0,5,0,722.7166666666667
Male,24,African-American,2,0,1,0,9,1,458.93333333333334
Male,35,Caucasian,0,0,0,0,3,1,26.7
Male,33,African-American,0,0,0,0,5,0,1080.1833333333334
Female,26,African-American,1,0,0,0,4,1,48.1
Female,55,Caucasian,0,0,0,0,7,1,146.93333333333334
Male,68,African-American,1,0,0,0,2,0,629.3
Male,21,African-American,1,1,0,0,7,0,64.63333333333334
Male,34,African-American,7,0,0,0,6,0,39.78333333333333
Male,22,African-American,0,0,0,0,5,1,26.133333333333333
Male,25,African-American,0,0,0,0,3,1,24.55
Female,27,African-American,5,0,0,0,10,0,31.7
Female,22,African-American,0,0,0,0,8,1,21.166666666666668
Female,26,Caucasian,1,0,0,0,8,1,7.083333333333333
Male,36,African-American,17,0,2,0,8,1,360.53333333333336
Female,63,African-American,1,0,0,0,1,0,12.7
Male,26,African-American,5,0,0,1,7,1,22.766666666666666
Male,38,Caucasian,0,0,0,0,3,1,67.85
Male,38,African-American,2,0,0,0,7,1,4627.15
Male,31,Hispanic,1,0,0,0,7,0,142.23333333333332
Female,46,African-American,4,0,0,0,4,0,18.4
Male,27,Caucasian,1,0,0,0,7,1,677.4166666666666
Male,27,African-American,9,0,0,1,10,1,19195.016666666666
Male,23,Caucasian,1,0,0,0,2,0,58.63333333333333
Female,32,Hispanic,1,0,0,0,2,0,23.216666666666665
Male,30,Caucasian,4,0,0,0,2,0,1497.1333333333334
Female,58,Caucasian,2,0,0,0,1,0,74.23333333333333
Male,21,African-American,1,0,0,0,7,0,46.166666666666664
Male,27,Caucasian,8,0,0,0,5,0,1635.3833333333334
Female,21,African-American,1,0,0,0,3,1,47.11666666666667
Male,27,Caucasian,13,0,2,1,5,1,1370.2833333333333
Male,69,African-American,22,0,0,0,5,0,27.65
Male,36,African-American,1,0,0,0,1,0,2.55
Female,38,Caucasian,3,0,0,0,4,0,21.95
Male,63,African-American,22,0,0,0,9,1,226.65
Male,47,African-American,3,0,0,0,5,1,269.6666666666667
Male,41,Caucasian,0,0,0,0,1,0,5.5
Male,61,Hispanic,2,0,0,0,4,1,73.08333333333333
Female,23,African-American,1,0,0,0,4,0,19.883333333333333
Male,47,African-American,23,0,0,0,8,1,20.783333333333335
Male,30,Caucasian,11,0,1,0,9,1,962.7
Male,29,African-American,4,0,0,0,5,0,26.466666666666665
Male,29,Caucasian,4,0,0,0,8,0,16.333333333333332
Female,22,Caucasian,1,0,0,0,9,0,503.21666666666664
Male,26,African-American,6,0,0,0,9,1,54.11666666666667
Male,48,Hispanic,1,0,0,0,1,1,23.916666666666668
Male,27,African-American,0,0,0,0,2,1,25.316666666666666
Male,50,African-American,7,0,0,0,2,0,17.916666666666668
Female,22,Hispanic,0,0,0,0,3,0,20.766666666666666
Male,24,African-American,1,0,0,0,3,1,23.866666666666667
Male,30,Caucasian,0,0,0,0,2,0,5.266666666666667
Male,25,African-American,1,0,0,1,8,1,2513.95
Male,46,Caucasian,5,0,0,0,8,1,-3.15
Male,28,African-American,16,0,2,0,9,0,32.2
Male,21,Caucasian,2,0,0,0,9,0,228.21666666666667
Male,29,African-American,0,0,0,0,1,1,39.016666666666666
Male,33,African-American,3,0,0,0,5,1,95.06666666666666
Female,39,Caucasian,4,0,0,0,1,1,27.016666666666666
Male,25,African-American,4,0,0,0,5,1,767.8833333333333
Male,22,African-American,7,0,4,0,8,1,264.8666666666667
Male,31,Caucasian,0,0,0,0,1,0,124.46666666666667
Male,30,African-American,18,0,1,1,10,1,1484.0666666666666
Male,21,African-American,0,0,0,0,8,0,39.38333333333333
Male,26,African-American,4,0,0,0,6,1,1086.4833333333333
Male,20,African-American,2,0,0,1,7,1,246.48333333333332
Female,26,Caucasian,0,0,0,0,3,0,22.35
Male,50,Caucasian,0,0,0,0,1,1,20.166666666666668
Male,25,African-American,3,0,0,0,4,0,18.383333333333333
Male,35,African-American,0,0,0,0,8,1,27.133333333333333
Male,22,African-American,2,1,0,0,9,1,722.0
Male,30,Other,5,0,0,0,8,1,137.51666666666668
Female,37,African-American,23,0,0,0,8,1,-10.683333333333334
Male,44,Caucasian,0,0,0,0,7,1,507.01666666666665
Male,57,Other,0,0,0,0,1,0,26.133333333333333
Male,55,Caucasian,0,0,0,0,5,0,241.73333333333332
Male,37,Hispanic,9,0,0,0,5,0,51.766666666666666
Female,27,African-American,12,0,0,0,6,1,19.983333333333334
Male,30,African-American,0,0,0,0,2,0,22.766666666666666
Male,26,African-American,9,0,1,1,10,1,44.083333333333336
Male,32,Caucasian,2,1,0,1,3,0,23.45
Male,22,African-American,3,0,1,0,4,1,29.666666666666668
Male,28,African-American,12,0,8,2,10,1,1830.5333333333333
Male,21,African-American,0,0,0,0,4,0,124.45
Male,24,Caucasian,4,0,0,0,8,0,874.1333333333333
Male,45,Caucasian,2,0,0,0,1,0,5.8
Male,26,African-American,12,0,1,1,6,0,5092.65
Male,26,Caucasian,0,0,0,0,3,0,14.85
Male,24,African-American,12,0,3,0,10,0,410.8
Male,27,Caucasian,0,0,0,0,1,0,23.266666666666666
Male,28,African-American,0,0,0,0,1,0,24.233333333333334
Female,51,Caucasian,0,0,0,0,4,1,26.316666666666666
Male,30,Caucasian,13,0,0,0,8,1,795.8666666666667
Male,21,African-American,0,0,0,0,5,1,291.6
Female,22,African-American,4,0,0,0,9,1,48.8
Male,25,Caucasian,1,0,0,0,9,0,1417.1
Male,37,Caucasian,0,0,0,0,2,0,19.383333333333333
Male,44,Hispanic,7,0,0,0,3,1,626.3333333333334
Female,27,Caucasian,0,0,0,0,2,1,55.45
Female,51,Caucasian,0,0,0,0,1,1,191.88333333333333
Male,31,African-American,12,0,0,0,8,0,25.25
Female,23,Caucasian,0,0,0,0,6,1,41.266666666666666
Male,57,Caucasian,2,0,0,0,1,0,219.63333333333333
Male,28,Caucasian,0,0,0,0,10,0,39.56666666666667
Male,23,African-American,3,0,0,0,8,1,2188.5333333333333
Male,23,African-American,2,0,0,0,2,0,29.35
Male,35,Caucasian,0,0,0,0,10,1,383.1166666666667
Male,20,Caucasian,0,0,0,0,5,1,17.083333333333332
Male,37,African-American,23,1,8,5,8,1,45.06666666666667
Male,46,African-American,2,0,0,0,2,1,223.41666666666666
Female,21,Other,2,0,0,0,4,0,19.216666666666665
Male,20,Caucasian,1,0,0,0,5,1,27.466666666666665
Male,41,Caucasian,0,0,0,0,1,0,1.8333333333333333
Male,26,African-American,5,0,0,0,7,1,651.7333333333333
Male,45,Hispanic,8,0,0,0,7,0,27.016666666666666
Male,52,Hispanic,9,0,0,0,7,1,811.5333333333333
Female,25,Other,0,0,0,0,2,0,21.9
Male,22,Caucasian,0,0,0,0,3,0,93.71666666666667
Male,31,Caucasian,0,0,0,0,7,1,847.7833333333333
Male,24,African-American,1,0,0,0,4,0,17.966666666666665
Male,23,Hispanic,4,0,0,0,9,0,655.0833333333334
Male,26,African-American,1,0,0,0,9,0,-4.133333333333334
Male,30,Other,0,0,0,0,1,0,31.183333333333334
Male,28,Caucasian,1,0,0,0,2,1,21.383333333333333
Male,20,African-American,0,0,0,0,3,0,31.1
Female,59,Caucasian,1,0,0,0,1,0,121.18333333333334
Male,72,Caucasian,1,0,0,0,1,0,24.683333333333334
Male,56,Caucasian,1,0,0,0,2,0,27.233333333333334
Male,37,Caucasian,5,0,0,0,7,0,328.71666666666664
Female,38,Caucasian,2,0,0,0,5,1,23.783333333333335
Male,42,African-American,5,0,0,0,2,0,1400.8333333333333
Female,60,Caucasian,5,0,0,0,4,0,-0.8666666666666667
Female,49,Caucasian,2,0,0,0,1,1,4.75
Female,24,African-American,3,0,1,0,7,0,24.283333333333335
Male,27,African-American,3,0,0,0,2,1,162.48333333333332
Female,41,African-American,4,0,0,0,2,1,239.7
Male,25,African-American,0,0,0,0,2,0,3.7666666666666666
Female,29,Hispanic,1,0,0,0,4,0,29.95
Male,22,African-American,0,0,0,0,3,1,25.866666666666667
Male,31,Caucasian,5,0,0,0,6,1,7.1
Male,23,African-American,1,0,0,0,4,1,28.266666666666666
Male,26,African-American,1,0,0,0,8,1,105.35
Female,24,African-American,0,0,0,0,3,0,46.13333333333333
Female,43,African-American,0,0,0,0,1,0,30.416666666666668
Female,25,African-American,2,0,0,0,8,1,14.133333333333333
Male,28,African-American,1,0,0,0,2,0,27.333333333333332
Male,26,African-American,8,0,0,0,8,1,6.416666666666667
Female,27,Other,0,0,0,0,3,1,64.8
Male,34,African-American,22,0,0,0,9,0,47.85
Male,27,Other,6,0,0,0,5,0,2548.6
Male,36,Caucasian,4,0,0,0,8,1,905.8166666666667
Male,26,Hispanic,4,0,0,0,6,0,-2.25
Male,38,Caucasian,5,0,0,0,6,0,17.866666666666667
Female,59,Caucasian,0,0,0,0,1,0,22.933333333333334
Female,28,African-American,10,0,0,0,7,1,85.33333333333333
Male,26,African-American,3,0,1,0,6,1,49.833333333333336
Male,19,Other,0,0,0,0,9,1,29.333333333333332
Male,31,Caucasian,10,0,0,0,8,0,-9.966666666666667
Female,35,African-American,2,0,2,0,6,0,118.48333333333333
Male,67,Caucasian,3,0,0,0,1,0,24.633333333333333
Female,26,Caucasian,0,0,0,0,4,0,21.483333333333334
Male,37,African-American,2,0,0,0,2,1,22.483333333333334
Male,47,Other,4,0,0,0,7,0,3068.116666666667
Male,21,African-American,1,0,1,2,7,0,17.933333333333334
Male,34,Caucasian,0,0,0,0,3,1,20.466666666666665
Male,21,Hispanic,1,0,0,0,9,0,118.3
Male,40,African-American,0,0,0,0,2,0,24.116666666666667
Male,77,African-American,0,0,0,0,1,0,-1.5333333333333334
Male,37,Hispanic,1,0,0,0,2,1,18.75
Male,40,African-American,3,0,0,0,8,1,22.1
Male,24,Other,3,0,0,0,3,1,1191.6833333333334
Male,44,Caucasian,0,0,0,0,2,0,25.516666666666666
Male,20,African-American,0,0,0,0,7,1,28.7
Female,46,Caucasian,1,0,0,0,1,0,718.1833333333333
Female,55,Caucasian,3,0,0,0,1,0,90.3
Male,26,African-American,3,0,3,0,9,1,4920.8
Male,29,African-American,2,0,0,0,2,1,27.866666666666667
Male,39,Other,0,0,0,0,1,0,28.516666666666666
Female,27,African-American,2,0,0,0,4,1,24.3
Male,30,African-American,18,0,0,0,9,1,27.3
Male,21,Caucasian,1,0,1,2,8,0,308.7
Female,32,Hispanic,1,0,0,0,3,0,21.033333333333335
Male,25,Caucasian,5,0,0,1,9,1,358.4166666666667
Male,27,African-American,1,0,0,0,5,0,4266.6
Male,48,Hispanic,1,0,0,0,1,0,4017.1
Male,45,Caucasian,8,0,0,0,4,1,1705.6666666666667
Female,44,Caucasian,0,0,0,0,1,0,18.333333333333332
Male,25,African-American,1,0,0,0,2,1,22.066666666666666
Male,32,African-American,5,0,1,0,4,0,220.71666666666667
Male,38,African-American,3,0,0,0,2,0,15.783333333333333
Male,31,African-American,1,0,0,0,2,0,1535.9333333333334
Male,32,Caucasian,2,0,0,0,1,0,24.216666666666665
Female,45,Caucasian,3,0,0,0,3,0,1065.9166666666667
Male,45,African-American,1,0,0,0,1,0,50.483333333333334
Male,36,Caucasian,1,0,0,0,1,0,-0.85
Male,27,African-American,1,0,0,1,10,0,741.95
Male,41,Caucasian,11,0,0,0,4,1,2834.1666666666665
Male,49,African-American,10,0,0,0,3,1,236.21666666666667
Male,33,African-American,12,0,0,1,9,1,52.6
Female,23,African-American,2,0,0,0,5,1,28.35
Male,21,African-American,0,0,0,0,5,0,41.46666666666667
Male,27,African-American,12,0,0,0,8,1,24.383333333333333
Male,24,African-American,7,0,0,0,8,1,1635.3833333333334
Male,36,African-American,9,0,0,0,8,0,45.11666666666667
Male,21,African-American,1,0,1,0,10,1,1419.55
Male,28,Caucasian,1,0,0,0,5,0,28.35
Male,48,Caucasian,20,0,0,0,8,1,1109.2833333333333
Male,36,African-American,6,0,0,0,5,0,2023.2
Female,22,Caucasian,1,0,0,1,8,0,429.46666666666664
Male,38,African-American,5,0,0,0,3,0,29.466666666666665
Male,21,African-American,1,0,0,0,8,0,2604.8166666666666
Male,27,African-American,0,0,0,0,5,0,78.63333333333334
Male,35,Caucasian,8,0,0,0,1,0,24.983333333333334
Female,26,African-American,0,0,0,0,9,0,154.01666666666668
Male,27,African-American,9,0,1,0,9,1,42.85
Male,32,Caucasian,6,0,0,0,2,1,67.0
Male,27,Caucasian,1,0,0,0,6,1,522.6166666666667
Male,24,Caucasian,4,0,0,0,8,0,874.1333333333333
Male,22,African-American,0,0,0,0,4,1,14.266666666666667
Male,30,African-American,21,0,2,0,7,1,29.616666666666667
Male,21,Caucasian,1,1,0,1,7,1,883.5666666666667
Female,33,Caucasian,0,0,0,0,1,0,25.633333333333333
Male,62,Caucasian,3,0,0,0,1,0,13.133333333333333
Male,32,African-American,1,0,0,0,4,0,26.016666666666666
Female,29,African-American,0,0,0,0,10,0,43.81666666666667
Female,23,Caucasian,1,0,0,0,5,0,1132.0333333333333
Male,61,Caucasian,1,0,0,0,1,1,101.26666666666667
Male,34,Caucasian,0,0,0,0,5,0,358.1666666666667
Male,23,Caucasian,0,0,0,3,4,0,26.766666666666666
Female,44,Caucasian,4,0,0,0,4,0,244.7
Female,54,Caucasian,0,0,0,0,1,0,21.633333333333333
Male,35,African-American,4,2,0,0,8,0,42.15
Male,54,African-American,3,0,0,0,6,1,55.083333333333336
Female,48,Caucasian,0,0,0,0,1,0,22.633333333333333
Male,53,African-American,1,0,0,0,6,0,6959.1
Male,22,African-American,0,0,0,0,3,0,395.56666666666666
Male,22,African-American,0,0,0,0,4,1,14.266666666666667
Male,33,Caucasian,9,0,0,0,9,1,1176.7333333333333
Female,22,Caucasian,1,0,0,0,3,0,360.93333333333334
Male,22,African-American,3,0,0,1,6,1,384.93333333333334
Male,69,Caucasian,0,0,0,0,1,0,337.5
Male,20,African-American,1,1,0,0,3,1,911.7833333333333
Male,42,African-American,0,0,0,0,1,1,814.2166666666667
Male,23,African-American,3,1,0,1,9,0,807.15
Male,32,African-American,26,2,0,0,10,1,24.5
Male,57,Caucasian,14,0,0,0,4,1,477.75
Female,33,Caucasian,2,0,0,0,1,0,723.8333333333334
Female,30,Caucasian,3,0,0,0,3,1,3.3666666666666667
Male,49,Caucasian,1,0,0,0,1,1,502.3833333333333
Male,49,Caucasian,0,0,0,0,1,0,24.95
Female,32,Caucasian,1,0,0,0,2,0,16.366666666666667
Male,35,African-American,1,0,0,0,1,0,151.61666666666667
Male,27,African-American,9,0,4,4,7,1,23.533333333333335
Male,23,Caucasian,4,0,1,0,4,1,187.73333333333332
Male,24,African-American,2,0,0,0,8,1,1194.4
Male,20,African-American,3,0,3,0,8,1,-3.316666666666667
Male,29,African-American,0,0,0,0,5,0,55.56666666666667
Female,27,African-American,12,0,0,0,7,0,23.383333333333333
Male,22,African-American,3,0,0,0,6,0,3724.1
Male,31,Caucasian,1,0,0,0,7,0,265.8333333333333
Male,28,African-American,14,0,1,0,7,1,488.3666666666667
Male,34,African-American,8,2,0,1,7,1,112.0
Male,38,African-American,0,0,0,0,3,1,27.566666666666666
Female,34,African-American,0,0,0,0,2,0,23.816666666666666
Female,26,African-American,1,0,0,0,6,1,669.0
Female,42,African-American,0,0,0,0,10,0,1368.05
Male,21,African-American,1,0,0,0,2,0,18.466666666666665
Male,35,African-American,8,0,0,0,7,1,1489.9
Male,39,Caucasian,2,0,0,0,2,0,440.3
Male,27,African-American,11,0,0,0,10,1,55.8
Male,26,Caucasian,8,0,3,0,10,1,1005.45
Male,29,Caucasian,1,0,0,0,6,0,1177.8833333333334
Male,49,African-American,3,0,0,0,1,1,21.016666666666666
Male,26,African-American,6,1,1,0,8,1,24.333333333333332
Male,50,Caucasian,2,0,0,0,3,0,24.116666666666667
Male,38,African-American,7,0,0,0,4,1,165.68333333333334
Male,26,African-American,3,0,0,1,5,0,23.866666666666667
Male,33,African-American,9,2,0,0,9,1,65.63333333333334
Male,31,Caucasian,1,0,0,0,3,1,936.9166666666666
Male,43,Hispanic,4,0,0,0,1,0,626.25
Male,24,African-American,7,0,0,0,7,0,676.75
Female,27,African-American,3,0,0,0,9,1,73.91666666666667
Male,37,African-American,14,0,0,0,8,0,25.35
Male,30,African-American,1,0,0,0,7,1,8.1
Male,57,Caucasian,3,0,0,0,4,0,742.2166666666667
Male,46,Caucasian,2,0,0,0,3,1,53.65
Male,24,African-American,1,0,0,0,3,1,46.55
Male,48,African-American,8,0,0,1,9,1,268.2
Male,30,African-American,1,0,0,0,2,0,19.266666666666666
Male,29,African-American,10,0,0,0,9,1,700.5166666666667
Male,53,African-American,15,0,0,0,1,1,1942.1666666666667
Male,28,African-American,0,0,0,0,10,0,2826.516666666667
Male,21,Hispanic,1,0,0,0,9,0,118.3
Male,28,Caucasian,1,0,0,0,2,1,-5.366666666666666
Male,39,African-American,21,0,0,0,10,1,16.366666666666667
Male,26,Caucasian,7,0,0,0,5,0,25.416666666666668
Female,27,Caucasian,0,0,0,0,2,1,-3.433333333333333
Male,41,Caucasian,1,0,0,0,1,0,33.333333333333336
Male,23,African-American,5,0,0,0,10,1,1076.6666666666667
Male,28,African-American,3,0,0,0,3,0,24.433333333333334
Male,29,Caucasian,2,0,0,0,2,1,607.35
Male,43,African-American,6,0,0,0,10,1,21.6
Male,52,African-American,0,0,0,0,1,0,26.616666666666667
Male,34,Hispanic,3,0,0,0,2,0,125.66666666666667
Male,41,African-American,13,0,0,0,10,1,15.733333333333333
Male,58,Caucasian,2,0,0,0,5,0,120.9
Male,25,African-American,0,0,0,0,4,1,22.15
Male,52,Other,13,0,0,0,7,1,41.68333333333333
Female,42,Caucasian,3,0,0,0,5,0,16.116666666666667
Female,29,Caucasian,6,0,0,0,7,1,1629.8666666666666
Male,35,Caucasian,8,0,0,0,8,1,6051.533333333334
Male,32,Caucasian,8,0,0,0,9,1,21.55
Male,23,African-American,6,0,0,0,4,1,121.83333333333333
Male,45,Hispanic,6,0,0,0,1,1,5807.133333333333
Female,44,Caucasian,4,0,0,0,6,1,121.73333333333333
Male,35,African-American,10,0,0,0,8,1,13.75
Male,36,African-American,15,0,0,0,5,0,44.766666666666666
Male,25,African-American,9,1,2,0,9,1,1195.1333333333334
Male,22,African-American,0,0,0,0,8,0,7.266666666666667
Male,55,African-American,12,0,0,0,6,1,1665.25
Male,47,Caucasian,2,0,0,0,2,1,24.333333333333332
Male,33,African-American,1,0,0,0,4,1,21.05
Male,36,African-American,4,0,0,0,5,0,26.283333333333335
Male,25,African-American,2,0,1,0,7,1,20.9
Male,26,African-American,4,0,0,0,3,1,9.483333333333333
Male,21,African-American,0,0,0,0,5,0,68.78333333333333
Male,33,Caucasian,3,0,0,0,1,0,13.233333333333333
Female,25,Caucasian,5,0,0,0,7,0,7.833333333333333
Male,23,African-American,0,0,0,0,8,0,27.2
Male,36,African-American,0,0,0,0,1,0,23.683333333333334
Female,23,African-American,0,0,0,0,7,0,54.6
Male,25,African-American,5,0,0,1,9,1,118.0
Male,67,Caucasian,0,0,0,0,1,1,578.5166666666667
Female,28,African-American,0,0,0,0,3,0,4584.866666666667
Male,33,Other,4,0,0,0,3,1,43.86666666666667
Male,35,African-American,2,0,0,0,7,0,18.483333333333334
Male,58,African-American,0,0,0,0,4,1,28.15
Male,27,Caucasian,18,0,0,1,9,1,4295.133333333333
Male,66,Other,0,0,0,0,2,0,3002.2
Male,44,Caucasian,3,0,0,0,5,0,20.1
Male,34,African-American,19,0,0,0,7,1,1770.25
Female,31,African-American,2,0,0,0,3,0,48.016666666666666
Male,43,African-American,8,0,0,0,2,0,29.2
Male,30,African-American,14,0,1,0,9,1,49.666666666666664
Male,35,African-American,0,0,0,0,1,0,23.766666666666666
Male,59,Caucasian,0,0,0,0,1,0,13.683333333333334
Male,30,African-American,10,0,0,0,5,0,2525.5
Male,26,Caucasian,3,0,0,0,9,0,9864.183333333332
Male,27,African-American,3,0,0,0,1,1,23.266666666666666
Male,28,African-American,2,0,0,0,4,0,14.733333333333333
Male,23,Hispanic,3,0,0,0,7,1,78.01666666666667
Female,25,African-American,0,0,0,0,2,0,28.166666666666668
Female,23,African-American,2,0,0,0,8,1,20.633333333333333
Male,27,Caucasian,6,0,0,0,6,1,74.0
Male,21,African-American,1,0,0,0,7,1,23.933333333333334
Male,22,African-American,1,0,0,0,7,1,-4.933333333333334
Male,32,African-American,7,0,0,0,2,0,47.3
Male,30,Hispanic,2,0,0,0,2,1,143.36666666666667
Male,31,African-American,9,0,0,0,8,1,6.733333333333333
Male,20,Caucasian,0,0,0,0,5,0,125.75
Male,36,African-American,5,2,0,0,10,0,46.86666666666667
Female,35,African-American,1,0,0,0,1,0,29.5
Male,21,African-American,0,0,0,0,7,1,43.416666666666664
Male,27,African-American,9,0,0,0,7,1,16.966666666666665
Male,31,African-American,4,0,0,0,5,0,22.233333333333334
Male,51,African-American,5,0,0,0,7,0,113.63333333333334
Female,30,African-American,0,0,0,0,3,0,-0.21666666666666667
Female,52,Caucasian,3,0,0,0,1,0,4.583333333333333
Male,22,African-American,11,0,0,0,10,1,0.08333333333333333
Female,57,Caucasian,7,0,0,0,9,0,30.516666666666666
Female,29,African-American,9,0,0,3,8,1,5136.666666666667
Female,24,Caucasian,0,0,0,0,4,0,18.3
Male,21,African-American,0,0,0,0,7,1,27.766666666666666
Male,39,Caucasian,1,0,0,0,3,0,8.066666666666666
Male,26,Caucasian,9,0,0,0,4,1,29.95
Male,33,African-American,4,0,0,0,6,0,-4.233333333333333
Male,21,African-American,0,0,0,1,8,1,22.85
Male,23,Caucasian,0,0,0,0,3,1,13.233333333333333
Male,38,Caucasian,1,0,0,0,1,1,19.783333333333335
Male,29,African-American,1,0,0,0,1,0,578.75
Male,28,African-American,0,0,0,0,7,1,0.16666666666666666
Male,23,African-American,6,0,0,0,9,1,26.516666666666666
Male,30,African-American,1,0,1,0,2,0,45.016666666666666
Male,44,Caucasian,4,0,0,0,3,0,24.283333333333335
Male,22,Caucasian,3,0,0,0,10,1,255.43333333333334
Male,39,Other,0,0,0,0,1,0,21.7
Male,27,African-American,0,0,0,0,5,0,23.166666666666668
Male,30,African-American,0,0,0,0,2,0,68.01666666666667
Male,54,African-American,15,0,0,0,9,0,3342.3333333333335
Male,66,African-American,33,0,0,0,6,1,327.1166666666667
Male,33,Caucasian,4,0,0,0,6,0,1344.2333333333333
Female,28,Caucasian,5,0,0,0,9,1,2633.3
Male,20,Hispanic,0,0,0,0,4,1,553.2666666666667
Male,43,African-American,6,0,0,0,10,1,21.6
Male,37,Asian,1,0,0,0,2,0,20.8
Male,35,Hispanic,1,0,0,0,1,0,21.783333333333335
Male,33,Caucasian,0,0,0,0,1,0,16.366666666666667
Male,38,African-American,0,0,0,0,5,0,30.466666666666665
Male,27,African-American,8,0,0,1,7,1,16.05
Male,32,African-American,12,0,0,0,8,1,28.75
Female,24,African-American,0,0,0,0,6,0,24.7
Male,26,Hispanic,3,0,0,1,6,0,49.016666666666666
Male,42,African-American,1,0,0,0,1,0,78.98333333333333
Male,22,African-American,1,0,0,0,9,1,125.6
Male,50,Caucasian,1,0,0,0,3,0,62.95
Female,57,Caucasian,7,0,0,0,9,0,30.516666666666666
Male,45,Caucasian,2,0,0,0,1,0,191.41666666666666
Male,43,Caucasian,2,0,0,0,1,0,980.0166666666667
Male,31,African-American,5,0,0,1,10,1,8085.783333333334
Male,25,African-American,1,0,0,1,6,1,19.916666666666668
Female,25,African-American,2,0,0,0,9,0,820.8666666666667
Female,39,Caucasian,1,0,0,0,4,0,2564.8166666666666
Male,36,African-American,6,0,0,0,4,0,22.95
Male,33,African-American,0,0,0,0,1,0,22.0
Male,27,African-American,9,0,0,0,7,0,-4.166666666666667
Male,22,Hispanic,1,0,0,0,7,1,40.61666666666667
Male,28,Caucasian,5,0,0,0,5,1,501.8
Female,24,Caucasian,7,0,0,1,8,1,3009.4333333333334
Female,35,African-American,7,0,0,0,6,1,47.9
Male,59,African-American,4,0,0,0,3,1,24.383333333333333
Male,30,Other,5,0,0,0,5,1,1497.3666666666666
Male,43,Other,2,0,0,0,2,1,189.61666666666667
Male,23,Caucasian,4,0,0,0,5,1,20.616666666666667
Male,56,African-American,3,0,0,0,2,0,1177.3666666666666
Female,25,African-American,7,0,0,0,4,0,55.45
Male,34,African-American,6,0,0,0,3,1,3144.5833333333335
Male,54,Other,0,0,0,0,1,0,-4.633333333333334
Female,38,Other,6,0,0,0,4,1,643.5666666666667
Male,34,African-American,1,0,0,0,1,0,23.116666666666667
Male,31,African-American,12,1,1,1,8,1,960.8333333333334
Male,24,African-American,3,0,0,0,8,0,7.2
Male,63,African-American,22,0,0,0,9,1,226.65
Male,21,Caucasian,0,0,0,0,5,1,25.083333333333332
Male,41,African-American,7,0,0,0,4,0,20.933333333333334
Male,46,Caucasian,2,0,0,0,2,0,181.25
Female,24,Caucasian,0,0,0,0,8,0,45.983333333333334
Female,22,African-American,0,0,0,0,6,0,29.033333333333335
Female,36,Caucasian,3,0,0,0,1,1,25.9
Male,26,African-American,4,0,1,0,8,0,1821.9
Male,34,African-American,6,0,0,0,9,1,5201.383333333333
Male,20,African-American,1,0,0,0,6,1,389.26666666666665
Male,33,African-American,4,0,0,0,8,1,8140.066666666667
Male,32,Caucasian,0,0,0,0,1,0,46.13333333333333
Male,36,African-American,3,0,0,0,2,1,24.15
Male,22,Caucasian,0,0,0,0,3,1,18.516666666666666
Male,76,Caucasian,1,0,0,0,1,0,41.8
Male,40,African-American,7,0,0,0,8,0,855.6833333333333
Male,62,Hispanic,1,0,0,0,1,0,214.31666666666666
Male,24,Caucasian,8,0,1,2,6,1,292.55
Male,27,African-American,5,0,0,0,10,0,161.56666666666666
Male,34,African-American,4,0,0,0,2,0,24.216666666666665
Female,44,Caucasian,4,0,0,0,6,1,121.73333333333333
Male,52,Caucasian,0,0,0,0,1,0,5.416666666666667
Male,66,Caucasian,1,0,0,0,1,0,4010.0833333333335
Male,59,African-American,10,0,0,0,7,1,3051.016666666667
Male,23,African-American,0,0,0,0,3,1,26.7
Male,29,Caucasian,3,0,0,0,4,1,28.7
Male,54,African-American,3,0,0,0,6,0,1585.5166666666667
Male,29,African-American,7,0,0,0,4,1,29.566666666666666
Male,22,African-American,2,0,0,0,9,1,147.63333333333333
Male,33,Asian,0,0,0,0,1,0,20.716666666666665
Male,35,Hispanic,0,0,0,0,3,0,26.366666666666667
Female,40,Caucasian,0,0,0,0,1,0,5.916666666666667
Male,49,Caucasian,10,0,0,0,5,0,200.63333333333333
Male,21,African-American,0,0,0,0,10,0,4605.383333333333
Male,26,African-American,3,0,0,0,3,0,25.583333333333332
Male,25,African-American,8,0,3,1,8,1,14.766666666666667
Male,47,Caucasian,2,0,0,0,1,0,26.883333333333333
Female,29,Caucasian,11,0,0,0,10,1,836.7833333333333
Female,46,African-American,0,0,0,0,7,0,1317.05
Female,24,African-American,0,0,0,0,4,0,18.866666666666667
Female,27,Hispanic,0,0,0,0,3,0,4.8
Male,36,Caucasian,0,0,0,0,1,0,29.35
Male,20,African-American,0,0,0,0,8,0,4.55
Male,26,Caucasian,1,0,0,0,7,1,72.76666666666667
Male,25,African-American,1,0,0,0,8,0,3025.3166666666666
Male,22,Hispanic,0,0,0,0,6,0,25.033333333333335
Male,46,Caucasian,11,0,0,0,6,1,1398.4
Male,22,African-American,1,0,0,0,7,0,4855.45
Male,24,Caucasian,0,0,0,0,7,0,44.28333333333333
Male,51,Hispanic,3,0,0,0,2,0,51.983333333333334
Male,25,African-American,3,0,1,0,10,1,1933.5166666666667
Male,33,Caucasian,6,0,0,0,7,0,2322.5666666666666
Male,19,Caucasian,0,0,0,3,4,0,9.383333333333333
Male,47,Other,1,0,0,0,1,0,25.7
Male,43,African-American,0,0,0,0,5,1,47.3
Male,61,African-American,15,0,0,0,6,1,28.266666666666666
Male,63,Caucasian,0,0,0,0,1,1,75.83333333333333
Female,36,Caucasian,4,0,0,0,6,1,51.93333333333333
Male,22,Caucasian,1,0,0,0,4,1,215.66666666666666
Female,41,Caucasian,7,0,0,0,6,0,9527.083333333334
Male,32,Caucasian,11,1,0,0,10,1,7553.6
Male,27,African-American,0,0,0,0,1,0,24.566666666666666
Male,33,African-American,8,2,0,0,10,1,172.0
Male,49,African-American,0,0,0,0,1,1,103.88333333333334
Male,31,Caucasian,1,0,0,0,7,0,265.8333333333333
Male,25,Caucasian,9,0,0,0,8,1,23.933333333333334
Male,30,African-American,3,0,0,0,7,0,4948.25
Male,33,African-American,3,0,0,0,2,1,46.983333333333334
Female,23,African-American,0,0,0,0,6,0,22.733333333333334
Male,30,Caucasian,4,3,0,0,4,1,2306.3
Male,25,Hispanic,1,0,0,0,1,0,28.283333333333335
Male,24,African-American,13,1,7,0,10,0,4258.716666666666
Male,33,African-American,1,0,0,0,2,0,20.166666666666668
Male,54,African-American,6,0,0,0,7,1,334.25
Male,33,Other,4,0,0,0,3,1,43.86666666666667
Male,24,Caucasian,0,0,0,0,5,0,37.766666666666666
Male,25,Hispanic,1,0,0,0,7,1,5.683333333333334
Male,21,Caucasian,2,0,0,0,7,1,24.133333333333333
Male,48,Caucasian,0,0,0,0,3,0,650.3166666666667
Male,39,African-American,9,0,0,0,5,0,5.216666666666667
Female,51,Caucasian,0,0,0,0,1,0,4.0
Female,55,Caucasian,0,0,0,0,1,0,24.233333333333334
Female,34,Caucasian,1,0,0,0,6,1,309.48333333333335
Male,37,African-American,0,0,0,0,1,1,24.566666666666666
Male,25,Caucasian,7,0,0,0,5,1,75.25
Female,33,Hispanic,2,0,0,0,3,0,723.65
Male,48,Caucasian,1,0,0,0,1,0,3.283333333333333
Male,20,African-American,4,2,2,0,9,1,41.766666666666666
Male,31,African-American,10,0,0,1,6,1,4366.1
Male,49,African-American,29,0,0,0,6,1,19.35
Male,50,Caucasian,1,0,0,0,1,0,513.4666666666667
Female,31,Caucasian,2,0,0,2,5,1,29.283333333333335
Male,32,African-American,6,0,0,0,5,1,50.833333333333336
Male,30,Caucasian,7,0,0,1,10,1,20.516666666666666
Female,25,African-American,1,0,0,0,7,0,2450.7
Female,21,Other,2,0,0,0,4,1,630.7666666666667
Male,20,Caucasian,0,0,0,0,2,1,90.43333333333334
Male,51,Caucasian,0,0,0,0,1,0,29.75
Male,30,African-American,21,0,2,0,7,1,29.616666666666667
Female,31,Caucasian,1,0,0,0,5,0,4806.583333333333
Male,27,Caucasian,5,0,0,0,4,0,21.4
Female,30,Other,1,0,0,0,2,0,26.7
Male,43,Caucasian,2,0,0,0,2,1,122.05
Male,33,Hispanic,0,0,0,0,1,0,545.4
Male,23,Caucasian,3,0,0,0,8,1,859.9666666666667
Male,21,African-American,1,0,0,0,6,1,17.35
Male,33,Caucasian,7,0,0,0,8,1,29.066666666666666
Male,45,African-American,0,0,0,0,5,1,26.5
Male,31,African-American,15,0,2,0,9,1,50.28333333333333
Male,46,Caucasian,1,0,0,0,1,1,711.6833333333333
Male,25,Hispanic,1,0,0,0,10,0,3460.7166666666667
Male,37,African-American,2,0,0,0,7,0,838.2166666666667
Male,23,Caucasian,0,0,0,0,9,0,29.383333333333333
Female,23,African-American,0,0,0,0,5,1,16.333333333333332
Female,27,African-American,0,0,0,0,8,1,163.58333333333334
Male,25,African-American,8,0,0,1,10,0,11136.683333333332
Male,26,African-American,0,0,0,0,4,0,2.216666666666667
Male,21,African-American,1,0,0,0,4,0,309.48333333333335
Male,29,African-American,9,0,0,0,7,1,114.1
Male,45,Caucasian,1,0,0,0,1,1,5.8
Male,32,African-American,3,0,0,0,7,1,193.5
Male,43,Caucasian,0,0,0,0,1,1,26.083333333333332
Male,28,Hispanic,7,0,0,0,8,0,6.466666666666667
Male,21,Caucasian,0,0,0,0,7,1,17.9
Male,44,Caucasian,8,0,0,0,5,1,119.63333333333334
Male,42,African-American,1,0,0,0,4,0,25.933333333333334
Male,50,African-American,2,0,0,0,6,0,743.0166666666667
Male,25,Caucasian,1,0,0,0,2,0,47.5
Male,28,African-American,5,0,0,0,7,0,2062.3
Male,61,Caucasian,0,0,0,0,1,0,53.416666666666664
Male,52,African-American,2,0,0,0,1,0,259.6333333333333
Male,24,Caucasian,2,0,0,0,6,0,0.2833333333333333
Male,59,African-American,8,0,0,0,4,1,123.76666666666667
Male,30,Caucasian,0,0,0,0,2,1,31.7
Male,46,Caucasian,0,0,0,0,1,0,95.96666666666667
Male,29,African-American,17,0,0,1,9,1,31.566666666666666
Male,37,African-American,2,0,0,0,7,0,4.683333333333334
Male,25,African-American,3,0,0,0,5,1,644.2166666666667
Male,47,Caucasian,10,0,0,0,8,0,873.3833333333333
Male,23,African-American,0,0,0,0,6,1,45.9
Male,45,African-American,3,0,0,0,4,0,20.716666666666665
Male,29,Caucasian,8,0,0,0,9,1,1887.3833333333334
Male,32,African-American,8,0,0,0,3,1,14.75
Male,28,Hispanic,1,0,0,0,2,0,815.9333333333333
Male,28,Caucasian,0,0,0,0,2,0,24.166666666666668
Male,20,African-American,1,1,0,0,7,0,543.9
Male,38,Caucasian,0,0,0,0,2,1,3.6333333333333333
Male,25,African-American,5,1,0,0,9,0,27.85
Male,33,Caucasian,5,0,0,0,6,1,2862.55
Male,32,African-American,4,0,0,0,7,1,4577.35
Male,36,African-American,2,0,0,0,2,0,21.483333333333334
Male,25,Native American,1,0,0,0,3,0,239.03333333333333
Male,28,African-American,4,0,0,0,7,1,136.25
Female,49,Caucasian,0,0,0,0,2,0,18.333333333333332
Male,42,African-American,1,0,0,0,1,0,15.833333333333334
Male,27,African-American,3,0,0,0,5,0,71.06666666666666
Male,24,African-American,2,0,0,0,7,1,288.98333333333335
Female,29,African-American,0,0,0,0,2,0,28.4
Female,29,Hispanic,1,0,0,0,2,1,24.85
Male,37,African-American,8,0,0,0,6,0,27.216666666666665
Male,46,Caucasian,5,0,0,0,3,0,5.4
Male,24,African-American,9,0,1,0,9,1,74.53333333333333
Male,23,Other,7,0,2,0,6,1,222.85
Male,30,African-American,0,0,0,0,1,0,7.483333333333333
Male,25,African-American,7,0,0,0,7,1,3.1
Female,24,Other,0,0,0,0,3,0,407.8333333333333
Male,20,African-American,1,0,1,0,10,0,595.9666666666667
Male,59,African-American,22,0,0,0,6,1,1661.8333333333333
Female,35,African-American,2,0,0,0,6,0,357.0833333333333
Male,26,African-American,3,0,0,0,10,1,812.3666666666667
Male,30,African-American,1,0,0,0,7,0,0.25
Female,19,African-American,1,0,1,0,10,0,52.516666666666666
Male,21,African-American,1,0,0,0,5,0,30.766666666666666
Female,28,African-American,1,0,0,0,5,0,32.05
Male,34,Hispanic,17,0,0,0,6,1,959.15
Male,58,African-American,38,0,0,0,7,1,2088.633333333333
Female,27,Caucasian,0,0,0,0,2,0,123.28333333333333
Male,31,African-American,8,0,0,0,7,1,20.733333333333334
Male,61,African-American,13,0,0,0,4,1,1589.6833333333334
Male,38,African-American,0,0,0,0,1,0,31.683333333333334
Male,35,Caucasian,3,0,0,0,5,1,20.616666666666667
Male,52,Caucasian,3,0,0,0,4,0,141.73333333333332
Male,54,African-American,4,0,0,0,1,0,47.63333333333333
Female,22,Other,1,0,0,0,5,0,13.466666666666667
Male,53,Caucasian,3,0,0,0,1,1,4750.233333333334
Male,27,Hispanic,2,0,0,0,3,0,240.2
Male,31,African-American,2,0,0,0,2,1,53.083333333333336
Female,32,Caucasian,5,0,0,0,2,1,110.28333333333333
Male,35,African-American,0,0,0,0,2,0,917.45
Male,49,Caucasian,1,0,0,0,1,0,100.43333333333334
Male,33,African-American,6,0,0,0,3,0,32.266666666666666
Male,31,African-American,2,0,0,0,4,0,48.85
Male,35,Hispanic,1,0,0,0,9,0,214.46666666666667
Male,41,African-American,7,0,0,1,7,1,31.733333333333334
Male,23,Caucasian,0,0,0,0,9,0,29.383333333333333
Male,30,African-American,6,0,0,0,5,1,70.41666666666667
Female,42,Caucasian,5,0,0,0,4,1,148.28333333333333
Male,36,African-American,17,1,2,5,7,0,171.11666666666667
Male,30,African-American,5,0,0,1,6,1,26.166666666666668
Male,39,Caucasian,2,0,0,0,3,0,196.63333333333333
Male,25,African-American,2,0,1,0,7,1,20.9
Male,42,African-American,7,0,0,0,5,1,45.68333333333333
Male,20,African-American,0,0,0,0,8,0,4.55
Male,55,Caucasian,0,0,0,0,1,0,191.15
Female,39,African-American,1,0,0,0,5,0,1505.7
Male,26,Hispanic,0,0,0,0,1,0,21.133333333333333
Male,20,African-American,0,0,0,0,8,1,22.4
Male,33,Other,4,0,0,0,3,1,43.86666666666667
Female,29,Caucasian,1,0,0,0,4,1,144.08333333333334
Male,28,African-American,1,0,0,0,7,0,245.1
Male,35,Other,0,0,0,0,3,0,244.65
Male,49,Caucasian,8,0,0,0,6,1,95.58333333333333
Male,30,African-American,8,0,0,0,10,1,41.38333333333333
Male,22,Caucasian,0,0,0,0,8,0,1390.1333333333334
Male,42,African-American,24,0,0,0,9,0,438.15
Male,47,African-American,1,0,0,0,1,0,24.05
Male,24,Other,2,0,1,9,10,1,5806.9
Male,35,African-American,7,0,0,0,3,0,4682.466666666666
Male,22,African-American,12,1,0,0,10,1,846.25
Female,22,Hispanic,0,0,0,0,7,0,21.933333333333334
Male,36,African-American,5,0,0,0,5,1,27.466666666666665
Male,44,Caucasian,23,0,0,0,8,0,236.86666666666667
Male,31,Other,5,0,1,0,2,0,31.1
Female,33,Caucasian,2,0,0,0,3,0,-5.6
Male,25,Hispanic,2,0,0,0,3,1,24.85
Male,45,African-American,1,0,0,0,1,0,29.033333333333335
Female,39,African-American,7,0,1,0,2,0,4287.066666666667
Female,29,Other,0,0,0,0,3,0,1150.0166666666667
Male,44,Caucasian,0,0,0,0,1,0,29.55
Female,32,African-American,2,0,0,0,3,0,1863.9166666666667
Male,22,African-American,2,1,0,0,7,0,29.883333333333333
Male,29,Caucasian,14,0,0,2,10,1,1.65
Male,33,African-American,12,0,0,1,9,1,52.6
Male,39,African-American,19,2,2,1,9,1,4318.833333333333
Male,34,African-American,5,2,1,0,7,0,210.15
Male,48,African-American,9,0,0,0,6,1,90.41666666666667
Female,22,African-American,0,0,0,0,8,0,20.45
Female,27,African-American,12,0,0,0,7,0,23.383333333333333
Male,41,African-American,19,0,0,0,5,1,1162.05
Male,30,Caucasian,0,0,0,0,1,0,13.35
Male,50,African-American,0,0,0,0,3,0,28.966666666666665
Male,19,Caucasian,1,0,1,3,10,1,195.11666666666667
Male,42,African-American,3,0,0,0,5,0,2104.3
Female,20,Caucasian,0,0,0,0,7,0,14.25
Male,31,African-American,6,0,0,0,8,1,461.78333333333336
Female,25,Caucasian,0,0,0,0,4,0,55.06666666666667
Male,49,African-American,4,0,0,0,1,0,21.683333333333334
Male,22,African-American,2,1,0,0,7,1,40.666666666666664
Male,21,African-American,0,0,0,0,9,1,2335.95
Male,24,Caucasian,2,0,0,0,6,0,0.2833333333333333
Male,55,Caucasian,7,0,0,0,8,0,5.716666666666667
Male,48,Caucasian,20,0,0,0,6,1,255.45
Male,59,Caucasian,1,0,0,0,1,1,8.0
Female,49,Caucasian,0,0,0,0,1,0,-4.8
Male,32,Caucasian,9,0,0,0,7,1,117.76666666666667
Male,27,African-American,2,0,0,0,5,1,221.31666666666666
Female,21,African-American,0,0,0,0,4,0,95.56666666666666
Female,64,Hispanic,0,0,0,0,1,0,20.383333333333333
Male,39,Caucasian,1,0,0,0,1,0,32.63333333333333
Female,27,Caucasian,0,0,0,0,2,0,26.266666666666666
Male,39,African-American,8,0,1,1,10,1,99.63333333333334
Male,30,African-American,9,0,1,0,7,1,192.81666666666666
Female,31,Hispanic,2,0,0,0,3,1,26.55
Male,37,African-American,12,0,0,0,9,0,2859.633333333333
Male,27,African-American,6,0,0,0,7,1,46.18333333333333
Male,29,Caucasian,1,0,0,0,3,0,896.7
Male,22,African-American,11,0,0,0,8,0,3594.7833333333333
Male,25,African-American,7,0,1,0,10,1,485.0833333333333
Male,49,African-American,0,0,0,0,1,1,103.88333333333334
Male,28,African-American,6,0,1,0,9,1,68.93333333333334
Male,49,Caucasian,1,0,0,0,1,0,22.4
Male,24,Caucasian,1,0,0,0,4,1,26.083333333333332
Male,26,African-American,7,0,0,1,8,1,75.86666666666666
Female,35,Caucasian,5,0,0,0,6,0,501.23333333333335
Male,61,African-American,9,0,0,0,2,0,2295.2833333333333
Male,53,African-American,18,0,0,0,7,1,988.7
Male,56,Caucasian,0,0,0,0,1,0,20.766666666666666
Male,20,Caucasian,0,0,0,0,4,1,37.53333333333333
Female,28,Caucasian,6,0,0,0,10,1,740.8666666666667
Female,51,Caucasian,5,0,0,0,5,0,786.05
Male,26,Caucasian,1,0,0,0,9,0,1086.0333333333333
Male,68,Caucasian,0,0,0,0,1,0,24.45
Male,22,African-American,3,0,0,0,7,0,2547.9333333333334
Male,56,Caucasian,3,0,0,0,2,0,4589.333333333333
Female,22,Caucasian,0,0,0,0,7,1,24.466666666666665
Male,20,African-American,2,0,0,1,8,0,2491.133333333333
Male,31,African-American,10,5,0,0,9,1,111.9
Male,37,African-American,23,0,0,0,9,1,414.35
Male,37,Caucasian,3,0,0,0,1,0,69.38333333333334
Female,42,African-American,1,0,0,0,5,0,14.066666666666666
Female,48,Caucasian,1,0,0,0,1,0,12.716666666666667
Male,24,African-American,0,0,0,1,3,0,23.55
Male,43,African-American,8,0,0,0,7,1,8373.7
Male,35,Other,2,0,0,0,5,0,21.183333333333334
Male,47,Other,5,0,0,0,1,1,21.166666666666668
Female,24,Hispanic,1,0,0,0,3,0,13.6
Male,21,African-American,1,0,0,0,9,1,74.65
Male,39,African-American,19,0,2,0,8,0,3477.5833333333335
Female,43,African-American,9,0,0,1,9,0,48.0
Male,29,African-American,5,0,0,0,10,1,52.78333333333333
Male,66,African-American,5,0,0,0,2,1,606.5833333333334
Male,30,Other,5,0,0,0,5,0,504.2
Male,21,African-American,0,0,0,0,4,0,18.333333333333332
Male,23,Other,6,0,0,0,4,0,816.2166666666667
Male,23,African-American,2,0,0,0,6,0,25.7
Male,20,African-American,0,0,0,0,6,1,45.733333333333334
Male,19,African-American,1,1,0,0,9,1,14.75
Male,29,African-American,2,0,0,0,7,0,19.833333333333332
Female,33,African-American,0,0,0,0,10,0,765.3
Male,41,African-American,9,0,0,0,5,0,4153.7
Male,26,Caucasian,0,0,0,0,2,0,21.733333333333334
Male,28,African-American,5,0,0,1,6,0,668.4166666666666
Male,49,Caucasian,12,0,0,0,5,0,519.85
Male,23,Caucasian,1,0,0,2,5,1,461.31666666666666
Male,52,Caucasian,6,0,0,0,4,0,22.983333333333334
Male,59,Caucasian,35,0,0,0,9,0,6341.183333333333
Female,35,Caucasian,4,0,0,0,3,0,333.96666666666664
Male,33,African-American,9,2,0,0,9,1,65.63333333333334
Male,56,African-American,24,0,0,0,8,0,153.11666666666667
Male,28,African-American,4,0,0,0,8,1,1251.5333333333333
Female,36,Other,0,0,0,0,1,0,51.18333333333333
Male,43,Caucasian,4,0,1,0,4,0,30.1
Male,24,African-American,0,0,0,0,3,0,22.466666666666665
Male,30,African-American,2,0,0,0,5,1,24.383333333333333
Male,25,Caucasian,0,0,0,0,2,0,4.766666666666667
Male,48,Hispanic,2,0,0,0,6,0,22.916666666666668
Male,32,Hispanic,0,0,0,0,1,1,44.45
Male,31,African-American,4,0,0,0,5,1,48.43333333333333
Male,45,African-American,17,0,0,0,4,0,6575.15
Male,49,Caucasian,8,0,0,0,6,1,95.58333333333333
Male,28,African-American,5,0,0,0,6,1,1231.4833333333333
Male,28,African-American,2,0,0,0,6,1,18.433333333333334
Male,32,African-American,4,0,0,0,4,1,26.083333333333332
Male,57,African-American,6,0,0,0,9,1,1840.3166666666666
Female,21,African-American,0,0,0,0,5,0,23.55
Male,30,African-American,4,0,0,0,6,0,937.4166666666666
Male,28,African-American,5,0,0,0,4,1,677.6333333333333
Female,31,African-American,0,0,0,0,3,0,-3.0166666666666666
Male,34,Caucasian,11,0,0,0,4,0,33.266666666666666
Male,39,African-American,10,0,4,0,9,0,978.8166666666667
Female,45,Caucasian,0,0,0,0,1,0,25.183333333333334
Female,30,African-American,4,0,0,0,3,0,16.066666666666666
Female,24,African-American,2,0,0,0,6,0,741.4333333333333
Male,27,Caucasian,2,0,0,0,6,1,165.63333333333333
Male,24,African-American,1,0,0,0,1,1,17.05
Male,46,African-American,5,0,0,0,1,1,4849.983333333334
Male,53,Caucasian,8,0,0,0,2,1,98.06666666666666
Male,24,Caucasian,2,0,0,0,7,1,240.13333333333333
Male,39,Caucasian,0,0,0,0,3,0,432.9
Male,21,African-American,1,0,0,0,9,1,20.333333333333332
Male,31,African-American,9,0,0,0,8,1,6.733333333333333
Female,20,Hispanic,2,2,0,0,6,0,170.45
Male,63,African-American,0,0,0,0,1,0,44.333333333333336
Female,34,Other,1,0,0,0,6,0,123.08333333333333
Female,38,Other,6,0,0,0,4,1,643.5666666666667
Female,42,Caucasian,1,0,0,0,3,1,510.3333333333333
Male,51,African-American,22,0,0,0,9,1,833.9333333333333
Male,34,Caucasian,0,0,0,0,4,0,673.55
Male,27,Caucasian,13,0,2,1,5,1,1370.2833333333333
Male,28,Caucasian,0,0,0,0,6,1,889.4
Male,29,African-American,3,0,0,0,4,1,0.06666666666666667
Male,20,Hispanic,1,0,0,0,10,1,19.616666666666667
Male,53,Hispanic,0,0,0,0,1,0,1541.7666666666667
Male,24,Caucasian,3,0,0,0,5,1,938.4166666666666
Male,48,African-American,4,0,0,0,6,0,25.666666666666668
Male,57,Caucasian,1,0,0,0,1,0,17.633333333333333
Male,49,African-American,29,0,0,0,6,1,19.35
Male,34,African-American,0,0,0,0,7,1,5786.383333333333
Male,24,African-American,5,5,0,0,8,1,28.766666666666666
Male,44,Other,1,0,0,0,1,0,21.183333333333334
Male,66,Caucasian,1,0,0,0,1,0,4010.0833333333335
Female,42,Caucasian,0,0,0,0,1,1,21.266666666666666
Female,28,African-American,1,1,0,0,4,1,20.983333333333334
Male,37,Caucasian,3,0,0,0,8,0,5807.85
Male,40,Caucasian,1,0,0,0,3,0,1007.6833333333333
Male,29,Caucasian,3,0,0,0,4,1,28.7
Male,65,Caucasian,2,0,0,0,1,0,93.56666666666666
Male,38,African-American,4,0,0,0,3,0,-3.433333333333333
Male,50,Hispanic,1,0,0,0,1,0,21.216666666666665
Male,39,African-American,13,0,1,0,10,1,30.6
Male,20,African-American,2,0,1,0,9,1,23.233333333333334
Female,28,Caucasian,1,0,0,0,5,1,3.8
Male,21,African-American,2,0,0,0,7,1,692.4833333333333
Male,20,African-American,1,0,1,0,4,0,89.91666666666667
Male,20,African-American,0,0,0,1,5,1,23.1
Male,20,African-American,0,0,0,4,9,0,5809.85
Male,21,African-American,1,0,0,0,9,1,20.333333333333332
Female,25,African-American,7,0,0,0,9,1,2283.9166666666665
Male,24,African-American,7,0,0,1,8,1,2337.9166666666665
Female,47,Caucasian,28,0,0,0,9,1,2825.883333333333
Male,30,Caucasian,0,0,0,0,3,0,28.3
Male,22,African-American,0,0,0,0,8,1,19.983333333333334
Male,55,Hispanic,1,0,0,0,2,1,29.216666666666665
Male,29,African-American,6,0,0,0,6,1,528.9
Male,24,African-American,7,0,1,1,9,0,25.616666666666667
Male,58,Caucasian,2,0,0,0,3,0,115.98333333333333
Male,29,African-American,4,1,1,1,10,1,8524.316666666668
Male,29,African-American,0,0,0,0,2,0,28.333333333333332
Male,29,Caucasian,1,0,0,0,2,1,2.4166666666666665
Male,26,African-American,10,1,1,0,9,1,17.35
Male,27,Native American,3,0,0,0,7,0,22.55
Male,30,Hispanic,1,0,0,0,2,1,-0.5
Male,36,African-American,9,0,0,0,7,1,21.866666666666667
Male,32,African-American,7,0,0,0,9,1,889.0333333333333
Male,28,African-American,3,0,0,0,6,1,43.833333333333336
Female,44,African-American,0,0,0,0,1,0,25.083333333333332
Male,41,Caucasian,0,0,0,0,1,0,94.81666666666666
Male,36,African-American,11,0,0,0,6,0,430.05
Male,38,Caucasian,5,0,0,0,7,1,0.5
Male,52,African-American,3,0,0,0,1,0,17.916666666666668
Male,45,Hispanic,1,0,0,0,3,0,3073.883333333333
Male,45,African-American,15,0,0,0,9,1,7942.266666666666
Male,35,Caucasian,1,0,0,0,2,0,1776.3666666666666
Female,20,African-American,1,0,0,0,5,0,119.21666666666667
Male,38,African-American,22,1,2,2,9,1,21.45
Male,40,Caucasian,6,0,0,0,4,0,225.25
Male,41,Other,31,0,0,0,9,1,5809.916666666667
Female,29,African-American,1,0,0,0,6,0,360.1333333333333
Female,25,Caucasian,2,0,0,0,4,1,25.116666666666667
Male,36,Caucasian,0,0,0,0,1,0,3.3833333333333333
Male,47,African-American,14,0,0,0,6,0,744.45
Female,41,African-American,0,0,0,0,1,0,14.116666666666667
Male,49,Caucasian,4,0,0,0,1,0,135.81666666666666
Male,23,Caucasian,11,8,2,0,10,1,93.81666666666666
Female,43,African-American,3,0,0,0,2,1,1053.4833333333333
Female,44,Caucasian,4,0,0,0,6,1,121.73333333333333
Male,58,African-American,2,0,0,0,7,0,380.73333333333335
Female,42,African-American,0,0,0,0,10,0,1368.05
Male,28,African-American,1,0,0,0,3,1,26.866666666666667
Male,57,Caucasian,12,0,0,0,5,0,78.63333333333334
Female,50,Caucasian,5,0,0,0,6,0,22.5
Male,21,African-American,0,0,0,0,10,1,24.25
Female,29,Hispanic,2,0,0,0,3,0,989.3166666666667
Male,44,Caucasian,8,0,0,0,5,1,119.63333333333334
Male,22,Other,1,0,0,0,4,1,28.45
Male,27,African-American,2,0,0,0,5,1,47.4
Female,33,Caucasian,0,0,0,0,2,0,23.5
Male,29,African-American,4,0,0,0,3,0,73.28333333333333
Female,21,African-American,0,0,0,0,10,1,792.4666666666667
Male,46,Hispanic,0,0,0,0,2,0,22.3
Male,22,African-American,6,0,0,0,9,0,24.1
Male,32,African-American,5,0,0,0,10,0,74.7
Male,25,Caucasian,5,0,0,0,9,1,16.0
Female,26,African-American,0,0,0,0,8,0,28.833333333333332
Male,57,African-American,20,0,0,0,7,1,797.35
Male,45,Caucasian,0,0,0,0,3,0,24.9
Female,56,Caucasian,10,0,0,0,5,1,984.75
Male,32,African-American,5,0,0,0,4,0,24.3
Male,20,African-American,13,13,0,1,10,0,2985.5333333333333
Male,39,African-American,2,0,0,0,6,0,94.9
Male,26,Caucasian,4,0,0,0,7,1,48.86666666666667
Female,27,Caucasian,3,0,0,0,7,0,285.6166666666667
Male,28,African-American,8,0,0,0,8,1,486.8666666666667
Male,23,African-American,2,0,0,0,8,1,166.16666666666666
Male,52,Other,13,0,0,0,7,1,41.68333333333333
Male,57,Other,0,0,0,0,1,0,164.43333333333334
Male,49,Caucasian,2,0,0,0,6,0,65.9
Male,36,African-American,14,10,0,0,7,1,4173.233333333334
Male,28,Hispanic,3,0,0,0,5,1,21.566666666666666
Male,20,African-American,1,0,0,0,9,0,2000.2
Male,30,Caucasian,1,0,0,0,3,1,19.316666666666666
Male,55,Hispanic,0,0,0,0,1,0,14.316666666666666
Male,21,African-American,1,0,0,1,9,1,5813.95
Female,59,Caucasian,0,0,0,0,1,0,21.7
Male,21,African-American,3,0,0,0,6,1,1513.8
Male,55,Hispanic,1,0,0,0,2,1,29.216666666666665
Male,23,Caucasian,1,0,0,2,5,1,461.31666666666666
Male,27,African-American,6,0,0,0,5,1,240.25
Male,24,African-American,0,0,0,0,6,1,43.166666666666664
Female,31,African-American,7,0,0,0,5,1,25.783333333333335
Male,22,African-American,0,0,0,1,9,1,511.5
Male,29,Hispanic,6,0,0,0,5,0,5516.683333333333
Male,62,Hispanic,5,0,0,0,2,0,583.1166666666667
Male,26,African-American,18,1,1,0,10,1,4749.516666666666
Male,33,Hispanic,0,0,0,0,1,0,20.933333333333334
Male,30,African-American,7,0,1,1,5,1,17.566666666666666
Female,42,Caucasian,0,0,0,0,2,0,26.716666666666665
Male,30,Caucasian,0,0,0,0,4,1,-1.8166666666666667
Male,22,Caucasian,2,0,0,0,5,1,332.6166666666667
Male,19,Caucasian,1,0,1,3,10,1,195.11666666666667
Male,43,African-American,7,0,0,0,6,1,44.78333333333333
Male,23,African-American,1,0,0,0,10,1,382.21666666666664
Male,28,African-American,5,0,0,0,2,1,75.48333333333333
Female,25,Caucasian,2,0,0,0,4,1,25.116666666666667
Male,45,Caucasian,1,0,0,0,2,0,-10.983333333333333
Male,41,African-American,8,0,0,0,4,0,38.3
Male,22,African-American,1,0,0,1,7,1,28.166666666666668
Male,29,African-American,17,0,0,1,9,1,31.566666666666666
Male,29,African-American,6,0,0,0,2,0,122.21666666666667
Male,23,African-American,2,0,0,0,8,1,172.65
Male,20,Caucasian,0,0,0,1,4,0,28.916666666666668
Male,28,African-American,6,0,0,0,9,1,23.816666666666666
Male,30,African-American,13,0,1,0,10,0,13.95
Male,34,Caucasian,9,0,0,0,6,0,4543.483333333334
Male,20,Hispanic,2,0,2,2,7,0,28.666666666666668
Male,24,African-American,1,0,0,0,5,0,113.95
Male,26,African-American,0,0,0,0,2,0,48.93333333333333
Male,23,African-American,0,0,0,0,3,0,44.833333333333336
Male,27,African-American,0,0,0,0,4,0,23.066666666666666
Male,27,African-American,14,2,0,0,10,1,39.28333333333333
Male,29,African-American,7,0,0,0,3,1,53.916666666666664
Male,53,Caucasian,9,0,0,0,4,1,2831.9
Male,21,Caucasian,1,1,0,0,3,1,20.35
Male,24,African-American,5,0,0,0,6,0,-3.75
Male,34,Caucasian,0,0,0,0,2,1,718.7
Male,52,Caucasian,7,0,0,0,2,0,20.533333333333335
Female,58,Caucasian,2,0,0,0,1,0,28.566666666666666
Male,22,Caucasian,0,0,0,0,4,1,217.73333333333332
Male,52,African-American,23,0,0,0,3,1,4918.783333333334
Male,29,Caucasian,6,0,0,0,5,1,18.65
Male,41,Other,0,0,0,0,1,0,21.75
Female,21,Caucasian,0,0,0,0,5,1,48.55
Female,35,African-American,12,0,0,0,7,1,20.666666666666668
Male,45,Caucasian,0,0,0,0,1,0,26.016666666666666
Female,27,African-American,1,1,0,0,5,0,644.3
Male,26,Caucasian,0,0,0,0,2,1,47.0
Male,31,Other,5,0,0,0,4,0,2273.75
Male,24,African-American,2,0,0,0,4,0,24.033333333333335
Male,26,African-American,20,0,0,0,10,1,1054.7333333333333
Male,60,Other,4,0,0,0,1,0,27.583333333333332
Male,27,African-American,3,0,0,0,3,0,910.2166666666667
Male,29,Hispanic,17,0,1,0,6,1,51.166666666666664
Female,26,Caucasian,1,0,0,0,4,1,17.9
Female,28,Caucasian,1,0,0,0,5,0,1127.4833333333333
Male,58,Caucasian,5,0,0,0,2,0,66.73333333333333
Male,29,African-American,8,0,0,0,9,1,29.7
Male,52,African-American,0,0,0,0,7,1,117.68333333333334
Male,25,African-American,6,0,0,0,9,0,52.46666666666667
Male,33,Hispanic,11,0,0,1,6,1,28.883333333333333
Female,24,Caucasian,8,0,1,3,6,0,30.1
Male,43,African-American,0,0,0,0,1,1,27.316666666666666
Male,29,Caucasian,0,0,0,0,7,1,22.95
Male,30,Caucasian,0,0,0,0,4,0,143.3
Male,38,African-American,1,0,0,0,1,0,95.65
Female,22,African-American,0,0,0,1,4,1,17.0
Male,30,Caucasian,9,0,0,0,9,1,1061.0666666666666
Male,26,African-American,9,0,0,0,4,1,45.28333333333333
Male,23,Caucasian,4,0,1,0,9,1,51.31666666666667
Male,38,Hispanic,1,0,0,0,1,0,100.41666666666667
Male,20,African-American,0,0,0,0,10,1,98.36666666666666
Female,26,Caucasian,7,0,0,0,6,1,309.3666666666667
Male,22,African-American,0,0,0,0,4,0,22.166666666666668
Female,22,African-American,0,0,0,0,4,1,166.26666666666668
Male,34,African-American,6,0,0,0,1,0,836.6166666666667
Male,20,Asian,2,0,1,0,10,1,1250.8333333333333
Male,45,African-American,12,1,0,0,8,1,91.73333333333333
Male,62,African-American,0,0,0,0,1,0,26.466666666666665
Male,33,African-American,2,0,0,0,4,0,26.366666666666667
Male,30,African-American,1,0,0,0,3,1,26.766666666666666
Male,24,African-American,8,0,2,1,9,1,21.333333333333332
Female,30,Caucasian,9,0,0,0,3,0,22.083333333333332
Male,24,African-American,1,0,0,0,3,1,35.233333333333334
Male,51,African-American,8,0,0,0,5,0,620.9
Male,44,African-American,0,0,0,0,1,0,118.1
Male,28,Caucasian,3,0,0,0,5,1,7.133333333333334
Female,25,Caucasian,2,0,0,0,9,1,21.283333333333335
Male,31,African-American,7,0,0,0,4,1,1302.7833333333333
Male,30,African-American,1,0,0,0,9,0,2081.5666666666666
Male,23,African-American,2,0,0,0,6,0,5088.2
Male,31,African-American,4,0,0,0,3,0,30.416666666666668
Male,57,Hispanic,0,0,0,0,1,0,2622.6666666666665
Male,24,African-American,0,0,0,0,3,0,14.983333333333333
Male,21,African-American,1,0,0,0,10,1,22.016666666666666
Male,56,Caucasian,5,0,0,0,7,1,20.516666666666666
Female,24,Hispanic,0,0,0,0,4,0,0.23333333333333334
Male,21,African-American,1,0,0,0,4,1,24.516666666666666
Male,26,African-American,5,0,0,0,7,1,6.583333333333333
Male,29,African-American,7,0,1,0,2,0,21.816666666666666
Male,51,African-American,14,0,0,0,5,0,189.86666666666667
Male,27,African-American,11,0,0,0,7,1,122.93333333333334
Male,48,Caucasian,1,0,0,0,5,0,819.2166666666667
Male,23,African-American,0,0,0,0,8,1,49.56666666666667
Male,21,Caucasian,1,0,0,0,3,0,23.983333333333334
Male,52,African-American,7,0,0,0,5,1,4362.25
Male,31,African-American,8,0,0,0,7,1,20.733333333333334
Female,51,Caucasian,4,0,0,0,3,0,194.33333333333334
Male,26,African-American,8,0,0,0,4,1,624.9833333333333
Female,44,Caucasian,4,0,0,0,6,1,121.73333333333333
Male,68,African-American,2,0,0,0,4,0,5.566666666666666
Male,40,African-American,24,0,1,1,8,1,26.583333333333332
Male,20,African-American,0,0,0,0,3,0,266.4
Male,25,African-American,7,0,0,0,7,0,24.466666666666665
Male,27,African-American,7,0,0,0,4,1,50.916666666666664
Male,48,Hispanic,1,0,0,0,1,0,19.95
Female,48,Other,3,0,0,0,2,0,25.083333333333332
Male,25,African-American,4,2,0,0,10,1,2072.55
Male,37,African-American,4,0,0,0,7,1,1802.7666666666667
Male,28,Caucasian,0,0,0,0,2,1,23.65
Male,39,Caucasian,0,0,0,0,4,0,-5.05
Male,47,Caucasian,11,0,0,0,4,0,2158.233333333333
Male,23,African-American,1,0,1,2,2,1,19.333333333333332
Male,24,African-American,6,0,0,1,9,1,1103.1833333333334
Female,24,Caucasian,0,0,0,0,5,0,22.083333333333332
Male,30,African-American,11,0,0,2,9,1,29.35
Female,30,Caucasian,2,0,0,0,10,1,1042.7666666666667
Male,20,African-American,0,0,0,0,4,1,7.6
Male,28,African-American,1,0,0,0,9,0,27.85
Male,42,Caucasian,1,0,0,0,2,1,21.833333333333332
Male,68,Caucasian,0,0,0,0,1,0,76.43333333333334
Male,31,Hispanic,2,0,0,1,2,0,18.283333333333335
Male,39,African-American,13,0,0,0,8,1,47.016666666666666
Male,47,African-American,3,0,0,0,2,0,47.61666666666667
Male,46,African-American,2,0,0,0,9,0,22.35
Male,31,Caucasian,0,0,0,0,2,0,14.916666666666666
Male,25,African-American,5,0,0,0,8,0,843.5166666666667
Male,58,Caucasian,3,0,0,0,4,1,366.15
Male,31,African-American,7,0,0,0,3,1,25.9
Female,27,African-American,0,0,0,0,2,0,24.533333333333335
Male,39,African-American,3,0,0,0,4,1,918.8333333333334
Female,28,Caucasian,7,0,0,0,9,0,3476.9
Male,37,African-American,10,0,0,0,7,1,18.183333333333334
Male,34,Caucasian,3,0,0,0,2,1,197.66666666666666
Male,28,Caucasian,5,0,0,0,8,0,19.333333333333332
Male,28,African-American,2,0,0,0,2,1,3001.766666666667
Female,22,African-American,4,0,0,0,9,0,867.3666666666667
Male,31,Other,0,0,0,0,3,0,28.35
Male,29,Other,4,0,0,0,5,1,20.016666666666666
Female,33,Caucasian,4,0,0,0,5,1,267.6166666666667
Male,20,African-American,1,0,0,1,7,1,20.066666666666666
Male,43,Hispanic,6,0,0,0,3,0,243.66666666666666
Male,40,African-American,3,0,0,0,9,0,-2.0166666666666666
Male,26,Other,0,0,0,0,2,0,29.533333333333335
Male,21,African-American,2,0,0,1,9,0,1351.0833333333333
Male,27,African-American,3,0,0,0,2,0,54.766666666666666
Male,28,African-American,0,0,0,0,7,1,0.16666666666666666
Male,37,Caucasian,0,0,0,0,6,0,23.1
Male,37,African-American,8,0,0,0,5,1,340.06666666666666
Male,31,Caucasian,0,0,0,0,1,0,22.85
Male,21,Caucasian,1,0,0,1,6,0,16.366666666666667
Male,40,African-American,14,10,0,0,3,0,20.9
Male,33,Caucasian,0,0,0,0,7,0,140.68333333333334
Male,20,African-American,1,0,0,1,10,0,9846.133333333333
Male,24,Caucasian,4,0,0,0,8,0,22.383333333333333
Male,24,African-American,3,0,1,0,10,1,18.45
Female,30,African-American,15,0,0,0,8,1,25.916666666666668
Male,27,African-American,1,0,0,0,5,0,52.43333333333333
Male,21,African-American,0,0,0,1,8,1,22.85
Male,34,Caucasian,3,0,0,0,2,1,197.66666666666666
Male,23,Caucasian,0,0,0,0,4,0,0.25
Male,27,African-American,3,0,0,0,2,1,162.48333333333332
Male,28,African-American,8,0,0,0,8,1,71.91666666666667
Male,26,Hispanic,2,0,0,0,2,0,215.58333333333334
Male,22,Caucasian,2,0,0,1,5,1,596.7333333333333
Male,46,Caucasian,5,0,0,0,1,0,0.18333333333333332
Male,49,African-American,19,0,0,0,10,0,5740.8
Male,48,Hispanic,1,0,0,0,1,1,3027.65
Male,27,Hispanic,5,0,0,0,10,0,8086.183333333333
Male,25,Caucasian,0,0,0,0,3,0,5.383333333333334
Male,21,Caucasian,2,0,2,7,9,1,6.933333333333334
Male,50,Caucasian,19,0,0,0,2,0,39.61666666666667
Male,25,Hispanic,1,0,0,0,3,1,21.066666666666666
Male,41,Hispanic,1,0,0,0,1,0,2735.7166666666667
Female,30,Caucasian,9,0,0,0,4,1,110.06666666666666
Male,24,Other,1,0,0,0,4,1,118.03333333333333
Male,30,Caucasian,13,0,0,0,6,0,8998.133333333333
Male,56,Caucasian,0,0,0,0,1,0,9.233333333333333
Male,54,African-American,0,0,0,0,1,0,27.283333333333335
Male,41,African-American,7,0,0,0,3,1,39.916666666666664
Male,31,Caucasian,1,0,0,0,3,1,936.9166666666666
Male,47,Hispanic,1,0,0,0,2,0,50.81666666666667
Male,23,African-American,1,0,0,0,6,1,91.71666666666667
Male,31,African-American,2,0,0,0,5,1,-3.9833333333333334
Male,45,African-American,1,0,0,0,2,1,1134.4
Female,46,Hispanic,2,0,0,0,1,0,76.18333333333334
Male,27,African-American,0,0,0,0,10,0,24.016666666666666
Female,31,Caucasian,3,0,0,0,7,1,28.583333333333332
Male,26,African-American,3,0,0,0,6,1,23.366666666666667
Male,52,Caucasian,6,0,0,0,5,1,43.5
Male,21,African-American,1,0,0,0,8,1,322.4
Male,32,African-American,7,0,1,3,8,1,22.8
Male,25,African-American,1,0,1,0,3,1,19.9
Male,58,African-American,16,0,0,0,6,1,1641.7833333333333
Male,27,African-American,0,0,0,0,5,0,23.166666666666668
Male,58,Caucasian,1,0,0,0,1,0,22.416666666666668
Male,25,African-American,11,0,0,0,9,1,710.55
Male,25,Caucasian,1,0,0,0,6,0,25.016666666666666
Male,36,African-American,17,1,2,5,7,0,171.11666666666667
Male,21,African-American,0,0,0,0,4,1,742.7
Male,26,African-American,3,0,0,0,4,1,4.766666666666667
Female,31,Caucasian,2,0,0,2,5,1,29.283333333333335
Male,27,Caucasian,1,0,0,1,6,1,342.01666666666665
Male,26,African-American,5,0,0,0,7,1,6.583333333333333
Female,21,Hispanic,0,0,0,1,4,1,24.983333333333334
Male,26,African-American,1,0,0,0,8,1,105.35
Male,38,African-American,8,0,0,0,6,1,235.71666666666667
Male,46,Caucasian,1,0,0,0,1,1,711.6833333333333
Male,30,African-American,12,0,0,0,9,1,-1.8
Male,38,African-American,10,0,1,0,6,0,17.616666666666667
Male,54,African-American,4,0,0,0,3,1,24.666666666666668
Male,22,Caucasian,0,0,0,1,6,1,3.0833333333333335
Male,26,Caucasian,5,0,0,0,4,1,845.0833333333334
Female,24,Caucasian,0,0,0,0,8,0,882.6
Male,33,Hispanic,0,0,0,0,1,0,24.766666666666666
Male,22,African-American,3,0,0,0,7,0,195.28333333333333
Male,54,Caucasian,0,0,0,0,1,0,5.066666666666666
Male,24,Caucasian,8,0,0,2,9,1,848.0
Male,22,African-American,0,0,0,0,6,0,70.5
Male,34,African-American,11,1,0,0,8,1,29.183333333333334
Male,26,African-American,7,0,0,0,10,1,45.35
Female,23,Caucasian,4,0,0,0,9,1,3197.866666666667
Male,28,Caucasian,0,0,0,0,1,0,44.35
Male,58,Caucasian,0,0,0,0,1,0,30.8
Male,33,African-American,1,0,0,0,2,1,77.35
Male,54,African-American,9,0,0,0,1,0,24.133333333333333
Male,29,Other,8,0,0,0,6,1,22.383333333333333
Male,22,African-American,1,0,0,0,4,1,3.2333333333333334
Male,48,Caucasian,2,0,0,0,1,0,9462.233333333334
Female,34,Caucasian,0,0,0,1,2,1,21.216666666666665
Female,54,Caucasian,9,0,0,0,8,0,288.75
Female,28,African-American,3,0,0,0,3,0,25.083333333333332
Male,23,African-American,2,0,0,0,7,1,95.21666666666667
Female,24,African-American,3,0,0,0,10,1,24.166666666666668
Male,45,African-American,1,0,0,0,2,1,1134.4
Male,25,African-American,9,1,2,0,9,1,1195.1333333333334
Male,29,Caucasian,1,0,0,0,4,1,806.05
Male,46,Caucasian,5,0,0,0,1,0,0.18333333333333332
Male,25,Caucasian,2,0,0,0,4,0,1025.6833333333334
Male,31,Caucasian,2,0,0,0,3,0,5.433333333333334
Male,33,Caucasian,0,0,0,0,3,1,21.15
Male,51,Hispanic,0,0,0,0,1,0,14.2
Male,21,African-American,2,0,0,1,9,0,1351.0833333333333
Male,23,Hispanic,3,0,0,0,7,1,6645.75
Female,27,African-American,1,0,0,0,4,0,193.95
Male,40,Caucasian,6,0,0,0,4,0,19.016666666666666
Male,44,African-American,10,0,0,0,4,1,123.33333333333333
Male,34,Caucasian,1,0,0,0,1,0,11836.55
Female,28,African-American,1,0,0,0,3,1,44.95
Male,27,African-American,4,1,0,0,7,0,745.3166666666667
Male,27,African-American,4,1,0,0,5,1,41.833333333333336
Male,29,Caucasian,1,0,0,0,1,0,3.216666666666667
Male,26,African-American,5,0,1,0,6,0,27.266666666666666
Male,53,African-American,13,0,0,0,5,0,43.81666666666667
Male,28,Hispanic,8,0,0,0,8,1,1360.95
Male,31,African-American,2,0,0,1,1,1,1040.3166666666666
Male,27,Caucasian,5,0,0,0,6,1,148.26666666666668
Male,42,African-American,19,0,0,0,8,0,148.81666666666666
Male,34,Caucasian,0,0,0,0,1,0,49.516666666666666
Female,24,African-American,3,0,0,0,5,0,5.6
Female,35,African-American,5,0,0,1,7,1,168.36666666666667
Female,40,African-American,1,0,0,0,1,0,17.0
Female,31,Caucasian,9,0,0,0,7,1,639.0
Male,41,African-American,24,1,1,0,10,1,27.05
Male,30,Hispanic,3,0,0,0,4,0,50.733333333333334
Male,20,Other,4,3,1,0,10,0,2352.55
Male,23,Caucasian,0,0,0,0,2,0,25.083333333333332
Male,38,Hispanic,0,0,0,0,2,0,20.666666666666668
Female,57,Hispanic,2,0,0,0,1,0,1462.0
Male,21,African-American,2,2,0,0,9,0,833.7833333333333
Male,22,African-American,0,0,0,0,6,1,19.633333333333333
Male,50,African-American,18,0,0,0,8,1,5974.583333333333
Male,21,Native American,0,0,0,1,6,1,26.2
Male,27,Caucasian,0,0,0,0,8,1,1134.7833333333333
Male,27,African-American,4,0,0,0,9,0,31.816666666666666
Male,32,African-American,19,0,3,0,9,1,27.4
Male,31,African-American,0,0,0,0,2,0,25.7
Male,24,African-American,4,0,0,0,10,1,17.5
Female,47,African-American,19,0,0,0,10,1,740.7833333333333
Male,28,African-American,11,2,1,0,10,0,624.2166666666667
Female,30,African-American,4,0,1,0,3,0,7493.516666666666
Male,44,African-American,6,0,0,0,6,0,47.11666666666667
Male,25,African-American,4,0,0,1,5,1,789.2333333333333
Male,20,African-American,0,0,0,0,7,0,12.316666666666666
Male,32,African-American,6,0,0,0,2,0,796.6666666666666
Male,41,Caucasian,2,0,0,0,2,0,2.5166666666666666
Male,20,Other,0,0,0,0,4,1,284.25
Male,30,Caucasian,0,0,0,0,1,0,19.1
Female,35,African-American,16,0,1,1,10,0,5813.933333333333
Male,50,African-American,7,0,0,0,3,0,71.05
Female,19,Hispanic,0,0,0,0,5,0,49.85
Female,24,African-American,2,0,0,0,7,1,188.98333333333332
Male,24,African-American,12,0,5,0,9,1,887.1166666666667
Male,28,African-American,16,0,2,0,9,0,32.2
Male,30,Hispanic,0,0,0,0,7,0,558.4333333333333
Male,23,Caucasian,3,0,0,0,3,0,29.85
Male,43,Caucasian,6,0,0,0,4,1,236.6
Male,22,African-American,0,0,0,1,8,1,25.833333333333332
Male,55,African-American,0,0,0,0,1,1,22.783333333333335
Male,30,African-American,3,0,0,0,2,1,21.266666666666666
Male,54,African-American,28,0,0,0,9,1,138.4
Male,34,African-American,10,0,1,0,7,1,54.06666666666667
Male,32,African-American,13,0,0,0,10,1,2331.9166666666665
Female,20,African-American,0,0,0,0,5,0,26.1
Male,45,Caucasian,0,0,0,0,5,0,31.316666666666666
Male,42,Caucasian,1,0,0,0,3,1,18.016666666666666
Male,51,African-American,0,0,0,0,1,0,20.15
Male,19,African-American,2,0,1,0,7,1,13.216666666666667
Male,39,African-American,6,0,0,0,3,1,68.66666666666667
Male,49,Caucasian,4,0,0,0,6,1,409.98333333333335
Female,22,African-American,5,0,0,0,9,1,457.9166666666667
