sex,age,race,priors_count,juv_fel_count,juv_misd_count,juv_other_count,decile_score,is_recid,jail_time
Male,32,Caucasian,9,0,0,0,7,1,117.76666666666667
Male,22,African-American,3,0,0,0,7,1,25.2
Female,42,Caucasian,0,0,0,0,8,0,20.466666666666665
Male,25,Caucasian,1,0,0,0,3,0,15.033333333333333
Female,25,African-American,0,0,0,0,5,0,1061.5833333333333
Male,25,Hispanic,9,0,0,0,8,0,7557.633333333333
Male,27,African-American,2,0,0,0,5,1,360.4
Male,29,African-American,1,0,0,0,2,1,47.416666666666664
Male,26,African-American,5,0,0,1,7,1,531.2833333333333
Male,55,Caucasian,0,0,0,0,1,0,15.316666666666666
Female,21,African-American,0,0,0,0,5,1,21.866666666666667
Male,31,African-American,12,1,1,1,9,1,6984.9
Female,27,African-American,3,0,0,1,6,1,55.45
Male,21,Hispanic,1,0,0,1,5,1,47.4
Male,37,Caucasian,3,0,0,0,8,0,5807.85
Male,36,African-American,7,0,0,0,10,0,157.0
Male,55,Caucasian,3,0,0,0,7,1,864.3
Male,28,African-American,8,0,0,0,8,1,71.91666666666667
Male,29,African-American,5,0,0,0,5,1,52.6
Male,31,African-American,1,0,0,0,3,0,25.633333333333333
Male,63,African-American,8,0,0,0,6,0,97.18333333333334
Male,22,Caucasian,2,1,0,0,4,0,31.283333333333335
Female,50,Caucasian,7,0,0,0,1,1,190.0
Male,26,African-American,4,0,0,0,7,1,46.483333333333334
Male,53,African-American,1,0,0,0,8,0,8736.333333333334
Female,27,African-American,3,0,0,0,7,0,23.633333333333333
Male,26,Caucasian,7,0,1,0,8,0,1267.7
Female,30,African-American,8,0,0,0,7,1,1084.75
Male,30,Hispanic,1,0,0,0,2,1,-11.216666666666667
Male,25,African-American,3,0,1,1,8,1,9.5
Female,32,African-American,1,0,0,0,1,0,19.516666666666666
Female,20,African-American,0,0,0,1,7,1,25.033333333333335
Male,30,African-American,9,0,1,0,7,1,192.81666666666666
Male,31,African-American,6,0,0,0,10,1,20.033333333333335
Male,26,African-American,0,0,0,0,2,0,71.2
Female,24,African-American,4,0,0,0,3,1,51.766666666666666
Male,32,Caucasian,2,0,0,0,2,0,21.233333333333334
Male,24,Hispanic,6,1,0,0,10,1,5252.116666666667
Male,20,African-American,1,1,0,0,10,1,4489.233333333334
Male,29,African-American,10,0,0,0,10,1,2608.85
Male,41,African-American,16,2,0,0,7,1,-2.6
Female,25,Caucasian,0,0,0,0,3,0,19.166666666666668
Female,24,African-American,2,0,0,0,4,0,174.48333333333332
Male,33,African-American,7,0,0,0,6,1,20.2
Male,53,African-American,5,0,0,0,4,0,7147.416666666667
Male,23,Caucasian,5,0,2,1,10,1,305.78333333333336
Male,63,African-American,10,0,0,0,7,1,860.05
Male,27,African-American,10,0,1,0,8,1,5.366666666666666
Male,25,Caucasian,2,0,0,1,5,0,17.283333333333335
Male,24,African-American,0,0,0,2,9,1,162.31666666666666
Female,51,Hispanic,2,0,0,0,1,0,1.9
Male,29,African-American,6,0,0,0,8,1,860.0333333333333
Male,19,Hispanic,2,2,0,0,8,1,27.266666666666666
Male,22,Caucasian,2,0,0,0,8,0,5804.05
Male,21,African-American,1,0,0,0,8,0,200.43333333333334
Male,26,Caucasian,3,0,0,0,5,1,21.583333333333332
Male,29,African-American,6,3,0,0,2,0,629.2333333333333
Male,33,African-American,16,0,0,0,7,1,17.5
Male,53,Caucasian,0,0,0,0,1,0,19.766666666666666
Male,30,African-American,0,0,0,0,3,1,4.65
Male,28,African-American,0,0,0,0,2,0,20.783333333333335
Male,26,Hispanic,9,0,0,0,8,0,434.5
Male,21,Caucasian,0,0,0,0,9,1,20.516666666666666
Male,23,African-American,1,0,0,0,7,0,3433.616666666667
Female,26,African-American,4,0,0,0,9,1,19.333333333333332
Female,37,Caucasian,0,0,0,0,1,0,22.983333333333334
Female,49,Caucasian,8,0,0,0,2,0,208.71666666666667
Male,27,African-American,2,0,0,0,2,1,21.533333333333335
Female,23,African-American,1,0,0,0,5,1,42.06666666666667
Male,32,African-American,15,0,0,0,10,0,2212.75
Male,23,Hispanic,0,0,0,0,6,0,22.95
Male,42,African-American,15,0,0,0,9,0,1666.4666666666667
Female,29,Caucasian,0,0,0,0,4,0,13.283333333333333
Male,33,African-American,3,0,0,0,6,1,2759.3166666666666
Male,54,African-American,1,0,0,0,3,0,122.88333333333334
Female,37,African-American,0,0,0,0,1,0,30.683333333333334
Male,29,Caucasian,8,0,1,0,5,1,207.33333333333334
Male,57,Other,0,0,0,0,1,1,16.233333333333334
Female,35,African-American,2,0,0,0,6,0,357.0833333333333
Female,36,African-American,4,2,0,0,6,1,44.18333333333333
Male,29,African-American,10,0,0,1,7,1,554.15
Male,19,African-American,3,2,1,1,10,1,19.616666666666667
Male,67,African-American,8,0,0,0,4,0,40.6
Male,25,African-American,6,0,1,0,7,0,786.7
Male,22,Caucasian,3,0,0,0,7,1,55.233333333333334
Female,20,African-American,1,0,0,0,6,1,25.333333333333332
Male,33,Caucasian,5,0,0,0,6,1,2862.55
Male,32,African-American,11,2,0,2,10,0,30.516666666666666
Male,59,Caucasian,24,0,0,0,1,0,220.16666666666666
Male,35,African-American,9,0,0,0,6,0,28.75
Male,33,Caucasian,3,0,0,0,8,1,355.01666666666665
Male,42,African-American,19,0,0,0,8,0,148.81666666666666
Male,38,African-American,9,1,1,0,8,1,315.1333333333333
Male,32,African-American,11,0,0,0,9,1,42.266666666666666
Male,20,Caucasian,0,0,0,1,10,0,795.9833333333333
Male,28,Hispanic,0,0,0,0,4,0,6.966666666666667
Female,42,African-American,0,0,0,0,10,0,1368.05
Male,33,Caucasian,2,0,0,0,3,1,41.46666666666667
Male,34,African-American,0,0,0,0,7,1,699.3166666666667
Male,36,Hispanic,20,1,0,0,10,1,5326.2
Female,25,Caucasian,5,0,0,0,7,0,7.833333333333333
Male,33,Other,2,0,0,0,1,1,14.383333333333333
Male,54,Other,2,0,0,0,1,0,22.4
Male,23,African-American,8,0,0,0,10,1,69.7
Male,41,Caucasian,4,0,0,0,3,1,20.366666666666667
Male,38,African-American,3,0,0,0,2,1,104.45
Male,21,Hispanic,0,0,0,0,4,1,5.816666666666666
Male,31,Caucasian,0,0,0,0,8,1,743.6333333333333
Male,34,Hispanic,1,0,0,0,1,0,17.3
Male,64,African-American,7,0,0,0,10,0,94.96666666666667
Male,26,Caucasian,0,0,0,0,2,0,23.6
Male,44,Caucasian,1,0,0,0,1,0,15.733333333333333
Male,32,African-American,1,0,0,0,8,1,44.016666666666666
Male,51,Caucasian,3,0,0,0,6,0,404.25
Male,29,African-American,5,0,0,0,8,1,5.733333333333333
Male,27,African-American,6,1,0,0,7,1,21.466666666666665
Male,40,African-American,1,0,0,0,1,1,7.083333333333333
Male,32,African-American,16,0,0,0,10,1,22.283333333333335
Male,27,African-American,3,0,0,0,3,1,7247.25
Male,31,Caucasian,2,0,0,1,5,0,489.55
Male,31,African-American,13,0,0,0,10,1,16.383333333333333
Male,35,Hispanic,2,0,0,0,1,0,333.6333333333333
Male,51,Caucasian,2,0,0,0,1,1,5.283333333333333
Male,28,Hispanic,3,0,0,0,5,0,18.116666666666667
Male,26,Caucasian,5,0,0,0,5,0,137.15
Male,45,African-American,14,0,0,0,7,0,4053.983333333333
Male,29,African-American,4,0,0,0,9,1,455.03333333333336
Male,22,African-American,3,0,1,1,10,1,32.31666666666667
Male,51,Caucasian,2,0,0,0,2,0,533.9833333333333
Female,34,African-American,0,0,0,0,2,0,17.366666666666667
Female,31,African-American,9,0,0,0,8,1,16.35
Male,40,Caucasian,1,0,0,0,3,0,1007.6833333333333
Male,28,African-American,1,0,0,0,2,0,21.85
Male,31,African-American,0,0,0,0,7,0,23.3
Male,56,African-American,9,0,0,0,8,0,15.966666666666667
Female,25,African-American,3,0,0,0,10,0,29.483333333333334
Male,27,African-American,0,0,0,0,4,1,21.2
Female,36,Caucasian,3,0,0,0,5,0,4745.566666666667
Male,21,African-American,0,0,0,0,10,0,21.3
Male,22,Other,0,0,0,0,2,1,30.65
Male,46,African-American,9,1,0,1,9,1,2783.516666666667
Male,26,Caucasian,1,0,0,0,3,1,18.3
Male,25,African-American,1,0,0,0,5,0,5.7
Female,31,Caucasian,2,0,0,2,5,1,29.283333333333335
Male,20,African-American,2,0,0,0,8,0,51.46666666666667
Male,20,African-American,0,0,0,1,10,0,266.21666666666664
Male,22,Caucasian,2,0,1,1,8,1,286.46666666666664
Female,46,Caucasian,0,0,0,0,1,0,5.316666666666666
Female,26,African-American,1,0,0,0,4,0,17.966666666666665
Male,26,African-American,6,0,0,0,9,1,433.53333333333336
Male,32,Caucasian,0,0,0,0,6,1,118.01666666666667
Female,26,African-American,6,0,0,0,6,1,75.36666666666666
Male,36,African-American,5,2,0,0,10,0,46.86666666666667
Female,26,Caucasian,2,0,0,0,9,1,5.366666666666666
Male,58,African-American,2,0,0,0,8,0,1284.3
Male,30,Other,5,0,0,0,8,1,137.51666666666668
Male,29,Caucasian,3,0,0,0,4,1,934.6166666666667
Male,20,Caucasian,0,0,0,0,4,1,37.53333333333333
Male,24,Caucasian,0,0,0,0,2,0,1.7166666666666666
Male,31,African-American,25,0,3,0,8,1,2829.15
Male,24,African-American,1,0,0,0,8,0,71.7
Female,26,African-American,0,0,0,0,4,0,30.916666666666668
Male,27,African-American,7,0,0,0,9,1,103.7
Male,45,Caucasian,1,0,0,0,1,0,32.28333333333333
Male,35,Caucasian,5,0,0,0,7,0,1488.9833333333333
Male,21,African-American,2,2,0,0,9,0,833.7833333333333
Male,36,Other,0,0,0,0,1,0,-3.6666666666666665
Female,40,Caucasian,3,0,0,0,6,1,1204.6333333333334
Male,52,Caucasian,1,0,0,0,1,0,17.733333333333334
Male,33,African-American,3,0,0,0,2,0,6.15
Male,34,African-American,19,0,2,1,10,1,113.8
Male,51,Caucasian,6,0,0,0,3,1,54.45
Male,21,African-American,4,4,0,0,7,1,2830.45
Male,66,Caucasian,0,0,0,0,1,1,23.85
Female,24,African-American,1,0,0,0,4,0,20.183333333333334
Male,58,Caucasian,0,0,0,0,1,0,19.766666666666666
Male,29,African-American,0,0,0,0,2,0,21.633333333333333
Male,20,African-American,0,0,0,0,8,0,2156.3
Male,50,Caucasian,5,0,0,0,7,1,121.1
Male,33,Caucasian,2,0,0,0,2,0,55.45
Male,30,African-American,5,0,0,0,4,1,4338.083333333333
Male,21,Caucasian,1,0,0,1,6,1,1173.45
Male,21,African-American,1,0,0,0,5,1,743.8166666666667
Male,35,African-American,7,0,0,0,4,0,137.3
Male,26,African-American,2,0,0,0,3,1,3555.4333333333334
Male,21,African-American,2,0,0,0,8,1,863.4166666666666
Female,30,Caucasian,0,0,0,0,2,0,24.35
Male,26,African-American,2,0,0,0,2,0,25.166666666666668
Male,43,Hispanic,3,0,0,0,7,0,14956.1
Male,27,African-American,7,0,0,0,4,1,50.916666666666664
Female,25,Caucasian,0,0,0,0,5,0,21.733333333333334
Male,20,African-American,1,0,0,0,7,1,146.26666666666668
Female,49,Caucasian,1,0,0,0,1,0,28.516666666666666
Male,29,Caucasian,7,0,0,0,6,0,342.31666666666666
Male,50,African-American,4,0,0,0,1,1,20.75
Female,32,Caucasian,18,0,0,0,9,0,1712.6833333333334
Male,23,Hispanic,2,0,0,0,5,1,1414.8833333333334
Female,34,African-American,1,0,0,0,2,0,379.56666666666666
Female,45,Caucasian,3,0,0,0,1,0,169.48333333333332
Male,49,Caucasian,1,0,0,0,1,0,21.266666666666666
Male,46,Other,0,0,0,0,1,0,8.1
Male,46,African-American,13,0,0,0,5,1,511.4166666666667
Male,26,African-American,9,0,1,1,10,1,44.083333333333336
Male,21,African-American,1,0,0,2,5,1,25.4
Male,32,African-American,0,0,0,0,1,0,52.53333333333333
Male,38,Other,1,0,0,0,3,0,22.583333333333332
Male,24,Hispanic,2,0,0,0,3,0,217.35
Male,25,African-American,4,0,0,0,8,1,14.316666666666666
Male,26,Caucasian,7,0,0,0,7,1,4.1
Male,18,African-American,3,4,0,0,9,0,7130.866666666667
Female,55,Hispanic,0,0,0,0,1,0,16.733333333333334
Male,35,African-American,0,0,0,0,7,0,794.4333333333333
Male,37,Caucasian,4,0,0,0,5,1,22.183333333333334
Male,20,Caucasian,0,0,0,2,4,0,25.916666666666668
Male,28,African-American,11,0,1,0,9,1,40.43333333333333
Male,22,African-American,1,0,0,0,6,1,510.76666666666665
Female,50,Caucasian,30,0,0,0,6,1,89.5
Male,30,Other,3,0,1,1,1,0,22.8
Male,26,Caucasian,2,0,0,0,8,1,25.116666666666667
Male,55,Caucasian,33,0,0,0,9,1,5809.633333333333
Male,34,African-American,0,0,0,0,1,0,-7.2
Male,19,African-American,2,0,2,0,10,1,28.6
Male,32,Caucasian,0,0,0,0,6,1,430.48333333333335
Male,46,Caucasian,14,0,0,0,3,1,22.7
Male,25,African-American,0,0,0,0,6,0,17.766666666666666
Female,47,Caucasian,28,0,0,0,9,1,2825.883333333333
Male,21,Caucasian,0,0,0,0,4,0,1532.2833333333333
Male,37,African-American,23,1,8,5,8,1,45.06666666666667
Male,44,African-American,16,0,0,1,7,0,23.516666666666666
Female,34,African-American,1,0,0,0,1,0,24.483333333333334
Male,35,African-American,2,0,0,0,4,0,26.15
Male,22,Caucasian,3,0,1,1,4,1,6.633333333333334
Male,25,African-American,2,0,0,0,6,1,68.83333333333333
Male,37,African-American,16,0,0,0,8,1,50.4
Female,32,African-American,2,0,0,0,3,0,1863.9166666666667
Male,37,African-American,9,0,0,0,6,0,1488.0333333333333
Female,24,African-American,1,0,0,0,3,1,340.03333333333336
Male,27,African-American,0,0,0,0,2,0,72.75
Male,28,Caucasian,1,0,0,0,2,0,52.483333333333334
Male,41,African-American,2,0,0,0,6,1,278.4166666666667
Male,26,Caucasian,5,0,0,0,4,1,845.0833333333334
Male,48,African-American,0,0,0,0,1,0,37.53333333333333
Male,56,African-American,0,0,0,0,1,0,143.05
Female,42,Caucasian,1,0,0,0,3,1,510.3333333333333
Male,22,African-American,1,0,0,0,6,1,150.23333333333332
Male,29,African-American,29,0,0,0,8,1,120.78333333333333
Male,29,Caucasian,0,0,0,0,1,0,27.65
Male,56,Caucasian,0,0,0,0,1,0,28.766666666666666
Male,52,Caucasian,2,0,0,0,1,0,22.55
Female,27,African-American,8,0,0,0,6,1,73.06666666666666
Male,39,Caucasian,3,0,0,0,9,0,3335.5333333333333
Male,25,African-American,5,0,0,1,9,1,118.0
Male,50,Caucasian,0,0,0,0,7,0,725.15
Female,58,Caucasian,0,0,0,0,1,0,0.15
Female,33,African-American,5,0,0,0,9,1,23.816666666666666
Male,36,Caucasian,1,0,0,0,4,1,55.766666666666666
Male,45,Caucasian,3,0,0,0,1,0,26.316666666666666
Female,39,African-American,22,0,0,0,6,1,42.266666666666666
Male,49,Caucasian,3,0,0,0,8,1,837.5166666666667
Female,54,Caucasian,1,0,0,0,1,0,3020.516666666667
Male,20,African-American,0,0,0,0,3,0,16.666666666666668
Male,28,Caucasian,9,0,0,0,7,0,4698.466666666666
Male,23,Other,6,0,0,0,8,1,2017.0166666666667
Male,60,Caucasian,0,0,0,0,1,0,24.183333333333334
Male,20,Caucasian,0,0,0,0,10,1,163.85
Male,24,African-American,7,0,0,1,8,1,2337.9166666666665
Male,22,African-American,0,0,0,0,7,1,1203.2833333333333
Male,45,African-American,13,0,0,0,7,0,42.416666666666664
Male,32,African-American,17,1,2,0,10,1,5022.233333333334
Male,65,Caucasian,0,0,0,0,4,0,26.6
Male,57,Caucasian,14,0,0,0,4,1,477.75
Female,43,Caucasian,0,0,0,0,1,1,30.683333333333334
Male,22,African-American,0,0,0,0,7,1,790.35
Male,25,Caucasian,0,0,0,0,2,1,512.5166666666667
Male,57,African-American,8,0,0,0,7,1,121.26666666666667
Male,26,African-American,5,0,0,1,7,1,531.2833333333333
Male,20,Hispanic,1,1,0,0,8,1,22.75
Male,32,African-American,7,0,0,0,9,1,889.0333333333333
Female,43,African-American,3,0,0,0,9,0,3219.016666666667
Male,28,Other,0,0,0,0,1,0,50.2
Male,36,Other,1,0,0,0,1,1,25.766666666666666
Male,25,African-American,7,0,0,0,9,1,3.9166666666666665
Male,48,Asian,0,0,0,0,1,0,226.25
Male,32,Caucasian,1,0,0,0,3,0,31.283333333333335
Male,47,African-American,22,0,0,0,7,1,27.15
Female,23,African-American,4,0,0,0,8,1,1037.6666666666667
Male,50,Native American,0,0,0,0,1,0,29.15
Male,29,African-American,6,0,0,0,8,1,860.0333333333333
Male,50,Other,4,0,0,0,1,0,24.033333333333335
Male,20,Caucasian,0,0,0,0,10,0,3361.116666666667
Male,36,African-American,0,0,0,0,1,0,20.666666666666668
Male,24,African-American,4,0,0,0,4,1,77.36666666666666
Male,30,Caucasian,3,0,0,0,2,0,265.96666666666664
Male,30,Caucasian,2,0,0,0,9,0,144.16666666666666
Male,50,African-American,12,0,0,0,1,1,24.05
Male,29,African-American,7,2,0,1,9,0,42.4
Male,30,African-American,18,0,0,0,9,1,27.3
Male,67,Other,1,0,0,0,1,0,15.933333333333334
Female,50,Caucasian,30,0,0,0,6,1,89.5
Male,22,African-American,5,0,0,0,10,0,18.7
Female,26,Other,1,0,0,0,2,0,14.65
Male,61,Caucasian,0,0,0,0,4,0,361.56666666666666
Male,51,Hispanic,0,0,0,0,1,1,27.15
Male,23,Caucasian,1,0,0,0,3,0,20.8
Female,28,African-American,0,0,0,0,3,0,4584.866666666667
Male,23,African-American,1,0,0,0,7,1,648.9666666666667
Male,30,African-American,1,0,0,0,2,0,44.85
Female,39,African-American,6,0,1,0,5,0,22.766666666666666
Male,51,Caucasian,3,0,0,0,6,0,404.25
Male,25,African-American,4,0,0,1,5,1,789.2333333333333
Female,28,African-American,0,0,0,0,3,0,15.583333333333334
Male,20,African-American,1,0,0,1,10,0,9846.133333333333
Male,33,African-American,9,2,0,0,9,1,65.63333333333334
Male,22,Caucasian,1,0,0,0,5,1,14.016666666666667
Male,21,Caucasian,3,0,0,0,8,1,3050.4666666666667
Male,34,Hispanic,9,0,0,0,9,0,1773.2833333333333
Female,43,Caucasian,22,0,0,0,10,1,640.45
Male,20,African-American,0,0,0,0,5,1,44.266666666666666
Male,20,African-American,1,0,1,1,10,1,123.93333333333334
Male,22,Caucasian,2,0,1,1,8,1,286.46666666666664
Male,51,African-American,0,0,0,0,2,1,31.15
Female,28,African-American,3,0,0,0,4,0,116.98333333333333
Male,33,African-American,2,0,0,0,1,0,17.766666666666666
Male,21,African-American,2,1,0,1,9,0,39.3
Male,53,African-American,13,0,0,0,3,0,-10.966666666666667
Male,50,Caucasian,3,0,0,0,9,0,138.56666666666666
Female,22,African-American,4,0,0,0,9,1,48.8
Male,26,African-American,7,0,0,0,6,0,27.333333333333332
Male,19,Caucasian,1,0,1,3,10,1,195.11666666666667
Male,21,African-American,0,0,0,0,5,0,41.46666666666667
Male,27,African-American,6,1,0,0,7,1,21.466666666666665
Female,23,Other,0,0,0,0,5,0,21.483333333333334
Male,50,Caucasian,8,0,0,0,3,0,4144.066666666667
Female,22,Caucasian,0,0,0,0,9,0,28.966666666666665
Male,21,Other,1,0,0,0,6,1,94.1
Female,46,Caucasian,7,0,0,0,7,1,90.86666666666666
Male,28,African-American,10,0,0,0,8,0,41.11666666666667
Male,20,African-American,1,0,1,1,10,1,123.93333333333334
Male,31,African-American,9,0,0,0,2,0,17.2
Male,24,African-American,1,0,0,2,9,1,148.93333333333334
Male,30,Hispanic,0,0,0,0,2,0,26.4
Female,48,African-American,18,0,0,3,6,1,1297.2833333333333
Male,51,Caucasian,7,0,0,0,1,1,358.8666666666667
Male,22,Asian,1,0,0,0,2,0,5.666666666666667
Male,30,Caucasian,3,0,0,0,4,0,1681.1
Female,23,Caucasian,5,0,0,4,5,1,18.133333333333333
Male,42,Hispanic,0,0,0,0,1,0,97.8
Female,50,Caucasian,30,0,0,0,6,1,89.5
Male,35,African-American,5,0,0,0,6,1,38.583333333333336
Male,36,Caucasian,1,0,0,0,2,0,5.083333333333333
Male,69,African-American,1,0,0,0,1,1,28.183333333333334
Male,27,African-American,2,0,0,0,2,1,21.533333333333335
Female,38,Caucasian,0,0,0,0,1,0,63.93333333333333
Female,38,Caucasian,1,0,0,0,1,0,42.78333333333333
Male,29,African-American,7,0,0,0,8,1,21.283333333333335
Male,35,Caucasian,16,0,1,0,6,1,17.583333333333332
Female,25,Caucasian,0,0,0,0,4,0,22.066666666666666
Male,20,African-American,1,1,0,0,8,1,353.4166666666667
Female,21,African-American,1,0,0,0,9,0,97.2
Male,26,African-American,9,0,0,0,8,1,63.63333333333333
Female,20,African-American,1,0,0,0,4,0,21.683333333333334
Male,38,Caucasian,2,0,0,0,3,1,221.4
Male,46,Caucasian,0,0,0,0,1,0,27.9
Male,44,African-American,9,0,0,0,3,0,1582.0666666666666
Male,57,African-American,19,0,0,0,6,0,76.26666666666667
Female,26,Caucasian,4,0,0,0,8,0,5781.283333333334
Male,25,African-American,5,0,0,0,7,0,1368.7666666666667
Male,28,African-American,12,0,0,1,7,1,25.416666666666668
Female,36,Caucasian,5,0,0,0,3,1,23.283333333333335
Male,22,African-American,0,0,0,1,3,0,22.683333333333334
Male,41,African-American,13,0,0,0,10,1,15.733333333333333
Female,30,African-American,10,0,3,2,10,1,6.55
Male,31,African-American,1,0,0,0,6,0,158.28333333333333
Male,20,African-American,1,0,0,1,10,0,9846.133333333333
Male,30,Caucasian,2,0,0,1,2,0,26.766666666666666
Female,57,Caucasian,0,0,0,0,1,0,22.233333333333334
Male,24,African-American,1,1,0,1,6,1,5053.5
Male,30,African-American,9,0,0,0,3,1,29.1
Male,45,African-American,0,0,0,0,4,1,68.16666666666667
Male,67,Caucasian,0,0,0,0,1,1,578.5166666666667
Male,55,African-American,9,0,0,0,2,0,24.4
Male,46,African-American,3,0,0,0,6,1,705.5333333333333
Male,52,African-American,2,0,0,0,1,0,24.6
Male,23,African-American,2,0,0,0,7,0,22.9
Male,40,African-American,0,0,0,0,1,0,55.666666666666664
Male,28,African-American,10,0,0,0,8,0,41.11666666666667
Male,23,Caucasian,5,0,2,1,10,1,305.78333333333336
Male,46,African-American,15,0,0,1,7,1,166.23333333333332
Male,31,Hispanic,8,2,1,0,9,1,65.95
Female,47,African-American,19,0,0,0,10,1,740.7833333333333
Male,19,African-American,1,0,0,0,5,1,1153.6166666666666
Male,36,African-American,6,0,0,0,8,0,770.5666666666667
Male,28,African-American,20,0,0,0,8,1,8.6
Male,29,Caucasian,0,0,0,0,1,0,23.9
Male,39,African-American,0,0,0,0,1,0,19.55
Female,20,African-American,0,0,0,0,5,0,22.116666666666667
Male,30,Caucasian,9,0,0,0,9,1,1061.0666666666666
Male,33,Caucasian,0,0,0,0,9,0,24.283333333333335
Male,28,Caucasian,9,0,0,0,7,0,4698.466666666666
Male,38,African-American,13,0,0,0,10,0,55.03333333333333
Male,39,African-American,0,0,0,0,1,0,20.183333333333334
Female,26,African-American,1,0,0,0,5,0,14.5
Male,65,Hispanic,2,0,0,0,1,1,24.8
Male,54,African-American,5,0,0,0,6,0,44.6
Male,57,Caucasian,0,0,0,0,1,0,44.983333333333334
Male,23,Caucasian,2,0,0,0,7,1,363.48333333333335
Female,28,African-American,13,0,0,0,9,1,768.3666666666667
Female,24,African-American,6,1,0,0,9,1,625.8666666666667
Male,59,African-American,10,0,0,0,7,1,3051.016666666667
Male,56,African-American,28,0,0,0,7,0,1447.6666666666667
Male,31,Other,5,0,0,0,4,0,2273.75
Male,30,African-American,6,0,0,0,5,1,70.41666666666667
Male,47,African-American,21,0,0,0,9,1,2696.7
Male,31,Hispanic,1,0,0,0,8,1,409.8666666666667
Female,44,Caucasian,10,0,0,0,5,1,142.23333333333332
Male,30,African-American,12,0,0,0,9,1,-1.8
Female,22,Caucasian,0,0,0,0,7,1,24.466666666666665
Male,53,African-American,18,0,0,0,7,1,988.7
Male,54,Caucasian,13,0,0,0,4,0,26.15
Female,25,African-American,4,0,0,0,5,0,28.766666666666666
Male,52,African-American,0,0,0,0,1,0,22.433333333333334
Female,22,African-American,0,0,0,0,7,1,6.233333333333333
Male,34,African-American,12,0,0,0,9,1,285.65
Male,28,African-American,16,8,0,1,8,1,27.866666666666667
Male,21,Caucasian,0,0,0,0,6,1,75.1
Female,25,African-American,0,0,0,0,2,0,23.6
Male,33,Caucasian,9,0,0,0,4,0,5.5
Male,25,Caucasian,1,0,0,0,3,0,1014.1833333333333
Male,22,African-American,3,0,1,1,10,1,7658.816666666667
Female,34,Native American,4,0,0,0,7,1,2328.2166666666667
Male,22,African-American,0,0,0,0,4,0,-3.466666666666667
Male,38,Caucasian,8,0,0,0,2,0,1.9
Male,33,Caucasian,1,0,0,0,8,1,242.71666666666667
Male,24,African-American,7,0,0,0,9,1,4794.95
Male,20,Caucasian,0,0,0,0,4,0,22.533333333333335
Male,28,African-American,21,0,2,0,10,1,25.416666666666668
Male,31,African-American,4,0,0,0,8,0,4096.7
Male,39,Caucasian,0,0,0,0,2,0,5.016666666666667
Male,28,African-American,5,0,0,0,6,1,1231.4833333333333
Female,66,African-American,11,0,0,0,8,1,139.58333333333334
Female,65,Caucasian,0,0,0,0,1,0,24.666666666666668
Male,23,Hispanic,1,0,0,1,6,1,30.183333333333334
Male,26,Caucasian,10,0,0,3,8,1,20.633333333333333
Male,24,Caucasian,0,0,0,0,2,0,29.416666666666668
Male,21,Hispanic,1,0,0,2,9,0,44.38333333333333
Male,47,African-American,23,0,0,0,8,1,20.783333333333335
Male,20,Caucasian,0,0,0,1,6,1,26.1
Male,33,Other,5,0,0,0,3,1,57.583333333333336
Male,43,Hispanic,3,0,0,0,3,1,54.18333333333333
Female,44,Caucasian,0,0,0,0,1,1,22.916666666666668
Female,26,African-American,5,0,0,0,9,1,164.08333333333334
Female,24,Caucasian,3,0,0,1,6,0,2879.883333333333
Female,23,Hispanic,0,0,0,0,4,0,73.48333333333333
Female,22,African-American,0,0,0,0,4,0,142.55
Male,26,African-American,3,0,0,0,3,1,22.2
Male,28,African-American,5,0,0,0,5,1,21.483333333333334
Male,28,African-American,0,0,0,0,4,1,5.016666666666667
Male,35,Hispanic,7,0,0,0,7,0,25.816666666666666
Male,60,Caucasian,18,0,0,0,2,1,75.98333333333333
Female,41,African-American,8,0,0,0,8,1,1566.6166666666666
Male,47,African-American,4,0,0,0,10,1,1542.9833333333333
Male,43,Hispanic,2,0,0,0,1,1,100.98333333333333
Male,30,African-American,4,0,0,0,3,0,142.58333333333334
Female,48,Caucasian,0,0,0,0,1,0,12.866666666666667
Male,61,Caucasian,4,0,0,0,1,0,42.46666666666667
Male,36,Caucasian,4,0,0,0,3,0,2534.2166666666667
Male,29,African-American,2,0,0,0,6,0,45.4
Male,25,African-American,2,0,0,0,4,1,117.35
Male,26,African-American,10,0,1,0,10,1,43.7
Male,61,African-American,30,0,0,0,4,0,1199.95
Male,68,Caucasian,1,0,0,0,1,0,117.35
Male,25,Hispanic,10,1,4,0,9,1,188.36666666666667
Female,27,African-American,2,0,0,0,6,0,218.98333333333332
Male,23,Caucasian,10,0,0,1,7,1,1687.1666666666667
Male,48,African-American,5,0,0,0,9,1,5825.766666666666
Male,22,African-American,0,0,0,0,8,1,19.983333333333334
Male,33,African-American,1,0,0,0,2,0,20.166666666666668
Male,26,Caucasian,1,0,0,0,4,0,143.31666666666666
Male,26,Caucasian,9,0,0,0,7,1,29.65
Male,35,African-American,6,0,0,0,7,0,1689.45
Male,44,Caucasian,2,0,0,0,3,1,47.6
Female,23,Caucasian,0,0,0,0,2,0,23.483333333333334
Male,22,African-American,0,0,0,0,6,0,0.45
Male,41,Caucasian,5,0,0,0,4,1,17.483333333333334
Female,26,Caucasian,0,0,0,0,4,0,69.2
Male,22,African-American,7,0,0,0,9,0,20.766666666666666
Male,46,African-American,3,0,0,0,1,1,494.51666666666665
Female,46,Caucasian,1,0,0,0,2,1,606.8333333333334
Male,56,Caucasian,13,0,0,0,2,0,166.51666666666668
Male,22,African-American,2,0,0,0,5,1,32.916666666666664
Female,45,Caucasian,0,0,0,0,9,1,22.95
Male,50,African-American,0,0,0,0,1,0,23.216666666666665
Female,30,Hispanic,0,0,0,0,3,1,24.25
Male,58,Caucasian,1,0,0,0,1,1,19.316666666666666
Male,27,African-American,4,0,0,0,9,0,31.816666666666666
Male,35,Caucasian,2,0,0,0,3,1,6.366666666666666
Male,53,Hispanic,1,0,0,0,1,0,26.25
Male,28,African-American,0,0,0,0,4,0,5.833333333333333
Male,24,Hispanic,1,0,0,0,2,1,334.8833333333333
Male,29,African-American,5,0,0,0,7,1,120.25
Male,26,Hispanic,0,0,0,0,1,0,19.883333333333333
Female,23,African-American,1,0,0,0,5,0,413.18333333333334
Male,51,Other,14,0,0,0,4,1,96.56666666666666
Male,25,Hispanic,6,0,0,0,7,1,959.4333333333333
Male,30,Other,2,0,0,0,1,0,24.933333333333334
Male,25,Caucasian,0,0,0,0,3,0,0.1
Male,32,African-American,0,0,0,0,6,0,24.516666666666666
Male,32,Caucasian,5,0,0,0,5,1,158.78333333333333
Male,24,Caucasian,0,0,0,0,10,0,382.68333333333334
Male,33,African-American,0,0,0,0,2,1,23.166666666666668
Male,27,African-American,3,0,0,0,3,1,292.05
Male,26,Hispanic,1,1,0,0,5,1,5326.5
Male,29,Other,8,0,0,0,6,1,22.383333333333333
Male,54,Caucasian,10,0,0,0,5,0,76.65
Male,33,African-American,13,0,0,0,6,1,6.216666666666667
Female,28,African-American,6,0,0,0,5,1,49.68333333333333
Male,29,African-American,15,0,0,0,6,1,46.516666666666666
Male,32,African-American,4,1,0,2,10,0,95.45
Female,55,Caucasian,0,0,0,0,1,0,22.383333333333333
Male,29,Caucasian,1,0,0,0,10,0,268.6333333333333
Male,40,Hispanic,2,0,0,0,2,0,24.85
Female,56,Native American,0,0,0,0,1,0,18.566666666666666
Male,21,African-American,6,0,1,0,8,1,14.333333333333334
Male,26,African-American,2,0,0,0,5,1,525.1
Male,32,Hispanic,0,0,0,0,5,0,1994.25
Male,61,Caucasian,0,0,0,0,1,0,23.35
Male,40,African-American,0,0,0,0,1,0,52.1
Male,67,African-American,1,0,0,0,1,0,765.45
Male,22,African-American,0,0,0,1,9,1,511.5
Male,30,African-American,9,0,0,0,10,1,4706.7
Male,32,Caucasian,4,0,0,0,2,1,25.133333333333333
Male,34,African-American,12,0,0,0,9,1,285.65
Male,58,African-American,38,0,0,0,7,1,2088.633333333333
Male,22,African-American,1,0,0,1,7,1,15.533333333333333
Male,27,African-American,0,0,0,0,5,0,22.55
Male,30,Caucasian,5,0,0,0,8,1,68.76666666666667
Male,19,African-American,3,1,2,0,10,1,4795.866666666667
Female,31,Caucasian,9,0,0,0,7,1,639.0
Male,27,African-American,10,0,0,0,9,1,28.266666666666666
Male,21,Caucasian,4,0,1,0,7,1,793.5
Male,59,Caucasian,2,0,0,0,1,1,22.816666666666666
Male,25,African-American,0,0,0,2,2,0,0.7166666666666667
Male,31,Caucasian,3,0,0,0,4,1,31.383333333333333
Male,32,African-American,0,0,0,0,1,0,15.466666666666667
Male,25,African-American,0,0,0,0,5,1,-10.783333333333333
Male,36,African-American,16,3,0,0,8,1,201.53333333333333
Male,32,Caucasian,15,2,0,1,9,1,1701.4833333333333
Male,27,Hispanic,0,0,0,0,2,0,25.716666666666665
Male,27,African-American,2,0,0,0,9,1,25.983333333333334
Male,31,Caucasian,5,0,0,0,5,1,26.133333333333333
Male,38,African-American,2,0,0,0,7,1,160.23333333333332
Male,54,Caucasian,0,0,0,0,2,0,49.75
Male,23,African-American,2,0,0,0,4,1,24.616666666666667
Female,58,Hispanic,1,0,0,0,1,0,186.65
Female,24,African-American,4,0,0,0,3,1,51.766666666666666
Male,42,African-American,24,0,0,0,9,0,438.15
Male,51,Caucasian,3,0,0,0,1,1,20.666666666666668
Male,25,African-American,0,0,0,0,2,0,19.35
Male,32,Caucasian,1,0,0,0,1,1,5.533333333333333
Male,36,Caucasian,4,0,0,0,1,1,282.26666666666665
Male,58,Caucasian,1,0,0,0,2,0,383.9
Male,42,African-American,1,0,0,0,2,1,410.23333333333335
Female,35,African-American,0,0,0,0,10,0,989.0166666666667
Male,32,African-American,13,0,0,0,9,1,931.3333333333334
Female,25,African-American,1,0,0,0,3,1,21.666666666666668
Male,48,Caucasian,1,0,0,0,1,0,822.5333333333333
Male,43,Other,3,0,0,0,4,0,23.783333333333335
Female,40,African-American,1,0,0,0,5,0,18.316666666666666
Male,26,African-American,1,0,0,0,2,0,29.216666666666665
Male,52,Native American,4,0,0,0,2,0,13.516666666666667
Male,23,African-American,2,0,0,0,9,1,144.05
Male,31,Hispanic,19,0,1,0,7,1,23.883333333333333
Female,27,Caucasian,3,0,0,0,10,0,813.6666666666666
Male,32,Caucasian,0,0,0,0,5,0,169.91666666666666
Male,24,African-American,1,0,0,1,6,1,5.816666666666666
Male,34,African-American,11,1,0,0,8,1,29.183333333333334
Male,45,African-American,1,0,0,0,2,1,1134.4
Male,46,Hispanic,12,0,0,0,6,1,970.9333333333333
Male,23,Hispanic,4,0,0,0,9,0,655.0833333333334
Male,41,Caucasian,0,0,0,0,1,0,32.083333333333336
Male,32,Caucasian,0,0,0,0,7,0,27.0
Male,31,Other,3,0,0,0,1,1,17.033333333333335
Male,25,African-American,5,0,0,0,8,1,89.43333333333334
Male,53,African-American,2,0,0,0,1,0,124.18333333333334
Female,29,Caucasian,20,0,0,0,10,1,1350.2833333333333
Male,24,Hispanic,4,1,0,0,6,1,21.8
Male,30,African-American,10,0,0,0,6,1,22.75
Male,25,African-American,2,1,1,0,7,1,1198.85
Male,41,Hispanic,1,0,0,0,1,0,-2.4
Male,20,African-American,4,2,2,0,9,1,41.766666666666666
Male,32,African-American,1,0,0,0,2,0,22.333333333333332
Male,29,African-American,1,0,0,0,2,0,70.16666666666667
Male,36,Hispanic,1,0,0,0,10,1,956.4666666666667
Female,43,Caucasian,0,0,0,0,1,0,15.65
Male,29,African-American,0,0,0,0,2,1,22.9
Male,21,African-American,0,0,0,0,3,1,30.6
Female,31,Caucasian,3,0,0,0,7,1,28.583333333333332
Male,29,African-American,0,0,0,0,1,0,27.716666666666665
Male,47,African-American,15,0,0,0,6,0,22.783333333333335
Male,30,Other,0,0,0,0,1,0,29.916666666666668
Male,22,Caucasian,3,0,2,0,8,1,31.183333333333334
Male,48,Caucasian,20,0,0,0,8,1,1109.2833333333333
Male,25,Caucasian,6,0,1,0,4,0,45.61666666666667
Male,21,African-American,0,0,0,0,3,1,45.68333333333333
Male,21,African-American,2,0,0,0,10,1,2065.7833333333333
Male,52,Hispanic,2,0,0,0,1,0,73.81666666666666
Male,29,Caucasian,2,0,0,0,6,0,1055.6166666666666
Male,28,Caucasian,9,0,1,0,4,0,21.3
Female,25,African-American,0,0,0,0,3,0,23.466666666666665
Male,46,African-American,15,0,0,1,7,1,166.23333333333332
Male,22,African-American,8,0,0,0,10,0,2659.0666666666666
Male,23,Caucasian,1,0,0,0,4,0,239.26666666666668
Male,23,African-American,0,0,0,0,5,0,49.166666666666664
Female,43,Hispanic,0,0,0,0,1,0,22.566666666666666
Male,34,African-American,22,0,0,0,7,1,26.283333333333335
Male,30,African-American,8,0,0,0,9,1,1559.1666666666667
Female,41,Caucasian,0,0,0,0,1,0,17.0
Male,41,Caucasian,13,0,0,0,5,0,3960.266666666667
Male,35,Hispanic,3,0,0,0,1,1,234.03333333333333
Male,51,Caucasian,0,0,0,0,1,0,16.366666666666667
Female,24,Caucasian,0,0,0,0,3,0,4.733333333333333
Male,31,African-American,3,0,0,0,5,1,22.166666666666668
Male,22,African-American,11,0,0,0,8,0,3594.7833333333333
Male,20,African-American,0,0,0,2,5,1,17.5
Male,46,African-American,2,0,0,0,6,0,24.3
Female,38,Caucasian,2,0,0,0,5,1,23.783333333333335
Male,31,Caucasian,10,0,0,0,2,1,43.583333333333336
Female,32,Caucasian,6,0,0,0,6,1,194.13333333333333
Male,25,African-American,2,0,0,0,4,1,117.35
Female,26,African-American,4,0,1,0,3,0,50.916666666666664
Male,41,African-American,14,2,0,1,8,1,142.41666666666666
Male,22,African-American,0,0,0,0,6,0,15.616666666666667
Male,26,Caucasian,1,0,0,0,4,0,117.3
Male,40,African-American,15,0,0,0,9,1,1734.0666666666666
Female,31,African-American,0,0,0,0,2,0,16.1
Male,22,African-American,0,0,0,0,6,0,44.06666666666667
Male,24,African-American,3,0,0,1,8,1,-10.133333333333333
Male,34,Caucasian,5,0,0,0,4,0,28.633333333333333
Male,30,Caucasian,3,0,0,0,4,1,296.53333333333336
Male,24,African-American,1,0,0,0,3,0,16.683333333333334
Male,34,African-American,19,0,2,1,10,1,113.8
Male,19,African-American,3,2,1,1,10,1,19.616666666666667
Male,39,Hispanic,2,0,0,0,2,0,20.183333333333334
Male,27,Caucasian,7,0,0,0,8,1,20.55
Male,32,Caucasian,5,0,1,0,7,1,886.4
Male,32,African-American,9,0,0,0,4,0,1371.85
Male,32,African-American,0,0,0,0,7,1,418.05
Male,20,African-American,1,0,0,2,2,0,51.61666666666667
Male,43,African-American,3,0,0,0,8,1,505.8666666666667
Male,50,Caucasian,3,0,0,0,1,0,284.6
Male,23,African-American,0,0,0,0,4,1,23.583333333333332
Male,25,Other,1,0,0,0,4,1,40.85
Male,26,African-American,1,0,0,0,9,0,-4.133333333333334
Male,42,Caucasian,0,0,0,0,4,0,23.9
Male,36,Hispanic,5,0,0,0,2,0,23.616666666666667
Male,35,African-American,29,0,6,3,6,0,3.433333333333333
Male,23,African-American,5,1,0,0,8,1,25.183333333333334
Female,31,African-American,7,0,0,0,6,0,14.45
Male,47,Other,0,0,0,0,6,0,2399.15
Male,28,Caucasian,2,0,0,0,2,1,1016.8
Male,39,African-American,16,1,1,0,9,0,1871.6166666666666
Male,48,Caucasian,3,0,0,0,2,1,152.61666666666667
Male,24,Caucasian,3,0,0,0,8,1,25.45
Male,30,African-American,3,0,0,0,2,1,21.266666666666666
Male,33,African-American,6,0,3,2,7,0,4498.433333333333
Male,30,African-American,21,0,0,0,7,1,15.083333333333334
Male,41,Hispanic,0,0,0,0,1,1,27.65
Male,28,African-American,2,0,0,0,6,1,18.433333333333334
Female,23,Hispanic,7,0,0,0,8,0,2501.4333333333334
Male,29,African-American,4,0,0,0,7,1,622.0333333333333
Male,26,Caucasian,3,0,0,0,5,1,21.583333333333332
Male,55,African-American,0,0,0,0,9,0,2690.016666666667
Male,27,Caucasian,2,0,0,1,4,1,29.033333333333335
Male,23,Asian,2,0,0,0,3,0,-1.8333333333333333
Male,25,African-American,0,0,0,0,8,0,1062.95
Male,44,African-American,0,0,0,0,2,0,53.81666666666667
Male,39,African-American,11,0,0,0,8,0,218.61666666666667
Male,26,Caucasian,2,0,0,0,2,1,-4.133333333333334
Male,28,African-American,11,1,0,1,8,1,6.516666666666667
Male,31,African-American,6,0,0,0,4,0,985.1666666666666
Male,23,African-American,2,1,0,4,9,0,1274.9666666666667
Male,27,Caucasian,0,0,0,0,4,1,-0.7333333333333333
Male,28,African-American,5,0,0,0,4,1,677.6333333333333
Male,22,Caucasian,2,0,0,0,6,1,20.2
Male,20,African-American,3,0,0,0,7,1,506.55
Male,22,African-American,0,0,0,0,4,0,44.68333333333333
Male,43,Caucasian,1,0,0,0,1,0,24.933333333333334
Female,42,African-American,16,0,0,0,6,0,576.1666666666666
Male,74,Caucasian,0,0,0,0,1,0,21.266666666666666
Male,43,Caucasian,0,0,0,0,1,0,23.633333333333333
Female,33,Caucasian,2,0,0,0,4,0,336.78333333333336
Male,25,African-American,11,0,0,0,8,1,12766.6
Female,43,Caucasian,0,0,0,0,2,1,29.533333333333335
Male,25,Hispanic,0,0,0,0,2,0,99.48333333333333
Male,50,African-American,13,0,0,0,1,1,5830.816666666667
Male,20,African-American,2,0,1,1,9,1,49.266666666666666
Male,25,African-American,3,0,0,2,6,0,172.88333333333333
Male,24,Other,2,0,1,9,10,1,5806.9
Male,27,African-American,3,0,0,0,3,0,360.8666666666667
Male,22,African-American,0,0,0,0,7,1,38.65
Male,49,African-American,13,2,0,0,3,0,17.266666666666666
Female,28,Caucasian,6,0,0,0,10,1,740.8666666666667
Male,31,Hispanic,8,0,0,0,3,1,312.85
Male,41,Caucasian,0,0,0,0,1,0,23.983333333333334
Male,51,African-American,8,0,0,0,1,1,74.95
Male,25,Hispanic,1,0,0,0,3,0,74.71666666666667
Male,20,Caucasian,2,0,0,0,6,0,17.1
Male,25,Other,0,0,0,0,1,0,-1.5
Male,26,African-American,0,0,0,0,4,1,23.2
Female,21,African-American,3,1,2,2,7,1,1417.6333333333334
Male,35,African-American,1,0,0,0,2,0,5.233333333333333
Male,40,African-American,1,0,0,0,1,0,25.35
Male,24,African-American,3,0,0,0,4,1,45.46666666666667
Female,34,Caucasian,4,0,0,0,6,0,479.51666666666665
Female,52,African-American,1,0,0,0,1,0,1586.1
Female,34,Caucasian,0,0,0,1,2,1,21.216666666666665
Male,18,African-American,2,3,0,0,9,1,2037.4833333333333
Male,48,Caucasian,9,0,0,0,6,0,25.15
Male,25,Caucasian,5,0,0,0,7,1,41.15
Male,21,Caucasian,1,0,1,0,5,1,143.58333333333334
Male,44,African-American,19,2,0,0,9,1,417.6
Male,36,Caucasian,2,0,0,0,1,0,23.683333333333334
Male,28,African-American,1,0,0,0,7,0,3.3
Male,27,African-American,9,0,0,0,8,0,313.01666666666665
Male,21,African-American,2,1,0,1,9,0,39.3
Male,26,African-American,13,0,2,0,10,0,1578.6833333333334
Male,32,African-American,7,0,0,0,1,0,17.383333333333333
Female,28,African-American,0,0,0,0,3,0,4584.866666666667
Male,65,Caucasian,0,0,0,0,1,0,70.43333333333334
Female,34,Caucasian,9,0,0,0,10,1,18.833333333333332
Male,24,African-American,4,0,1,0,8,1,644.7333333333333
Male,35,African-American,13,0,0,0,8,1,121.2
Male,23,African-American,1,0,0,0,6,1,91.71666666666667
Male,25,African-American,1,0,1,0,3,1,19.9
Female,40,Other,3,0,0,0,2,0,24.033333333333335
Male,51,African-American,12,0,0,0,8,1,3638.7833333333333
Female,45,Caucasian,1,0,0,0,1,0,196.5
Male,30,Other,0,0,0,0,6,1,24.416666666666668
Male,47,Caucasian,4,0,0,0,5,1,775.6166666666667
Male,26,African-American,3,0,0,0,2,0,818.5
Male,38,African-American,9,0,0,0,5,1,46.11666666666667
Male,48,African-American,8,0,0,1,9,1,268.2
Male,56,African-American,3,0,0,0,2,0,1177.3666666666666
Male,22,African-American,1,0,0,0,9,1,2479.25
Female,22,Asian,0,0,0,0,6,0,3553.7833333333333
Female,25,African-American,0,0,0,0,4,0,19.083333333333332
Male,20,Hispanic,0,0,0,0,3,1,21.65
Female,35,African-American,2,0,0,0,1,0,713.35
Male,59,African-American,1,0,0,0,4,0,18.25
Male,32,African-American,11,0,0,0,9,1,42.266666666666666
Male,37,African-American,11,0,0,0,8,1,30.633333333333333
Male,52,African-American,7,0,0,0,5,1,4362.25
Male,27,African-American,2,0,0,0,5,1,173.45
Female,26,African-American,2,0,0,0,4,1,5447.783333333334
Male,21,African-American,2,0,1,0,9,0,26.033333333333335
Male,21,Caucasian,1,0,0,0,5,1,121.03333333333333
Male,39,African-American,2,0,0,0,3,1,4.333333333333333
Male,45,Other,0,0,0,0,1,0,34.4
Female,29,Other,2,0,0,0,2,1,-3.6166666666666667
Male,23,Caucasian,4,0,0,4,6,1,-11.083333333333334
Male,44,African-American,7,0,0,0,5,1,650.1666666666666
Male,23,Caucasian,0,0,0,0,5,0,16.983333333333334
Male,31,Caucasian,3,0,0,0,3,1,7.516666666666667
Male,22,Caucasian,0,0,0,0,5,1,23.883333333333333
Male,27,African-American,1,0,0,0,7,1,4036.9166666666665
Male,26,African-American,5,0,1,2,7,1,145.13333333333333
Male,47,Caucasian,2,0,0,0,4,0,147.2
Male,32,Caucasian,1,0,0,0,2,0,20.033333333333335
Male,30,Caucasian,0,0,0,0,4,0,143.3
Male,47,African-American,0,0,0,0,1,0,26.533333333333335
Female,23,African-American,3,0,0,0,9,1,120.31666666666666
Male,26,Caucasian,0,0,0,0,7,1,44.28333333333333
Male,47,Caucasian,1,0,0,0,1,0,30.9
Male,54,African-American,0,0,0,0,1,1,3.716666666666667
Male,42,African-American,3,0,0,0,2,0,4083.266666666667
Male,38,African-American,5,0,0,0,1,0,44.733333333333334
Male,34,African-American,5,0,0,0,3,1,75.83333333333333
Female,40,African-American,2,0,0,0,1,0,26.816666666666666
Male,22,African-American,1,0,0,1,7,1,15.533333333333333
Female,36,Caucasian,3,0,0,0,5,0,4745.566666666667
Male,33,African-American,9,0,0,2,7,1,349.81666666666666
Male,24,African-American,15,0,0,0,9,1,110.56666666666666
Male,23,Caucasian,1,0,0,0,7,0,45.85
Female,25,Hispanic,14,0,1,2,6,0,20.733333333333334
Male,26,African-American,9,0,0,0,7,1,268.75
Male,52,Hispanic,5,0,0,0,3,1,164.56666666666666
Male,29,Caucasian,1,0,0,0,4,1,806.05
Male,33,African-American,3,0,0,0,6,1,286.0
Male,24,African-American,11,0,0,0,6,1,773.6166666666667
Male,37,Caucasian,0,0,0,0,5,0,25.65
Male,34,African-American,0,0,0,0,8,1,800.05
Male,50,Caucasian,0,0,0,0,1,0,22.133333333333333
Male,28,African-American,11,1,0,1,8,1,6.516666666666667
Female,44,Caucasian,0,0,0,0,1,1,17.233333333333334
Male,24,Hispanic,4,1,0,0,6,1,21.8
Male,29,African-American,10,0,0,1,7,1,554.15
Male,37,Native American,0,0,0,0,2,0,20.733333333333334
Male,43,Other,3,0,0,0,4,0,23.783333333333335
Female,27,African-American,1,0,0,0,4,0,48.31666666666667
Male,31,African-American,16,3,0,0,10,1,22.733333333333334
Male,27,Caucasian,0,0,0,0,2,1,23.783333333333335
Male,27,African-American,18,0,2,1,9,1,5.75
Male,24,Caucasian,2,0,0,0,6,0,0.2833333333333333
Male,66,Caucasian,14,0,0,0,6,0,8230.116666666667
Male,24,Caucasian,0,0,0,0,2,0,25.8
Male,41,African-American,3,0,0,0,2,1,54.53333333333333
Male,22,African-American,0,0,0,0,3,1,3593.2833333333333
Male,31,Caucasian,2,0,0,0,3,1,363.1166666666667
Male,41,African-American,6,0,0,0,6,1,941.4166666666666
Male,30,Caucasian,19,0,0,0,10,1,1971.65
Male,40,Asian,3,0,0,0,1,0,2564.5333333333333
Male,35,African-American,8,0,1,0,9,1,5739.033333333334
Male,42,African-American,1,0,0,0,2,1,410.23333333333335
Male,22,African-American,1,0,0,0,7,1,24.783333333333335
Male,45,African-American,16,1,0,0,7,0,26.2
Female,56,Native American,0,0,0,0,1,0,18.566666666666666
Female,24,African-American,1,0,0,0,4,0,20.183333333333334
Male,47,African-American,14,4,0,1,9,1,15.166666666666666
Male,34,African-American,6,0,0,0,3,1,3144.5833333333335
Male,26,African-American,2,0,0,0,8,1,19.666666666666668
Male,20,African-American,2,0,1,0,9,1,23.233333333333334
Male,20,Caucasian,0,0,0,0,10,1,21.0
Male,32,Caucasian,15,0,1,0,9,1,2182.516666666667
Female,21,African-American,2,0,0,0,4,0,0.95
Male,26,African-American,2,0,0,0,10,1,27.4
Male,22,Hispanic,2,0,0,0,7,0,6.433333333333334
Female,25,Caucasian,0,0,0,0,3,0,23.0
Male,30,Caucasian,0,0,0,0,4,0,5.4
Male,30,Caucasian,7,0,0,1,10,1,20.516666666666666
Male,47,Caucasian,0,0,0,0,1,1,24.433333333333334
Male,24,African-American,10,1,0,0,10,1,413.1166666666667
Male,38,Hispanic,7,1,0,1,7,1,27.916666666666668
Female,22,Caucasian,0,0,0,0,7,1,24.466666666666665
Male,37,African-American,12,0,0,0,9,0,2859.633333333333
Male,29,African-American,12,0,0,0,2,1,3.1333333333333333
Male,24,African-American,1,0,0,0,3,1,19.866666666666667
Male,25,African-American,1,0,0,0,6,0,-11.35
Female,34,Caucasian,9,0,0,0,10,1,18.833333333333332
Male,23,African-American,0,0,0,0,6,1,45.9
Male,21,African-American,0,0,0,0,7,1,32.15
Male,48,African-American,10,1,0,0,7,1,98.41666666666667
Male,31,African-American,15,3,0,1,10,1,113.5
Female,24,Hispanic,1,0,0,0,2,0,20.166666666666668
Female,33,African-American,1,0,0,0,1,0,47.53333333333333
Male,24,Hispanic,1,0,0,0,10,0,144.55
Male,26,Asian,2,0,0,0,3,1,4792.533333333334
Male,47,Caucasian,5,0,0,0,10,1,6986.466666666666
Male,35,Hispanic,7,0,0,0,7,0,25.816666666666666
Male,23,Hispanic,0,0,0,0,6,0,171.4
Male,70,African-American,0,0,0,0,1,0,25.6
Male,50,African-American,13,1,0,0,10,1,1440.8
Male,51,Hispanic,0,0,0,0,1,0,-4.666666666666667
Female,22,Caucasian,5,0,0,1,9,0,341.71666666666664
Male,42,Caucasian,3,0,0,0,4,0,21.516666666666666
Male,36,African-American,14,0,0,0,7,1,22.566666666666666
Male,31,Caucasian,4,0,0,0,7,1,643.3166666666667
Male,22,African-American,2,0,1,2,10,1,2980.883333333333
Male,26,African-American,2,0,0,0,4,0,15.85
Male,48,Hispanic,0,0,0,0,1,0,14.4
Male,32,African-American,19,0,3,0,9,1,27.4
Female,25,African-American,6,0,0,0,7,1,288.18333333333334
Male,26,African-American,0,0,0,0,3,0,25.783333333333335
Male,21,Caucasian,1,0,0,0,5,0,27.25
Female,26,African-American,1,0,0,0,5,0,42.13333333333333
Male,28,Other,12,0,0,0,9,0,314.1333333333333
Male,39,African-American,1,0,0,0,1,0,119.56666666666666
Male,23,African-American,0,0,0,0,10,1,21.45
Male,22,Caucasian,5,0,0,0,5,1,16.166666666666668
Male,33,African-American,4,0,0,0,6,0,-4.233333333333333
Male,27,African-American,21,0,0,0,7,1,840.5666666666667
Male,32,African-American,3,0,0,0,4,0,20.95
Male,57,Caucasian,9,0,0,0,4,1,1406.65
Male,34,African-American,2,0,0,0,4,1,573.9
Male,30,Other,5,0,0,0,5,1,1497.3666666666666
Male,32,African-American,21,0,0,0,9,1,1537.5
Male,20,African-American,1,1,0,0,7,0,543.9
Male,37,Caucasian,5,0,0,0,5,0,2519.75
Male,27,Caucasian,1,0,0,0,2,0,1563.8333333333333
Male,32,Caucasian,0,0,0,0,2,0,30.616666666666667
Male,20,Caucasian,0,0,0,1,9,0,3791.9
Male,30,African-American,3,0,0,0,3,0,-0.016666666666666666
Male,56,African-American,5,0,0,0,2,1,14350.0
Male,25,African-American,1,0,0,0,6,0,46.416666666666664
Male,24,Hispanic,1,0,0,0,2,1,334.8833333333333
Male,39,Caucasian,3,0,1,0,1,1,-10.55
Male,32,Caucasian,2,0,0,0,2,0,19.966666666666665
Female,37,Other,0,0,0,0,1,1,21.233333333333334
Male,40,Caucasian,0,0,0,0,1,0,27.633333333333333
Male,31,Caucasian,2,1,0,0,6,1,92.61666666666666
Male,30,Caucasian,0,0,0,0,4,0,1353.05
Male,51,Caucasian,6,0,0,0,1,1,5.55
Male,23,African-American,2,0,0,0,7,1,95.21666666666667
Male,25,Caucasian,4,0,0,0,4,1,128.95
Female,26,Caucasian,1,0,0,0,4,1,17.9
Female,36,African-American,2,0,1,0,6,0,16.233333333333334
Male,43,African-American,12,0,0,0,6,0,52.43333333333333
Female,45,Caucasian,3,0,0,0,8,0,390.85
Male,39,African-American,0,0,0,0,4,1,19.933333333333334
Male,36,African-American,2,0,0,0,1,1,-9.433333333333334
Male,46,Caucasian,1,0,0,0,1,0,7.133333333333334
Male,29,African-American,7,0,2,1,8,1,54.13333333333333
Male,22,Hispanic,1,0,0,0,2,1,431.1
Male,27,African-American,7,0,0,0,9,1,103.7
Male,39,Other,4,0,1,0,2,1,0.5
Male,21,African-American,0,0,0,0,9,1,3.1333333333333333
Male,38,African-American,14,0,0,0,10,0,2804.9666666666667
Male,29,Caucasian,2,0,0,0,8,0,31.366666666666667
Male,29,African-American,6,0,0,0,8,1,860.0333333333333
Male,21,Caucasian,1,0,0,0,3,1,23.716666666666665
Male,26,African-American,10,0,0,0,8,1,29.7
Male,32,African-American,3,0,0,0,6,0,24.9
Male,21,African-American,4,0,0,0,9,1,5278.116666666667
Male,66,African-American,0,0,0,0,9,0,26.233333333333334
Male,53,Other,0,0,0,0,1,0,23.533333333333335
Female,37,Caucasian,6,0,0,0,10,0,2540.5666666666666
Male,32,Caucasian,5,0,0,0,9,1,1322.6166666666666
Male,36,African-American,16,0,0,0,5,1,5.466666666666667
Female,24,African-American,4,0,0,0,9,1,139.46666666666667
Male,24,African-American,2,0,0,0,4,0,95.91666666666667
Male,29,Caucasian,1,0,0,0,1,0,16.616666666666667
Male,39,African-American,2,0,0,0,2,0,944.5166666666667
Male,27,African-American,2,0,0,0,7,0,144.78333333333333
Male,22,African-American,5,0,0,0,5,0,22.566666666666666
Male,24,African-American,2,0,0,0,8,1,1194.4
Male,38,African-American,6,0,0,0,6,1,4862.783333333334
Male,45,African-American,15,0,0,0,3,1,20.566666666666666
Female,39,African-American,22,0,2,0,10,1,96.0
Male,28,African-American,2,0,0,0,5,0,17.8
Male,38,African-American,0,0,0,0,8,1,17977.75
Male,23,African-American,5,0,0,1,9,1,119.63333333333334
Female,58,African-American,4,0,0,0,1,0,31.833333333333332
Female,45,Caucasian,7,0,1,0,2,1,17.633333333333333
Male,23,Caucasian,0,0,0,0,6,0,16.366666666666667
Male,34,Caucasian,1,0,0,0,3,1,22.183333333333334
Male,24,Hispanic,0,0,0,0,8,0,15.85
Male,56,African-American,4,0,0,0,1,0,8448.5
Male,22,African-American,0,0,0,1,8,1,123.1
Female,40,Caucasian,3,0,0,0,1,1,16.383333333333333
Male,27,African-American,0,0,0,0,1,1,121.56666666666666
Male,25,Caucasian,5,0,0,0,9,1,16.0
Male,21,African-American,0,0,0,0,7,0,6.066666666666666
Male,46,African-American,0,0,0,0,1,1,19.7
Male,51,African-American,2,0,0,0,1,0,27.283333333333335
Male,21,Hispanic,0,0,0,0,5,0,38.983333333333334
Male,27,African-American,1,0,0,0,5,0,50.233333333333334
Female,26,Other,4,0,0,0,7,1,47.63333333333333
Male,23,Other,1,0,0,0,8,0,47.56666666666667
Male,26,Caucasian,6,0,0,2,8,0,290.95
Male,31,Caucasian,0,0,0,0,1,0,7.5
Male,20,Caucasian,1,1,0,0,9,1,374.81666666666666
Male,33,African-American,1,0,0,0,2,1,77.35
Male,39,Caucasian,2,0,0,0,4,0,28.566666666666666
Male,25,African-American,1,0,0,0,2,0,23.183333333333334
Male,50,Hispanic,3,0,0,0,9,1,815.1833333333333
Female,50,Caucasian,14,0,0,0,9,0,743.8166666666667
Male,25,African-American,3,0,1,1,8,1,23.9
Male,43,African-American,4,0,0,0,2,0,502.8333333333333
Male,22,Caucasian,1,0,0,1,2,0,18.833333333333332
Male,21,African-American,0,0,0,0,4,0,48.15
Male,56,Caucasian,7,0,0,0,6,1,4660.55
Male,69,Other,0,0,0,0,1,0,23.633333333333333
Male,46,African-American,8,1,0,0,4,1,20.983333333333334
Male,20,African-American,3,0,0,0,9,0,21.833333333333332
Male,46,Caucasian,2,0,0,0,2,0,181.25
Female,21,African-American,0,0,0,0,9,0,46.5
Male,33,African-American,14,0,0,0,8,1,22.983333333333334
Female,30,African-American,1,0,0,0,2,0,20.566666666666666
Male,35,Caucasian,4,0,0,0,5,1,26.766666666666666
Male,56,Caucasian,5,0,0,0,1,0,5717.566666666667
Male,24,Caucasian,5,0,0,0,7,1,893.9666666666667
Male,65,Caucasian,1,0,0,0,3,1,23.316666666666666
Female,25,Caucasian,0,0,0,0,3,0,14.6
Male,29,Caucasian,14,0,0,2,10,1,1.65
Male,28,Hispanic,11,0,0,0,7,0,23.316666666666666
Male,37,Caucasian,0,0,0,0,6,0,23.1
Female,28,Caucasian,7,0,0,0,6,1,163.35
Female,54,Caucasian,1,0,0,0,2,0,100.61666666666666
Female,21,African-American,0,0,0,0,5,0,26.116666666666667
Male,24,Caucasian,5,0,0,0,7,1,893.9666666666667
Male,31,African-American,5,0,0,0,5,1,265.0833333333333
Male,25,African-American,14,1,6,1,10,1,171.41666666666666
Male,42,Caucasian,0,0,0,0,4,0,25.416666666666668
Male,51,Caucasian,2,0,0,0,1,1,5.283333333333333
Female,25,Caucasian,5,0,0,0,7,0,7.833333333333333
Male,21,African-American,1,0,0,0,9,0,44.266666666666666
Male,31,African-American,25,0,3,0,8,1,2829.15
Male,50,Caucasian,16,1,0,0,10,1,1611.2666666666667
Female,35,African-American,2,0,0,0,2,1,749.9
Male,43,Caucasian,0,0,0,0,2,0,7.05
Female,50,Caucasian,2,0,0,0,1,1,14.116666666666667
Female,40,Hispanic,2,0,0,0,2,0,94.56666666666666
Female,36,African-American,2,0,0,0,5,0,23.2
Male,28,African-American,12,0,8,2,10,1,1830.5333333333333
Male,26,African-American,2,0,0,0,3,1,3555.4333333333334
Male,27,African-American,1,0,0,1,10,0,741.95
Male,27,African-American,2,0,0,0,5,1,47.4
Male,32,Caucasian,3,0,0,0,5,0,2903.1833333333334
Male,30,Caucasian,1,0,0,1,3,0,22.25
Male,25,African-American,9,1,2,0,9,1,1195.1333333333334
Female,34,African-American,5,0,1,0,5,0,7491.45
Male,20,Hispanic,0,0,0,0,3,0,0.4666666666666667
Female,52,Caucasian,0,0,0,0,1,0,22.366666666666667
Male,57,African-American,12,0,0,0,9,0,1219.3333333333333
Female,26,Hispanic,0,0,0,0,3,0,5.783333333333333
Female,37,Hispanic,0,0,0,0,1,1,28.983333333333334
Male,28,Caucasian,1,0,0,0,1,0,78.55
Male,34,Hispanic,1,0,0,0,1,1,21.05
Male,30,Caucasian,1,0,0,0,2,0,286.9
Male,29,African-American,0,0,0,0,7,1,4.7
Male,20,Caucasian,0,0,0,0,9,1,4.35
Female,30,African-American,0,0,0,0,2,0,0.8833333333333333
Male,30,Caucasian,2,0,0,1,2,0,26.766666666666666
Male,29,African-American,5,0,0,0,7,1,120.25
Female,39,African-American,1,0,0,0,7,1,69.18333333333334
Male,20,African-American,0,0,0,0,6,1,45.733333333333334
Male,33,African-American,8,0,0,0,5,0,67.06666666666666
Male,30,Caucasian,22,0,0,0,5,1,74.23333333333333
Male,24,African-American,0,0,0,0,5,1,16.0
Male,37,African-American,17,1,0,0,9,1,47.86666666666667
Female,50,African-American,2,0,0,0,2,0,20.283333333333335
Male,23,Other,2,0,0,0,4,1,46.11666666666667
Male,19,African-American,0,0,0,0,9,0,121.75
Male,47,African-American,0,0,0,0,8,1,30.55
Male,23,African-American,8,0,0,0,10,1,69.7
Male,34,African-American,2,0,0,0,2,0,40.25
Male,40,Asian,3,0,0,0,1,0,2564.5333333333333
Male,33,African-American,2,0,0,0,8,1,-3.1666666666666665
Female,29,Caucasian,8,0,0,0,8,0,2530.4166666666665
Male,28,Caucasian,1,0,0,0,7,1,740.3166666666667
Female,34,Caucasian,0,0,0,0,2,0,27.166666666666668
Male,42,African-American,2,0,0,0,1,0,25.283333333333335
Male,33,African-American,5,0,1,0,4,0,26.45
Male,26,Hispanic,0,0,0,0,1,0,26.116666666666667
Male,29,African-American,2,1,0,0,5,0,44.61666666666667
Male,34,African-American,19,0,0,0,7,1,1770.25
Male,38,African-American,7,0,0,0,6,0,4747.033333333334
Male,20,African-American,1,0,0,0,4,0,13.383333333333333
Female,49,African-American,7,0,0,0,6,0,94.28333333333333
Male,47,Caucasian,0,0,0,0,1,0,23.483333333333334
Male,79,Caucasian,1,0,0,0,1,0,27.216666666666665
Female,24,African-American,3,0,0,0,10,1,24.166666666666668
Male,42,African-American,0,0,0,0,5,0,22.483333333333334
Female,29,Caucasian,1,0,0,0,5,1,55.2
Female,42,African-American,2,0,0,0,3,0,833.7
Male,29,Other,0,0,0,0,1,0,27.333333333333332
Male,23,African-American,2,0,1,0,9,0,1843.6333333333334
Female,42,African-American,17,3,0,0,10,1,192.43333333333334
Male,33,Hispanic,8,0,0,0,9,1,26.083333333333332
Female,40,Caucasian,0,0,0,0,2,0,35.4
Male,22,African-American,3,0,0,1,9,0,7754.616666666667
Female,31,African-American,0,0,0,0,1,0,116.73333333333333
Male,27,African-American,10,0,0,0,6,1,30.016666666666666
Female,24,Other,0,0,0,0,5,0,3.066666666666667
Female,33,African-American,3,0,0,0,2,0,28.2
Male,59,African-American,15,0,0,0,6,1,356.01666666666665
Male,24,African-American,2,0,1,0,9,1,458.93333333333334
Female,33,Hispanic,2,0,0,0,4,1,217.68333333333334
Male,32,Caucasian,0,0,0,0,4,0,29.216666666666665
Male,25,African-American,1,0,0,0,2,1,22.066666666666666
Male,27,Caucasian,1,0,0,0,9,0,991.1
Male,25,Caucasian,1,0,0,0,3,0,505.3666666666667
Male,27,African-American,10,0,1,0,9,0,477.78333333333336
Male,37,African-American,23,0,0,0,9,1,414.35
Male,23,African-American,2,0,0,0,8,1,172.65
Male,54,African-American,4,0,0,0,3,1,73.6
Male,31,African-American,0,0,0,0,2,0,5.3
Male,26,African-American,1,0,0,0,9,1,19.883333333333333
Male,21,African-American,2,0,0,1,6,1,182.21666666666667
Female,38,Caucasian,0,0,0,0,1,0,19.983333333333334
Male,41,African-American,2,0,0,0,6,0,5094.583333333333
Female,35,African-American,0,0,0,0,3,1,46.05
Male,22,African-American,3,0,0,0,8,0,5042.283333333334
Male,25,African-American,1,0,0,0,2,0,3.0
Male,21,African-American,0,0,0,0,7,0,53.53333333333333
Male,41,Caucasian,13,0,0,0,5,0,3960.266666666667
Male,31,African-American,4,0,0,0,8,0,4096.7
Female,48,Caucasian,0,0,0,0,2,0,46.833333333333336
Male,44,African-American,16,0,0,1,7,0,23.516666666666666
Female,53,Caucasian,0,0,0,0,1,0,21.2
Female,45,Caucasian,3,0,0,0,3,0,1065.9166666666667
Male,43,Caucasian,9,0,0,0,6,0,21.816666666666666
Male,44,Caucasian,16,3,0,0,7,0,1965.9333333333334
Male,61,African-American,0,0,0,0,1,0,51.43333333333333
Male,49,Caucasian,12,0,0,0,5,0,519.85
Male,31,Caucasian,0,0,0,0,7,1,847.7833333333333
Male,57,Other,0,0,0,0,1,0,17.35
Male,48,Caucasian,1,0,0,0,1,0,17.516666666666666
Male,40,Hispanic,0,0,0,0,5,0,1557.4
Male,55,African-American,19,0,0,0,8,0,118.93333333333334
Male,30,Caucasian,3,0,0,0,2,0,622.2833333333333
Female,34,Native American,4,0,0,0,7,1,2328.2166666666667
Female,30,Caucasian,0,0,0,0,8,0,4.633333333333334
Female,33,African-American,1,0,0,0,2,0,14.75
Male,29,African-American,16,0,0,1,10,1,17.216666666666665
Male,34,Caucasian,0,0,0,1,2,0,21.816666666666666
Male,64,African-American,13,0,0,0,6,1,26.65
Male,34,African-American,16,0,0,0,9,1,24.3
Female,29,African-American,7,0,1,0,7,1,44.56666666666667
Male,43,African-American,3,0,0,0,8,1,505.8666666666667
Female,29,Caucasian,1,0,0,0,5,1,55.2
Male,23,Hispanic,3,0,0,2,5,0,887.3666666666667
Male,30,African-American,1,0,0,0,9,0,627.0333333333333
Male,22,African-American,0,0,0,0,4,1,14.266666666666667
Male,23,African-American,0,0,0,0,3,0,1046.95
Male,39,Other,2,0,0,0,2,0,49.9
Male,34,Other,3,0,0,0,2,0,20.333333333333332
Female,29,African-American,11,0,1,0,9,1,555.45
Male,31,Caucasian,1,0,0,0,3,1,936.9166666666666
Male,31,African-American,12,1,1,1,9,1,6984.9
Male,25,Hispanic,2,0,1,1,2,1,19.4
Male,61,African-American,2,0,0,0,8,0,17.233333333333334
Male,25,African-American,2,1,1,0,7,1,1198.85
Male,23,African-American,3,0,0,0,10,1,1278.2333333333333
Male,74,Caucasian,2,0,0,0,1,0,230.21666666666667
Male,39,African-American,19,2,2,1,9,1,4318.833333333333
Female,31,Caucasian,0,0,0,0,1,0,2.55
Female,22,Caucasian,2,0,0,0,6,1,13.433333333333334
Male,31,Caucasian,1,0,0,0,3,1,936.9166666666666
Male,36,African-American,16,0,0,0,5,1,5.466666666666667
Male,41,Caucasian,0,0,0,0,1,0,-3.8333333333333335
Male,47,Caucasian,0,0,0,0,1,0,20.916666666666668
Female,33,Caucasian,0,0,0,0,1,1,21.783333333333335
Female,55,Caucasian,2,0,0,0,1,0,71.01666666666667
Female,21,Caucasian,2,0,2,0,4,0,21.466666666666665
Female,21,African-American,0,0,0,0,10,1,792.4666666666667
Male,43,African-American,0,0,0,0,1,0,984.2333333333333
Male,31,African-American,13,0,0,0,10,1,16.383333333333333
Male,57,African-American,23,0,0,0,8,1,724.4833333333333
Male,45,Hispanic,20,0,0,0,3,1,54.25
Male,41,African-American,25,0,0,0,9,1,4463.483333333334
Male,35,African-American,0,0,0,0,8,1,41.65
Male,46,Caucasian,1,0,0,0,1,1,711.6833333333333
Male,30,Caucasian,0,0,0,0,1,1,5.916666666666667
Male,25,African-American,8,0,0,1,8,0,1382.0666666666666
Male,29,African-American,16,0,0,1,10,1,17.216666666666665
Female,56,Caucasian,10,0,0,0,5,1,984.75
Female,26,African-American,5,0,1,0,5,0,2111.5333333333333
Male,50,African-American,13,0,0,0,1,1,5830.816666666667
Male,49,African-American,0,0,0,0,1,0,19.883333333333333
Male,24,Caucasian,3,0,1,1,8,1,4.966666666666667
Male,45,African-American,4,0,0,0,2,0,72.01666666666667
Male,48,African-American,0,0,0,0,7,0,1824.25
Male,35,African-American,5,0,0,1,8,0,154.83333333333334
Male,20,African-American,0,0,0,0,4,1,7.6
Female,29,African-American,1,0,0,0,3,0,365.2
Male,24,Caucasian,1,0,0,0,2,0,25.416666666666668
Male,37,Caucasian,5,0,0,0,5,0,2519.75
Male,21,Hispanic,2,0,0,1,5,1,25.65
Male,35,Caucasian,7,0,0,0,6,0,8.583333333333334
Female,24,African-American,3,0,0,0,6,0,4.5
Male,27,Hispanic,0,0,0,0,2,1,4.116666666666666
Male,27,Other,1,0,0,0,2,0,23.95
Male,22,Hispanic,1,0,0,0,7,1,40.61666666666667
Male,33,Other,4,0,0,0,4,1,51.3
Male,22,African-American,11,0,0,0,10,1,0.08333333333333333
Male,26,African-American,8,0,1,1,8,1,339.6
Male,32,African-American,1,0,0,0,2,0,2370.266666666667
Male,48,Other,7,0,0,0,2,0,19.85
Male,36,Caucasian,0,0,0,0,1,0,22.25
Female,26,Caucasian,2,0,0,0,6,1,792.55
Female,33,Caucasian,1,0,0,0,3,0,17.716666666666665
Male,45,Caucasian,0,0,0,0,2,0,20.05
Male,31,Caucasian,1,0,0,0,3,1,936.9166666666666
Female,33,African-American,3,0,0,0,5,0,25.133333333333333
Male,31,African-American,7,0,0,0,3,1,25.9
Female,22,African-American,1,0,1,0,4,0,28.866666666666667
Male,38,African-American,14,0,0,0,7,0,1347.9
Female,21,African-American,0,0,0,0,5,1,105.23333333333333
Male,25,African-American,1,0,0,0,3,1,23.783333333333335
Male,41,Hispanic,2,0,0,0,1,0,47.233333333333334
Female,48,African-American,1,0,0,0,1,0,17.35
Female,40,Caucasian,3,0,0,0,1,1,16.383333333333333
Male,41,Other,2,0,0,0,1,0,190.38333333333333
Male,44,Caucasian,3,0,0,0,3,0,148.98333333333332
Male,58,African-American,12,0,0,0,6,1,95.93333333333334
Male,55,Caucasian,0,0,0,0,1,1,-11.7
Male,24,Caucasian,1,0,0,0,9,0,902.8166666666667
Male,52,Caucasian,0,0,0,0,1,0,23.35
Male,52,African-American,1,0,0,0,3,0,409.3833333333333
Male,25,African-American,9,0,0,0,9,1,2033.7333333333333
Male,20,African-American,0,0,0,0,8,0,4.55
Male,32,Caucasian,0,0,0,0,1,0,457.76666666666665
Male,30,Caucasian,1,0,0,1,3,0,22.25
Male,45,African-American,6,0,0,0,2,0,15.116666666666667
Male,26,Caucasian,2,0,0,0,5,0,-5.316666666666666
Male,28,African-American,6,0,0,0,9,1,23.816666666666666
Male,20,African-American,1,0,0,0,7,1,146.26666666666668
Male,27,Caucasian,0,0,0,0,3,1,97.86666666666666
Male,61,African-American,13,0,0,0,7,0,20.2
Male,56,Caucasian,5,0,0,0,5,1,513.0333333333333
Male,21,Caucasian,2,1,0,3,10,1,650.55
Male,37,African-American,22,0,0,0,9,1,1954.0333333333333
Male,41,Caucasian,17,0,0,0,9,1,1134.2333333333333
Male,25,Caucasian,2,0,0,0,5,1,29.366666666666667
Male,27,African-American,1,0,0,0,2,1,20.316666666666666
Female,23,African-American,0,0,0,0,3,0,602.0833333333334
Female,25,Caucasian,2,0,0,0,5,1,282.31666666666666
Female,26,Caucasian,3,0,0,0,3,0,18.216666666666665
Male,32,Caucasian,0,0,0,0,2,1,18.65
Male,61,Caucasian,1,0,0,0,1,0,20.383333333333333
Male,22,African-American,1,0,0,0,9,1,125.6
Male,54,Caucasian,11,0,0,0,9,1,336.53333333333336
Female,24,Caucasian,1,0,0,0,5,0,25.266666666666666
Female,21,African-American,0,0,0,0,5,0,25.383333333333333
Male,43,Caucasian,11,0,0,0,7,1,1846.95
Male,32,Caucasian,9,0,0,0,7,1,117.76666666666667
Male,27,African-American,5,0,0,1,9,1,14.433333333333334
Male,27,Hispanic,1,0,0,0,3,0,23.666666666666668
Male,50,African-American,12,0,0,0,1,1,24.05
Male,24,Hispanic,0,0,0,0,6,1,20.633333333333333
Female,29,Caucasian,10,0,1,0,4,1,170.38333333333333
Female,34,African-American,1,0,0,0,7,1,2784.5666666666666
Female,37,Caucasian,0,0,0,0,3,0,23.383333333333333
Male,56,African-American,0,0,0,0,2,0,23.4
Female,26,Caucasian,3,0,0,0,6,1,26.3
Male,24,Caucasian,0,0,0,0,2,0,23.883333333333333
Female,28,Caucasian,3,0,0,1,4,0,1082.3
Male,23,African-American,0,0,0,0,7,1,123.15
Male,22,Hispanic,1,0,0,0,7,1,40.61666666666667
Male,29,Caucasian,0,0,0,0,1,0,19.983333333333334
Male,60,African-American,15,0,0,0,7,0,2042.1333333333334
Male,21,African-American,1,0,0,1,7,1,26.166666666666668
Male,27,African-American,5,0,0,0,9,1,29.633333333333333
Male,28,African-American,0,0,0,0,2,0,124.68333333333334
Male,43,African-American,17,0,0,0,5,0,6.733333333333333
Male,21,Caucasian,0,0,0,0,9,1,17.933333333333334
Male,29,Hispanic,0,0,0,0,2,0,43.68333333333333
Male,26,Caucasian,9,1,0,0,9,1,1207.7
Female,30,African-American,15,0,0,0,9,1,-4.683333333333334
Male,21,African-American,0,0,0,0,5,0,21.55
Male,21,African-American,8,0,2,6,9,1,5855.8
Male,26,African-American,2,0,0,0,3,0,5.683333333333334
Male,52,Caucasian,1,0,0,0,5,0,94.68333333333334
Male,27,African-American,11,0,0,0,10,1,55.8
Male,33,African-American,28,0,12,2,8,1,44.016666666666666
Male,55,Other,8,0,0,0,1,1,146.75
Male,60,African-American,3,0,0,0,1,0,21.3
Male,41,Other,31,0,0,0,9,1,5809.916666666667
Male,54,African-American,6,0,0,0,7,1,334.25
Male,23,African-American,1,0,0,1,5,0,22.616666666666667
Male,23,African-American,0,0,0,0,3,0,1300.1666666666667
Male,37,African-American,8,0,0,0,2,0,25.483333333333334
Male,40,Caucasian,2,0,0,0,2,0,22.833333333333332
Male,50,African-American,6,0,0,0,7,0,2639.016666666667
Male,24,African-American,2,0,0,0,8,1,1194.4
Male,30,Hispanic,3,0,0,0,5,1,53.333333333333336
Male,58,Caucasian,1,0,0,0,1,1,19.316666666666666
Male,27,Other,6,0,0,0,4,1,26.15
Female,31,Caucasian,3,0,0,0,7,1,28.583333333333332
Male,33,Other,7,0,1,0,8,1,2784.6
Female,35,African-American,2,0,2,0,6,0,118.48333333333333
Male,63,Other,23,0,0,0,4,1,49.46666666666667
Female,35,African-American,12,0,0,0,7,1,20.666666666666668
Male,46,Caucasian,0,0,0,0,5,0,13.183333333333334
Female,53,Caucasian,4,0,0,0,1,1,3.4
Male,27,African-American,9,0,0,0,8,1,1250.8666666666666
Male,52,African-American,3,0,0,0,3,1,746.6833333333333
Male,50,Caucasian,9,0,0,0,3,1,10198.783333333333
Male,47,Caucasian,5,0,0,0,10,1,6986.466666666666
Male,20,African-American,2,1,1,1,8,1,51.38333333333333
Female,25,Caucasian,6,0,0,0,7,0,596.65
Male,53,Caucasian,0,0,0,0,1,0,18.616666666666667
Female,38,Caucasian,14,0,0,0,9,0,30.05
Male,37,African-American,0,0,0,0,7,0,19.916666666666668
Male,49,Caucasian,8,0,0,0,2,0,577.2666666666667
Male,37,Caucasian,4,0,0,0,1,0,19.15
Female,50,Caucasian,3,0,0,0,5,1,1369.6833333333334
Male,29,African-American,6,0,1,0,7,0,2.6166666666666667
Male,32,African-American,2,0,0,0,6,0,18.633333333333333
Male,40,African-American,13,0,0,0,9,0,24.716666666666665
Male,36,Caucasian,5,0,0,0,3,1,20.516666666666666
Male,25,African-American,2,0,0,0,3,0,24.433333333333334
Male,27,Caucasian,5,0,0,0,6,1,148.26666666666668
Male,44,African-American,14,0,0,0,8,1,47.7
Male,35,African-American,0,0,0,0,7,0,49.05
Male,30,Hispanic,1,0,0,0,2,0,27.15
Male,28,Caucasian,8,0,0,0,6,1,743.5
Male,25,African-American,3,0,0,0,6,1,49.13333333333333
Male,30,African-American,14,0,1,0,9,1,49.666666666666664
Male,21,Caucasian,0,0,0,0,9,0,12.833333333333334
Female,26,Caucasian,2,0,0,0,3,0,-4.583333333333333
Male,51,African-American,0,0,0,0,1,1,55.61666666666667
Male,22,Caucasian,2,0,0,0,6,1,20.2
Male,44,Caucasian,2,0,0,0,3,1,47.6
Female,41,Caucasian,0,0,0,0,1,0,43.483333333333334
Male,20,African-American,0,0,0,0,8,0,722.0166666666667
Male,20,African-American,2,0,1,0,9,1,23.233333333333334
Male,29,African-American,6,0,0,0,6,1,528.9
Female,32,African-American,5,0,0,0,8,0,4270.166666666667
Male,35,Caucasian,2,0,0,0,1,0,19.366666666666667
Male,36,Caucasian,0,0,0,0,1,0,867.3166666666667
Male,22,African-American,1,0,0,0,4,1,4.516666666666667
Male,23,African-American,0,0,0,0,5,0,49.166666666666664
Male,22,Caucasian,2,0,1,0,9,1,31.166666666666668
Male,60,African-American,9,0,0,0,2,0,510.3333333333333
Male,22,Caucasian,0,0,0,0,4,1,217.73333333333332
Male,51,Caucasian,1,0,0,0,1,1,14.583333333333334
Male,23,Hispanic,2,0,0,1,7,0,847.25
Male,24,Caucasian,8,0,0,0,4,1,21.05
Male,26,Caucasian,8,0,0,0,4,0,49.8
Male,47,Caucasian,2,0,0,0,1,0,668.8666666666667
Male,37,Other,0,0,0,0,1,1,15.566666666666666
Male,23,Other,0,0,0,0,3,1,14.866666666666667
Male,21,African-American,0,0,0,0,9,1,43.75
Male,58,Caucasian,2,0,0,0,3,0,42.666666666666664
Male,49,Caucasian,5,0,0,0,6,1,94.11666666666666
Male,56,African-American,3,0,0,0,2,1,26.75
Male,22,African-American,2,0,0,0,5,1,32.916666666666664
Male,45,Hispanic,0,0,0,0,1,0,316.1
Female,21,African-American,0,0,0,0,5,0,14.933333333333334
Male,21,African-American,0,0,0,1,9,0,48.63333333333333
Female,28,African-American,4,0,0,0,5,1,48.71666666666667
Female,24,Caucasian,0,0,0,0,5,0,22.083333333333332
Male,64,Caucasian,13,0,0,0,9,0,2544.1
Male,30,Hispanic,1,0,0,0,1,0,190.61666666666667
Male,30,Other,1,0,0,0,2,1,14.783333333333333
Male,21,African-American,2,0,0,0,7,1,692.4833333333333
Male,23,African-American,0,0,0,0,3,0,310.3833333333333
Male,42,Caucasian,2,0,0,0,7,1,27.733333333333334
Male,30,Other,0,0,0,0,6,1,24.416666666666668
Male,28,African-American,3,0,0,0,2,0,20.116666666666667
Male,26,African-American,1,0,0,0,6,0,544.6166666666667
Female,27,African-American,2,0,0,0,4,1,24.3
Male,23,Other,7,0,2,0,6,1,222.85
Male,21,African-American,0,0,0,0,7,0,21.483333333333334
Female,39,Hispanic,1,0,0,0,6,0,700.8833333333333
Male,27,African-American,7,0,0,0,10,1,828.4666666666667
Female,36,Hispanic,9,0,0,0,1,1,21.783333333333335
Male,28,African-American,5,0,0,0,5,1,1240.5833333333333
Male,32,African-American,4,0,0,0,4,1,1079.4833333333333
Male,48,Caucasian,0,0,0,0,7,0,264.43333333333334
Male,46,Hispanic,0,0,0,0,1,0,28.266666666666666
Male,42,African-American,0,0,0,0,4,0,15.566666666666666
Male,36,African-American,4,0,0,0,6,1,50.46666666666667
Female,26,Caucasian,1,0,0,0,4,1,17.9
Male,37,African-American,1,0,0,0,10,0,75.76666666666667
Male,64,Caucasian,0,0,0,0,1,0,20.383333333333333
Female,25,Caucasian,2,0,0,0,4,1,25.116666666666667
Male,60,African-American,0,0,0,0,1,1,50.46666666666667
Male,32,African-American,0,0,0,0,7,0,592.5166666666667
Male,60,African-American,2,0,0,0,1,0,44.15
Male,22,African-American,1,0,0,0,4,1,4.516666666666667
Female,42,African-American,8,0,0,0,8,1,26.083333333333332
Male,43,African-American,0,0,0,0,1,0,25.083333333333332
Male,44,Hispanic,7,0,0,0,3,1,626.3333333333334
Female,44,Caucasian,0,0,0,0,1,1,18.033333333333335
Female,21,African-American,0,0,0,0,5,1,21.866666666666667
Female,31,African-American,0,0,0,0,5,1,6.083333333333333
Male,42,Caucasian,2,0,0,0,5,0,357.1166666666667
Male,49,Caucasian,0,0,0,0,5,0,28.7
Male,42,Caucasian,0,0,0,0,4,0,21.533333333333335
Male,33,African-American,16,0,0,0,9,1,21.233333333333334
Male,43,African-American,3,0,0,0,8,1,505.8666666666667
Male,51,African-American,0,0,0,0,1,0,21.45
Male,21,African-American,2,0,2,2,10,1,24.066666666666666
Male,57,Caucasian,1,0,0,0,4,0,28.95
Male,51,African-American,22,0,0,0,9,1,833.9333333333333
Male,25,African-American,1,0,0,0,2,0,23.183333333333334
Male,23,Caucasian,0,0,0,0,8,1,72.71666666666667
Male,24,Caucasian,0,0,0,0,2,0,25.766666666666666
Female,31,Hispanic,0,0,0,0,1,0,4.633333333333334
Male,32,African-American,26,2,0,0,10,1,24.5
Male,36,African-American,9,0,0,0,8,0,45.11666666666667
Male,40,Caucasian,8,0,0,0,8,1,163.63333333333333
Male,29,Hispanic,2,0,0,0,4,0,22.116666666666667
Male,31,African-American,6,0,0,0,8,1,25.516666666666666
Male,30,Caucasian,7,0,0,0,7,0,94.11666666666666
Male,45,African-American,2,0,0,0,6,0,690.6
Male,30,African-American,2,0,0,0,3,1,46.56666666666667
Male,24,African-American,1,0,0,0,8,1,331.73333333333335
Male,33,African-American,2,0,0,0,2,1,-4.583333333333333
Male,19,African-American,3,0,2,0,4,1,723.7166666666667
Male,28,Caucasian,9,0,1,0,4,0,21.3
Female,27,Caucasian,2,0,0,0,5,1,0.45
Female,30,Caucasian,1,0,0,0,3,0,2.85
Male,29,African-American,0,0,0,0,4,0,22.716666666666665
Female,23,African-American,1,0,1,0,5,0,-5.2
Female,55,Caucasian,6,0,0,0,4,0,886.1166666666667
Female,53,Caucasian,0,0,0,0,1,0,27.866666666666667
Male,25,Caucasian,5,0,0,1,9,1,358.4166666666667
Female,39,Caucasian,1,0,0,0,4,0,2564.8166666666666
Male,31,African-American,2,0,0,0,1,0,40.88333333333333
Male,64,Caucasian,8,0,0,0,10,1,6968.766666666666
Male,32,Caucasian,1,0,0,0,3,0,31.283333333333335
Female,24,Caucasian,0,0,0,0,5,0,16.666666666666668
Male,45,African-American,16,1,0,0,7,0,26.2
Male,36,African-American,9,0,0,0,8,0,45.11666666666667
Male,31,African-American,4,0,0,0,4,0,25.033333333333335
Male,23,African-American,3,0,0,0,8,0,321.81666666666666
Male,52,Hispanic,10,0,0,0,6,0,3577.8166666666666
Male,23,Hispanic,1,0,0,0,4,0,3.783333333333333
Male,30,Caucasian,0,0,0,0,3,0,44.25
Male,43,African-American,1,0,0,0,1,0,28.15
Male,28,African-American,0,0,0,0,8,0,399.8333333333333
Male,42,African-American,7,1,0,0,9,1,47.71666666666667
Male,31,Hispanic,8,2,1,0,9,1,65.95
Female,24,African-American,4,0,0,0,5,0,645.7
Male,32,African-American,5,0,0,0,4,0,24.3
Female,36,Caucasian,3,0,0,1,4,0,604.85
Male,20,African-American,1,0,0,1,4,1,29.4
Female,28,African-American,1,0,0,0,9,0,931.95
Male,23,African-American,0,0,0,0,7,1,123.15
Male,29,African-American,2,0,0,0,3,0,649.7166666666667
Male,30,Other,5,0,0,0,5,1,1497.3666666666666
Male,40,Caucasian,0,0,0,0,1,0,23.4
Male,35,African-American,4,0,0,0,8,1,2612.6833333333334
Male,29,African-American,29,0,0,0,8,1,120.78333333333333
Male,21,African-American,1,0,0,0,7,1,23.933333333333334
Male,39,Caucasian,9,0,0,0,5,1,26.55
Male,58,Caucasian,2,0,0,0,1,0,29.7
Male,45,African-American,4,0,0,0,3,1,-4.116666666666666
Male,20,Caucasian,0,0,0,0,4,0,22.333333333333332
Male,27,African-American,1,0,0,0,2,1,41.71666666666667
Male,24,Caucasian,1,0,0,0,4,0,873.6833333333333
Male,31,African-American,3,0,1,0,1,1,-3.7333333333333334
Male,34,African-American,8,0,0,0,10,0,318.03333333333336
Male,59,Caucasian,0,0,0,0,1,0,30.166666666666668
Male,39,Caucasian,5,0,0,0,4,0,691.15
Male,29,African-American,3,0,0,0,3,0,29.333333333333332
Male,29,Caucasian,1,0,0,0,3,0,1034.9333333333334
Male,34,Caucasian,3,0,0,0,4,1,24.083333333333332
Male,29,Caucasian,0,0,0,0,7,1,22.95
Male,27,African-American,7,0,0,0,9,1,97.55
Female,49,African-American,14,0,0,0,7,1,2929.633333333333
Male,22,Caucasian,1,0,0,3,5,1,29.166666666666668
Male,40,Other,0,0,0,0,1,0,16.283333333333335
Male,27,Hispanic,1,0,0,0,3,0,23.666666666666668
Male,31,Other,1,0,0,0,1,0,22.866666666666667
Male,48,Caucasian,20,0,0,0,6,1,255.45
Male,58,Caucasian,3,0,0,0,2,0,-3.7
Male,36,African-American,11,0,0,0,7,1,21.083333333333332
Male,36,African-American,12,0,0,0,9,0,218.75
Male,25,African-American,11,0,1,0,9,1,165.55
Female,32,African-American,2,0,0,0,3,0,1863.9166666666667
Male,59,Caucasian,17,0,0,0,6,1,557.75
Male,48,African-American,10,0,0,0,4,0,4203.116666666667
Male,42,African-American,6,0,0,0,8,1,13.816666666666666
Male,39,African-American,1,0,0,0,1,0,-9.983333333333333
Female,30,African-American,2,1,0,0,8,0,2672.616666666667
Male,22,Hispanic,0,0,0,1,3,0,15.966666666666667
Female,58,Caucasian,0,0,0,0,1,0,8.333333333333334
Male,30,African-American,18,0,3,0,10,0,428.78333333333336
Female,39,African-American,1,0,0,0,2,0,15.583333333333334
Male,50,African-American,5,0,0,0,4,0,16.766666666666666
Male,35,African-American,0,0,0,0,1,0,26.916666666666668
Male,27,African-American,0,0,0,0,2,0,24.633333333333333
Male,34,African-American,19,0,2,1,10,1,113.8
Male,25,African-American,3,0,0,0,9,0,479.3833333333333
Male,61,African-American,15,0,0,0,6,1,28.266666666666666
Male,37,African-American,7,0,0,0,7,0,29.466666666666665
Female,39,African-American,1,0,0,0,4,0,337.85
Male,27,African-American,18,0,2,1,9,1,5.75
Female,26,Caucasian,0,0,0,0,3,0,15.616666666666667
Male,44,African-American,2,0,0,0,7,0,122.3
Female,28,Hispanic,1,0,0,0,3,1,24.683333333333334
Male,48,Caucasian,1,0,0,0,1,1,6.016666666666667
Female,52,Caucasian,0,0,0,0,1,0,8.366666666666667
Male,32,African-American,10,0,0,0,6,1,15.766666666666667
Male,50,African-American,0,0,0,0,1,0,38.516666666666666
Female,31,Caucasian,9,0,0,0,7,1,639.0
Male,38,African-American,9,1,1,0,8,1,315.1333333333333
Male,32,Caucasian,6,0,0,0,8,0,5.966666666666667
Male,31,Caucasian,0,0,0,0,7,1,847.7833333333333
Male,50,Caucasian,0,0,0,0,1,0,16.05
Male,44,African-American,7,1,0,0,6,1,581.0
Male,51,African-American,4,0,0,0,1,0,44.36666666666667
Male,45,African-American,1,0,0,0,9,0,1491.0
Male,37,Caucasian,0,0,0,0,1,0,56.28333333333333
Male,25,African-American,10,0,0,0,9,1,1971.0666666666666
Male,61,African-American,14,0,0,0,2,1,24.216666666666665
Male,32,African-American,13,0,0,0,9,1,931.3333333333334
Male,39,Caucasian,5,0,0,0,3,0,451.65
Male,23,African-American,2,0,0,0,6,0,5088.2
Male,20,African-American,1,1,0,0,7,1,21.0
Male,35,African-American,18,0,0,0,6,1,2696.9166666666665
Male,26,African-American,4,0,0,0,2,0,1005.5333333333333
Male,37,Caucasian,1,0,0,0,7,1,196.96666666666667
Male,20,African-American,2,0,0,1,7,1,246.48333333333332
Male,27,African-American,0,0,0,0,10,0,24.016666666666666
Male,38,African-American,2,0,0,0,1,0,199.83333333333334
Male,32,Other,0,0,0,0,1,0,22.683333333333334
Male,28,Caucasian,3,0,0,0,3,0,26.183333333333334
Male,22,African-American,2,0,0,1,3,1,5.183333333333334
Male,20,African-American,2,1,1,0,4,0,5804.283333333334
Male,26,Hispanic,0,0,0,0,3,0,56.083333333333336
Female,28,African-American,10,0,0,0,7,1,85.33333333333333
Male,29,African-American,0,0,0,0,2,0,29.216666666666665
Male,20,Other,0,0,0,0,3,1,29.95
Male,32,African-American,4,0,0,0,6,1,24.116666666666667
Male,26,African-American,6,0,0,0,8,0,246.85
Female,49,African-American,12,0,0,0,6,0,505.28333333333336
Male,33,African-American,19,0,0,0,10,1,20.8
Male,50,African-American,2,0,0,0,5,1,20.283333333333335
Male,25,African-American,8,0,0,2,8,1,2.9833333333333334
Male,41,Caucasian,1,0,0,0,6,0,151.08333333333334
Male,29,African-American,7,0,2,1,8,1,54.13333333333333
Female,41,Caucasian,0,0,0,0,3,0,28.033333333333335
Male,35,African-American,12,0,0,1,6,1,33.93333333333333
Male,28,African-American,2,0,0,0,5,0,748.8666666666667
Male,51,Caucasian,6,0,0,0,1,1,5.55
Female,31,Caucasian,1,0,0,0,2,0,24.983333333333334
Female,49,Hispanic,1,0,0,0,1,0,219.93333333333334
Female,44,Caucasian,1,0,0,0,5,0,117.06666666666666
Male,23,African-American,1,0,0,0,2,0,45.483333333333334
Female,44,Caucasian,11,0,0,0,7,1,639.6166666666667
Male,26,African-American,9,1,2,0,10,1,50.333333333333336
Female,61,Caucasian,8,0,0,0,3,1,740.0333333333333
Male,26,Caucasian,1,0,0,0,6,0,40.93333333333333
Male,52,African-American,7,0,0,0,9,1,94.8
Male,37,Other,0,0,0,0,1,0,27.633333333333333
Male,22,Native American,1,0,0,1,4,0,97.48333333333333
Male,55,Caucasian,13,0,0,0,6,1,20.0
Male,23,Other,0,0,0,0,3,1,72.21666666666667
Female,41,Caucasian,7,0,0,0,6,0,9527.083333333334
Male,47,African-American,23,0,0,0,7,1,9681.866666666667
Male,33,African-American,3,0,0,0,6,1,2759.3166666666666
Male,20,African-American,4,2,2,0,9,1,41.766666666666666
Male,51,African-American,19,1,0,0,8,1,69.43333333333334
Male,30,African-American,14,0,1,0,7,1,143.53333333333333
Male,34,African-American,1,0,0,0,2,0,50.766666666666666
Male,32,Caucasian,3,0,0,0,3,0,5811.85
Male,27,Hispanic,8,0,1,1,5,1,31.8
Male,37,Caucasian,3,0,0,0,2,0,630.5166666666667
Male,35,African-American,8,0,1,0,9,1,5739.033333333334
Male,27,African-American,8,0,0,0,3,1,408.01666666666665
Male,59,African-American,10,0,0,0,7,1,3051.016666666667
Male,43,Caucasian,3,0,0,0,1,0,91.48333333333333
Male,38,Hispanic,3,0,0,0,4,0,5.766666666666667
Female,36,Caucasian,4,0,0,0,9,1,4038.6
Male,41,Caucasian,3,0,0,0,9,0,4036.25
Female,57,Hispanic,1,0,0,0,2,0,14.383333333333333
Male,27,African-American,18,0,2,1,9,1,5.75
Male,50,Caucasian,0,0,0,0,1,1,858.8666666666667
Male,46,Caucasian,9,3,1,0,6,0,45.06666666666667
Male,31,African-American,1,0,0,0,4,0,25.533333333333335
Male,47,African-American,23,0,0,0,8,1,20.783333333333335
Male,37,Hispanic,0,0,0,0,1,0,73.63333333333334
Male,29,Caucasian,0,0,0,0,7,1,22.95
Male,32,African-American,10,0,3,0,6,1,92.08333333333333
Male,29,African-American,5,0,0,0,7,1,120.25
Male,25,African-American,11,0,0,0,8,1,12766.6
Male,22,Caucasian,0,0,0,1,4,0,21.7
Male,30,Caucasian,22,0,0,0,5,1,74.23333333333333
Female,34,Caucasian,7,0,0,0,6,0,23.583333333333332
Male,30,Caucasian,0,0,0,0,4,0,1353.05
Male,42,African-American,9,0,0,0,6,1,4.233333333333333
Male,31,Caucasian,0,0,0,0,1,1,23.75
Male,30,Caucasian,1,0,0,0,2,1,26.983333333333334
Male,34,Caucasian,2,0,0,0,1,0,16.533333333333335
Male,54,Caucasian,1,0,0,0,1,0,13.55
Male,49,Caucasian,0,0,0,0,1,0,29.1
Male,41,African-American,19,0,0,0,6,1,1488.3333333333333
Female,60,Caucasian,0,0,0,0,7,0,319.6
Male,20,African-American,1,0,1,2,5,1,6.133333333333334
Male,22,African-American,1,0,0,0,7,0,189.16666666666666
Male,37,Caucasian,8,0,0,0,8,1,6.85
Male,39,African-American,3,0,0,0,3,1,72.25
Male,23,Caucasian,0,0,0,0,4,0,169.43333333333334
Male,29,African-American,0,0,0,0,8,0,427.18333333333334
Male,34,African-American,3,0,0,0,9,0,25.166666666666668
Male,27,African-American,0,0,0,0,2,0,44.13333333333333
Male,38,African-American,1,0,0,0,4,0,4737.416666666667
Male,21,Hispanic,0,0,0,0,10,0,169.65
Male,30,African-American,26,2,0,0,10,0,409.9166666666667
Male,22,African-American,3,0,0,0,10,0,137.01666666666668
Female,28,Caucasian,5,0,0,0,9,1,2633.3
Female,37,African-American,1,0,0,0,8,0,30.383333333333333
Male,27,African-American,2,0,0,0,7,1,5906.283333333334
Male,25,African-American,1,0,0,0,2,0,49.083333333333336
Male,23,Hispanic,3,0,0,0,7,1,78.01666666666667
Male,50,African-American,7,0,0,0,5,1,45.45
Male,32,African-American,13,0,0,0,9,1,931.3333333333334
Male,25,African-American,1,0,0,0,6,0,46.416666666666664
Male,21,Caucasian,0,0,0,0,10,0,12030.183333333332
Female,23,African-American,0,0,0,0,6,1,28.05
Female,22,Caucasian,0,0,0,0,3,0,-3.5833333333333335
Female,21,African-American,4,0,3,1,8,1,17.233333333333334
Female,34,Caucasian,6,0,0,0,7,0,41.81666666666667
Male,32,Hispanic,6,0,0,0,5,1,217.21666666666667
Male,23,Caucasian,1,0,0,2,5,1,461.31666666666666
Male,30,African-American,7,0,0,0,10,1,49.4
Male,47,African-American,5,0,0,0,4,0,23.9
Male,29,Caucasian,9,1,0,1,8,1,45.2
Male,40,African-American,1,0,0,0,3,0,1820.35
Male,26,Hispanic,1,0,0,0,2,1,23.2
Male,35,African-American,4,0,0,0,8,1,8495.1
Male,36,African-American,7,0,0,0,2,1,46.38333333333333
Male,45,African-American,5,0,0,0,1,0,28.8
Male,37,Hispanic,6,0,0,0,2,1,24.433333333333334
Male,59,Other,1,0,0,0,1,0,14.2
Male,28,Caucasian,7,0,0,0,10,0,7772.666666666667
Male,27,African-American,3,0,0,0,5,0,71.06666666666666
Male,35,African-American,3,0,0,0,8,0,74.38333333333334
Male,34,African-American,16,0,0,0,9,1,24.15
Male,33,Caucasian,2,0,0,0,2,0,55.45
Male,39,Caucasian,2,0,0,0,4,0,-4.1
Male,56,Other,0,0,0,0,1,0,170.13333333333333
Male,27,African-American,4,0,0,0,4,0,23.383333333333333
Male,34,Hispanic,1,0,0,0,2,0,558.6166666666667
Male,22,Other,0,0,0,0,2,1,30.65
Male,23,African-American,6,0,3,1,10,1,3263.233333333333
Male,39,Caucasian,17,0,0,0,2,1,845.6166666666667
Female,64,Caucasian,2,0,0,0,1,0,-2.566666666666667
Male,23,African-American,2,0,0,3,4,1,5.616666666666666
Male,27,African-American,3,0,0,0,4,0,20.7
Female,26,Caucasian,2,0,0,0,6,1,792.55
Female,30,Caucasian,1,0,0,1,2,0,3.0166666666666666
Female,24,African-American,2,0,0,0,6,0,741.4333333333333
Male,20,African-American,0,0,0,0,6,0,7.566666666666666
Male,24,Hispanic,0,0,0,0,1,1,26.133333333333333
Male,25,African-American,10,0,1,1,10,1,190.58333333333334
Male,21,African-American,1,0,1,0,7,0,69.7
Male,28,African-American,3,0,0,0,3,0,24.433333333333334
Male,34,Caucasian,3,0,0,0,4,1,24.083333333333332
Male,36,Caucasian,10,1,0,0,9,1,2019.9666666666667
Male,61,Hispanic,2,0,0,0,4,1,73.08333333333333
Female,56,African-American,2,0,0,0,2,0,40.21666666666667
Male,44,African-American,0,0,0,0,5,0,819.85
Male,34,Caucasian,3,0,0,0,4,0,239.95
Male,23,Other,6,0,0,0,8,1,2017.0166666666667
Male,32,African-American,4,0,0,0,8,1,25.816666666666666
Male,22,Caucasian,0,0,0,0,7,0,25.366666666666667
Male,26,African-American,0,0,0,0,4,1,-0.5666666666666667
Male,54,African-American,4,0,0,0,3,1,24.666666666666668
Male,20,African-American,4,1,1,1,10,1,9026.266666666666
Male,41,African-American,9,0,0,0,5,0,4153.7
Male,25,Caucasian,1,0,0,0,3,0,1014.1833333333333
Female,21,Caucasian,0,0,0,0,5,1,48.55
Male,39,African-American,13,0,0,0,8,1,47.016666666666666
Male,20,African-American,2,0,0,1,6,0,1076.9
Female,25,Caucasian,0,0,0,0,7,0,3.2333333333333334
Male,35,African-American,6,0,0,0,7,0,1689.45
Male,61,Caucasian,0,0,0,0,1,0,4.666666666666667
Male,38,Hispanic,4,0,0,0,6,0,23330.733333333334
Female,31,African-American,1,0,0,0,5,0,20.65
Male,22,Caucasian,6,1,0,4,10,1,1496.2166666666667
Male,25,African-American,2,1,0,0,9,1,26.066666666666666
Male,71,Caucasian,3,0,0,0,1,0,3.1333333333333333
Male,40,Caucasian,3,0,0,0,1,0,29.516666666666666
Female,36,African-American,1,0,0,0,2,0,26.316666666666666
Male,34,Caucasian,3,0,0,0,9,0,3740.733333333333
Female,24,Caucasian,9,0,0,0,10,1,213.13333333333333
Male,32,African-American,2,0,0,0,8,0,2622.5333333333333
Male,21,African-American,2,0,1,0,9,1,506.93333333333334
Male,25,Native American,7,0,0,0,9,1,19.55
Male,23,African-American,3,0,0,0,6,1,45.5
Female,32,Caucasian,0,0,0,0,2,0,18.1
Male,20,Caucasian,1,0,0,0,4,0,21.233333333333334
Female,31,Caucasian,1,0,0,0,3,1,6.25
Male,26,Caucasian,7,0,0,0,9,1,3452.4666666666667
Male,21,African-American,0,0,0,0,9,1,43.68333333333333
Male,31,African-American,8,0,0,0,9,1,23.466666666666665
Male,37,African-American,8,0,0,0,5,1,340.06666666666666
Female,24,Caucasian,0,0,0,0,6,0,7.2
Male,23,Caucasian,1,0,0,0,4,0,239.26666666666668
Female,27,African-American,3,0,0,1,6,1,55.45
Male,31,Other,0,0,0,0,1,0,26.5
Male,33,Hispanic,2,0,0,0,3,0,106.23333333333333
Female,22,African-American,1,0,0,0,6,0,2310.9666666666667
Male,57,Other,10,0,0,0,4,1,4367.833333333333
Male,25,African-American,8,0,3,1,8,1,14.766666666666667
Male,25,Caucasian,5,0,0,0,10,1,841.4
Male,52,Caucasian,2,0,0,0,1,0,766.5833333333334
Male,22,African-American,1,0,0,0,7,1,1.0166666666666666
Male,25,African-American,6,0,1,0,4,1,103.76666666666667
Male,22,African-American,2,0,1,0,8,0,0.6666666666666666
Male,21,Hispanic,3,0,1,0,5,1,529.6166666666667
Male,40,African-American,20,0,0,0,7,0,25.8
Male,23,African-American,4,0,0,0,7,0,2156.1833333333334
Male,24,African-American,11,0,0,0,6,1,773.6166666666667
Male,41,Caucasian,0,0,0,0,1,1,26.283333333333335
Male,46,Caucasian,1,0,0,0,1,1,711.6833333333333
Female,25,Caucasian,1,0,0,0,4,1,23.566666666666666
Male,25,African-American,3,0,0,0,6,1,27.033333333333335
Male,24,African-American,0,0,0,0,2,0,24.016666666666666
Male,46,Caucasian,2,0,0,1,4,1,74.76666666666667
Male,25,African-American,14,0,4,4,10,1,1992.0666666666666
Male,31,Caucasian,2,0,0,1,5,0,489.55
Male,25,Hispanic,2,0,0,0,3,1,24.85
Male,29,Caucasian,6,0,0,0,4,1,15.8
Male,20,Other,0,0,0,0,3,1,28.916666666666668
Male,22,Caucasian,2,0,0,0,5,0,76.63333333333334
Female,35,African-American,0,0,0,0,3,1,46.05
Male,23,Caucasian,3,0,0,1,9,0,27.616666666666667
Male,47,Caucasian,1,0,0,0,1,0,5.433333333333334
Male,63,Caucasian,0,0,0,0,1,0,21.016666666666666
Female,31,Caucasian,3,0,0,0,7,1,28.583333333333332
Male,23,Hispanic,0,0,0,0,6,0,171.4
Male,22,African-American,0,0,0,0,3,0,25.316666666666666
Male,39,African-American,5,0,0,0,7,0,96.31666666666666
Male,41,African-American,19,0,0,0,5,1,1162.05
Female,33,Caucasian,1,0,0,0,1,0,6.816666666666666
Female,38,Caucasian,5,0,0,0,3,0,170.26666666666668
Male,24,African-American,2,0,0,0,7,1,288.98333333333335
Male,21,African-American,1,1,0,0,10,1,43.68333333333333
Male,25,African-American,1,0,0,0,2,0,6.116666666666666
Male,23,African-American,0,0,0,0,2,0,24.533333333333335
Male,28,African-American,3,0,0,0,6,1,768.3666666666667
Male,23,African-American,8,0,0,0,10,1,69.7
Male,25,African-American,0,0,0,0,7,1,44.38333333333333
Male,25,African-American,4,0,0,0,8,1,14.316666666666666
Male,40,African-American,1,0,0,0,1,1,7.083333333333333
Male,32,African-American,8,0,0,0,10,1,49.55
Male,61,Caucasian,10,0,0,0,6,0,548.7333333333333
Male,69,Caucasian,0,0,0,0,1,0,21.166666666666668
Male,21,African-American,0,0,0,0,3,1,30.6
Male,55,African-American,1,0,0,0,1,0,29.816666666666666
Male,29,Caucasian,6,0,0,0,4,1,15.8
Male,25,Caucasian,0,0,0,0,3,0,27.266666666666666
Male,27,African-American,0,0,0,0,1,0,-2.7
Male,56,Hispanic,2,0,0,0,1,0,25.05
Male,22,African-American,0,0,0,0,6,0,15.616666666666667
Female,22,Hispanic,0,0,0,0,4,0,15.133333333333333
Male,30,African-American,0,0,0,0,2,1,22.45
Female,44,Caucasian,3,0,0,0,6,0,670.0166666666667
Male,20,African-American,0,0,0,1,5,0,172.6
Male,48,African-American,12,0,0,0,4,0,43.71666666666667
Male,58,African-American,24,0,0,0,6,1,77.98333333333333
Male,29,African-American,3,0,0,0,3,0,19.9
Female,29,African-American,2,0,0,0,7,0,352.76666666666665
Male,55,Caucasian,1,0,0,0,2,1,793.35
Male,20,African-American,0,0,0,0,9,0,813.1166666666667
Female,38,African-American,14,0,0,0,10,1,118.71666666666667
Male,32,African-American,11,0,1,2,5,1,28.1
Male,28,African-American,5,0,0,0,5,1,21.483333333333334
Male,20,Caucasian,0,0,0,0,4,0,14.216666666666667
Male,36,Caucasian,10,0,0,0,5,1,166.7
Male,23,African-American,1,0,0,0,6,0,858.85
Male,25,African-American,2,0,0,0,4,1,22.016666666666666
Male,24,Hispanic,4,1,0,0,6,1,21.8
Male,45,Caucasian,2,0,0,0,2,0,3361.516666666667
Male,49,Caucasian,4,0,0,0,6,1,409.98333333333335
Male,69,African-American,1,0,0,0,1,1,28.183333333333334
Female,25,African-American,2,0,0,0,6,0,46.53333333333333
Male,39,African-American,19,0,0,0,6,1,21.7
Male,20,African-American,1,0,0,1,10,1,2616.45
Male,26,African-American,0,0,0,0,7,0,24.983333333333334
Male,23,African-American,0,0,0,0,3,0,21.816666666666666
Female,42,Caucasian,4,0,0,0,8,1,116.58333333333333
Male,20,African-American,0,0,0,0,8,0,912.0666666666667
Male,24,Hispanic,1,0,0,0,4,1,23.883333333333333
Male,20,African-American,0,0,0,1,5,1,23.1
Male,26,African-American,6,0,0,0,8,0,246.85
Male,25,African-American,5,0,0,0,9,1,38.083333333333336
Male,24,Caucasian,3,0,0,2,4,1,-4.483333333333333
Male,29,Caucasian,1,0,0,0,6,0,1177.8833333333334
Female,23,Caucasian,3,0,0,0,10,0,137.45
Male,25,Hispanic,0,0,0,0,7,0,19.983333333333334
Male,25,African-American,7,0,0,0,6,0,434.98333333333335
Male,27,Caucasian,0,0,0,0,4,0,215.63333333333333
Male,27,African-American,0,0,0,0,6,0,48.38333333333333
Male,29,African-American,2,0,0,1,5,1,5.3
Female,21,African-American,1,0,0,0,3,1,47.11666666666667
Male,29,Caucasian,0,0,0,0,1,0,31.05
Male,27,African-American,13,0,2,1,6,1,339.73333333333335
Male,44,African-American,0,0,0,0,2,1,19.633333333333333
Male,24,Hispanic,0,0,0,0,1,1,26.133333333333333
Female,27,African-American,3,0,0,0,4,1,-4.9
Male,22,African-American,1,0,0,1,10,1,3.6
Male,54,African-American,6,0,0,0,7,1,334.25
Female,24,African-American,3,0,0,0,6,0,4.5
Male,53,Caucasian,1,0,0,0,1,0,504.31666666666666
Male,44,African-American,8,0,0,0,8,1,232.21666666666667
Male,29,African-American,4,0,0,0,1,0,459.6333333333333
Male,21,Other,0,0,0,0,4,1,-4.25
Male,46,African-American,8,0,0,0,3,1,6696.116666666667
Male,48,Caucasian,18,0,0,0,6,1,3219.55
Male,24,African-American,1,0,0,0,8,0,71.7
Female,26,African-American,1,0,0,0,2,0,27.783333333333335
Male,41,African-American,18,1,0,0,6,1,7176.516666666666
Male,39,Caucasian,1,0,0,0,1,0,25.166666666666668
Female,57,Caucasian,2,0,0,0,1,0,7.816666666666666
Female,21,African-American,0,0,0,0,10,1,792.4666666666667
Male,24,African-American,2,0,0,0,3,1,792.2333333333333
Male,34,African-American,7,0,0,0,5,1,16.583333333333332
Male,26,African-American,5,0,0,0,7,1,651.7333333333333
Male,20,African-American,0,0,0,0,3,0,18.516666666666666
Male,20,African-American,0,0,0,0,4,0,22.3
Male,33,Other,4,0,0,0,3,1,43.86666666666667
Male,27,African-American,0,0,0,0,4,0,358.7
Female,33,Caucasian,0,0,0,0,6,1,28.016666666666666
Male,28,African-American,5,0,0,0,9,1,1229.9666666666667
Male,42,Caucasian,2,0,0,0,5,0,357.1166666666667
Male,32,African-American,2,0,0,0,2,0,40.13333333333333
Female,29,African-American,0,0,0,0,2,0,602.3666666666667
Male,25,Caucasian,1,0,0,0,2,1,23.066666666666666
Male,21,Caucasian,1,0,0,0,4,0,22.866666666666667
Female,22,Caucasian,0,0,0,0,5,0,48.733333333333334
Male,51,African-American,11,0,0,0,5,1,1902.15
Female,61,Caucasian,2,0,0,0,1,0,473.53333333333336
Male,23,African-American,1,0,0,0,4,0,22.1
Male,21,African-American,1,1,0,0,9,0,358.4
Male,50,African-American,12,0,0,0,1,1,24.05
Male,22,African-American,0,0,0,0,4,1,24.4
Male,20,African-American,2,0,0,0,8,1,795.5833333333334
Male,72,Caucasian,7,0,0,0,4,0,-10.35
Male,20,African-American,0,0,0,1,8,0,47.483333333333334
Male,39,African-American,5,0,0,0,7,0,96.31666666666666
Male,47,Other,1,0,0,0,1,0,72.71666666666667
Female,26,Caucasian,0,0,0,0,4,0,19.916666666666668
Male,59,African-American,9,0,0,0,9,1,18.85
Male,38,African-American,10,2,0,0,8,0,165.46666666666667
Male,26,African-American,6,0,0,2,7,0,6.216666666666667
Male,38,Other,0,0,0,0,2,0,29.566666666666666
Male,54,Caucasian,1,0,0,0,1,1,26.633333333333333
Male,30,Caucasian,1,0,0,0,5,0,695.5333333333333
Male,35,Caucasian,0,0,0,0,1,0,24.616666666666667
Female,39,African-American,0,0,0,0,1,0,19.883333333333333
Male,27,African-American,10,0,0,0,9,0,9354.366666666667
Male,33,African-American,5,0,0,0,2,0,-10.366666666666667
Male,46,Caucasian,10,0,0,0,7,1,1754.7
Male,24,Caucasian,0,0,0,0,5,1,886.9
Female,34,African-American,5,0,0,0,3,1,28.566666666666666
Male,35,Hispanic,2,0,0,0,1,0,194.91666666666666
Male,53,Caucasian,0,0,0,0,1,0,21.816666666666666
Male,22,African-American,0,0,0,0,3,1,25.866666666666667
Male,52,African-American,2,0,0,0,1,0,74.18333333333334
Male,26,Caucasian,4,0,0,0,7,1,7034.45
Male,25,Native American,1,0,0,0,5,0,4.166666666666667
Male,21,African-American,1,0,0,0,10,1,22.016666666666666
Male,26,Hispanic,7,0,0,0,5,1,25.85
Male,55,Caucasian,1,0,0,0,1,1,27.316666666666666
Male,36,Caucasian,0,0,0,0,3,0,21.616666666666667
Female,27,Caucasian,2,0,0,0,3,0,24.8
Male,22,African-American,1,0,0,1,7,1,15.533333333333333
Female,28,African-American,1,0,0,0,2,0,53.4
Male,21,African-American,1,0,0,0,9,1,20.333333333333332
Male,41,Caucasian,0,0,0,0,4,0,44.416666666666664
Male,26,African-American,9,0,1,1,10,1,44.083333333333336
Male,31,Caucasian,4,0,0,0,8,1,699.9833333333333
Male,44,Hispanic,0,0,0,0,3,0,24.2
Female,42,African-American,17,3,0,0,10,1,192.43333333333334
Female,56,Caucasian,10,0,0,0,5,1,984.75
Female,46,Caucasian,0,0,0,0,1,0,13.333333333333334
Male,28,African-American,18,0,0,0,10,1,289.7
Male,41,Caucasian,3,0,0,0,5,1,45.78333333333333
Male,48,Caucasian,3,0,0,0,1,1,20.283333333333335
Male,43,Caucasian,11,0,0,0,5,1,2909.5
Male,43,Hispanic,3,0,0,0,3,1,54.18333333333333
Male,23,African-American,6,0,0,0,6,1,26.45
Male,36,African-American,25,0,2,1,10,1,23.883333333333333
Male,22,African-American,2,0,1,0,8,0,0.6666666666666666
Male,31,Other,0,0,0,0,1,0,67.4
Male,39,African-American,1,0,0,0,1,0,18.95
Male,54,Caucasian,14,0,0,0,4,1,672.2666666666667
Male,25,Caucasian,5,0,0,0,4,1,2445.15
Male,19,African-American,2,3,0,0,9,1,1036.9
Male,26,African-American,1,0,0,2,8,0,50.733333333333334
Male,40,Caucasian,7,0,0,0,8,0,992.3666666666667
Male,63,Caucasian,5,0,0,0,1,0,96.78333333333333
Male,23,Caucasian,0,0,0,0,3,1,31.433333333333334
Female,27,Other,0,0,0,0,3,1,64.8
Male,37,African-American,17,3,0,0,10,0,27.183333333333334
Male,38,African-American,8,0,0,0,6,1,235.71666666666667
Male,22,African-American,1,0,0,1,7,1,22.783333333333335
Female,29,African-American,1,0,0,0,2,1,-1.05
Female,35,African-American,4,0,0,0,5,0,48.483333333333334
Male,44,Caucasian,8,0,0,0,5,0,2183.4166666666665
Male,36,African-American,1,0,0,0,8,1,747.0333333333333
Male,30,Caucasian,0,0,0,0,1,0,21.283333333333335
Male,50,Caucasian,3,0,0,0,3,0,337.1166666666667
Male,26,African-American,1,0,0,0,4,0,22.166666666666668
Male,33,African-American,3,0,0,0,2,1,46.983333333333334
Male,32,Caucasian,0,0,0,0,1,0,22.55
Female,21,Caucasian,0,0,0,0,6,1,16.283333333333335
Male,41,African-American,8,0,0,0,2,1,30.15
Male,22,Caucasian,1,0,0,0,4,1,201.01666666666668
Male,20,African-American,0,0,0,2,5,1,188.13333333333333
Male,25,African-American,0,0,0,0,2,1,2166.0833333333335
Male,51,African-American,12,0,0,0,8,1,3638.7833333333333
Male,45,African-American,8,0,0,0,7,1,18.2
Male,23,Caucasian,5,1,0,1,5,1,1302.25
Male,26,African-American,1,0,0,0,3,0,30.0
Male,44,African-American,0,0,0,0,1,0,50.983333333333334
Male,29,Caucasian,1,0,0,0,3,0,50.21666666666667
Male,22,African-American,1,0,0,0,7,0,189.16666666666666
Male,70,Caucasian,0,0,0,0,1,0,14.35
Male,22,Caucasian,0,0,0,0,3,0,24.1
Male,25,African-American,1,0,0,0,2,0,23.333333333333332
Male,37,Caucasian,0,0,0,0,5,0,3043.4
Male,29,African-American,4,0,0,0,1,0,459.6333333333333
Male,33,African-American,1,0,0,0,2,1,77.35
Female,28,Other,0,0,0,0,2,0,22.333333333333332
Male,24,African-American,5,0,2,0,6,0,15.45
Male,29,African-American,5,0,0,0,3,1,333.21666666666664
Male,53,African-American,6,0,0,0,2,1,22.85
Male,42,Caucasian,8,0,0,0,4,0,24.8
Male,21,Caucasian,1,0,0,0,3,0,30.166666666666668
Male,27,African-American,5,0,0,0,10,1,674.2166666666667
Male,37,African-American,13,0,1,0,8,1,23.733333333333334
Male,24,African-American,4,0,0,0,9,1,1224.7666666666667
Female,20,Caucasian,3,0,2,1,10,1,18.416666666666668
Male,66,African-American,5,0,0,0,2,1,606.5833333333334
Male,31,African-American,8,0,0,0,9,0,6.233333333333333
Male,54,Caucasian,13,0,0,0,5,0,722.7166666666667
Male,45,African-American,13,0,0,0,7,1,146.55
Male,28,African-American,0,0,0,0,1,0,20.983333333333334
Male,60,Other,4,0,0,0,1,0,27.583333333333332
Female,24,Caucasian,9,0,0,0,10,1,213.13333333333333
Male,23,African-American,2,1,0,0,6,1,21.216666666666665
Female,24,Caucasian,2,0,0,1,9,0,3.65
Male,25,Caucasian,0,0,0,0,3,0,74.5
Female,45,African-American,9,0,0,0,7,1,1804.3666666666666
Female,32,Caucasian,0,0,0,0,1,0,13.483333333333333
Male,48,Hispanic,1,0,0,0,1,0,139.75
Male,22,African-American,1,0,0,0,9,1,2479.25
Male,42,Caucasian,6,0,0,0,3,0,-3.0
Male,28,Caucasian,1,0,0,0,5,0,28.35
Male,44,African-American,0,0,0,0,1,0,1011.8333333333334
Male,22,African-American,0,0,0,0,3,1,25.866666666666667
Female,35,Caucasian,2,0,0,0,3,0,45.11666666666667
Male,23,African-American,0,0,0,0,4,0,15.616666666666667
Male,33,African-American,3,0,0,0,4,0,3.7333333333333334
Male,31,Caucasian,11,0,0,0,7,1,20.183333333333334
Male,19,Caucasian,0,0,0,0,8,1,54.5
Male,25,African-American,0,0,0,0,7,0,7.583333333333333
Male,55,Caucasian,33,0,0,0,9,1,5809.633333333333
Male,27,Caucasian,0,0,0,0,10,1,666.7833333333333
Male,53,Caucasian,0,0,0,0,1,0,30.1
Female,40,Hispanic,4,0,0,0,3,1,121.73333333333333
Female,22,African-American,0,0,0,0,3,0,23.883333333333333
Female,39,African-American,1,0,0,0,5,0,1505.7
Male,52,African-American,0,0,0,0,1,1,26.433333333333334
Male,49,Caucasian,1,0,0,0,1,0,100.43333333333334
Male,25,Caucasian,0,0,0,0,1,0,20.433333333333334
Male,24,Caucasian,1,0,0,0,2,1,27.05
Female,45,Hispanic,0,0,0,0,1,0,26.75
Male,68,Caucasian,0,0,0,0,1,0,24.316666666666666
Male,45,Caucasian,8,0,0,0,1,0,30.066666666666666
Male,30,Caucasian,2,0,0,0,8,1,872.2166666666667
Male,29,African-American,8,0,0,0,2,0,987.1
Male,56,Caucasian,0,0,0,0,1,0,4.6
Male,34,African-American,4,0,0,0,6,1,23.633333333333333
Male,24,African-American,7,0,0,1,8,1,2337.9166666666665
Male,33,African-American,9,2,0,0,9,1,65.63333333333334
Male,31,Caucasian,10,0,0,0,2,1,43.583333333333336
Male,31,Caucasian,5,0,0,0,3,0,3024.05
Female,62,Caucasian,2,0,0,0,3,0,1053.7833333333333
Male,21,African-American,2,0,2,2,10,1,24.066666666666666
Male,44,Hispanic,0,0,0,0,1,0,20.966666666666665
Male,26,African-American,5,0,0,0,4,0,70.88333333333334
Male,38,Caucasian,1,0,0,0,1,1,18.266666666666666
Male,28,Caucasian,1,0,0,0,1,0,24.066666666666666
Female,58,Other,0,0,0,0,1,0,25.75
Male,50,Caucasian,2,0,0,0,1,1,18.616666666666667
Male,57,African-American,1,0,0,0,1,0,28.683333333333334
Male,34,African-American,1,0,0,0,2,0,25.566666666666666
Male,19,African-American,0,0,0,0,4,0,16.85
Male,22,Caucasian,0,0,0,0,4,1,67.55
Male,28,Caucasian,5,0,0,0,5,0,195.78333333333333
Male,44,African-American,9,0,0,0,8,0,607.9666666666667
Male,40,Caucasian,9,0,0,0,3,0,602.5333333333333
Male,25,African-American,1,0,0,0,2,1,22.066666666666666
Male,30,African-American,10,0,0,0,5,0,2525.5
Male,23,Caucasian,0,0,0,0,3,0,50.68333333333333
Female,35,African-American,12,0,0,0,7,1,20.666666666666668
Male,19,Hispanic,0,0,0,0,4,0,25.266666666666666
Male,28,African-American,5,0,0,0,9,1,1229.9666666666667
Male,32,African-American,0,0,0,0,9,0,1.1833333333333333
Female,22,African-American,0,0,0,0,7,0,20.133333333333333
Female,39,Caucasian,0,0,0,0,2,0,6.266666666666667
Male,42,Caucasian,1,0,0,0,1,0,23.7
Female,52,Caucasian,0,0,0,0,1,0,17.65
Male,41,Other,0,0,0,0,1,0,32.13333333333333
Male,47,Caucasian,4,0,0,0,5,1,775.6166666666667
Male,52,Other,13,0,0,0,7,1,41.68333333333333
Male,26,African-American,6,1,1,0,8,1,24.333333333333332
Male,25,African-American,1,0,0,0,2,1,27.85
Male,26,African-American,4,0,0,0,8,1,21.15
Female,31,African-American,4,0,0,0,4,0,71.75
Male,31,African-American,7,0,0,0,6,0,19.116666666666667
Male,23,African-American,4,0,0,2,8,1,21.783333333333335
Male,42,Caucasian,1,0,0,0,2,0,7030.083333333333
Male,28,African-American,11,0,1,0,9,1,40.43333333333333
Male,31,Hispanic,1,0,0,0,2,0,75.15
Male,36,Caucasian,9,0,0,0,7,0,23.5
Male,52,African-American,4,0,0,0,6,0,2088.866666666667
Male,50,Caucasian,2,0,0,0,3,0,24.116666666666667
Male,26,Hispanic,7,0,0,0,5,1,25.85
Male,28,Caucasian,0,0,0,0,7,0,1286.65
Male,43,African-American,23,0,0,0,7,0,25.533333333333335
Male,19,African-American,1,1,0,1,7,1,27.816666666666666
Male,39,Caucasian,21,0,0,0,10,0,4658.45
Male,22,African-American,0,0,0,0,4,0,44.68333333333333
Male,41,Other,31,0,0,0,9,1,5809.916666666667
Male,25,African-American,9,0,0,1,7,0,54.95
Male,29,African-American,0,0,0,0,2,1,24.7
Male,32,African-American,15,2,0,0,8,1,170.5
Female,31,Caucasian,2,0,0,1,8,1,26.916666666666668
Male,21,African-American,1,0,1,1,9,1,66.43333333333334
Male,31,Caucasian,1,0,0,0,7,1,790.6833333333333
Male,30,African-American,13,0,1,0,10,0,13.95
Male,29,African-American,4,0,0,0,1,0,459.6333333333333
Male,24,Caucasian,0,0,0,0,2,0,29.416666666666668
Male,47,Hispanic,0,0,0,0,1,0,24.916666666666668
Female,32,Other,0,0,0,0,2,0,49.18333333333333
Male,42,Caucasian,4,0,0,0,4,0,508.3333333333333
Male,27,African-American,1,0,0,0,2,0,74.85
Male,46,African-American,2,0,0,0,9,0,22.35
Male,31,Caucasian,6,0,0,0,5,0,29.016666666666666
Male,22,African-American,2,1,0,0,7,1,40.666666666666664
Male,27,African-American,5,0,0,0,8,0,21.55
Male,30,Caucasian,3,0,1,1,3,0,1567.8833333333334
Male,20,African-American,0,0,0,0,3,0,20.0
Male,25,Caucasian,9,0,1,0,9,1,2111.8333333333335
Male,46,Caucasian,26,0,0,0,7,1,4010.266666666667
Male,29,Other,0,0,0,0,2,0,46.4
Male,52,African-American,2,0,0,0,1,0,143.8
Male,30,Caucasian,1,0,0,0,2,0,845.75
Male,31,African-American,6,0,0,0,9,1,1273.3166666666666
Male,29,Caucasian,0,0,0,0,8,0,2158.55
Male,33,African-American,0,0,0,0,2,1,23.166666666666668
Male,25,Hispanic,2,0,0,0,5,1,16.233333333333334
Male,63,African-American,9,0,0,0,6,1,45.266666666666666
Male,26,African-American,4,0,1,0,8,0,1821.9
Male,28,Caucasian,0,0,0,0,7,0,25.05
Male,30,African-American,2,0,0,0,3,1,46.56666666666667
Male,24,African-American,1,0,0,3,2,0,21.266666666666666
Male,55,Caucasian,0,0,0,0,1,0,51.86666666666667
Male,29,African-American,2,0,0,0,4,1,18.566666666666666
Male,24,African-American,2,0,0,0,5,1,20.5
Male,24,African-American,1,0,0,1,3,1,15.0
Female,24,African-American,2,0,0,0,6,1,1391.95
Male,34,Hispanic,2,0,0,0,3,1,238.25
Male,27,Hispanic,1,0,0,0,5,0,45.083333333333336
Male,32,African-American,6,0,0,0,8,1,3123.266666666667
Female,32,Caucasian,2,0,0,0,2,1,23.783333333333335
Male,41,African-American,6,0,0,0,3,0,6360.583333333333
Male,23,Caucasian,0,0,0,0,4,0,169.43333333333334
Male,46,Caucasian,1,0,0,0,1,0,26.516666666666666
Female,31,Caucasian,9,0,0,0,7,1,639.0
Male,36,African-American,26,1,0,0,8,1,21.95
Male,26,African-American,7,0,0,0,8,0,21.966666666666665
Male,40,African-American,9,0,0,0,6,0,6.783333333333333
Male,28,Caucasian,11,0,0,0,6,1,26.416666666666668
Female,30,African-American,7,0,0,0,3,1,21.75
Male,44,Caucasian,1,0,0,0,3,0,9699.216666666667
Male,36,Caucasian,4,0,0,0,3,1,197.38333333333333
Male,60,African-American,43,0,0,0,8,0,912.4166666666666
Male,61,African-American,4,0,0,0,9,1,71.33333333333333
Male,24,Other,0,0,0,0,4,1,27.0
Male,33,African-American,16,0,0,0,9,1,21.233333333333334
Male,21,African-American,0,0,0,0,6,0,533.4166666666666
Female,39,African-American,2,0,0,0,7,0,1941.1
Female,26,Other,1,0,0,0,6,0,20.733333333333334
Male,35,African-American,7,0,0,0,6,0,27.8
Male,34,African-American,4,0,0,0,6,0,0.2833333333333333
Male,59,Other,20,0,0,0,3,1,4772.566666666667
Male,21,Other,1,0,0,0,6,1,94.1
Male,37,African-American,2,0,0,0,3,0,175.3
Male,33,African-American,5,0,0,0,9,1,31.7
Male,36,African-American,0,0,0,0,7,1,20.183333333333334
Male,26,Hispanic,9,0,0,1,7,1,21.45
Male,33,Caucasian,5,0,0,0,6,1,2862.55
Female,47,Caucasian,28,0,0,0,9,1,2825.883333333333
Female,42,African-American,6,0,0,0,9,0,627.85
Male,29,African-American,7,0,2,0,7,1,96.33333333333333
Male,27,African-American,20,0,0,2,10,0,19.95
Male,26,African-American,0,0,0,0,9,0,24.216666666666665
Male,27,African-American,1,0,0,0,8,0,47.416666666666664
Male,21,African-American,1,0,1,1,9,1,66.43333333333334
Female,29,African-American,2,0,0,0,10,0,56.266666666666666
Male,26,African-American,4,0,0,0,8,0,793.2666666666667
Male,25,African-American,0,0,0,0,4,1,22.15
Female,48,Caucasian,4,0,0,0,4,0,6.333333333333333
Male,41,Caucasian,1,0,0,0,6,0,151.08333333333334
Male,33,Caucasian,1,0,0,0,6,0,4135.15
Male,23,African-American,2,0,0,1,10,1,1923.55
Female,24,African-American,2,0,0,0,7,1,46.15
Male,21,African-American,3,1,2,2,10,1,20.933333333333334
Male,40,Caucasian,0,0,0,0,2,0,534.65
Female,33,African-American,3,0,0,0,4,0,25.75
Male,26,African-American,5,0,0,0,10,1,75.31666666666666
Male,41,African-American,16,2,0,0,7,1,-2.6
Male,47,Hispanic,0,0,0,0,5,0,68.51666666666667
Female,39,Caucasian,0,0,0,0,1,1,40.516666666666666
Male,76,Caucasian,1,0,0,0,1,0,41.8
Male,52,African-American,1,0,0,0,1,0,23.166666666666668
Male,41,African-American,14,2,0,1,8,1,142.41666666666666
Male,27,African-American,0,0,0,0,4,1,21.2
Male,30,African-American,9,0,0,0,10,1,1203.0833333333333
Female,38,African-American,7,0,0,0,10,1,941.0
Male,24,African-American,1,0,0,0,3,1,35.233333333333334
Male,21,African-American,0,0,0,0,7,1,77.9
Male,21,African-American,0,0,0,0,9,0,120.58333333333333
Female,20,Caucasian,2,0,0,0,9,0,0.18333333333333332
Male,23,Caucasian,2,0,0,0,7,1,3936.5333333333333
Male,32,Caucasian,2,0,0,0,4,0,26.666666666666668
Male,25,African-American,6,0,0,0,6,1,144.01666666666668
Male,61,African-American,13,0,0,0,7,0,20.2
Male,27,African-American,4,0,0,0,8,1,816.0666666666667
Male,25,Other,1,0,0,0,4,1,1632.7333333333333
Male,54,African-American,0,0,0,0,1,0,24.233333333333334
Male,23,African-American,10,0,0,1,10,1,96.83333333333333
Male,30,African-American,1,0,0,0,3,1,26.766666666666666
Male,43,African-American,10,0,0,0,8,0,54.25
Male,36,Caucasian,14,0,0,0,4,1,21.85
Female,29,Caucasian,7,0,0,0,6,1,192.91666666666666
Male,54,African-American,6,0,0,0,6,0,2537.2
Male,24,African-American,0,0,0,0,3,0,-11.183333333333334
Male,19,African-American,0,0,0,1,9,0,4598.65
Male,31,African-American,11,0,0,0,8,0,576.9333333333333
Female,35,African-American,0,0,0,0,2,0,17.533333333333335
Male,35,Caucasian,0,0,0,0,2,0,14.316666666666666
Male,32,African-American,26,2,0,0,10,1,24.5
Male,22,Caucasian,2,0,0,0,4,1,7.3
Female,41,African-American,7,0,0,0,4,1,26.85
Male,36,Caucasian,1,0,0,1,1,0,21.083333333333332
Female,45,Caucasian,2,0,0,0,5,0,174.0
Male,20,Caucasian,0,0,0,0,4,0,29.933333333333334
Male,27,Caucasian,2,0,0,0,4,0,487.05
Male,31,African-American,8,0,0,0,9,1,23.466666666666665
Male,19,African-American,2,0,2,0,10,1,28.6
Male,27,African-American,4,0,0,0,5,0,932.6666666666666
Male,27,African-American,8,0,0,1,7,1,26.05
Female,23,Caucasian,0,0,0,0,6,0,285.1166666666667
Male,22,African-American,0,0,0,0,7,1,1203.2833333333333
Male,31,African-American,13,4,0,0,9,0,6574.833333333333
Male,47,Hispanic,0,0,0,0,1,0,26.9
Male,20,Native American,1,0,1,0,9,1,120.56666666666666
Male,21,Caucasian,0,0,0,0,4,1,22.65
Male,29,African-American,0,0,0,0,7,1,4.7
Male,23,African-American,0,0,0,0,3,0,25.483333333333334
Male,21,African-American,0,0,0,0,2,0,28.433333333333334
Male,27,African-American,0,0,0,0,6,1,77.23333333333333
Female,25,Caucasian,1,0,0,0,3,0,3.1333333333333333
Male,32,Caucasian,5,0,0,0,5,1,22.1
Male,31,Caucasian,1,0,0,0,5,0,14.4
Male,41,Caucasian,2,0,0,0,1,0,24.466666666666665
Male,24,African-American,4,0,0,1,4,1,26.066666666666666
Male,52,African-American,1,0,0,0,3,0,409.3833333333333
Male,50,African-American,13,0,0,0,1,1,5830.816666666667
Female,45,Asian,6,0,0,0,3,1,46.96666666666667
Male,51,African-American,4,0,0,0,7,0,726.6
Male,31,African-American,1,0,0,0,1,0,46.0
Male,29,Caucasian,7,0,0,0,7,1,1095.1
Male,28,Caucasian,0,0,0,0,2,0,17.283333333333335
Male,49,Caucasian,10,0,0,0,5,1,1031.0
Male,38,Hispanic,7,1,0,1,7,1,27.916666666666668
Female,49,African-American,2,0,0,0,2,0,26.15
Male,56,Caucasian,1,0,0,0,1,0,24.783333333333335
Male,28,Caucasian,0,0,0,0,2,1,67.5
Male,32,Caucasian,0,0,0,0,3,0,13.55
Male,43,African-American,8,0,0,0,3,1,27.533333333333335
Female,30,African-American,4,0,1,0,3,0,7493.516666666666
Male,26,Hispanic,0,0,0,0,1,1,17.716666666666665
Female,26,African-American,3,0,0,0,5,1,23.166666666666668
Female,30,African-American,8,0,0,0,7,1,1084.75
Male,28,African-American,10,0,0,0,8,0,41.11666666666667
Male,39,African-American,1,0,0,0,2,0,44.61666666666667
Male,22,Caucasian,2,0,1,0,8,0,8805.9
Male,46,African-American,17,0,0,0,9,1,148.28333333333333
Female,30,African-American,0,0,0,0,6,0,24.3
Male,25,Caucasian,13,4,0,1,4,1,124.63333333333334
Male,26,Caucasian,7,0,0,0,7,1,4.1
Male,28,Caucasian,1,0,0,0,9,0,220.66666666666666
Male,21,African-American,1,0,0,0,6,0,798.2
Male,25,African-American,1,0,0,0,2,0,23.333333333333332
Male,30,African-American,0,0,0,0,1,0,6.55
Male,25,Other,1,0,0,0,4,1,40.85
Male,50,African-American,17,0,0,0,10,0,3113.2833333333333
Male,54,African-American,10,0,0,0,6,0,10361.3
Male,31,Caucasian,4,0,0,0,7,1,643.3166666666667
Male,21,African-American,0,0,0,0,2,1,24.116666666666667
Male,30,Caucasian,22,0,0,0,5,1,74.23333333333333
Male,25,African-American,7,0,0,0,9,1,3.9166666666666665
Male,39,Caucasian,1,0,0,0,3,0,8.066666666666666
Female,21,African-American,3,1,2,2,7,1,1417.6333333333334
Female,34,African-American,5,0,0,0,9,1,621.45
Male,22,African-American,2,0,0,0,5,0,5305.75
Male,27,African-American,1,0,0,0,3,1,30.883333333333333
Male,31,African-American,5,0,0,1,10,1,8085.783333333334
Male,25,African-American,3,0,0,0,9,0,479.3833333333333
Male,24,African-American,2,0,0,0,3,1,26.716666666666665
Male,40,Other,7,0,0,0,2,0,46.75
Male,34,Caucasian,4,0,0,0,5,0,27.75
Male,25,African-American,0,0,0,0,1,1,31.0
Female,27,Caucasian,6,0,0,0,10,0,28.683333333333334
Male,28,Caucasian,1,0,0,0,2,1,29.466666666666665
Male,38,Caucasian,2,0,0,0,3,1,221.4
Male,36,Caucasian,14,0,0,0,4,1,21.85
Male,31,Hispanic,0,0,0,0,2,0,40.2
Female,23,Caucasian,0,0,0,0,6,1,41.266666666666666
Male,58,Caucasian,5,0,0,0,3,1,29.483333333333334
Male,25,Caucasian,2,0,0,0,5,1,264.55
Male,26,Caucasian,7,0,0,0,8,1,2.5833333333333335
Male,47,Caucasian,3,0,0,0,5,0,1514.4
Female,32,African-American,3,0,0,0,2,0,728.5166666666667
Male,51,African-American,0,0,0,0,4,1,27.283333333333335
Male,25,Caucasian,0,0,0,0,7,0,22.4
Female,24,Caucasian,9,0,0,0,10,1,213.13333333333333
Male,27,African-American,10,0,1,0,9,0,477.78333333333336
Female,52,Caucasian,0,0,0,0,1,0,18.8
Male,59,African-American,4,0,0,0,3,1,24.383333333333333
Male,21,African-American,0,0,0,0,6,0,48.36666666666667
Male,29,Caucasian,1,0,0,0,2,1,2.4166666666666665
Male,21,African-American,0,0,0,1,8,1,156.35
Male,26,Hispanic,9,0,0,0,8,0,434.5
Male,35,Caucasian,4,0,0,0,2,0,4077.516666666667
Male,24,Caucasian,9,0,0,1,10,1,242.15
Male,23,African-American,0,0,0,1,3,0,5497.3
Male,28,African-American,2,0,0,0,2,1,33.78333333333333
Male,41,African-American,9,0,0,0,5,0,4153.7
Male,39,Caucasian,1,0,0,0,1,0,19.283333333333335
Male,21,African-American,1,0,0,0,4,1,32.733333333333334
Male,21,African-American,0,0,0,0,9,1,2335.95
Male,26,Other,1,0,0,0,4,1,54.93333333333333
Male,41,Caucasian,10,0,0,0,5,0,1.6
Male,36,Hispanic,11,0,0,0,7,0,1894.2166666666667
Female,54,Caucasian,1,0,0,0,2,0,3.7666666666666666
Male,32,African-American,10,0,3,0,6,1,92.08333333333333
Male,75,Caucasian,1,0,0,0,4,1,727.8
Male,38,African-American,7,0,0,0,6,0,815.5833333333334
Female,35,Hispanic,3,0,0,0,1,0,80.05
Male,20,African-American,1,1,0,0,8,1,5231.233333333334
Male,43,African-American,18,0,0,0,4,1,221.66666666666666
Male,52,Other,0,0,0,0,5,1,169.53333333333333
Male,30,Caucasian,1,0,0,0,1,0,21.516666666666666
Female,25,Caucasian,0,0,0,0,4,0,26.45
Male,37,African-American,2,0,0,0,4,1,15.166666666666666
Male,24,African-American,2,0,0,0,6,1,22.983333333333334
Female,24,Caucasian,9,0,0,0,10,1,213.13333333333333
Male,28,African-American,3,0,0,0,6,1,43.833333333333336
Male,21,African-American,0,0,0,0,9,1,2335.95
Male,59,African-American,22,0,0,0,6,1,1661.8333333333333
Male,37,African-American,7,0,0,0,7,0,29.466666666666665
Male,42,Caucasian,1,0,0,0,3,0,2513.8
Male,27,African-American,3,0,0,0,9,0,4970.95
Male,26,Caucasian,9,1,0,0,9,1,1207.7
Female,34,Caucasian,1,0,0,0,6,0,617.0333333333333
Male,32,Caucasian,15,2,0,1,9,1,1701.4833333333333
Male,23,African-American,1,0,0,0,7,0,63.666666666666664
Male,30,African-American,12,4,0,0,9,1,219.2
Male,25,African-American,3,0,1,0,10,1,1933.5166666666667
Male,31,Caucasian,0,0,0,0,1,0,49.15
Male,54,Other,0,0,0,0,1,0,71.95
Male,23,African-American,1,0,0,0,6,0,4273.383333333333
Male,22,African-American,1,0,0,0,8,0,874.4166666666666
Male,66,Caucasian,1,0,0,0,1,1,117.91666666666667
Male,30,African-American,0,0,0,0,2,1,22.133333333333333
Male,18,African-American,2,3,0,0,9,1,2037.4833333333333
Male,32,Hispanic,3,0,0,0,3,0,6.133333333333334
Male,49,Caucasian,1,0,0,0,1,1,502.3833333333333
Male,51,Other,0,0,0,0,1,1,25.85
Male,59,African-American,4,0,0,0,1,0,1593.3333333333333
Male,27,Caucasian,0,0,0,0,2,0,26.966666666666665
Male,70,Hispanic,0,0,0,0,1,0,21.0
Male,69,Caucasian,6,0,0,0,2,1,24.166666666666668
Male,27,Caucasian,0,0,0,0,6,1,41.2
Male,23,Caucasian,5,0,0,0,8,1,337.4
Male,21,African-American,1,0,0,0,4,1,24.516666666666666
Male,50,African-American,12,0,0,0,1,1,24.05
Male,43,African-American,1,0,0,0,6,1,760.7
Female,27,African-American,1,0,0,0,4,0,13.833333333333334
Male,19,African-American,0,0,0,0,4,1,21.783333333333335
Female,25,African-American,2,0,0,0,8,1,9794.183333333332
Male,23,African-American,6,0,0,0,4,1,121.83333333333333
Female,31,Caucasian,3,0,0,0,5,0,14.55
Male,30,African-American,1,0,0,0,3,1,412.15
Male,36,Other,0,0,0,0,4,0,4288.45
Female,40,Caucasian,1,0,0,0,1,0,1247.2666666666667
Female,33,Caucasian,7,0,0,0,6,0,18.5
Female,45,Caucasian,1,0,0,0,3,1,24.616666666666667
Male,28,African-American,1,0,0,0,4,1,381.8666666666667
Male,40,Caucasian,0,0,0,0,1,1,21.166666666666668
Male,47,African-American,1,0,0,0,1,0,119.63333333333334
Male,21,Caucasian,0,0,0,0,7,1,17.9
Male,37,African-American,1,0,0,0,5,0,8179.15
Male,33,Caucasian,3,0,0,0,5,0,983.15
Female,25,African-American,0,0,0,0,4,0,40.666666666666664
Female,30,Caucasian,4,0,0,0,6,0,711.1666666666666
Male,40,Hispanic,8,0,0,0,5,1,5.9
Male,20,Hispanic,2,2,0,0,8,1,505.6666666666667
Male,31,African-American,15,0,0,0,10,0,2497.2
Female,53,Caucasian,6,0,0,0,5,1,259.75
Male,56,African-American,24,0,0,0,8,0,153.11666666666667
Male,54,African-American,11,0,0,0,8,0,26.416666666666668
Male,30,African-American,10,0,0,0,4,1,46.766666666666666
Male,24,African-American,3,0,0,0,3,1,22.6
Male,29,African-American,1,0,0,0,2,1,901.2833333333333
Male,36,Caucasian,0,0,0,0,3,0,21.616666666666667
Male,31,Caucasian,3,0,0,0,4,1,19.8
Female,44,African-American,11,0,1,0,8,1,367.78333333333336
Male,65,Other,0,0,0,0,1,0,18.283333333333335
Male,64,African-American,20,0,0,0,7,0,49.63333333333333
Male,48,Caucasian,1,0,0,0,7,1,3096.383333333333
Female,24,Caucasian,9,0,0,0,10,1,213.13333333333333
Male,39,Caucasian,4,0,0,0,2,0,24.9
Male,53,Caucasian,1,0,0,0,1,0,20.733333333333334
Male,30,Hispanic,5,0,0,0,3,1,52.86666666666667
Female,28,Caucasian,0,0,0,0,6,0,48.1
Male,25,African-American,2,1,0,0,9,1,26.066666666666666
Male,25,African-American,9,0,0,0,9,1,2033.7333333333333
Male,62,Hispanic,1,0,0,0,1,0,214.31666666666666
Male,44,Caucasian,2,0,0,0,1,0,25.8
Male,26,African-American,5,0,0,0,4,0,23.116666666666667
Male,20,African-American,0,0,0,0,3,1,26.033333333333335
Male,48,Hispanic,2,0,0,0,6,0,22.916666666666668
Male,52,African-American,15,0,0,0,4,1,22.233333333333334
Female,21,African-American,0,0,0,0,7,1,2.4833333333333334
Female,22,African-American,0,0,0,0,4,1,25.2
Male,37,African-American,4,0,0,0,4,0,2231.2833333333333
Male,25,African-American,1,0,0,0,3,1,23.783333333333335
Male,52,Hispanic,0,0,0,0,1,0,20.783333333333335
Male,30,Caucasian,7,0,0,0,7,0,94.11666666666666
Female,37,African-American,7,1,0,0,3,0,46.03333333333333
Male,39,African-American,0,0,0,0,1,0,433.75
Male,30,African-American,6,0,0,0,5,1,13.583333333333334
Female,24,African-American,0,0,0,0,3,0,24.5
Male,25,African-American,6,0,0,0,9,0,52.46666666666667
Male,20,African-American,0,0,0,0,3,1,66.73333333333333
Male,21,African-American,0,0,0,0,4,1,101.33333333333333
Male,26,African-American,5,0,0,0,8,1,869.9
Male,26,African-American,1,0,0,0,6,1,717.9
Male,27,African-American,2,0,0,1,9,1,956.2666666666667
Male,36,Other,4,0,0,0,4,0,6242.116666666667
Male,28,African-American,7,0,0,0,5,1,1869.0
Female,33,African-American,7,0,0,0,9,1,628.3
Female,20,African-American,1,1,0,0,10,0,66.5
Male,25,African-American,0,0,0,0,5,1,46.583333333333336
Male,24,Other,2,0,0,0,3,0,46.86666666666667
Male,29,African-American,0,0,0,0,2,1,24.7
Male,23,African-American,0,0,0,0,3,0,25.666666666666668
Male,60,African-American,19,0,0,0,8,1,936.1333333333333
Male,26,Caucasian,10,0,0,0,7,1,6.816666666666666
Male,36,Caucasian,6,0,0,0,7,0,56.68333333333333
Male,41,African-American,18,1,0,0,6,1,7176.516666666666
Male,43,African-American,4,0,0,0,1,1,621.6166666666667
Female,36,African-American,3,0,0,0,6,1,4.2
Male,27,African-American,4,0,0,0,7,0,1202.7666666666667
Male,28,African-American,8,0,0,0,6,1,83.11666666666666
Male,43,African-American,18,0,0,0,4,1,221.66666666666666
Male,41,Caucasian,14,0,0,0,6,1,151.16666666666666
Male,19,Caucasian,5,1,3,2,9,1,685.9
Female,49,Caucasian,1,0,0,0,1,0,26.066666666666666
Male,37,African-American,9,0,0,0,6,1,25.0
Male,24,African-American,1,0,0,0,8,1,331.73333333333335
Male,65,African-American,2,0,0,0,2,1,123.8
Female,25,African-American,1,0,0,0,7,0,2450.7
Male,26,African-American,7,0,0,0,10,1,67.85
Male,36,African-American,3,0,0,0,2,1,57.7
Female,57,Caucasian,2,0,0,0,1,0,7.816666666666666
Male,39,African-American,3,0,0,0,4,1,918.8333333333334
Male,53,Caucasian,2,0,0,0,1,0,414.4
Male,28,African-American,2,0,0,0,4,1,68.81666666666666
Male,42,African-American,1,0,0,0,4,1,31.283333333333335
Female,28,Caucasian,7,0,0,0,9,1,24.516666666666666
Female,27,African-American,3,0,0,0,5,0,21.166666666666668
Female,70,African-American,1,0,0,0,1,0,47.86666666666667
Male,46,Hispanic,1,0,0,0,1,0,20.85
Male,34,Caucasian,8,0,0,0,7,0,1658.3166666666666
Male,30,African-American,11,0,0,0,7,1,24.183333333333334
Male,36,Caucasian,4,0,0,0,1,1,282.26666666666665
Male,31,African-American,12,0,0,0,8,0,25.25
Male,53,Caucasian,2,0,0,0,1,0,25.416666666666668
Male,26,African-American,1,0,0,0,7,0,76.1
Male,36,Caucasian,3,0,0,0,5,0,700.6666666666666
Male,42,African-American,10,0,0,0,9,0,1610.95
Male,45,Caucasian,1,0,0,0,5,1,663.7
Female,24,African-American,1,0,0,0,4,0,195.25
Male,41,Hispanic,9,0,0,0,2,0,223.43333333333334
Male,23,African-American,2,0,0,0,3,1,2405.6666666666665
Male,26,African-American,3,0,0,0,10,1,46.21666666666667
Male,24,African-American,1,0,0,0,3,1,23.866666666666667
Male,44,Caucasian,0,0,0,0,7,1,507.01666666666665
Male,37,African-American,0,0,0,0,1,0,315.2
Male,21,Caucasian,6,0,1,0,9,0,4514.916666666667
Male,28,African-American,10,0,0,0,5,1,485.6166666666667
Male,26,African-American,1,0,0,0,9,0,-4.133333333333334
Male,37,African-American,4,0,0,0,2,0,24.9
Male,30,Hispanic,7,0,0,0,8,1,6.65
Male,28,Hispanic,1,0,0,0,3,0,14.85
Male,32,African-American,4,0,0,0,5,0,2592.55
Male,22,African-American,1,0,0,0,6,1,510.76666666666665
Female,32,African-American,13,0,1,0,6,0,9940.366666666667
Male,37,African-American,17,3,0,0,10,0,27.183333333333334
Male,28,African-American,3,0,0,0,6,1,768.3666666666667
Female,58,African-American,4,0,0,0,2,1,24.133333333333333
Male,51,Caucasian,1,0,0,0,1,0,25.816666666666666
Male,25,African-American,3,0,0,0,8,0,24.733333333333334
Male,24,Other,0,0,0,0,3,0,3.4166666666666665
Male,25,Caucasian,1,0,0,0,3,0,-5.3
Male,27,African-American,5,0,0,0,3,0,939.6
Male,56,African-American,12,0,0,0,5,1,40.38333333333333
Female,45,African-American,1,0,0,0,1,0,70.01666666666667
Male,55,Caucasian,0,0,0,0,1,0,20.666666666666668
Male,46,African-American,15,0,0,1,7,1,166.23333333333332
Male,33,African-American,4,0,0,0,8,0,124.55
Male,42,Caucasian,1,0,0,0,1,0,66.11666666666666
Male,43,Caucasian,8,0,0,0,3,0,38.55
Male,22,African-American,3,0,0,0,3,1,210.28333333333333
Female,39,African-American,7,0,1,0,2,0,4287.066666666667
Male,26,African-American,5,0,1,0,5,0,26.716666666666665
Female,20,Caucasian,1,0,0,0,8,1,412.26666666666665
Female,21,Caucasian,5,0,0,0,6,0,30.333333333333332
Male,58,African-American,6,0,0,0,6,0,3457.866666666667
Male,53,Caucasian,3,0,0,0,2,0,4328.9
Male,55,Caucasian,0,0,0,0,1,0,54.03333333333333
Male,22,Caucasian,3,0,0,0,10,1,255.43333333333334
Female,33,African-American,0,0,0,0,8,0,22.65
Male,43,Caucasian,3,0,0,0,2,0,241.2
Male,33,African-American,6,0,0,0,6,0,19.683333333333334
Female,39,African-American,0,0,0,0,2,0,5.383333333333334
Male,24,Caucasian,1,0,0,0,10,1,896.35
Male,21,African-American,3,0,0,0,7,1,20.933333333333334
Male,19,Caucasian,0,0,0,0,8,1,54.5
Male,24,Caucasian,0,0,0,0,2,1,32.55
Male,44,Caucasian,3,0,0,0,1,0,4.066666666666666
Male,22,Caucasian,2,0,0,1,5,1,596.7333333333333
Male,44,African-American,3,0,0,0,7,0,78.08333333333333
Male,29,African-American,4,3,0,1,9,0,163.7
Male,50,Other,0,0,0,0,1,0,24.033333333333335
Female,23,African-American,4,0,0,1,10,0,111.58333333333333
Male,31,African-American,9,0,0,0,7,1,22.15
Male,25,African-American,21,0,1,0,10,1,55.3
Male,29,Caucasian,2,0,0,0,2,0,551.6666666666666
Male,51,African-American,0,0,0,0,1,0,26.35
Male,43,Caucasian,6,0,0,0,4,1,236.6
Male,34,Caucasian,0,0,0,0,1,0,1.4333333333333333
Male,35,African-American,0,0,0,0,5,0,172.43333333333334
Male,57,African-American,8,0,0,0,4,1,-10.25
Male,21,African-American,1,0,0,0,6,1,52.65
Male,22,African-American,3,0,0,0,6,1,41.166666666666664
Female,38,Caucasian,3,0,0,0,4,0,21.95
Male,49,Hispanic,1,0,0,0,1,1,128.15
Male,30,African-American,2,0,0,0,10,0,26.366666666666667
Male,56,African-American,4,0,0,0,1,0,49.31666666666667
Male,31,Caucasian,5,0,0,0,2,0,3169.116666666667
Male,47,Hispanic,3,0,0,0,6,1,142.71666666666667
Female,48,Caucasian,4,0,0,0,4,0,6.333333333333333
Male,22,Caucasian,0,0,0,0,4,0,23.433333333333334
Male,31,Caucasian,9,0,0,1,8,0,7460.783333333334
Male,21,African-American,0,0,0,0,9,1,26.916666666666668
Male,22,Hispanic,0,0,0,0,2,1,19.516666666666666
Male,45,Caucasian,7,0,0,0,6,0,4.283333333333333
Male,32,African-American,7,0,0,0,9,1,889.0333333333333
Male,33,African-American,3,0,0,0,5,0,66.41666666666667
Male,21,African-American,2,0,1,0,9,1,506.93333333333334
Male,42,African-American,7,1,0,0,9,1,47.71666666666667
Male,60,African-American,12,0,0,0,3,0,26.4
Male,24,African-American,2,0,0,0,6,0,99.08333333333333
Male,72,African-American,8,0,0,0,4,0,62.35
Male,26,African-American,3,0,0,0,10,1,46.21666666666667
Male,24,Caucasian,3,0,0,0,8,1,146.93333333333334
Female,31,Caucasian,9,0,0,0,7,1,639.0
Male,30,Caucasian,4,0,0,0,4,0,91.95
Male,40,African-American,1,0,0,0,3,0,27.266666666666666
Female,27,African-American,3,0,0,0,5,1,24.016666666666666
Male,28,African-American,2,0,0,0,5,0,817.15
Male,27,African-American,7,0,0,0,7,1,664.5333333333333
Male,50,African-American,15,0,0,0,8,0,24.666666666666668
Male,22,African-American,0,0,0,0,5,0,841.7666666666667
Male,26,African-American,5,0,0,0,8,1,869.9
Female,41,African-American,0,0,0,0,1,0,26.616666666666667
Male,44,Asian,2,0,0,0,2,0,8613.366666666667
Male,48,Caucasian,0,0,0,0,1,0,24.05
Male,22,Caucasian,2,0,0,0,3,1,20.516666666666666
Male,25,African-American,4,0,0,0,10,0,6296.6
Male,22,Caucasian,3,0,2,0,8,1,31.183333333333334
Male,21,African-American,1,0,0,0,4,1,32.733333333333334
Male,23,Caucasian,5,0,0,0,8,1,337.4
Male,39,Caucasian,3,0,0,0,4,1,70.33333333333333
Male,52,Other,13,0,0,0,7,1,41.68333333333333
Male,68,Caucasian,4,0,0,0,1,0,269.2
Male,21,African-American,2,0,0,0,10,1,2065.7833333333333
Male,30,African-American,9,1,0,0,4,1,30.833333333333332
Male,27,Caucasian,0,0,0,0,1,0,12.75
Male,28,African-American,1,0,0,0,3,0,51.483333333333334
Female,31,African-American,2,0,0,0,5,1,4227.283333333334
Male,43,Caucasian,1,0,0,0,2,1,1558.15
Male,24,African-American,0,0,0,0,5,0,52.65
Male,29,African-American,17,0,0,1,9,1,31.566666666666666
Male,37,African-American,24,2,3,0,8,0,478.93333333333334
Male,34,Caucasian,3,0,0,0,2,1,197.66666666666666
Male,20,African-American,1,0,0,0,6,1,389.26666666666665
Male,37,Hispanic,3,0,0,0,1,1,55.35
Male,28,African-American,9,0,0,0,3,1,388.1333333333333
Male,21,African-American,0,0,0,0,9,1,43.75
Male,41,Caucasian,3,0,0,0,9,0,562.9666666666667
Male,49,African-American,1,0,0,0,1,0,599.25
Male,36,African-American,16,0,0,0,5,1,5.466666666666667
Male,29,African-American,0,0,0,0,7,0,7.833333333333333
Male,34,Caucasian,0,0,0,0,2,0,25.383333333333333
Male,36,Caucasian,3,0,0,0,3,0,165.95
Male,21,Caucasian,3,0,2,1,10,1,27.816666666666666
Female,41,African-American,6,0,0,0,2,0,79.31666666666666
Male,21,Hispanic,2,0,0,3,9,0,9190.9
Male,21,African-American,1,0,1,0,4,1,28.2
Male,20,African-American,0,0,0,2,5,1,17.5
Female,34,Caucasian,0,0,0,0,8,1,749.95
Male,22,African-American,4,0,0,0,8,0,18.466666666666665
Female,26,African-American,4,0,0,0,7,1,22.3
Male,31,African-American,9,0,0,0,4,0,1823.4666666666667
Male,23,African-American,1,0,0,1,7,0,22.2
Male,44,Caucasian,0,0,0,0,2,1,213.51666666666668
Male,20,African-American,3,0,3,0,8,1,-3.316666666666667
Male,35,Caucasian,0,0,0,0,3,0,24.15
Male,37,African-American,13,0,1,0,8,1,23.733333333333334
Male,32,Caucasian,2,0,0,0,2,1,124.96666666666667
Male,23,African-American,5,0,0,1,9,1,119.63333333333334
Male,27,African-American,1,0,0,0,8,0,47.416666666666664
Male,24,African-American,2,0,0,0,9,1,50.733333333333334
Male,27,Caucasian,7,0,0,0,4,0,3886.05
Male,36,African-American,2,0,0,0,6,1,71.15
Male,30,African-American,0,0,0,0,1,1,5.833333333333333
Male,21,African-American,1,0,0,0,10,1,2065.4333333333334
Male,30,African-American,1,0,0,0,2,0,2009.1166666666666
Male,19,Caucasian,0,0,0,0,2,0,16.55
Male,21,African-American,1,0,0,0,8,0,3311.3
Male,23,Other,2,0,0,0,7,0,1080.6166666666666
Male,31,African-American,1,0,0,0,10,0,21.783333333333335
Male,24,Caucasian,0,0,0,0,2,0,43.483333333333334
Male,26,Other,1,0,0,0,4,1,54.93333333333333
Male,34,Caucasian,0,0,0,1,2,0,21.816666666666666
Female,34,Caucasian,0,0,0,0,7,1,50.95
Male,27,African-American,15,0,0,0,10,1,1172.1666666666667
Female,21,African-American,1,0,1,0,6,1,22.766666666666666
Male,41,Hispanic,0,0,0,0,1,1,27.65
Male,44,Caucasian,0,0,0,0,4,0,283.31666666666666
Male,35,African-American,1,0,0,0,6,1,1540.0666666666666
Male,27,African-American,2,1,0,0,8,0,46.083333333333336
Male,20,African-American,0,0,0,1,3,0,15.116666666666667
Female,21,Caucasian,1,0,0,0,9,0,651.6666666666666
Male,24,African-American,1,0,0,0,4,0,25.033333333333335
Female,45,African-American,2,0,0,0,3,0,286.93333333333334
Male,20,Other,3,0,2,1,2,1,24.65
Male,48,Caucasian,6,0,0,0,2,0,141.8
Male,48,Caucasian,9,0,0,0,6,0,25.15
Male,37,Caucasian,2,0,0,0,1,1,118.05
Male,51,African-American,0,0,0,0,1,0,19.9
Male,32,Caucasian,0,0,0,0,2,0,22.566666666666666
Male,58,African-American,1,0,0,0,1,0,1463.9333333333334
Male,66,Caucasian,0,0,0,0,1,0,30.35
Male,40,Caucasian,9,1,0,0,9,0,22.816666666666666
Male,22,Caucasian,3,0,1,2,6,0,909.8666666666667
Female,49,African-American,0,0,0,0,1,0,29.366666666666667
Male,57,Caucasian,21,0,0,0,1,1,515.1
Female,60,Caucasian,0,0,0,0,1,1,25.466666666666665
Female,60,Caucasian,0,0,0,0,1,0,21.033333333333335
Male,22,Other,3,0,0,1,3,0,50.15
Male,41,African-American,13,0,0,0,10,1,15.733333333333333
Male,30,African-American,1,0,0,0,1,0,21.783333333333335
Male,29,Caucasian,2,0,0,0,6,0,6.033333333333333
Female,52,Caucasian,23,0,0,0,7,1,1496.7833333333333
Female,50,Caucasian,30,0,0,0,6,1,89.5
Male,26,African-American,1,0,0,0,1,0,341.45
Male,31,Hispanic,16,0,0,0,10,1,11582.116666666667
Male,24,African-American,2,0,0,0,8,1,1194.4
Male,36,Caucasian,3,0,0,0,3,0,165.95
Male,49,Caucasian,2,0,0,0,4,0,532.5333333333333
Female,26,Caucasian,1,0,0,0,7,0,91.56666666666666
Male,24,African-American,0,0,0,0,7,1,22.233333333333334
Male,22,African-American,0,0,0,0,5,1,26.133333333333333
Male,43,Caucasian,3,0,0,0,3,0,26.3
Male,75,Caucasian,1,0,0,0,4,1,727.8
Male,21,African-American,1,0,0,0,8,1,322.4
Male,46,Hispanic,12,0,0,0,6,1,970.9333333333333
Female,42,Other,2,0,0,0,3,0,338.23333333333335
Male,31,African-American,2,0,0,0,7,1,74.03333333333333
Male,22,Caucasian,5,0,0,0,5,1,16.166666666666668
Male,38,Caucasian,2,0,0,0,3,0,456.8666666666667
Female,36,African-American,0,0,0,0,6,0,20.433333333333334
Male,22,African-American,2,1,0,0,7,1,40.666666666666664
Female,32,African-American,1,0,0,0,4,0,143.83333333333334
Male,35,Caucasian,2,0,0,0,2,1,821.5666666666667
Male,25,African-American,21,0,13,1,9,1,2826.2166666666667
Male,28,African-American,4,0,0,0,2,1,13.3
Female,32,African-American,3,0,0,0,2,0,728.5166666666667
Male,46,African-American,3,0,0,0,2,0,4264.183333333333
Male,48,African-American,8,0,0,0,8,0,797.1833333333333
Male,48,Caucasian,1,0,0,0,1,0,435.8666666666667
Female,21,Caucasian,0,0,0,0,7,0,52.0
Male,62,Caucasian,2,0,0,0,1,0,78.01666666666667
Male,53,Other,0,0,0,0,1,0,4.1
Male,28,Caucasian,2,0,0,0,1,0,28.5
Female,23,African-American,3,0,0,0,8,1,888.3666666666667
Female,52,Caucasian,0,0,0,0,1,0,0.5666666666666667
Male,37,African-American,2,0,0,0,7,0,838.2166666666667
Male,43,African-American,15,0,0,0,9,1,22.316666666666666
Male,30,African-American,21,0,2,0,7,1,29.616666666666667
Female,33,African-American,0,0,0,0,2,0,41.11666666666667
Female,24,African-American,1,0,0,0,9,0,90.76666666666667
Male,27,African-American,11,0,0,0,10,1,5356.1
Male,55,Caucasian,18,0,0,0,2,1,894.4166666666666
Female,21,African-American,0,0,0,0,6,0,24.516666666666666
Female,39,African-American,22,0,0,0,6,1,42.266666666666666
Female,20,African-American,0,0,0,0,6,0,20.133333333333333
Male,22,African-American,1,0,0,0,3,1,403.95
Male,21,African-American,0,0,0,0,9,1,26.916666666666668
Male,40,African-American,1,0,0,0,1,1,7.083333333333333
Male,38,Caucasian,5,0,0,0,4,1,68.26666666666667
Male,61,Caucasian,3,0,0,0,2,1,20.416666666666668
Female,24,Caucasian,0,0,0,0,5,0,5.483333333333333
Male,24,Hispanic,2,1,0,4,7,0,20.4
Male,21,African-American,2,0,0,0,9,1,436.43333333333334
Male,43,African-American,4,0,0,0,1,1,44.7
Male,22,Caucasian,3,0,0,0,7,1,3412.133333333333
Female,33,African-American,1,0,0,0,4,0,24.383333333333333
Male,19,African-American,2,0,1,0,7,1,13.216666666666667
Male,41,African-American,24,1,1,0,10,1,27.05
Male,58,African-American,16,0,0,0,9,1,701.4333333333333
Female,48,African-American,18,0,0,3,6,1,1297.2833333333333
Male,58,Caucasian,2,0,0,0,8,0,3857.483333333333
Male,26,African-American,7,0,0,0,7,0,458.23333333333335
Female,40,Other,4,0,0,0,4,0,510.0
Female,52,African-American,2,0,0,0,1,1,25.866666666666667
Male,41,African-American,8,0,0,0,4,0,38.3
Male,20,Caucasian,0,0,0,0,3,0,-3.5
Female,69,Caucasian,5,0,0,0,3,0,24.216666666666665
Male,40,Caucasian,1,0,0,0,1,0,1469.1166666666666
Female,61,African-American,1,0,0,0,6,0,1247.6666666666667
Male,37,Hispanic,2,0,0,0,1,1,23.5
Male,24,African-American,12,0,5,0,9,1,887.1166666666667
Male,32,African-American,6,0,0,0,4,0,17.883333333333333
Male,44,African-American,3,0,0,0,6,0,68.4
Female,56,Native American,0,0,0,0,1,0,18.566666666666666
Male,29,Caucasian,2,0,0,0,9,1,17.766666666666666
Female,37,Caucasian,2,0,0,0,8,1,26.4
Male,46,Caucasian,2,0,0,0,3,1,53.65
Female,24,African-American,6,0,0,0,6,0,7440.15
Female,35,African-American,13,0,0,0,8,0,57.0
Male,25,African-American,0,0,0,0,3,0,26.9
Male,36,African-American,0,0,0,0,1,0,21.95
Male,30,African-American,14,0,0,0,8,1,1538.7166666666667
Male,29,African-American,3,0,0,0,4,0,21.866666666666667
Male,58,African-American,16,0,0,0,6,1,1641.7833333333333
Female,28,Caucasian,1,0,0,0,5,0,15.166666666666666
Male,21,Caucasian,1,0,0,0,6,1,30.633333333333333
Female,23,African-American,0,0,0,0,6,1,28.05
Male,37,African-American,18,0,0,0,9,0,3600.4333333333334
Male,51,Caucasian,3,0,0,0,1,1,26.9
Male,39,Caucasian,1,0,0,0,1,0,21.666666666666668
Male,25,Caucasian,1,0,0,0,3,0,26.266666666666666
Female,38,Caucasian,1,0,0,0,4,0,-1.0333333333333334
Female,35,Caucasian,3,0,0,0,3,0,7.066666666666666
Male,23,Hispanic,2,0,0,0,4,0,551.4833333333333
Male,25,Caucasian,5,0,0,0,10,1,841.4
Male,48,African-American,0,0,0,0,1,0,27.933333333333334
Male,20,African-American,1,0,0,0,6,1,389.26666666666665
Female,26,Caucasian,2,0,0,0,6,1,792.55
Male,36,Caucasian,0,0,0,0,1,0,23.55
Male,23,Caucasian,3,0,0,1,4,1,989.9666666666667
Male,38,Caucasian,2,0,0,0,4,1,1148.9
Female,46,African-American,0,0,0,0,1,0,58.11666666666667
Male,29,Caucasian,6,0,0,0,4,1,15.8
Male,33,African-American,13,0,0,0,6,1,6.216666666666667
Male,44,Caucasian,7,0,0,0,6,0,6098.55
Male,32,Caucasian,5,0,0,0,9,1,1322.6166666666666
Male,27,Caucasian,5,0,0,0,6,0,720.2333333333333
Male,32,African-American,1,0,0,0,6,1,525.2666666666667
Female,27,African-American,2,0,0,0,7,0,45.083333333333336
Male,30,Caucasian,7,0,0,0,7,0,94.11666666666666
Male,32,African-American,6,0,0,0,2,0,796.6666666666666
Male,37,Caucasian,1,0,0,0,7,1,196.96666666666667
Male,25,Caucasian,2,0,0,0,5,1,29.366666666666667
Female,28,Caucasian,1,0,0,0,7,1,236.16666666666666
Male,30,African-American,7,0,0,0,8,1,6.516666666666667
Male,20,African-American,2,1,0,0,10,1,29.466666666666665
Male,46,African-American,3,0,0,0,6,1,705.5333333333333
Male,47,African-American,13,0,0,0,2,1,7.933333333333334
Female,22,African-American,0,0,0,1,10,0,23.216666666666665
Male,28,African-American,0,0,0,0,3,0,21.616666666666667
Male,21,Caucasian,0,0,0,0,8,1,5.533333333333333
Female,24,African-American,0,0,0,0,3,0,20.916666666666668
Male,25,African-American,4,0,0,0,7,1,22.433333333333334
Male,26,African-American,2,0,0,0,8,1,19.666666666666668
Male,34,African-American,8,0,2,0,6,0,18.583333333333332
Female,39,African-American,1,0,0,0,1,0,17.783333333333335
Male,27,African-American,6,0,0,0,7,1,46.18333333333333
Male,45,African-American,0,0,0,0,4,1,68.16666666666667
Male,27,Other,1,0,0,0,4,0,142.13333333333333
Female,29,African-American,1,0,0,0,1,0,-4.283333333333333
Female,26,African-American,0,0,0,0,3,0,31.233333333333334
Male,20,African-American,1,0,0,1,7,1,20.066666666666666
Male,31,Caucasian,4,0,1,1,8,1,47.733333333333334
Female,20,Caucasian,0,0,0,0,8,1,55.666666666666664
Male,31,Caucasian,2,0,0,0,3,1,22.433333333333334
Female,31,African-American,1,0,0,0,3,1,807.8
Female,21,Other,0,0,0,0,4,0,23.366666666666667
Female,39,African-American,4,0,0,0,6,0,77.33333333333333
Male,38,Caucasian,0,0,0,0,3,1,9.033333333333333
Male,23,Hispanic,1,0,1,2,5,0,22.3
Male,47,Caucasian,2,0,0,0,4,0,8.166666666666666
Male,22,Caucasian,0,0,0,0,8,0,1390.1333333333334
Male,30,African-American,0,0,0,0,1,0,31.8
Female,31,African-American,3,0,0,0,5,0,1484.4166666666667
Male,52,Caucasian,1,0,0,0,1,0,40.266666666666666
Male,52,African-American,17,0,0,0,8,0,42.28333333333333
Male,40,Caucasian,0,0,0,0,1,0,14.95
Male,51,Other,0,0,0,0,1,0,5.116666666666666
Male,41,African-American,1,0,0,0,2,0,40.166666666666664
Male,38,Caucasian,2,0,0,0,5,1,185.5
Female,41,Hispanic,0,0,0,0,1,0,2.65
Male,28,African-American,5,0,0,0,7,0,2062.3
Male,42,Caucasian,3,0,0,0,5,1,-11.65
Male,30,African-American,0,0,0,0,1,0,-0.5833333333333334
Male,21,Caucasian,2,0,0,0,6,0,50.166666666666664
Male,25,Caucasian,4,0,0,0,10,1,794.3333333333334
Male,50,African-American,10,0,0,0,5,0,1151.3833333333334
Male,25,African-American,4,0,0,0,7,1,22.433333333333334
Male,31,African-American,5,0,0,0,7,0,165.61666666666667
Male,22,Caucasian,0,0,0,1,3,0,6.916666666666667
Male,30,African-American,4,0,0,0,7,1,29.916666666666668
Male,21,African-American,0,0,0,0,4,0,25.166666666666668
Male,20,African-American,1,1,0,1,10,1,1126.4166666666667
Male,33,Caucasian,0,0,0,0,1,0,20.016666666666666
Male,42,Caucasian,5,0,0,0,4,0,7132.45
Female,48,African-American,0,0,0,0,2,0,44.38333333333333
Female,27,African-American,1,0,0,0,4,0,193.95
Male,54,African-American,8,0,0,0,1,1,-2.4166666666666665
Male,34,African-American,8,0,0,0,10,0,511.8
Male,30,African-American,14,0,0,0,6,1,550.6
Male,34,Caucasian,0,0,0,0,1,1,24.183333333333334
Female,30,African-American,12,0,4,1,8,0,30.183333333333334
Male,21,Hispanic,0,0,0,0,6,1,23.833333333333332
Male,21,African-American,3,0,0,0,7,1,20.933333333333334
Male,33,Hispanic,1,0,0,0,2,0,1124.0333333333333
Male,30,Hispanic,1,0,0,0,2,1,-11.216666666666667
Male,25,African-American,9,0,0,0,9,1,2033.7333333333333
Female,44,African-American,0,0,0,0,1,0,3.6333333333333333
Male,45,African-American,3,0,0,0,9,0,870.2833333333333
Male,22,African-American,1,0,0,0,5,1,120.06666666666666
Male,24,African-American,5,0,0,0,6,1,2805.6833333333334
Male,35,African-American,29,0,0,0,6,0,763.2666666666667
Male,22,African-American,0,0,0,0,7,1,38.65
Male,27,Other,2,0,0,2,2,0,221.26666666666668
Male,24,Caucasian,0,0,0,0,5,1,23.5
Male,35,African-American,3,0,0,0,1,0,39.3
Male,50,African-American,12,0,0,0,1,1,24.05
Male,21,African-American,0,0,0,0,5,0,72.08333333333333
Male,33,Other,0,0,0,0,1,0,26.7
Male,23,Hispanic,0,0,0,0,4,0,4.05
Female,45,Other,2,0,0,0,7,0,127.36666666666666
Female,27,Caucasian,1,0,0,0,4,0,23.166666666666668
Male,27,African-American,12,0,1,2,9,0,30.216666666666665
Male,23,Caucasian,11,8,2,0,10,1,93.81666666666666
Male,42,Caucasian,4,0,0,0,1,1,427.05
Female,39,Caucasian,2,0,0,0,10,0,28.45
Male,30,African-American,8,0,0,0,10,1,29.55
Male,25,Hispanic,2,0,0,0,1,0,18.7
Male,21,African-American,1,0,0,0,4,0,309.48333333333335
Male,26,African-American,9,0,0,0,9,1,1903.1
Male,23,African-American,0,0,0,0,3,0,25.666666666666668
Male,33,Caucasian,3,0,0,0,7,1,25.633333333333333
Female,21,African-American,2,0,0,0,10,1,24.483333333333334
Female,46,African-American,1,0,0,0,8,1,1328.3666666666666
Female,21,African-American,2,0,0,0,3,0,23.766666666666666
Female,24,Caucasian,0,0,0,0,5,0,18.3
Male,34,African-American,3,0,0,0,1,0,25.25
Male,37,Caucasian,1,0,0,0,7,1,196.96666666666667
Male,25,Other,1,0,0,0,2,0,16.2
Female,56,Caucasian,8,0,0,0,5,0,29.033333333333335
Male,52,Hispanic,0,0,0,0,1,1,20.066666666666666
Female,43,African-American,2,0,0,0,3,0,50.03333333333333
Male,27,Hispanic,8,0,1,1,5,1,31.8
Female,23,Hispanic,0,0,0,0,6,1,37.05
Male,33,Caucasian,0,0,0,0,9,0,19.25
Male,22,African-American,0,0,0,0,8,0,25.833333333333332
Male,21,African-American,0,0,0,3,10,1,167.96666666666667
Male,38,African-American,9,1,1,0,8,1,315.1333333333333
Male,25,African-American,3,0,0,0,9,0,479.3833333333333
Male,21,Other,1,0,0,0,4,0,141.63333333333333
Female,30,African-American,15,0,0,0,9,1,-4.683333333333334
Male,20,Other,0,0,0,0,4,1,284.25
Male,24,African-American,1,0,0,0,3,1,35.233333333333334
Male,40,Hispanic,0,0,0,0,2,0,31.0
Male,36,African-American,26,1,0,0,8,1,21.95
Male,34,African-American,8,0,0,0,10,0,318.03333333333336
Female,36,African-American,0,0,0,0,2,0,24.183333333333334
Male,48,Caucasian,0,0,0,0,1,0,26.883333333333333
Male,52,Caucasian,0,0,0,0,1,0,18.7
Female,42,Caucasian,0,0,0,0,8,0,20.466666666666665
Male,26,African-American,13,0,0,0,10,1,175.26666666666668
Male,45,African-American,0,0,0,0,7,0,21.616666666666667
Female,23,African-American,1,0,0,0,3,0,22.45
Female,27,African-American,12,0,0,0,7,0,23.383333333333333
Male,28,African-American,8,0,0,0,6,1,83.11666666666666
Male,34,African-American,9,0,0,0,10,1,409.9
Male,23,Other,2,0,0,0,4,1,46.11666666666667
Male,53,African-American,11,0,0,0,6,0,2640.4333333333334
Female,59,African-American,2,0,0,0,1,0,186.36666666666667
Male,29,African-American,4,0,0,0,9,1,455.03333333333336
Male,41,African-American,3,0,0,0,4,1,26.45
Male,23,African-American,4,0,0,0,10,1,16.7
Male,29,Caucasian,9,1,0,1,8,1,45.2
Female,31,African-American,1,0,0,0,7,0,15.416666666666666
Male,21,African-American,7,1,0,0,10,1,260.05
Male,24,African-American,6,0,0,1,9,1,1103.1833333333334
Female,40,Other,1,0,0,0,1,0,6600.266666666666
Male,44,Caucasian,3,0,0,0,5,0,20.1
Male,20,African-American,0,0,0,0,7,1,21.766666666666666
Male,48,African-American,14,0,0,0,9,1,3415.4166666666665
Male,53,Caucasian,1,0,0,0,1,0,26.383333333333333
Male,21,African-American,2,2,0,1,10,1,3362.3
Male,39,African-American,2,0,0,0,3,0,1872.35
Male,37,African-American,4,0,0,0,1,0,23.75
Male,32,African-American,4,0,1,0,10,0,25.383333333333333
Male,23,African-American,5,1,0,0,8,1,25.183333333333334
Male,54,Caucasian,3,0,0,0,1,1,48.95
Male,23,African-American,3,0,0,0,5,0,150.56666666666666
Male,29,Caucasian,1,0,0,0,4,1,806.05
Male,34,African-American,21,1,0,0,10,1,138.61666666666667
Male,36,African-American,18,0,1,0,10,0,-1.5666666666666667
Female,51,Caucasian,0,0,0,0,4,1,26.316666666666666
Male,32,African-American,7,0,0,0,9,1,889.0333333333333
Female,35,African-American,2,0,0,0,2,0,29.416666666666668
Male,48,African-American,5,0,0,0,4,1,21.666666666666668
Male,38,Hispanic,1,0,0,0,5,0,3029.5666666666666
Male,34,African-American,6,0,0,0,9,1,5201.383333333333
Female,33,African-American,5,0,0,0,4,0,25.633333333333333
Male,50,Caucasian,16,0,0,0,5,0,3653.0833333333335
Male,24,Caucasian,0,0,0,0,2,0,360.8333333333333
Male,30,African-American,17,0,0,0,10,1,97.28333333333333
Male,21,Caucasian,0,0,0,0,2,1,-0.3333333333333333
Male,51,African-American,1,0,0,0,1,0,1343.8666666666666
Male,21,Hispanic,0,0,0,0,4,0,100.55
Male,43,African-American,4,0,0,0,1,1,917.5333333333333
Male,23,Caucasian,3,0,0,0,8,1,859.9666666666667
Male,22,African-American,0,0,0,0,4,1,14.85
Female,25,African-American,5,0,0,0,7,0,20.4
Male,25,Caucasian,0,0,0,0,2,0,19.866666666666667
Male,34,Other,0,0,0,0,2,1,51.38333333333333
Male,31,Caucasian,6,2,0,0,10,0,3917.4166666666665
Male,23,African-American,0,0,0,0,5,1,25.75
Male,38,African-American,4,0,0,0,1,1,20.383333333333333
Female,26,Caucasian,1,0,0,0,9,0,72.96666666666667
Male,26,African-American,24,0,1,0,10,1,7.05
Male,56,African-American,22,0,0,0,9,1,1704.2833333333333
Male,24,African-American,2,0,0,0,7,1,288.98333333333335
Female,31,African-American,9,0,0,0,8,1,16.35
Male,57,Caucasian,1,0,0,0,1,0,102.08333333333333
Male,31,Caucasian,2,0,0,0,5,0,387.4
Male,34,African-American,8,2,0,1,7,1,112.0
Male,48,African-American,1,0,0,0,1,0,17.1
Male,26,African-American,6,0,0,1,10,1,89.73333333333333
Male,57,Caucasian,0,0,0,0,1,0,22.65
