decile_score,juv_fel_count,juv_misd_count,juv_other_count,c_charge_degree,jail_time
1,0,0,0,12,23.633333333333333
1,0,0,0,12,23.633333333333333
3,0,0,0,12,241.85
4,0,0,1,12,26.066666666666666
4,0,0,1,12,26.066666666666666
4,0,0,1,12,26.066666666666666
4,0,0,1,12,26.066666666666666
4,0,0,1,12,26.066666666666666
1,0,0,0,6,31.633333333333333
6,0,0,0,12,151.16666666666666
6,0,0,0,12,151.16666666666666
4,0,0,0,12,23.783333333333335
4,0,0,0,12,23.783333333333335
4,0,0,0,12,23.783333333333335
1,0,0,0,6,70.88333333333334
10,0,0,1,12,795.9833333333333
10,0,0,1,12,795.9833333333333
10,0,0,1,12,795.9833333333333
5,0,0,0,12,30.066666666666666
5,0,0,0,12,30.066666666666666
5,0,0,0,12,30.066666666666666
3,0,0,0,13,23.716666666666665
4,0,0,0,12,25.916666666666668
6,0,0,0,6,100.16666666666667
1,0,0,0,6,21.733333333333334
3,0,0,0,6,6.466666666666667
4,0,0,0,12,14.383333333333333
1,0,0,0,12,342.3
1,0,0,0,12,342.3
3,0,0,0,12,74.78333333333333
3,0,0,0,12,74.78333333333333
1,0,0,0,6,5.816666666666666
10,0,0,0,12,27.483333333333334
10,0,0,0,12,27.483333333333334
5,0,0,0,12,25.266666666666666
3,0,0,0,12,27.333333333333332
3,0,0,0,12,27.333333333333332
3,0,0,0,12,27.333333333333332
6,0,0,0,12,26.65
6,0,0,0,12,26.65
6,0,0,0,12,26.65
9,0,0,0,12,74.65
9,0,0,0,12,74.65
9,0,0,0,12,74.65
9,0,0,0,12,74.65
9,0,0,0,12,74.65
9,0,0,0,12,74.65
2,0,0,0,6,6.95
4,0,0,0,12,27.683333333333334
-1,0,0,0,12,25.416666666666668
-1,0,0,0,12,25.416666666666668
-1,0,0,0,12,25.416666666666668
-1,0,0,0,12,25.416666666666668
-1,0,0,0,12,25.416666666666668
4,0,0,0,12,23.883333333333333
3,0,0,0,14,2513.8
1,0,0,0,5,29.483333333333334
3,0,0,0,6,42.916666666666664
9,0,0,0,12,2662.4333333333334
6,0,0,0,5,4.566666666666666
3,0,0,0,12,408.01666666666665
3,0,0,0,12,408.01666666666665
3,0,0,0,12,408.01666666666665
3,0,0,0,12,408.01666666666665
3,0,0,0,12,19.766666666666666
3,0,0,0,12,19.766666666666666
7,0,0,1,12,22.766666666666666
7,0,0,1,12,22.766666666666666
7,0,0,1,12,22.766666666666666
10,0,0,0,12,906.9833333333333
10,0,0,0,12,906.9833333333333
9,0,0,0,12,1061.0666666666666
9,0,0,0,12,1061.0666666666666
8,0,0,0,12,25.816666666666666
8,0,0,0,12,25.816666666666666
1,0,0,0,6,44.333333333333336
3,0,0,0,12,0.8166666666666667
1,0,0,0,12,51.86666666666667
10,0,0,0,12,2212.75
3,0,0,2,12,3977.15
3,0,0,2,12,3977.15
3,0,0,2,12,3977.15
5,0,0,0,12,140.75
5,0,0,0,12,140.75
3,0,0,0,12,94.11666666666666
3,0,0,0,12,94.11666666666666
3,0,0,0,12,94.11666666666666
8,0,0,2,5,290.95
8,0,0,2,5,290.95
8,0,0,2,5,290.95
5,0,0,0,6,267.6166666666667
5,0,0,0,6,267.6166666666667
5,0,0,0,6,267.6166666666667
5,0,0,0,6,267.6166666666667
2,0,0,0,6,27.05
2,0,0,0,6,27.05
9,2,1,3,13,799.2333333333333
9,2,1,3,13,799.2333333333333
9,2,1,3,13,799.2333333333333
9,2,1,3,13,799.2333333333333
2,0,0,0,6,-5.916666666666667
8,0,0,0,13,1913.8833333333334
8,0,0,0,13,1913.8833333333334
8,0,0,0,13,1913.8833333333334
8,0,0,0,13,1913.8833333333334
1,0,0,0,6,27.283333333333335
2,0,0,0,6,17.016666666666666
2,0,0,0,6,17.016666666666666
6,0,0,0,13,6520.35
6,0,0,0,13,6520.35
2,0,0,0,12,40.1
2,0,0,0,12,40.1
7,0,0,0,12,26.1
9,0,0,0,6,4736.35
9,0,0,0,6,4736.35
7,0,0,0,12,4.7
7,0,0,0,12,4.7
7,0,0,0,12,4.7
1,0,0,0,6,44.25
10,0,0,0,6,167.16666666666666
8,1,0,4,12,21.7
1,0,0,0,6,3.8
3,0,0,0,5,1229.7833333333333
4,0,0,0,12,3.8666666666666667
2,0,0,0,12,2.4166666666666665
2,0,0,0,12,2.4166666666666665
2,0,0,0,12,22.333333333333332
2,0,0,0,12,598.3166666666667
3,0,0,0,12,5.383333333333334
6,0,0,0,12,255.45
6,0,0,0,12,255.45
6,0,0,0,12,255.45
9,0,0,0,12,21.716666666666665
9,0,0,0,12,21.716666666666665
1,0,0,0,14,196.45
6,0,0,1,12,38.65
5,0,0,1,13,3263.35
4,0,0,0,12,44.95
4,0,0,0,12,44.95
4,0,0,0,12,44.95
5,0,0,0,12,22.55
8,0,0,0,12,25.733333333333334
7,0,0,0,6,558.4333333333333
1,0,0,0,6,21.683333333333334
5,0,0,0,12,313.5
1,0,0,0,6,4.633333333333334
3,0,0,0,12,23.333333333333332
7,0,0,0,6,860.05
1,0,0,0,13,17.766666666666666
10,1,1,2,12,27.666666666666668
10,1,1,2,12,27.666666666666668
10,1,1,2,12,27.666666666666668
2,0,0,0,6,47.1
6,3,1,0,12,45.06666666666667
6,3,1,0,12,45.06666666666667
4,0,0,1,12,24.916666666666668
1,0,0,0,6,5.433333333333334
10,0,1,2,12,2980.883333333333
10,0,1,2,12,2980.883333333333
10,0,1,2,12,2980.883333333333
9,0,0,0,12,455.03333333333336
9,0,0,0,12,455.03333333333336
9,0,0,0,12,455.03333333333336
9,0,0,0,12,455.03333333333336
1,0,0,0,5,-2.8666666666666667
6,0,1,0,13,722.8
6,0,1,0,13,722.8
6,0,1,0,13,722.8
1,0,0,0,6,32.78333333333333
1,0,0,0,6,76.78333333333333
1,0,0,0,12,5807.133333333333
1,0,0,0,12,5807.133333333333
4,0,0,0,12,25.366666666666667
3,0,0,0,12,20.266666666666666
4,0,0,0,12,10057.816666666668
4,0,0,0,6,117.61666666666666
6,0,1,0,6,20.933333333333334
6,0,0,0,12,27.116666666666667
6,0,0,0,12,27.116666666666667
6,0,0,0,12,27.116666666666667
6,0,0,0,12,27.116666666666667
6,0,0,0,12,27.116666666666667
6,0,0,1,12,342.01666666666665
6,0,0,1,12,342.01666666666665
6,0,0,1,12,342.01666666666665
6,0,0,1,12,342.01666666666665
4,0,0,0,5,-1.2166666666666666
2,0,0,0,12,76.51666666666667
1,0,0,0,12,1343.8666666666666
1,0,0,0,12,1343.8666666666666
3,0,0,0,6,403.95
3,0,0,0,6,403.95
3,0,0,0,6,403.95
8,0,0,0,12,1390.1333333333334
8,0,0,0,12,1390.1333333333334
8,0,0,0,12,1390.1333333333334
8,0,0,0,12,1390.1333333333334
8,0,0,0,12,1390.1333333333334
4,0,0,0,13,48.1
7,0,0,0,9,464.5833333333333
1,0,0,0,6,1673.25
2,0,0,0,12,27.583333333333332
2,0,0,0,5,40.166666666666664
1,0,0,0,6,13.483333333333333
10,0,0,0,6,29.55
10,0,0,0,6,29.55
10,0,0,0,6,29.55
9,0,0,0,(MO3),26.233333333333334
5,0,0,0,12,217.48333333333332
6,0,0,0,12,-3.7
1,0,0,0,12,19.766666666666666
1,0,0,0,12,19.766666666666666
10,1,6,1,13,171.41666666666666
10,1,6,1,13,171.41666666666666
10,1,6,1,13,171.41666666666666
10,1,6,1,13,171.41666666666666
10,1,6,1,13,171.41666666666666
5,0,0,0,12,26.416666666666668
9,1,0,0,12,722.0
9,1,0,0,12,722.0
9,1,0,0,12,722.0
7,0,0,1,5,17.233333333333334
7,0,0,1,5,17.233333333333334
6,0,0,0,14,2537.2
6,0,0,0,14,2537.2
5,0,0,0,12,16.783333333333335
5,0,0,0,12,16.783333333333335
7,0,0,0,13,4346.433333333333
7,0,0,0,13,4346.433333333333
2,0,0,0,5,20.283333333333335
7,0,0,0,13,88.03333333333333
7,0,0,0,13,88.03333333333333
8,0,0,0,12,2.5833333333333335
8,0,0,0,12,2.5833333333333335
8,0,0,0,12,2.5833333333333335
6,0,0,0,12,94.1
6,0,0,0,12,94.1
6,0,0,0,12,94.1
6,0,0,0,12,94.1
6,0,0,0,12,94.1
5,0,0,1,12,246.23333333333332
8,0,0,0,12,23.933333333333334
8,0,0,0,12,23.933333333333334
3,0,0,0,6,388.51666666666665
7,0,0,0,12,14.25
1,0,0,0,12,-5.283333333333333
1,0,0,0,12,-5.283333333333333
1,0,0,0,12,-5.283333333333333
1,0,0,0,12,-5.283333333333333
1,0,0,0,12,-5.283333333333333
1,0,0,0,12,-5.283333333333333
1,0,0,0,12,-5.283333333333333
1,0,0,0,12,-5.283333333333333
1,0,0,0,13,727.5166666666667
1,0,0,0,6,6.816666666666666
1,0,0,0,6,27.066666666666666
4,0,0,0,5,218.38333333333333
2,0,0,0,13,3295.15
2,0,0,0,13,3295.15
2,0,0,0,12,22.4
1,0,0,0,12,40.516666666666666
3,0,0,0,6,21.266666666666666
6,0,1,2,12,292.55
6,0,1,2,12,292.55
6,0,1,2,12,292.55
6,0,1,2,12,292.55
6,0,1,2,12,292.55
4,0,0,0,12,143.3
4,0,0,0,12,143.3
4,0,0,0,12,143.3
5,0,0,0,6,935.3
4,0,0,0,12,2564.8166666666666
4,0,0,0,12,2564.8166666666666
4,0,0,0,12,2564.8166666666666
4,0,0,0,12,2564.8166666666666
4,0,0,0,12,2564.8166666666666
9,0,0,0,12,2633.7
6,0,0,0,12,8.583333333333334
6,0,0,0,12,8.583333333333334
3,0,0,0,13,407.8333333333333
1,0,0,0,12,24.9
9,1,0,1,12,39.3
9,1,0,1,12,39.3
9,1,0,1,12,39.3
9,1,0,1,12,39.3
9,1,0,1,12,39.3
9,1,0,1,12,39.3
4,0,0,0,6,95.56666666666666
9,0,0,0,12,150.61666666666667
9,0,0,0,12,150.61666666666667
9,0,0,0,12,150.61666666666667
9,0,0,0,12,150.61666666666667
9,0,0,0,12,150.61666666666667
7,0,0,0,12,17.166666666666668
8,0,0,0,12,4.55
8,0,0,0,12,4.55
8,0,0,0,12,4.55
8,0,0,0,12,4.55
8,0,0,0,12,4.55
8,0,0,0,12,4.55
4,0,0,0,6,68.26666666666667
4,0,0,0,6,68.26666666666667
9,0,0,0,12,4970.95
9,0,0,0,12,4970.95
5,0,0,0,12,358.1666666666667
5,0,0,0,12,358.1666666666667
3,0,0,0,12,-0.016666666666666666
5,0,0,0,12,6.866666666666666
2,0,0,0,12,30.533333333333335
2,0,0,0,12,30.533333333333335
2,0,0,0,12,21.833333333333332
2,0,0,0,12,21.833333333333332
2,0,0,0,12,21.833333333333332
9,0,1,0,12,4224.233333333334
9,0,1,0,12,4224.233333333334
4,0,0,0,12,21.066666666666666
4,0,0,0,12,21.066666666666666
8,0,12,2,12,44.016666666666666
8,0,12,2,12,44.016666666666666
8,0,12,2,12,44.016666666666666
1,0,0,0,5,29.55
7,0,0,0,6,28.516666666666666
8,0,0,0,12,23.466666666666665
8,0,0,0,12,23.466666666666665
2,0,0,0,12,26.7
2,0,0,0,12,26.7
2,0,0,0,12,26.7
10,0,0,0,12,11310.233333333334
9,0,0,0,12,23.316666666666666
2,0,0,0,12,24.983333333333334
2,0,0,0,12,24.983333333333334
1,0,0,0,12,22.5
9,0,0,0,12,1919.05
9,0,0,0,12,1919.05
8,0,0,0,(MO3),333.43333333333334
8,0,0,0,(MO3),333.43333333333334
8,0,0,0,(MO3),333.43333333333334
9,0,0,0,6,15.183333333333334
10,0,0,0,12,20.8
10,0,0,0,12,20.8
4,0,0,0,12,361.56666666666666
1,0,0,0,6,-2.566666666666667
6,0,0,0,12,341.46666666666664
6,0,0,0,12,341.46666666666664
3,0,0,0,12,-3.0
3,0,0,0,12,-3.0
3,0,0,0,12,-3.0
4,0,0,0,12,72.95
4,0,0,0,12,72.95
1,0,0,0,12,28.866666666666667
2,0,0,0,5,91.53333333333333
2,0,0,0,5,41.46666666666667
5,0,0,0,12,27.25
2,0,0,0,5,21.3
2,0,0,0,5,21.3
2,0,0,0,5,21.3
2,0,0,0,6,58.583333333333336
8,0,0,0,12,698.9
8,0,0,0,12,698.9
9,0,0,0,13,187.83333333333334
9,0,0,0,13,187.83333333333334
4,0,1,0,12,170.38333333333333
4,0,1,0,12,170.38333333333333
4,0,1,0,12,170.38333333333333
4,0,1,0,12,170.38333333333333
3,0,0,0,12,19.166666666666668
3,0,0,0,12,19.166666666666668
2,0,0,0,6,-0.55
5,0,0,0,12,7.733333333333333
7,0,0,0,12,193.5
7,0,0,0,12,193.5
7,0,0,0,12,193.5
4,0,0,0,12,27.5
2,0,0,0,6,56.36666666666667
3,0,0,0,6,363.1166666666667
10,0,0,0,12,161.56666666666666
10,0,0,0,12,161.56666666666666
2,0,0,0,5,25.633333333333333
2,0,0,0,12,13.883333333333333
2,0,0,0,12,13.883333333333333
2,0,0,0,12,13.883333333333333
10,0,0,0,13,978.6833333333333
3,0,0,0,6,17.65
10,1,0,0,12,66.5
10,1,0,0,12,66.5
10,1,0,0,12,66.5
1,0,0,0,13,253.11666666666667
1,0,0,0,6,23.166666666666668
8,1,1,0,12,315.1333333333333
8,1,1,0,12,315.1333333333333
8,1,1,0,12,315.1333333333333
8,1,1,0,12,315.1333333333333
8,1,1,0,12,315.1333333333333
6,0,0,0,12,30.633333333333333
6,0,0,0,12,30.633333333333333
5,0,0,0,5,17.883333333333333
8,0,0,0,(MO3),389.75
8,0,0,0,(MO3),389.75
8,0,0,0,(MO3),389.75
3,0,0,0,12,42.85
3,0,0,0,12,42.85
3,0,0,0,12,42.85
9,0,0,0,12,628.3
9,0,0,0,12,628.3
9,0,0,0,12,628.3
9,0,0,0,12,25.983333333333334
9,0,0,0,12,25.983333333333334
9,0,0,0,12,25.983333333333334
9,0,0,0,12,25.983333333333334
1,0,0,0,5,24.6
6,0,0,0,12,3.816666666666667
6,0,0,0,5,21.466666666666665
10,0,0,0,6,6296.6
1,0,0,0,12,18.15
7,0,0,0,12,41.68333333333333
7,0,0,0,12,41.68333333333333
7,0,0,0,12,41.68333333333333
7,0,0,0,12,41.68333333333333
7,0,0,0,12,41.68333333333333
7,0,0,0,12,41.68333333333333
7,0,0,0,12,41.68333333333333
7,0,0,0,12,41.68333333333333
7,0,0,0,12,41.68333333333333
7,0,0,0,12,41.68333333333333
7,0,0,0,12,41.68333333333333
1,0,0,0,12,355.3833333333333
10,0,0,0,12,163.53333333333333
4,0,0,0,12,21.25
4,0,0,0,6,18.266666666666666
1,0,0,0,6,26.183333333333334
4,1,0,0,1,94.16666666666667
7,0,0,0,12,12722.033333333333
7,0,0,0,12,12722.033333333333
7,0,0,0,12,12722.033333333333
7,0,0,0,9,1683.0666666666666
7,0,0,0,9,1683.0666666666666
2,0,0,0,6,19.85
1,0,0,0,6,43.666666666666664
2,0,0,0,12,20.783333333333335
2,0,0,0,12,20.783333333333335
1,0,0,0,12,544.15
1,0,0,0,12,544.15
10,0,0,0,12,2301.116666666667
6,0,0,0,12,120.55
5,0,0,0,12,54.45
5,0,0,0,12,54.45
1,0,0,0,6,23.916666666666668
2,0,0,0,6,46.06666666666667
2,0,0,0,6,46.06666666666667
3,0,0,0,9,458.6666666666667
6,0,0,0,6,95.16666666666667
3,0,0,0,12,1.0
7,0,0,0,12,26.433333333333334
1,0,0,0,5,73.81666666666666
1,0,0,0,5,73.81666666666666
4,0,0,0,12,375.71666666666664
6,0,0,0,6,18.766666666666666
6,0,0,0,6,18.766666666666666
10,0,0,0,12,2540.5666666666666
10,0,0,0,12,2540.5666666666666
1,0,0,0,12,439.9
9,0,0,0,12,2813.4166666666665
9,0,0,0,12,2813.4166666666665
9,0,0,0,12,2813.4166666666665
6,0,0,0,6,16.65
1,0,0,0,13,4521.133333333333
2,0,0,0,12,16.316666666666666
2,0,0,0,12,16.316666666666666
1,0,0,0,6,20.566666666666666
1,0,0,0,12,27.933333333333334
10,0,0,0,6,270.1666666666667
2,0,0,0,13,47.4
8,2,2,1,12,814.45
8,2,2,1,12,814.45
8,2,2,1,12,814.45
5,0,0,0,(MO3),126.26666666666667
1,0,0,0,12,18.983333333333334
5,0,0,0,12,0.03333333333333333
8,0,0,0,6,20.783333333333335
8,0,0,0,6,20.783333333333335
8,0,0,0,6,20.783333333333335
8,0,0,0,6,20.783333333333335
8,0,0,0,6,20.783333333333335
8,0,0,0,6,20.783333333333335
2,0,0,0,6,24.9
2,0,0,0,6,24.9
1,0,0,0,12,472.75
5,0,0,0,12,23.783333333333335
5,0,0,0,12,23.783333333333335
5,0,0,0,12,23.783333333333335
5,0,0,0,12,23.783333333333335
5,0,0,0,12,23.783333333333335
1,0,0,0,13,48.35
4,0,0,0,6,1705.6666666666667
4,0,0,0,6,1705.6666666666667
5,0,0,0,6,27.95
1,0,0,0,12,27.016666666666666
10,0,0,0,13,2331.9166666666665
10,0,0,0,13,2331.9166666666665
9,0,0,0,6,5.216666666666667
4,0,0,0,12,22.15
4,0,0,0,12,22.15
9,0,0,0,13,1903.1
9,0,0,0,13,1903.1
8,0,0,0,12,24.733333333333334
3,0,0,0,12,8615.266666666666
9,0,0,0,12,30.516666666666666
9,0,0,0,12,30.516666666666666
3,0,0,0,12,23.466666666666665
2,0,0,0,6,617.25
2,0,0,0,6,617.25
10,0,0,0,12,2804.9666666666667
10,0,0,0,12,2804.9666666666667
10,0,0,0,12,2804.9666666666667
10,0,0,0,12,2804.9666666666667
4,0,0,0,6,19.883333333333333
3,0,0,0,6,71.68333333333334
3,0,0,0,6,71.68333333333334
1,0,0,0,12,41.56666666666667
1,0,0,0,12,41.56666666666667
3,0,0,0,5,6.116666666666666
4,0,0,0,6,29.833333333333332
9,0,1,0,12,50.28333333333333
1,0,0,0,14,872.5
5,0,0,0,12,20.416666666666668
1,0,0,0,14,2564.5333333333333
1,0,0,0,14,2564.5333333333333
10,0,0,0,12,27.4
10,0,0,0,12,27.4
10,0,0,0,12,27.4
10,0,0,0,12,27.4
10,0,0,0,12,27.4
6,0,0,0,12,49.25
2,0,0,0,6,65.55
3,0,0,0,6,25.1
8,0,0,0,13,698.8333333333334
5,0,0,0,12,2909.5
9,0,0,0,12,24.516666666666666
9,0,0,0,12,24.516666666666666
9,0,0,0,12,24.516666666666666
9,0,0,0,12,24.516666666666666
1,0,0,0,12,5.366666666666666
1,0,0,0,12,29.216666666666665
1,0,0,0,12,29.216666666666665
4,0,0,0,5,864.15
9,0,0,0,14,931.95
9,0,0,0,14,931.95
7,1,0,0,12,64.63333333333334
7,1,0,0,12,64.63333333333334
7,1,0,0,12,64.63333333333334
1,0,0,0,12,14.533333333333333
9,0,0,0,12,42.28333333333333
5,0,0,0,6,17.8
6,0,0,0,12,5246.166666666667
6,0,0,0,12,5246.166666666667
2,0,0,0,12,24.516666666666666
1,0,0,0,12,20.383333333333333
1,0,0,0,6,17.383333333333333
2,0,0,0,6,21.316666666666666
4,0,0,1,12,0.6666666666666666
1,0,0,0,6,25.766666666666666
1,0,0,0,6,25.766666666666666
1,0,0,0,6,25.766666666666666
1,0,0,0,12,26.383333333333333
3,0,0,0,12,44.4
3,0,0,0,12,44.4
3,0,0,0,12,44.4
7,0,0,0,12,67.16666666666667
6,0,0,0,6,5.8
10,0,0,0,13,5356.1
1,0,0,0,6,42.8
4,0,0,0,12,51.3
9,0,0,0,12,3117.116666666667
9,0,0,0,14,1724.45
6,0,0,0,12,44.06666666666667
4,0,0,0,9,5447.783333333334
6,0,2,0,12,31.333333333333332
6,0,2,0,12,31.333333333333332
1,0,0,0,6,20.783333333333335
1,0,0,0,12,21.583333333333332
4,0,0,0,12,1231.8333333333333
4,0,0,0,12,1231.8333333333333
4,0,0,0,12,334.5
1,0,0,0,12,78.55
9,0,0,2,6,29.35
9,0,0,2,6,29.35
5,0,0,0,12,148.06666666666666
2,0,0,0,13,909.1833333333333
2,0,0,0,6,23.816666666666666
4,0,0,0,12,22.166666666666668
2,0,0,0,12,-3.05
4,0,0,0,12,29.2
8,0,0,0,13,743.6333333333333
8,0,0,0,13,743.6333333333333
2,0,0,0,12,840.15
2,0,0,0,12,840.15
2,0,0,0,12,840.15
9,0,1,0,13,27.7
8,0,1,0,6,1821.9
8,0,1,0,6,1821.9
8,0,1,0,6,1821.9
1,0,0,0,6,25.133333333333333
8,0,0,0,12,623.2
8,0,0,0,12,623.2
8,0,0,0,12,623.2
8,0,0,0,12,623.2
5,0,0,0,6,119.63333333333334
5,0,0,0,6,119.63333333333334
5,0,0,0,6,119.63333333333334
5,0,0,0,6,119.63333333333334
3,0,0,0,12,8.2
1,0,0,0,6,19.766666666666666
8,0,0,1,6,142.66666666666666
8,0,0,1,6,142.66666666666666
8,1,0,0,13,2672.616666666667
5,0,0,0,12,30.433333333333334
1,0,0,0,6,24.083333333333332
2,0,0,0,12,24.033333333333335
5,0,0,0,13,72.25
2,0,0,0,12,24.033333333333335
2,0,0,0,6,27.6
7,0,0,0,12,532.7333333333333
2,0,0,0,12,1497.1333333333334
9,0,0,0,5,19.1
9,0,0,0,5,19.1
7,0,0,0,6,699.8833333333333
2,0,0,0,6,162.48333333333332
2,0,0,0,6,162.48333333333332
2,0,0,0,6,21.983333333333334
1,0,0,0,6,26.533333333333335
6,0,0,1,12,30.183333333333334
6,0,0,1,12,30.183333333333334
5,0,0,4,13,18.133333333333333
5,0,0,4,13,18.133333333333333
8,0,0,0,6,15.85
3,0,0,0,6,23.133333333333333
8,0,0,0,12,27.016666666666666
6,0,0,0,12,41.583333333333336
6,0,0,0,12,41.583333333333336
6,0,0,0,12,41.583333333333336
2,0,0,0,6,22.116666666666667
4,0,0,0,6,12.683333333333334
1,0,0,0,13,21.7
1,0,0,0,13,21.7
4,0,0,0,12,23.383333333333333
4,0,0,0,12,23.383333333333333
10,2,0,0,9,21.8
10,2,0,0,9,21.8
10,2,0,0,9,21.8
4,0,0,0,6,259.68333333333334
4,0,0,0,6,259.68333333333334
1,0,0,0,12,18.916666666666668
1,0,0,0,12,18.916666666666668
2,0,0,0,12,18.866666666666667
8,0,0,0,12,30.166666666666668
8,0,0,0,12,66.5
8,1,0,0,6,7754.916666666667
7,0,0,1,12,49.53333333333333
7,0,0,1,12,49.53333333333333
1,0,0,0,12,15.95
4,0,0,0,12,90.95
7,1,0,0,13,543.9
7,1,0,0,13,543.9
2,0,0,0,12,44.38333333333333
5,0,0,0,12,4.6
5,0,0,0,12,4.6
6,0,0,0,12,41.2
7,0,0,0,12,24.183333333333334
7,0,0,0,12,24.183333333333334
10,0,1,1,6,32.31666666666667
10,0,1,1,6,32.31666666666667
10,0,1,1,6,32.31666666666667
10,0,1,1,6,32.31666666666667
10,0,1,1,6,32.31666666666667
10,0,1,1,6,32.31666666666667
10,0,1,1,6,32.31666666666667
3,0,0,0,12,23.016666666666666
4,0,0,0,12,961.4833333333333
3,0,0,0,6,22.816666666666666
8,0,0,0,12,1033.4666666666667
1,0,0,0,13,121.43333333333334
2,0,0,0,12,21.9
7,0,0,0,6,2824.3166666666666
7,0,0,0,6,2824.3166666666666
6,0,0,0,12,598.1666666666666
6,0,0,0,12,598.1666666666666
1,0,0,0,12,984.2333333333333
1,0,0,0,6,29.45
1,0,0,0,6,72.71666666666667
1,0,0,0,12,169.48333333333332
4,0,0,0,12,46.46666666666667
1,0,0,0,12,69.38333333333334
4,0,0,0,6,65.36666666666666
1,0,0,0,6,311.43333333333334
2,0,0,0,12,22.7
2,0,0,0,12,22.7
7,0,0,0,6,39.6
4,0,0,0,12,341.1666666666667
9,0,0,0,5,26.916666666666668
9,0,0,0,5,26.916666666666668
8,0,0,0,6,44.46666666666667
1,0,0,0,12,46.333333333333336
1,0,0,0,12,46.333333333333336
4,0,0,0,6,28.633333333333333
8,0,0,0,12,73.35
8,0,0,0,12,73.35
5,0,0,0,12,1153.6166666666666
5,0,0,0,12,1153.6166666666666
4,0,0,0,5,23.1
4,0,0,0,6,95.85
5,0,0,0,12,15.633333333333333
4,0,0,0,12,67.63333333333334
4,0,0,0,12,67.63333333333334
4,0,0,0,12,67.63333333333334
4,0,0,0,12,67.63333333333334
4,0,0,0,12,67.63333333333334
1,0,0,0,13,1999.8833333333334
3,0,0,0,13,68.66666666666667
3,0,0,0,13,68.66666666666667
3,0,0,0,13,68.66666666666667
3,0,0,0,13,68.66666666666667
3,0,0,0,13,68.66666666666667
3,0,0,0,12,25.433333333333334
3,0,0,0,6,2.05
2,0,0,0,12,29.733333333333334
4,0,0,0,6,225.25
3,0,0,0,13,42.666666666666664
6,0,0,0,6,20.95
2,0,0,0,13,8613.366666666667
8,0,0,0,12,11457.366666666667
5,0,0,0,12,194.2
5,0,0,0,12,868.3666666666667
5,0,0,0,12,868.3666666666667
8,0,0,1,6,268.06666666666666
8,0,0,1,6,268.06666666666666
8,0,0,1,6,268.06666666666666
8,0,0,1,6,268.06666666666666
1,0,0,0,12,46.71666666666667
1,0,0,0,12,46.71666666666667
1,0,0,0,12,46.71666666666667
8,1,0,1,6,18.983333333333334
8,1,0,1,6,18.983333333333334
8,1,0,1,6,18.983333333333334
8,1,0,1,6,18.983333333333334
1,0,0,0,6,69.63333333333334
3,0,0,0,12,263.03333333333336
2,0,0,0,12,189.61666666666667
1,0,0,0,13,-2.15
3,0,0,0,12,49.21666666666667
3,0,0,0,12,49.21666666666667
3,0,0,0,12,1102.1166666666666
3,0,0,0,12,1102.1166666666666
1,0,0,0,6,19.216666666666665
1,0,0,0,6,29.35
1,0,0,0,6,29.35
3,0,0,0,6,23.333333333333332
3,0,0,0,6,23.333333333333332
2,0,0,0,12,26.716666666666665
2,0,0,0,12,26.716666666666665
5,0,0,0,12,3350.7166666666667
5,0,0,0,12,3350.7166666666667
10,0,1,0,12,110.91666666666667
2,0,0,0,13,413.43333333333334
10,0,0,0,12,20.116666666666667
10,0,0,0,12,20.116666666666667
10,0,0,0,12,20.116666666666667
8,0,0,0,12,71.7
8,0,0,0,12,71.7
8,0,0,0,12,71.7
10,2,0,0,12,3917.4166666666665
5,0,1,0,14,22.866666666666667
5,0,1,0,14,22.866666666666667
1,0,0,0,6,30.633333333333333
1,0,0,0,6,29.666666666666668
6,0,0,0,6,15.666666666666666
3,0,0,0,12,122.88333333333334
3,0,0,0,12,122.88333333333334
9,0,0,0,12,28.216666666666665
4,0,0,0,13,25.416666666666668
9,0,0,0,12,5037.666666666667
9,0,0,0,12,5037.666666666667
9,0,0,0,12,5037.666666666667
9,0,0,0,12,5037.666666666667
1,0,0,0,12,4177.816666666667
8,0,0,0,6,797.1833333333333
8,0,0,0,6,797.1833333333333
2,0,0,0,12,26.433333333333334
5,0,0,0,12,1635.3833333333334
5,0,0,0,12,1635.3833333333334
9,0,1,0,12,458.93333333333334
9,0,1,0,12,458.93333333333334
9,0,1,0,12,458.93333333333334
9,0,1,0,12,458.93333333333334
3,0,0,0,12,23.883333333333333
6,0,0,0,12,791.8666666666667
6,0,0,0,12,791.8666666666667
6,0,0,0,12,791.8666666666667
6,0,0,0,12,791.8666666666667
6,0,0,0,12,791.8666666666667
1,0,0,0,6,4.183333333333334
3,0,0,0,6,29.2
1,0,0,0,12,-3.433333333333333
4,0,0,0,12,27.166666666666668
5,0,1,0,12,529.6166666666667
5,0,1,0,12,529.6166666666667
7,0,0,0,13,288.06666666666666
4,0,0,0,5,25.116666666666667
4,0,0,0,5,25.116666666666667
4,0,0,0,5,25.116666666666667
4,0,0,0,5,25.116666666666667
3,0,0,0,5,10.25
3,0,0,0,5,10.25
1,0,0,0,12,797.7166666666667
5,0,0,0,12,28.35
5,0,0,0,12,28.35
8,0,0,0,12,28.266666666666666
8,0,0,0,12,28.266666666666666
8,0,0,0,12,28.266666666666666
8,0,0,0,12,28.266666666666666
8,0,0,0,12,28.266666666666666
3,0,0,0,6,16.733333333333334
3,0,0,0,12,17.833333333333332
6,0,0,0,12,768.3666666666667
6,0,0,0,12,768.3666666666667
2,0,0,0,12,14.783333333333333
1,0,0,0,12,29.933333333333334
8,0,0,0,13,1153.1333333333334
9,0,0,0,13,6.233333333333333
9,0,0,0,13,6.233333333333333
6,0,0,0,6,93.73333333333333
1,0,0,0,5,27.583333333333332
1,0,0,0,12,72.8
6,0,0,0,12,46.53333333333333
6,0,0,0,12,46.53333333333333
2,0,0,0,6,28.266666666666666
9,0,1,0,12,37.233333333333334
9,0,1,0,12,37.233333333333334
6,0,0,1,12,26.2
3,0,0,0,12,4.483333333333333
3,0,0,0,12,4.483333333333333
3,0,0,0,12,49.0
1,0,0,0,12,456.7
1,0,0,0,12,456.7
1,0,0,0,12,456.7
10,0,2,0,12,28.6
10,0,2,0,12,28.6
10,0,2,0,12,28.6
8,0,0,0,6,50.18333333333333
1,0,0,0,6,20.016666666666666
6,0,0,2,12,4.1
1,0,0,0,5,22.733333333333334
3,0,0,0,12,165.95
3,0,0,0,12,165.95
3,0,0,0,12,165.95
6,0,0,0,12,50.166666666666664
6,0,0,0,12,50.166666666666664
10,0,0,1,6,89.73333333333333
10,0,0,1,6,89.73333333333333
10,0,0,1,6,89.73333333333333
10,0,0,1,6,89.73333333333333
10,0,0,1,6,89.73333333333333
10,0,0,1,6,89.73333333333333
10,0,0,1,6,89.73333333333333
4,0,0,0,12,1.25
5,0,0,0,12,16.333333333333332
5,0,0,0,12,16.333333333333332
7,1,0,0,12,597.7833333333333
7,1,0,0,12,597.7833333333333
7,1,0,0,12,597.7833333333333
2,0,0,0,12,23.9
5,0,0,0,6,31.316666666666666
5,0,0,0,12,89.61666666666666
5,0,0,0,12,89.61666666666666
5,0,0,0,12,89.61666666666666
4,0,0,1,6,1219.1333333333334
4,0,0,1,6,1219.1333333333334
1,0,0,0,6,21.033333333333335
10,2,0,0,12,5.95
10,2,0,0,12,5.95
5,0,0,0,6,4988.75
1,0,0,0,6,71.41666666666667
4,1,0,0,14,70.88333333333334
4,1,0,0,14,70.88333333333334
3,0,0,0,12,2282.5333333333333
3,0,0,0,12,2282.5333333333333
4,0,0,0,12,44.13333333333333
3,0,1,0,12,-5.583333333333333
8,1,0,0,6,90.31666666666666
7,0,0,0,12,63.0
7,0,0,0,13,24.466666666666665
7,0,0,0,13,24.466666666666665
6,0,0,0,6,20.2
6,0,0,0,6,20.2
6,0,0,0,6,20.2
8,0,0,0,5,31.366666666666667
1,0,0,0,12,152.45
2,0,1,0,6,21.816666666666666
9,0,0,0,12,5278.116666666667
9,0,0,0,12,5278.116666666667
9,0,0,0,12,5278.116666666667
5,0,0,0,12,291.6
5,0,0,0,12,291.6
1,0,0,0,12,13.233333333333333
1,0,0,0,12,13.233333333333333
1,0,0,0,12,13.233333333333333
1,0,0,0,12,13.233333333333333
1,0,0,0,6,5.05
2,0,0,0,6,23.85
1,0,0,0,6,21.7
1,0,0,0,6,21.7
3,0,0,0,12,44.85
7,0,0,0,12,198.83333333333334
7,0,0,0,12,198.83333333333334
8,0,0,0,12,3053.0
8,0,0,0,12,3053.0
1,0,0,0,6,20.25
4,0,0,0,12,28.1
4,0,0,0,6,28.566666666666666
1,0,0,0,13,101.55
3,0,0,0,6,43.6
4,0,0,0,5,873.6833333333333
4,0,0,0,6,13.633333333333333
8,1,1,0,12,24.333333333333332
8,1,1,0,12,24.333333333333332
8,1,1,0,12,24.333333333333332
5,0,0,0,6,2104.3
5,0,0,0,6,2104.3
2,0,0,1,5,1.4833333333333334
9,0,0,0,12,6244.7
7,0,0,0,6,141.65
9,0,0,0,12,414.35
9,0,0,0,12,414.35
9,0,0,0,12,414.35
9,0,0,0,12,414.35
9,0,0,0,12,414.35
2,0,0,0,6,72.46666666666667
9,0,0,0,12,2544.1
5,0,0,0,12,125.11666666666666
7,0,0,0,12,11622.666666666666
1,0,0,0,12,17.516666666666666
4,0,0,0,12,29.566666666666666
4,0,0,0,12,29.566666666666666
8,1,0,0,12,8662.533333333333
2,0,0,0,12,24.533333333333335
4,0,0,0,12,4204.233333333334
1,0,0,0,6,4.35
2,0,0,0,6,18.116666666666667
5,0,0,0,12,1839.95
8,0,0,0,12,766.6833333333333
8,0,0,0,12,766.6833333333333
9,0,0,0,12,1229.9666666666667
9,0,0,0,12,1229.9666666666667
3,0,0,0,6,6.566666666666666
2,0,0,0,9,57.15
10,0,0,0,12,6986.466666666666
10,0,0,0,12,6986.466666666666
7,0,0,0,13,22.566666666666666
7,0,0,0,13,22.566666666666666
7,0,0,0,13,22.566666666666666
5,1,0,0,13,44.61666666666667
9,0,0,1,6,511.5
9,0,0,1,6,511.5
9,0,0,1,6,511.5
9,0,0,1,6,511.5
7,0,0,2,13,6.216666666666667
7,0,0,2,13,6.216666666666667
7,0,0,2,13,6.216666666666667
1,0,0,0,6,4.166666666666667
1,0,0,0,6,70.43333333333334
2,0,0,0,12,4.766666666666667
1,0,0,0,12,18.95
4,0,0,0,12,49.88333333333333
3,0,0,0,12,289.8666666666667
3,0,0,0,12,289.8666666666667
8,0,0,0,13,1250.8666666666666
8,0,0,0,13,1250.8666666666666
8,0,0,0,13,1250.8666666666666
1,0,0,0,12,168.75
1,0,0,0,12,168.75
1,0,0,0,12,168.75
2,0,0,0,13,48.11666666666667
2,0,0,0,12,27.266666666666666
2,0,0,0,12,27.266666666666666
2,0,0,0,12,27.266666666666666
1,0,0,0,12,27.583333333333332
1,0,0,0,12,27.583333333333332
6,0,6,3,12,3.433333333333333
8,0,0,0,13,4096.7
8,0,0,0,13,4096.7
3,0,0,0,5,124.41666666666667
6,0,0,0,5,23.0
1,0,0,0,6,23.4
7,0,0,0,12,6.15
2,0,0,0,12,18.616666666666667
1,0,0,0,12,27.816666666666666
6,0,0,0,9,2640.4333333333334
2,0,0,0,6,4.833333333333333
2,0,0,0,6,4.833333333333333
3,0,0,0,6,4.533333333333333
3,0,0,0,12,47.18333333333333
1,0,0,0,5,22.566666666666666
1,0,0,0,12,21.7
1,0,0,0,6,28.566666666666666
1,0,0,0,6,28.566666666666666
1,0,0,0,12,-3.85
1,0,0,0,12,-3.85
3,0,0,0,6,25.9
3,0,0,0,6,25.9
3,0,0,0,6,25.9
5,0,0,0,13,4107.216666666666
5,0,0,0,12,14.016666666666667
5,0,0,0,12,14.016666666666667
5,0,0,0,12,14.016666666666667
5,0,0,0,12,14.016666666666667
6,0,0,0,12,83.11666666666666
6,0,0,0,12,83.11666666666666
6,0,0,0,12,83.11666666666666
6,0,0,0,12,83.11666666666666
1,0,0,0,12,49.18333333333333
7,0,0,0,12,21.766666666666666
7,0,0,0,12,21.766666666666666
7,0,0,0,12,21.766666666666666
7,0,0,0,12,21.766666666666666
6,0,0,0,6,130.2
1,0,0,0,6,24.683333333333334
10,0,0,0,12,2102.983333333333
10,0,0,0,12,2102.983333333333
7,0,0,0,6,1418.7833333333333
7,0,0,0,6,1418.7833333333333
7,0,0,0,6,1418.7833333333333
7,0,0,0,6,1418.7833333333333
7,0,0,0,12,2547.9333333333334
7,0,0,0,12,2547.9333333333334
1,0,0,0,5,23.916666666666668
4,0,0,0,12,3.45
5,0,0,0,12,618.8166666666667
5,0,0,0,12,618.8166666666667
1,0,0,0,6,-0.21666666666666667
4,0,0,0,13,793.3
4,0,0,0,13,793.3
8,0,1,1,12,4.966666666666667
8,0,1,1,12,4.966666666666667
8,0,1,1,12,4.966666666666667
8,0,1,1,12,4.966666666666667
8,0,1,1,12,4.966666666666667
8,0,1,1,12,4.966666666666667
8,0,1,1,12,4.966666666666667
1,0,0,0,13,29.916666666666668
2,0,0,0,12,52.483333333333334
6,0,0,0,12,23.266666666666666
10,0,0,0,12,24.166666666666668
10,0,0,0,12,24.166666666666668
1,0,0,0,6,25.083333333333332
10,0,0,1,12,768.7333333333333
10,0,0,1,12,768.7333333333333
10,0,0,1,12,768.7333333333333
10,0,0,1,12,768.7333333333333
10,0,0,1,12,768.7333333333333
1,0,0,0,6,23.683333333333334
1,0,0,0,12,26.7
5,0,0,0,12,5.483333333333333
1,0,0,0,6,6.583333333333333
1,0,0,0,6,1.4333333333333333
1,0,0,0,12,46.0
4,0,0,0,12,27.1
5,0,0,0,12,16.233333333333334
10,1,0,1,12,24.033333333333335
10,1,0,1,12,24.033333333333335
10,1,0,1,12,24.033333333333335
3,0,0,0,12,-3.716666666666667
5,0,0,0,6,26.916666666666668
2,0,0,0,6,47.06666666666667
1,0,0,0,12,42.46666666666667
6,0,0,0,12,4543.483333333334
4,0,0,0,12,342.4
4,0,0,0,12,342.4
4,0,0,0,12,342.4
2,0,0,0,12,-3.8833333333333333
1,0,0,0,6,107.28333333333333
3,0,0,0,12,29.466666666666665
1,0,0,0,6,15.9
8,1,0,0,12,46.083333333333336
1,0,0,0,6,5.883333333333334
2,0,0,0,12,1551.5
10,0,0,0,12,233.13333333333333
10,0,0,0,12,233.13333333333333
10,0,0,0,12,233.13333333333333
1,0,0,0,6,92.58333333333333
8,0,0,1,12,533.0
8,0,0,0,6,27.45
8,0,0,0,12,1584.8166666666666
6,0,0,0,6,313.6666666666667
6,0,0,0,6,313.6666666666667
6,0,0,0,6,313.6666666666667
5,0,0,0,12,26.366666666666667
5,0,0,0,12,43.5
5,0,0,0,12,43.5
4,0,0,0,13,96.18333333333334
7,0,0,0,13,2328.2166666666667
7,0,0,0,13,2328.2166666666667
7,0,0,0,13,2328.2166666666667
7,0,0,0,13,2328.2166666666667
3,0,0,0,12,2855.766666666667
2,0,0,0,6,141.2
1,0,0,0,5,-10.616666666666667
9,1,1,0,13,17.35
9,1,1,0,13,17.35
10,0,0,0,12,28.033333333333335
1,0,0,0,12,73.78333333333333
1,0,0,0,12,73.78333333333333
1,0,0,0,12,25.683333333333334
3,0,0,0,12,25.083333333333332
1,0,0,0,14,31.083333333333332
6,1,2,2,12,20.883333333333333
6,1,2,2,12,20.883333333333333
9,0,0,0,12,138.4
9,0,0,0,12,138.4
9,0,0,0,12,138.4
7,0,0,1,12,245.18333333333334
7,0,0,1,12,245.18333333333334
1,0,0,0,12,23.7
9,1,0,0,13,625.8666666666667
9,1,0,0,13,625.8666666666667
9,1,0,0,13,625.8666666666667
9,1,0,0,13,625.8666666666667
9,1,0,0,13,625.8666666666667
9,1,0,0,13,625.8666666666667
1,0,0,0,6,19.716666666666665
6,0,0,0,6,95.93333333333334
6,0,0,0,6,95.93333333333334
6,0,0,0,6,95.93333333333334
6,0,0,0,6,95.93333333333334
6,0,0,0,6,95.93333333333334
6,0,0,0,6,95.93333333333334
6,0,0,0,6,95.93333333333334
6,0,0,0,6,95.93333333333334
6,0,0,0,6,95.93333333333334
1,0,0,0,6,23.05
1,0,0,0,6,23.05
5,0,0,1,6,6.433333333333334
5,0,0,1,6,6.433333333333334
2,0,0,0,6,23.683333333333334
6,0,0,0,12,4769.883333333333
6,0,0,0,12,4769.883333333333
10,0,0,0,12,49.06666666666667
10,0,0,0,12,49.06666666666667
10,0,0,0,12,49.06666666666667
10,0,0,0,12,49.06666666666667
10,0,0,0,12,49.06666666666667
10,0,0,0,12,49.06666666666667
4,0,0,0,12,25.033333333333335
1,0,0,0,12,846.2833333333333
10,0,0,0,12,24.883333333333333
2,0,0,0,12,166.16666666666666
1,0,0,0,13,58.11666666666667
1,0,0,0,12,22.233333333333334
6,0,0,0,12,24.75
1,0,0,0,12,21.1
1,0,0,0,13,762.6666666666666
1,0,0,0,13,762.6666666666666
1,0,0,0,9,8.0
1,0,0,0,9,8.0
1,0,0,0,9,8.0
6,0,0,0,12,2425.65
1,0,0,0,12,242.08333333333334
4,0,0,0,6,22.116666666666667
1,0,0,0,6,547.5166666666667
5,0,0,0,12,172.43333333333334
5,0,0,0,12,172.43333333333334
3,0,0,0,12,896.7
3,0,0,0,12,896.7
1,0,0,0,6,24.016666666666666
9,0,0,1,12,80.9
9,0,0,4,5,206.28333333333333
7,0,0,0,12,270.4166666666667
7,0,0,0,12,270.4166666666667
9,0,0,0,12,4.35
2,0,0,0,12,29.216666666666665
7,2,0,1,12,6605.183333333333
2,0,0,0,6,24.35
3,0,0,0,12,697.3833333333333
4,0,0,0,6,-0.8666666666666667
9,0,0,0,12,439.3333333333333
9,0,0,0,12,439.3333333333333
1,0,0,0,12,17.0
4,0,0,0,6,24.066666666666666
1,0,0,0,6,27.283333333333335
4,0,0,0,12,197.3
4,0,0,0,12,197.3
8,0,0,0,13,28.85
8,0,0,0,13,28.85
1,0,0,0,6,22.933333333333334
5,0,0,0,12,30.466666666666665
5,0,0,0,12,455.18333333333334
5,0,0,0,12,455.18333333333334
5,0,0,0,12,455.18333333333334
-1,0,0,0,6,3281.1833333333334
-1,0,0,0,6,3281.1833333333334
7,0,0,0,12,622.0333333333333
3,0,0,0,6,26.866666666666667
3,0,0,0,6,26.866666666666667
3,0,0,0,6,26.866666666666667
5,0,0,0,12,25.85
5,0,0,0,12,25.85
5,0,0,0,12,25.85
5,0,0,0,12,25.85
3,0,0,0,13,669.7333333333333
3,0,0,0,13,669.7333333333333
3,0,0,0,13,669.7333333333333
6,0,0,0,12,327.1166666666667
6,0,0,0,12,327.1166666666667
6,0,0,0,12,327.1166666666667
10,0,0,0,12,15.683333333333334
5,0,0,0,12,6.783333333333333
1,0,0,0,6,25.816666666666666
1,0,0,0,6,25.816666666666666
2,0,0,0,12,1776.3666666666666
1,0,0,0,6,113.83333333333333
1,0,0,0,6,21.95
3,0,0,0,6,23.0
1,0,0,0,13,171.76666666666668
1,0,0,0,13,171.76666666666668
5,0,0,0,12,24.316666666666666
2,0,0,0,5,-10.133333333333333
2,0,0,0,5,-10.133333333333333
8,2,0,1,13,2590.2833333333333
5,0,0,0,12,28.683333333333334
9,0,0,0,12,3267.016666666667
1,0,0,0,12,26.783333333333335
6,0,0,0,12,479.51666666666665
2,0,0,0,6,30.133333333333333
1,0,0,0,5,22.633333333333333
4,0,0,0,6,906.0833333333334
1,0,0,0,6,46.75
3,0,0,0,6,9.75
3,0,0,0,6,9.75
4,0,0,0,12,1249.5666666666666
4,0,0,0,12,1249.5666666666666
9,0,0,0,12,461.2
1,0,0,0,6,-1.5
7,0,0,0,12,3051.016666666667
7,0,0,0,12,3051.016666666667
7,0,0,0,12,3051.016666666667
7,0,0,0,12,3051.016666666667
7,0,0,0,12,3051.016666666667
5,0,0,0,12,52.6
5,0,0,0,12,52.6
1,0,0,0,6,3.95
2,0,0,0,12,29.416666666666668
2,0,0,0,12,29.416666666666668
1,0,0,0,12,30.8
1,0,0,0,12,30.8
7,0,0,0,13,3096.383333333333
7,0,0,0,13,3096.383333333333
7,0,0,0,13,3096.383333333333
1,0,0,0,12,21.8
8,0,0,0,6,1086.7333333333333
2,0,0,1,6,48.63333333333333
5,0,0,0,13,21.833333333333332
5,0,0,0,5,24.966666666666665
4,0,0,0,12,7.6
4,0,0,0,12,7.6
4,0,0,0,12,7.6
4,0,0,0,12,7.6
4,0,0,0,12,7.6
4,0,0,0,12,7.6
4,0,0,0,12,128.95
2,0,0,0,13,360.8333333333333
9,0,0,0,6,29.383333333333333
9,0,0,0,6,29.383333333333333
4,0,1,3,12,30.683333333333334
4,0,1,3,12,30.683333333333334
1,0,0,0,12,6.333333333333333
3,0,1,0,6,19.9
3,0,1,0,6,19.9
2,0,0,0,12,22.216666666666665
2,0,0,0,12,0.11666666666666667
4,0,1,0,12,103.76666666666667
4,0,1,0,12,103.76666666666667
4,0,1,0,12,103.76666666666667
1,0,0,0,13,15.85
3,0,0,0,12,-9.966666666666667
5,0,0,0,12,262.53333333333336
5,0,0,0,12,262.53333333333336
5,0,0,0,12,262.53333333333336
1,0,0,0,12,121.1
3,0,0,0,12,0.1
3,0,0,0,12,0.1
3,0,0,0,6,5.983333333333333
10,1,1,0,12,22.0
7,0,0,0,12,49.05
10,1,0,0,12,2063.0666666666666
7,0,0,0,12,41.5
7,0,0,0,12,41.5
7,0,0,0,12,41.5
10,0,0,1,6,242.15
10,0,0,1,6,242.15
10,0,0,1,6,242.15
10,0,0,1,6,242.15
2,0,0,0,12,25.516666666666666
7,0,0,0,6,1689.45
7,0,0,0,6,1689.45
9,0,0,0,12,790.8333333333334
10,1,0,4,12,1496.2166666666667
10,1,0,4,12,1496.2166666666667
6,0,0,0,12,23.833333333333332
6,0,0,0,12,23.833333333333332
6,0,0,0,12,23.833333333333332
1,0,0,0,6,5.433333333333334
1,0,0,0,6,13.8
4,0,0,0,6,19.55
1,0,0,0,5,24.45
9,0,0,0,13,29.633333333333333
9,0,0,0,13,29.633333333333333
9,0,0,0,13,29.633333333333333
1,0,0,0,6,100.98333333333333
1,0,0,0,6,100.98333333333333
6,0,0,0,12,22.8
6,0,0,0,12,22.8
6,0,0,0,12,22.8
3,0,0,0,5,1.9666666666666666
1,0,0,0,13,17.25
2,0,0,0,12,21.616666666666667
5,0,0,0,12,42.71666666666667
6,0,0,0,12,3457.866666666667
6,0,0,0,12,3457.866666666667
3,0,0,0,6,31.583333333333332
7,0,0,0,12,2575.5666666666666
7,0,0,0,12,2575.5666666666666
6,0,0,1,12,43.833333333333336
6,0,0,1,12,43.833333333333336
1,0,0,0,12,409.6
3,0,0,0,12,72.25
3,0,0,0,12,72.25
3,0,0,0,12,72.25
5,0,2,0,13,-5.55
5,0,2,0,13,-5.55
1,0,0,0,6,137.88333333333333
7,0,1,0,13,190.11666666666667
3,0,0,0,6,21.816666666666666
1,0,0,0,9,239.1
6,0,0,0,13,151.08333333333334
6,0,0,0,13,151.08333333333334
8,8,0,1,13,27.866666666666667
8,8,0,1,13,27.866666666666667
3,0,0,0,6,29.833333333333332
5,0,0,0,12,5.683333333333334
5,0,0,0,12,5.683333333333334
3,0,0,0,13,21.583333333333332
4,0,0,0,12,292.9
4,0,0,0,12,292.9
4,0,0,0,12,292.9
4,0,0,0,12,292.9
1,0,0,0,6,25.416666666666668
4,0,0,0,12,4.066666666666666
4,0,0,0,12,4.066666666666666
8,0,0,0,12,-0.75
8,0,0,1,5,846.2333333333333
4,0,0,0,5,1539.1333333333334
4,0,0,0,5,1539.1333333333334
4,0,0,0,5,1539.1333333333334
1,0,0,0,12,32.46666666666667
3,0,0,0,6,4326.816666666667
2,0,0,0,12,30.083333333333332
1,0,0,0,6,5.366666666666666
7,0,0,0,12,5.55
6,0,0,0,12,-2.25
3,0,0,0,6,23.466666666666665
1,0,0,0,6,14.05
7,1,0,0,12,29.883333333333333
7,1,0,0,12,29.883333333333333
7,1,0,0,12,29.883333333333333
1,0,0,0,12,181.76666666666668
1,0,0,0,6,4.75
1,0,0,0,6,4.75
1,0,0,0,6,4.75
1,0,0,0,6,4.75
1,0,0,0,12,25.8
1,0,0,0,12,25.8
1,0,0,0,12,25.8
6,0,0,0,13,743.5
6,0,0,0,13,743.5
1,0,0,0,6,23.85
1,0,0,0,6,24.116666666666667
6,0,0,1,12,26.166666666666668
6,0,0,1,12,26.166666666666668
3,0,0,0,6,-3.5833333333333335
4,0,0,0,5,239.26666666666668
4,0,0,0,5,239.26666666666668
6,0,0,0,6,24.416666666666668
6,0,0,0,6,24.416666666666668
6,0,0,0,6,24.416666666666668
6,0,0,0,6,24.416666666666668
10,1,0,0,13,413.1166666666667
10,1,0,0,13,413.1166666666667
10,1,0,0,13,413.1166666666667
7,0,0,0,12,9961.35
1,0,0,0,5,13.416666666666666
2,0,0,0,12,20.483333333333334
2,0,0,0,12,20.483333333333334
7,0,0,0,12,119.18333333333334
7,4,0,0,12,2830.45
7,4,0,0,12,2830.45
7,4,0,0,12,2830.45
8,0,0,0,13,1251.5333333333333
8,0,0,0,13,1251.5333333333333
8,0,0,0,13,1251.5333333333333
8,0,0,0,13,1251.5333333333333
3,0,0,0,5,17.016666666666666
7,0,0,0,13,52.0
2,0,0,0,6,32.28333333333333
-1,0,0,0,12,51.483333333333334
-1,0,0,0,12,51.483333333333334
2,0,0,0,6,25.016666666666666
2,0,0,0,6,25.016666666666666
2,0,0,0,6,25.016666666666666
1,0,0,0,12,0.36666666666666664
5,0,0,1,13,20.65
7,0,0,0,12,1879.8833333333334
2,0,0,0,6,12.95
3,1,0,0,9,21.883333333333333
4,0,0,0,12,1323.4333333333334
1,0,0,0,6,0.016666666666666666
1,0,0,0,6,0.95
8,0,0,0,6,477.75
8,0,0,0,6,477.75
8,0,0,0,6,477.75
8,0,0,0,6,477.75
7,0,0,0,6,145.23333333333332
5,0,0,0,12,1396.7333333333333
5,0,0,0,12,1396.7333333333333
2,0,0,0,12,26.816666666666666
10,0,0,0,12,0.08333333333333333
10,0,0,0,12,0.08333333333333333
10,0,0,0,12,0.08333333333333333
10,0,0,0,12,0.08333333333333333
10,0,0,0,12,0.08333333333333333
10,0,0,0,12,0.08333333333333333
10,0,0,0,12,0.08333333333333333
1,0,0,0,13,21.9
10,0,0,0,6,956.4666666666667
10,0,0,0,6,956.4666666666667
1,0,0,0,6,24.033333333333335
7,0,0,0,6,22.1
7,0,0,0,6,22.1
6,0,0,0,12,824.7
6,0,0,0,12,824.7
1,0,0,0,5,5.2
1,0,0,0,6,24.35
7,0,0,0,6,26.116666666666667
1,0,0,0,12,9.366666666666667
1,0,0,0,6,-4.75
4,0,0,1,12,28.166666666666668
8,0,0,1,12,20.533333333333335
8,0,0,1,12,20.533333333333335
8,0,0,1,12,20.533333333333335
4,0,0,0,12,119.35
1,0,0,0,5,988.9
9,0,0,0,12,220.66666666666666
9,0,0,0,12,220.66666666666666
9,0,0,0,12,220.66666666666666
5,0,0,0,12,767.8833333333333
5,0,0,0,12,767.8833333333333
1,0,0,0,6,0.26666666666666666
1,0,0,0,12,16.366666666666667
1,0,0,0,12,16.366666666666667
1,0,0,0,6,8.333333333333334
1,0,0,0,6,288.76666666666665
4,0,0,0,6,20.5
3,0,0,0,6,220.05
2,0,0,0,6,607.35
2,0,0,0,6,607.35
2,0,0,0,6,607.35
2,0,0,0,6,607.35
3,0,0,0,12,3.066666666666667
3,0,0,0,12,3.066666666666667
3,0,0,0,(MO3),90.93333333333334
3,0,0,0,(MO3),90.93333333333334
3,0,0,0,(MO3),90.93333333333334
3,0,0,0,(MO3),90.93333333333334
10,0,0,0,12,137.45
10,0,0,0,12,137.45
5,0,0,0,(MO3),185.38333333333333
10,0,0,0,12,534.6
10,0,0,0,12,534.6
10,0,0,0,12,534.6
10,0,0,0,12,534.6
10,0,0,0,12,534.6
10,0,0,0,12,52.016666666666666
10,0,0,0,12,52.016666666666666
10,0,0,0,12,52.016666666666666
10,0,0,0,12,52.016666666666666
1,0,0,0,6,-4.483333333333333
1,0,0,0,6,23.85
6,0,0,0,6,4342.35
6,0,0,0,6,4342.35
6,0,0,0,12,28.266666666666666
6,0,0,0,12,28.266666666666666
6,0,0,0,12,28.266666666666666
6,0,0,0,12,28.266666666666666
6,0,0,0,12,28.266666666666666
6,0,0,0,12,28.266666666666666
6,0,0,0,12,28.266666666666666
10,0,0,0,12,17.5
10,0,0,0,12,17.5
10,0,0,0,12,17.5
2,0,0,0,12,25.133333333333333
2,0,0,0,5,3.066666666666667
2,0,0,0,5,3.066666666666667
9,0,1,1,12,50.95
9,0,1,1,12,50.95
9,0,1,1,12,50.95
7,0,0,0,13,25.883333333333333
7,0,0,0,13,25.883333333333333
3,0,0,0,6,20.766666666666666
9,0,0,0,6,28.616666666666667
5,0,0,0,12,28.433333333333334
5,0,2,0,13,217.75
5,0,2,0,13,217.75
1,0,0,0,12,47.916666666666664
4,0,0,0,12,-4.366666666666666
9,0,2,1,12,5.75
9,0,2,1,12,5.75
9,0,2,1,12,5.75
9,0,2,1,12,5.75
9,0,2,1,12,5.75
3,0,0,0,12,-3.033333333333333
3,0,0,0,12,-3.033333333333333
9,0,0,0,12,385.1666666666667
6,0,0,0,12,48.13333333333333
6,0,0,0,12,48.13333333333333
2,0,0,0,12,24.133333333333333
1,0,0,0,12,1205.7333333333333
4,0,0,0,5,45.28333333333333
2,0,0,0,9,97.58333333333333
2,0,0,0,9,97.58333333333333
3,0,0,1,12,16.816666666666666
5,0,0,0,12,199.21666666666667
8,0,0,0,12,26.166666666666668
2,0,0,0,13,68.01666666666667
10,0,0,0,12,896.35
10,0,0,0,12,896.35
10,0,0,0,12,896.35
1,0,0,0,6,44.266666666666666
3,0,0,0,12,29.883333333333333
3,0,0,0,12,29.883333333333333
4,0,0,0,12,654.5833333333334
2,0,0,0,13,1052.5
4,0,0,0,12,934.6166666666667
4,0,0,0,12,934.6166666666667
8,0,0,0,12,46.21666666666667
8,0,0,0,12,46.21666666666667
6,0,0,0,12,21.683333333333334
1,0,0,0,14,1541.7666666666667
6,0,0,0,12,30.666666666666668
7,0,0,0,12,2156.1833333333334
7,0,0,0,12,2156.1833333333334
7,0,0,0,12,2156.1833333333334
7,0,0,0,12,2156.1833333333334
6,0,1,0,13,16.233333333333334
6,0,1,0,13,16.233333333333334
2,0,0,0,12,119.18333333333334
2,0,0,0,12,119.18333333333334
2,0,0,0,12,23.033333333333335
8,0,0,0,12,39.2
8,0,0,0,12,39.2
8,0,0,0,12,39.2
4,0,0,0,12,29.466666666666665
4,0,0,0,12,29.466666666666665
2,0,0,0,13,1561.1333333333334
2,0,0,0,13,1561.1333333333334
7,0,0,0,13,49.75
1,0,0,0,12,18.9
10,0,0,0,12,1323.3666666666666
10,0,0,0,12,1323.3666666666666
10,0,0,0,12,1323.3666666666666
9,0,0,0,12,40.15
7,0,1,0,12,16.333333333333332
9,0,0,1,6,1913.3833333333334
6,0,0,0,6,462.76666666666665
6,0,0,0,6,462.76666666666665
2,0,0,0,6,123.8
4,0,0,0,5,27.966666666666665
3,0,0,0,12,26.316666666666666
3,0,0,0,12,26.316666666666666
1,0,0,0,6,26.383333333333333
1,0,0,0,12,38.8
5,0,0,0,12,819.2166666666667
5,0,0,0,12,819.2166666666667
1,0,0,0,6,265.96666666666664
1,0,0,0,12,26.016666666666666
5,0,0,0,12,21.55
5,0,0,0,12,21.55
4,0,0,0,13,44.733333333333334
4,0,0,0,13,44.733333333333334
9,0,0,0,5,21.333333333333332
5,0,0,0,9,526.25
4,0,0,0,13,2648.2
1,0,0,0,12,-4.316666666666666
5,0,0,0,6,12.4
1,0,0,0,6,-0.13333333333333333
3,0,0,0,12,696.9666666666667
3,0,0,0,12,696.9666666666667
2,0,0,0,6,26.433333333333334
7,0,0,0,6,20.183333333333334
9,0,0,0,12,148.28333333333333
9,0,0,0,12,148.28333333333333
9,0,0,1,12,7754.616666666667
5,0,0,0,12,5.816666666666666
3,0,0,0,6,28.3
2,0,0,0,6,22.716666666666665
2,0,0,0,6,22.716666666666665
9,0,0,1,12,78.98333333333333
9,0,0,1,12,78.98333333333333
9,0,0,0,12,15.966666666666667
9,0,0,0,12,15.966666666666667
9,0,0,0,12,15.966666666666667
3,0,0,0,12,29.516666666666666
10,0,0,1,6,1923.55
10,0,0,1,6,1923.55
1,0,0,0,6,93.56666666666666
4,0,0,0,12,20.7
4,0,0,0,12,20.7
6,0,0,1,12,20.85
1,0,0,0,12,20.283333333333335
1,0,0,0,12,20.283333333333335
9,0,0,0,13,482.9166666666667
9,0,0,0,13,482.9166666666667
9,0,0,0,13,482.9166666666667
9,0,0,0,13,482.9166666666667
9,0,0,0,13,482.9166666666667
1,0,0,0,13,1194.1833333333334
1,0,0,0,13,1194.1833333333334
2,0,0,0,12,-5.4
7,0,0,0,12,165.61666666666667
7,0,0,0,12,165.61666666666667
7,0,0,0,12,165.61666666666667
5,0,1,0,6,51.016666666666666
8,0,0,0,12,2156.3
2,0,0,0,12,630.5166666666667
8,0,0,0,12,47.7
1,0,0,0,12,23.833333333333332
2,0,0,0,6,17.366666666666667
2,0,0,0,5,46.983333333333334
2,0,0,0,5,46.983333333333334
2,0,0,0,5,46.983333333333334
4,0,0,0,12,48.31666666666667
4,0,0,0,12,48.31666666666667
4,0,0,0,12,48.31666666666667
5,0,0,0,12,27.433333333333334
5,0,0,0,12,27.433333333333334
10,1,0,0,12,7053.716666666666
8,0,0,0,12,8140.066666666667
5,0,0,0,12,48.88333333333333
5,0,0,0,12,48.88333333333333
7,0,0,0,12,797.35
7,0,0,0,12,797.35
7,0,0,0,12,797.35
4,0,0,0,5,145.25
6,0,0,0,6,28.75
1,0,0,0,12,24.783333333333335
1,0,0,0,12,24.783333333333335
1,0,0,0,12,24.816666666666666
3,0,0,0,12,27.65
6,0,0,0,5,143.8
6,0,0,0,5,143.8
6,0,0,0,5,143.8
1,0,0,0,6,16.366666666666667
8,0,1,0,12,5.366666666666666
8,0,1,0,12,5.366666666666666
8,0,1,0,12,5.366666666666666
2,0,0,0,12,47.4
3,0,0,0,12,9233.4
1,0,0,0,14,150.98333333333332
6,0,1,0,13,973.5666666666667
6,0,1,0,13,973.5666666666667
1,0,0,0,13,194.15
1,0,0,0,12,24.233333333333334
4,0,0,0,6,4.05
8,0,0,0,12,3311.3
8,0,0,0,12,3311.3
8,0,0,0,12,3311.3
6,0,0,0,13,5094.583333333333
8,0,0,0,12,477.75
8,0,0,0,12,477.75
5,0,0,0,12,25.75
5,0,0,0,12,25.75
1,0,0,0,12,20.683333333333334
2,0,0,0,12,265.96666666666664
2,0,0,0,12,265.96666666666664
8,0,0,0,12,5974.583333333333
8,0,0,0,12,5974.583333333333
8,0,0,0,12,5974.583333333333
9,0,0,0,12,26.4
1,0,0,0,5,44.11666666666667
1,0,0,0,6,30.0
5,0,0,0,12,20.083333333333332
5,0,0,0,12,20.083333333333332
2,0,0,0,12,390.71666666666664
2,0,0,0,12,390.71666666666664
2,0,0,0,12,390.71666666666664
1,0,0,0,12,71.85
1,0,0,0,6,-2.0833333333333335
1,0,0,0,6,-2.0833333333333335
3,0,0,0,12,23.383333333333333
3,0,0,0,12,23.383333333333333
3,0,0,0,12,23.383333333333333
3,0,0,0,12,23.383333333333333
8,0,0,0,12,47.56666666666667
8,0,0,0,12,47.56666666666667
10,0,0,0,12,144.55
10,0,0,0,12,144.55
10,0,0,0,12,144.55
2,0,0,0,6,26.85
2,0,0,0,12,23.983333333333334
9,0,0,0,12,1865.6
1,0,0,0,5,76.43333333333334
2,0,0,0,6,2.5166666666666666
1,0,0,0,6,42.166666666666664
3,0,0,0,13,23.983333333333334
10,0,0,0,13,70.46666666666667
10,0,0,0,13,70.46666666666667
3,0,0,0,12,43.95
7,0,0,0,12,43.233333333333334
7,0,0,0,12,43.233333333333334
8,0,0,0,12,7.266666666666667
3,0,0,0,12,26.983333333333334
3,0,0,0,12,26.983333333333334
4,0,0,0,13,6432.083333333333
4,0,0,0,13,6432.083333333333
1,0,0,0,12,19.65
4,0,1,1,12,27.833333333333332
4,0,1,1,12,27.833333333333332
6,0,0,0,12,24.3
4,0,0,0,12,68.16666666666667
4,0,0,0,12,68.16666666666667
10,0,0,0,12,20.466666666666665
10,0,0,0,12,20.466666666666665
6,0,0,0,12,29.85
1,0,0,0,12,7.433333333333334
4,0,0,0,12,569.9
1,0,0,0,14,17.75
1,0,0,0,14,196.5
9,0,0,1,12,196.95
9,0,0,1,12,196.95
9,0,0,1,12,196.95
9,0,0,1,12,196.95
9,0,0,1,12,196.95
9,0,0,1,12,196.95
8,0,0,0,12,31.166666666666668
2,0,0,0,12,29.216666666666665
2,0,0,0,12,29.216666666666665
3,0,0,0,12,13.6
9,0,0,0,12,51.083333333333336
7,0,1,0,13,54.06666666666667
7,0,1,0,13,54.06666666666667
7,0,1,0,13,54.06666666666667
2,0,0,0,12,30.683333333333334
2,0,0,0,12,3.6166666666666667
5,0,0,0,5,48.733333333333334
1,0,0,0,12,170.28333333333333
5,0,0,0,12,74.23333333333333
5,0,0,0,12,74.23333333333333
5,0,0,0,12,74.23333333333333
10,0,0,0,14,24.25
10,0,0,0,14,24.25
10,0,0,0,14,24.25
10,0,0,0,14,24.25
10,0,0,0,14,24.25
10,0,0,0,14,24.25
1,0,0,0,12,27.866666666666667
1,0,0,0,12,27.866666666666667
2,0,0,0,12,24.25
9,0,0,0,12,820.8666666666667
3,0,0,0,12,15.3
3,0,0,0,12,15.3
3,0,0,0,12,15.3
3,0,0,0,12,15.3
5,0,1,1,5,20.533333333333335
5,0,1,1,5,20.533333333333335
5,0,1,1,5,20.533333333333335
5,0,1,1,5,20.533333333333335
5,0,1,1,5,20.533333333333335
9,0,0,0,5,5.4
5,0,0,0,12,4266.6
5,0,0,0,12,4266.6
1,0,0,0,12,597.8666666666667
9,0,4,0,5,978.8166666666667
9,0,4,0,5,978.8166666666667
9,0,4,0,5,978.8166666666667
5,0,0,0,12,891.8333333333334
5,0,0,2,12,188.13333333333333
5,0,0,2,12,188.13333333333333
5,0,0,2,12,188.13333333333333
5,0,0,2,12,188.13333333333333
5,0,0,0,12,22.716666666666665
5,0,0,0,12,32.916666666666664
5,0,0,0,12,32.916666666666664
5,0,0,0,12,32.916666666666664
7,0,0,0,12,2002.2666666666667
7,0,0,0,12,2002.2666666666667
3,0,0,0,12,9384.716666666667
3,0,0,0,12,20.916666666666668
3,0,0,0,12,20.916666666666668
10,0,0,0,12,740.7833333333333
10,0,0,0,12,740.7833333333333
10,0,0,0,12,740.7833333333333
10,0,0,0,12,740.7833333333333
4,0,0,0,12,19.116666666666667
10,0,0,0,6,30.416666666666668
8,0,0,0,13,412.26666666666665
8,0,0,0,13,412.26666666666665
9,0,0,0,12,816.6666666666666
2,0,0,0,12,24.8
7,0,0,0,6,22.55
2,0,0,0,12,894.4166666666666
2,0,0,0,12,894.4166666666666
2,0,0,0,12,894.4166666666666
2,0,0,0,12,894.4166666666666
2,0,0,0,12,894.4166666666666
2,0,0,0,12,894.4166666666666
1,0,0,0,12,6.283333333333333
7,0,0,0,13,20.033333333333335
8,0,0,0,12,118.93333333333334
8,0,0,0,12,118.93333333333334
8,0,0,0,12,118.93333333333334
7,0,0,1,12,531.2833333333333
7,0,0,1,12,531.2833333333333
6,0,0,0,13,144.01666666666668
6,0,0,0,13,144.01666666666668
6,0,0,0,13,144.01666666666668
6,0,0,0,12,1008.6333333333333
6,0,0,0,12,1008.6333333333333
6,0,0,0,12,1008.6333333333333
4,0,0,0,6,25.05
4,0,0,0,6,25.05
9,0,0,0,12,3.466666666666667
3,0,0,0,6,7.25
4,0,0,0,6,13.483333333333333
4,0,0,0,5,79.9
4,0,0,0,5,79.9
2,0,0,0,12,21.116666666666667
2,0,0,0,12,21.116666666666667
2,0,0,0,12,26.366666666666667
2,0,0,0,6,23.05
6,0,0,0,12,20.583333333333332
3,0,0,0,12,54.71666666666667
3,0,0,0,12,54.71666666666667
1,0,0,0,12,19.1
2,0,0,0,6,7.5
1,0,0,0,5,-4.2
3,0,0,0,12,20.5
2,0,0,0,12,24.9
2,0,0,0,12,24.9
5,0,0,0,12,48.483333333333334
4,0,0,0,12,418.78333333333336
4,0,0,0,12,418.78333333333336
1,0,0,0,6,27.933333333333334
2,0,0,1,12,114.08333333333333
4,0,0,0,6,26.083333333333332
4,0,0,0,6,26.083333333333332
4,0,0,0,6,26.083333333333332
9,0,2,1,12,142.05
4,0,0,0,14,13152.5
4,0,0,0,12,67.55
4,0,0,0,12,67.55
6,0,0,0,12,3365.2166666666667
7,0,0,0,12,264.43333333333334
7,0,0,0,12,264.43333333333334
1,0,0,0,12,123.16666666666667
7,0,0,0,12,675.25
1,0,0,0,6,124.46666666666667
9,0,1,0,12,99.65
9,0,1,0,12,99.65
3,0,0,0,6,5.433333333333334
5,0,0,0,12,16.0
5,0,0,0,12,16.0
5,0,0,0,12,16.0
2,0,0,0,13,27.783333333333335
9,0,0,1,12,6.233333333333333
4,0,0,0,6,24.433333333333334
1,0,0,0,6,19.4
1,0,0,0,12,31.183333333333334
5,0,0,0,12,650.2666666666667
4,0,0,2,12,25.916666666666668
7,0,0,0,12,27.933333333333334
7,0,0,0,12,27.933333333333334
2,0,0,0,6,25.416666666666668
5,0,0,0,6,5.583333333333333
2,0,0,0,5,23.733333333333334
8,0,0,0,9,8523.883333333333
1,0,0,0,6,22.933333333333334
6,0,0,0,12,7.15
2,0,0,0,12,24.15
1,0,0,0,6,20.633333333333333
2,0,0,0,6,41.11666666666667
3,0,0,0,12,2.2666666666666666
7,0,0,0,6,3.6
10,0,0,0,13,97.28333333333333
10,0,0,0,13,97.28333333333333
6,1,1,0,5,29.95
1,0,0,0,12,17.05
1,0,0,0,12,17.05
1,0,0,0,12,17.05
1,0,0,0,12,17.05
3,0,0,0,12,1252.5666666666666
7,0,0,0,9,1894.2166666666667
7,0,0,0,9,1894.2166666666667
6,0,0,0,12,27.8
3,0,0,1,12,23.55
2,0,0,0,5,218.23333333333332
2,0,0,0,5,218.23333333333332
6,0,0,0,6,29.033333333333335
4,0,0,0,12,49.8
7,0,0,0,12,21.916666666666668
7,0,0,0,12,21.916666666666668
4,0,0,0,14,26.666666666666668
4,0,0,0,14,26.666666666666668
5,0,0,0,6,14.55
3,0,0,0,6,20.416666666666668
8,0,0,0,5,139.86666666666667
8,0,0,0,5,139.86666666666667
8,0,0,0,5,139.86666666666667
10,0,1,0,12,408.28333333333336
10,0,1,0,12,408.28333333333336
3,0,0,0,5,22.183333333333334
3,0,0,0,5,22.183333333333334
1,0,0,0,6,21.233333333333334
1,0,0,0,6,21.233333333333334
1,0,0,0,6,5.233333333333333
4,0,0,0,12,8.166666666666666
9,0,0,0,12,651.6666666666666
6,0,0,0,6,49.13333333333333
6,0,0,0,6,49.13333333333333
3,0,0,0,13,47.43333333333333
2,0,0,0,6,14.75
3,0,0,0,6,6.216666666666667
8,0,0,0,12,121.2
8,0,0,0,12,121.2
8,0,0,0,12,121.2
3,0,0,0,12,31.1
1,0,0,0,12,30.133333333333333
1,0,0,0,12,30.133333333333333
3,0,0,0,12,27.85
3,0,0,0,12,27.85
3,0,0,0,12,27.85
3,0,0,0,12,27.85
8,1,0,0,12,25.85
8,1,0,0,12,25.85
8,0,1,1,12,23.9
10,1,0,0,12,152.43333333333334
10,1,0,0,12,152.43333333333334
7,0,0,1,6,28.166666666666668
7,0,0,1,6,28.166666666666668
7,0,0,1,6,28.166666666666668
7,0,0,1,6,28.166666666666668
7,0,0,1,6,28.166666666666668
7,0,0,1,6,28.166666666666668
8,1,0,0,6,934.2
4,0,0,0,12,845.0833333333334
4,0,0,0,12,845.0833333333334
4,0,0,0,12,845.0833333333334
4,0,0,0,12,845.0833333333334
7,0,0,0,5,668.5666666666667
7,0,0,0,5,668.5666666666667
7,0,0,0,5,668.5666666666667
2,0,0,0,6,24.216666666666665
1,0,0,0,5,6.133333333333334
1,0,0,0,5,6.133333333333334
4,0,0,0,13,44.68333333333333
4,0,0,0,13,44.68333333333333
4,0,0,0,13,44.68333333333333
9,0,0,0,12,51670.88333333333
2,0,0,0,12,17.45
6,0,0,0,6,552.2166666666667
3,0,0,1,12,5497.3
3,0,0,1,12,5497.3
4,0,0,0,12,125.08333333333333
4,0,0,0,12,125.08333333333333
4,0,0,0,6,17.266666666666666
9,0,0,0,12,991.1
5,0,0,0,12,484.6333333333333
5,0,0,0,12,484.6333333333333
1,0,0,0,6,19.716666666666665
2,0,0,0,13,24.7
1,0,0,0,13,29.75
7,0,0,1,6,20.066666666666666
7,0,0,1,6,20.066666666666666
2,0,0,0,6,31.15
1,0,0,0,6,329.1666666666667
7,0,0,0,6,7034.45
2,0,0,0,6,240.35
2,0,0,0,6,240.35
8,0,0,1,13,51.1
9,0,1,1,12,66.43333333333334
9,0,1,1,12,66.43333333333334
9,0,1,1,12,66.43333333333334
9,0,1,1,12,66.43333333333334
4,0,0,0,12,7132.45
5,0,0,0,12,62.56666666666667
4,0,2,0,12,26.816666666666666
4,0,2,0,12,26.816666666666666
1,0,0,0,12,42.7
1,0,0,0,12,42.7
1,0,0,0,12,29.166666666666668
8,0,1,0,6,24.716666666666665
8,0,1,0,6,24.716666666666665
2,0,0,0,12,30.616666666666667
2,0,0,0,12,20.266666666666666
2,0,0,0,12,20.266666666666666
2,0,0,0,12,20.266666666666666
5,0,1,0,12,44.333333333333336
5,0,1,0,12,44.333333333333336
9,0,0,0,6,16.616666666666667
9,0,0,0,6,16.616666666666667
4,0,0,0,12,-0.3
1,0,0,0,12,24.416666666666668
9,0,1,1,6,25.616666666666667
9,0,1,1,6,25.616666666666667
1,0,0,0,12,2682.55
1,0,0,0,12,2682.55
1,0,0,0,12,2682.55
5,0,0,0,6,20.216666666666665
4,0,0,0,12,56.0
3,0,0,0,6,26.366666666666667
3,0,0,0,6,26.366666666666667
3,0,0,0,12,35.233333333333334
3,0,0,0,12,35.233333333333334
3,0,0,0,12,35.233333333333334
3,0,0,0,12,35.233333333333334
3,0,0,0,12,35.233333333333334
8,0,0,0,5,45.11666666666667
8,0,0,0,5,45.11666666666667
8,0,0,0,5,45.11666666666667
4,0,0,0,13,25.05
7,0,0,0,5,44.28333333333333
6,0,0,0,12,47.1
6,0,0,0,12,47.1
2,0,0,0,12,15.783333333333333
1,0,0,0,12,55.9
1,0,0,0,12,55.9
9,0,0,0,12,239.86666666666667
8,0,3,0,6,2829.15
8,0,3,0,6,2829.15
8,0,3,0,6,2829.15
4,0,0,0,12,51.46666666666667
4,0,0,0,12,51.46666666666667
1,0,0,0,12,872.7666666666667
7,0,0,0,12,94.11666666666666
7,0,0,0,12,94.11666666666666
7,0,0,0,12,94.11666666666666
8,0,0,0,12,47.016666666666666
8,0,0,0,12,47.016666666666666
2,0,0,0,6,22.3
1,0,0,0,12,122.85
1,0,0,0,12,122.85
6,0,0,0,6,16.366666666666667
3,0,0,0,13,16.066666666666666
3,0,0,0,13,16.066666666666666
3,0,0,0,13,16.066666666666666
2,0,0,0,12,534.65
1,0,0,0,12,58.083333333333336
9,1,0,1,12,807.15
9,1,0,1,12,807.15
1,0,0,0,12,190.38333333333333
2,0,0,0,6,27.783333333333335
8,0,1,0,12,478.95
8,0,1,0,12,478.95
8,0,1,0,12,478.95
8,0,1,0,12,478.95
8,0,1,0,12,478.95
4,0,0,0,12,21.516666666666666
4,0,0,0,12,21.516666666666666
10,0,3,1,12,3263.233333333333
10,0,3,1,12,3263.233333333333
3,0,0,0,12,43.86666666666667
3,0,0,0,12,43.86666666666667
3,0,0,0,12,43.86666666666667
3,0,0,0,12,43.86666666666667
3,0,0,0,12,43.86666666666667
3,0,0,0,12,43.86666666666667
6,0,0,0,6,1418.9333333333334
3,0,0,0,12,51.483333333333334
1,0,0,0,12,26.283333333333335
2,0,0,0,13,24.966666666666665
2,0,0,0,13,24.966666666666665
6,0,0,0,12,2022.0
5,0,0,0,12,19.216666666666665
5,0,0,0,12,19.216666666666665
5,0,0,0,12,19.216666666666665
5,0,0,0,12,19.216666666666665
5,0,0,0,12,19.216666666666665
5,0,0,0,12,19.216666666666665
5,0,0,0,12,19.216666666666665
10,0,0,1,5,198.2
10,0,0,1,5,198.2
10,0,0,1,5,198.2
10,0,0,1,5,198.2
7,0,0,0,12,29.65
6,0,0,0,12,2350.9666666666667
6,0,0,0,12,2350.9666666666667
2,0,0,0,12,29.05
4,0,0,0,6,15.383333333333333
4,0,0,0,6,15.383333333333333
4,0,0,0,6,15.383333333333333
5,0,0,0,12,2592.55
3,0,0,0,12,6.25
3,0,0,0,12,6.25
3,0,0,0,12,6.25
5,0,0,0,14,4310.616666666667
5,0,0,0,14,4310.616666666667
1,0,0,0,6,22.55
4,0,0,0,12,0.48333333333333334
7,0,0,0,12,268.75
7,0,0,0,12,268.75
10,0,0,0,12,666.7833333333333
10,0,0,0,12,666.7833333333333
1,0,0,0,12,72.13333333333334
1,0,0,0,12,72.13333333333334
1,0,0,0,5,18.066666666666666
2,0,0,0,6,14.383333333333333
1,0,0,0,5,19.75
6,0,0,0,6,43.833333333333336
6,0,0,0,6,43.833333333333336
6,0,0,0,6,43.833333333333336
6,0,0,0,6,43.833333333333336
1,0,0,0,13,66.78333333333333
3,0,0,0,5,6.216666666666667
3,0,0,0,5,6.216666666666667
3,0,0,0,5,6.216666666666667
3,0,0,0,5,6.216666666666667
2,0,0,0,5,25.633333333333333
1,0,0,0,6,79.75
5,0,0,0,12,21.783333333333335
5,0,0,0,12,21.783333333333335
1,0,0,0,6,5.6
2,0,0,0,12,23.166666666666668
2,0,0,0,12,23.166666666666668
4,0,0,0,6,456.18333333333334
4,0,0,1,6,1082.3
1,0,0,0,6,20.4
2,0,0,0,12,23.05
2,0,0,0,12,24.566666666666666
3,0,0,0,12,27.266666666666666
10,3,0,0,12,197.28333333333333
10,3,0,0,12,197.28333333333333
2,0,0,0,12,209.46666666666667
5,0,0,0,12,39.8
5,0,0,0,12,39.8
7,0,0,1,5,857.4166666666666
7,0,0,1,5,857.4166666666666
3,0,0,1,12,16.933333333333334
7,0,0,0,12,-4.933333333333334
7,0,0,0,12,-4.933333333333334
7,0,0,0,12,-4.933333333333334
7,0,0,0,12,-4.933333333333334
2,0,0,0,12,223.41666666666666
2,0,0,0,12,223.41666666666666
2,0,0,0,12,223.41666666666666
1,0,0,0,6,24.266666666666666
2,0,0,0,6,29.283333333333335
4,0,0,0,12,3679.366666666667
5,0,0,0,12,94.68333333333334
2,0,0,0,6,22.983333333333334
1,0,0,0,12,30.233333333333334
3,0,0,0,6,313.56666666666666
1,0,0,0,12,46.8
7,0,0,0,6,29.05
4,0,0,1,12,13.25
4,0,0,1,12,13.25
1,0,0,0,12,21.016666666666666
1,0,0,0,12,28.683333333333334
9,0,0,0,12,23.133333333333333
10,0,0,0,12,359.76666666666665
10,0,0,0,12,359.76666666666665
9,0,0,0,5,5283.666666666667
2,0,0,0,6,23.933333333333334
3,0,0,0,12,47.36666666666667
1,0,0,0,12,22.533333333333335
3,0,0,0,9,51.516666666666666
1,0,0,0,6,27.366666666666667
10,0,0,0,14,1076.6666666666667
2,0,0,0,13,22.35
3,0,0,0,12,19.966666666666665
9,0,0,0,12,8398.366666666667
7,0,0,0,6,27.55
7,0,0,0,6,27.55
7,0,0,0,6,27.55
1,0,0,0,6,0.43333333333333335
2,0,0,0,12,74.85
2,0,0,0,12,74.85
1,0,0,0,6,-2.6666666666666665
1,0,0,0,6,24.916666666666668
7,0,0,0,12,1202.7666666666667
2,0,0,0,6,-2.65
7,0,0,0,12,16.916666666666668
6,0,0,0,6,809.2666666666667
3,0,0,0,12,3073.883333333333
1,0,0,0,6,6.816666666666666
1,0,0,0,12,16.816666666666666
3,0,0,0,12,26.266666666666666
2,0,0,0,6,23.533333333333335
1,0,0,0,12,22.183333333333334
5,0,0,0,12,775.6166666666667
5,0,0,0,12,775.6166666666667
5,0,0,0,12,775.6166666666667
9,0,0,0,12,50.36666666666667
9,0,0,0,12,50.36666666666667
9,0,0,0,12,50.36666666666667
9,0,0,0,12,50.36666666666667
9,0,0,0,12,50.36666666666667
9,0,0,0,12,50.36666666666667
7,0,0,0,12,27.2
7,0,0,0,12,27.2
7,0,0,0,12,27.2
7,0,0,0,12,27.2
10,0,0,0,12,75.31666666666666
10,0,0,0,12,75.31666666666666
10,0,0,0,12,75.31666666666666
10,0,0,0,12,75.31666666666666
10,0,0,0,12,75.31666666666666
4,0,0,0,6,31.733333333333334
5,0,0,0,12,24.4
5,0,0,0,12,24.4
5,0,0,0,12,24.4
4,0,0,0,12,30.55
8,0,0,0,12,2604.8166666666666
2,0,0,0,6,22.15
7,1,1,0,12,50.9
3,0,0,0,(MO3),244.65
6,0,0,0,12,23.1
4,0,0,0,12,31.333333333333332
10,0,1,0,12,649.6166666666667
10,0,1,0,12,649.6166666666667
5,0,0,0,6,47.45
5,0,0,0,6,47.45
5,0,0,0,12,26.5
5,0,0,0,12,26.5
10,0,0,0,12,225.06666666666666
10,0,0,0,12,225.06666666666666
7,0,0,0,12,1888.4333333333334
1,0,0,0,12,21.3
1,0,0,0,12,26.366666666666667
3,0,0,0,6,50.68333333333333
8,0,0,0,12,213.91666666666666
9,0,0,0,12,1666.4666666666667
9,0,0,0,12,1666.4666666666667
9,0,0,0,12,1666.4666666666667
9,0,0,0,12,1666.4666666666667
7,0,0,0,14,5115.566666666667
7,0,0,0,14,5115.566666666667
5,0,1,0,6,32.78333333333333
5,0,1,0,6,32.78333333333333
10,0,0,1,13,11136.683333333332
1,0,0,0,12,39.85
6,0,0,0,12,30.016666666666666
6,0,0,0,12,30.016666666666666
6,0,0,0,12,30.016666666666666
3,0,0,0,12,15.6
3,0,0,0,5,29.233333333333334
3,0,0,0,5,29.233333333333334
7,0,0,0,6,19.9
6,0,0,0,12,145.61666666666667
6,0,0,0,12,145.61666666666667
6,0,0,0,12,145.61666666666667
1,0,0,0,6,190.61666666666667
8,0,0,0,6,464.9166666666667
8,0,0,0,6,464.9166666666667
8,0,0,0,6,464.9166666666667
8,0,0,0,6,464.9166666666667
8,0,0,0,6,464.9166666666667
8,0,0,0,6,464.9166666666667
6,0,0,0,12,23.266666666666666
6,0,0,0,12,23.266666666666666
6,0,0,0,12,23.266666666666666
3,0,0,0,12,20.833333333333332
3,0,0,0,12,20.833333333333332
1,0,0,0,6,22.933333333333334
7,0,0,1,12,554.15
7,0,0,1,12,554.15
2,0,0,0,13,153.51666666666668
5,0,0,0,6,1892.8
5,0,0,0,6,332.6166666666667
5,0,0,0,6,332.6166666666667
5,0,0,0,6,332.6166666666667
5,0,0,0,6,332.6166666666667
5,0,0,0,6,332.6166666666667
1,0,0,0,12,102.65
1,0,0,0,12,102.65
4,0,0,0,6,23.2
4,0,0,0,6,23.2
4,0,0,0,6,23.2
4,0,0,0,12,28.7
10,0,0,1,12,266.21666666666664
9,0,0,0,12,25.933333333333334
9,0,0,0,12,25.933333333333334
2,0,0,0,5,19.383333333333333
1,0,0,0,6,40.93333333333333
1,0,0,0,6,40.93333333333333
4,0,0,0,12,20.616666666666667
1,0,0,0,12,50.233333333333334
1,0,0,0,12,50.233333333333334
1,0,0,0,12,50.233333333333334
1,0,0,0,12,50.233333333333334
7,0,0,0,5,426.6333333333333
1,0,0,0,6,220.11666666666667
9,0,0,0,12,21.55
9,0,0,0,12,21.55
9,0,0,0,12,21.55
9,0,0,0,12,21.55
7,0,0,0,6,23.45
7,0,0,0,6,23.45
3,0,0,0,12,20.35
3,0,0,0,12,395.56666666666666
3,0,0,0,12,395.56666666666666
3,0,0,0,12,395.56666666666666
3,0,0,0,12,395.56666666666666
3,0,0,0,12,395.56666666666666
2,0,0,0,12,281.23333333333335
4,0,0,0,6,27.55
4,0,0,0,12,626.4666666666667
6,0,0,0,13,40.93333333333333
6,0,0,0,13,40.93333333333333
3,0,0,0,12,26.85
2,0,0,0,13,186.31666666666666
7,0,0,0,12,148.33333333333334
4,1,0,0,13,48.86666666666667
1,0,0,0,12,40.266666666666666
1,0,0,0,12,40.266666666666666
10,0,0,0,12,954.5666666666667
10,0,0,0,12,954.5666666666667
10,0,0,0,12,954.5666666666667
1,0,0,0,6,20.883333333333333
1,0,0,0,5,5.716666666666667
2,0,0,0,12,890.8166666666667
4,0,0,0,12,25.266666666666666
4,0,0,0,12,25.266666666666666
3,0,0,0,12,5800.716666666666
8,0,0,1,12,22.85
8,0,0,1,12,22.85
8,0,0,1,12,22.85
8,0,0,1,12,22.85
9,0,0,0,14,4038.6
9,0,0,0,14,4038.6
9,0,0,0,14,4038.6
6,0,0,0,6,123.08333333333333
3,0,0,0,6,13.616666666666667
1,0,0,0,11,1132.6
2,0,0,0,5,18.2
5,0,0,0,13,70.41666666666667
5,0,0,0,13,70.41666666666667
1,0,0,0,12,27.233333333333334
4,0,0,0,6,5.783333333333333
3,0,0,0,12,54.25
3,0,0,0,12,54.25
3,0,0,0,12,7247.25
2,0,0,0,13,334.8833333333333
2,0,0,0,13,334.8833333333333
2,0,0,0,13,334.8833333333333
2,0,0,0,13,334.8833333333333
2,0,0,0,13,334.8833333333333
3,0,0,0,6,13.65
3,0,0,0,6,13.65
6,0,0,0,12,0.2833333333333333
6,0,0,0,12,0.2833333333333333
6,0,0,0,12,0.2833333333333333
1,0,0,0,12,24.3
7,0,0,0,6,125.56666666666666
3,0,0,0,5,338.23333333333335
3,0,0,0,5,338.23333333333335
1,0,0,0,6,14.45
2,0,0,0,12,987.1
2,0,0,0,12,987.1
4,0,0,0,12,20.7
7,0,0,0,12,75.53333333333333
1,0,0,0,6,19.316666666666666
5,0,0,1,12,47.4
1,0,0,0,8,14.466666666666667
6,0,0,0,12,118.06666666666666
6,0,0,0,9,907.0333333333333
7,0,0,0,6,40.61666666666667
7,0,0,0,6,40.61666666666667
7,0,0,0,6,40.61666666666667
7,0,0,0,6,40.61666666666667
7,0,0,0,6,40.61666666666667
6,0,2,0,6,18.583333333333332
3,0,0,0,12,-3.2666666666666666
5,0,0,0,12,1392.35
5,0,0,0,12,1392.35
10,0,0,0,12,5.566666666666666
7,0,1,0,6,49.5
7,0,1,0,6,49.5
7,0,1,0,6,49.5
10,0,0,0,6,55.8
10,0,0,0,6,55.8
10,0,0,0,6,55.8
10,0,0,0,6,55.8
6,0,0,0,12,8998.133333333333
6,0,0,0,12,8998.133333333333
5,0,0,0,12,45.96666666666667
3,0,0,0,6,21.333333333333332
2,0,0,0,12,21.35
9,0,0,0,12,23.816666666666666
9,0,0,0,12,23.816666666666666
10,1,0,1,12,45.53333333333333
1,0,0,0,13,19.466666666666665
1,0,0,0,6,31.583333333333332
2,0,0,0,6,21.933333333333334
1,0,0,0,12,27.15
2,0,0,0,14,767.5333333333333
3,0,0,0,6,14.1
7,2,1,0,12,4877.35
1,0,0,0,12,29.7
5,0,0,1,6,24.516666666666666
4,1,2,0,6,40.31666666666667
2,0,0,0,14,29.216666666666665
2,0,0,0,14,29.216666666666665
2,0,0,0,14,29.216666666666665
2,0,0,0,14,29.216666666666665
1,0,0,0,6,26.916666666666668
3,0,0,0,12,56.083333333333336
3,0,0,0,12,56.083333333333336
1,0,0,0,13,26.816666666666666
8,0,0,0,6,1324.8666666666666
5,0,0,0,12,5.466666666666667
5,0,0,0,12,5.466666666666667
5,0,0,0,12,5.466666666666667
5,0,0,0,12,5.466666666666667
5,0,0,0,12,5.466666666666667
5,0,0,0,12,5.466666666666667
5,0,0,0,12,5.466666666666667
3,0,0,0,13,1732.2333333333333
3,0,0,0,12,14.983333333333333
2,0,0,0,12,51.38333333333333
2,0,0,0,12,51.38333333333333
2,0,0,0,12,51.38333333333333
7,0,0,0,6,1136.0833333333333
7,0,0,0,6,1136.0833333333333
7,0,0,0,6,1136.0833333333333
2,0,0,0,12,32.166666666666664
2,0,0,0,12,32.166666666666664
1,0,0,0,12,22.183333333333334
2,0,0,0,12,166.81666666666666
1,0,0,0,6,13.483333333333333
3,0,0,0,5,-9.866666666666667
8,1,0,1,5,21.75
8,1,0,1,5,21.75
8,1,0,1,5,21.75
1,0,0,0,6,5.5
1,0,0,0,12,358.8666666666667
1,0,0,0,6,16.483333333333334
1,0,0,0,6,22.75
4,0,0,0,6,288.1
1,0,0,0,12,332.18333333333334
2,0,0,0,12,16.2
3,0,0,0,6,-10.066666666666666
6,0,0,0,12,2878.4666666666667
1,0,0,0,13,46.416666666666664
1,0,0,0,13,46.416666666666664
10,0,0,0,5,29.566666666666666
10,0,0,0,5,29.566666666666666
1,0,0,0,9,983.6666666666666
1,0,0,0,6,27.316666666666666
1,0,0,0,6,21.383333333333333
2,0,0,0,12,510.3333333333333
2,0,0,0,12,510.3333333333333
2,0,0,0,12,510.3333333333333
1,0,0,0,12,18.966666666666665
1,0,0,0,12,18.966666666666665
5,0,0,0,6,25.383333333333333
10,0,0,0,12,623.3833333333333
10,0,0,0,12,623.3833333333333
3,0,0,0,12,30.883333333333333
3,0,0,0,12,30.883333333333333
3,0,0,0,12,30.883333333333333
1,0,0,0,12,55.666666666666664
1,0,0,0,13,26.133333333333333
1,0,0,0,5,27.283333333333335
1,0,0,0,13,253.06666666666666
2,0,0,0,6,124.96666666666667
2,0,0,0,6,124.96666666666667
2,0,0,0,6,124.96666666666667
2,0,0,0,6,40.13333333333333
4,0,0,0,12,19.333333333333332
5,0,0,0,6,63.166666666666664
3,0,0,0,6,16.5
3,0,0,0,6,16.5
8,0,0,0,12,49.25
7,0,0,0,12,22.3
7,0,0,0,12,22.3
6,0,0,0,(MO3),89.5
6,0,0,0,(MO3),89.5
6,0,0,0,(MO3),89.5
6,0,0,0,(MO3),89.5
6,0,0,0,(MO3),89.5
6,0,0,0,(MO3),89.5
6,0,0,0,(MO3),89.5
6,0,0,0,(MO3),89.5
8,0,0,0,12,21.966666666666665
6,0,0,2,12,2.3
6,0,0,2,12,2.3
3,0,0,0,12,4.0
10,0,0,0,12,26.366666666666667
10,0,0,0,12,26.366666666666667
3,0,0,0,12,24.266666666666666
3,0,0,0,12,24.266666666666666
3,0,0,0,12,24.266666666666666
1,0,0,0,12,24.466666666666665
1,0,0,0,12,30.85
2,0,0,0,12,354.25
2,0,0,0,6,68.26666666666667
1,0,0,0,12,54.266666666666666
4,0,0,0,12,28.083333333333332
1,0,0,0,12,21.35
3,0,0,0,12,119.01666666666667
3,0,0,0,12,15.6
7,0,0,0,12,2824.116666666667
8,0,0,0,12,458.8666666666667
8,0,0,0,12,458.8666666666667
8,0,0,0,12,458.8666666666667
10,0,0,0,12,25.083333333333332
10,0,0,0,12,25.083333333333332
10,0,0,0,12,25.083333333333332
10,0,0,0,12,25.083333333333332
10,0,0,0,12,25.083333333333332
10,0,0,0,12,25.083333333333332
3,0,0,0,12,27.216666666666665
3,0,0,0,12,27.216666666666665
3,0,0,0,12,340.03333333333336
3,0,0,0,12,340.03333333333336
1,0,0,0,5,37.53333333333333
5,0,0,0,13,502.0833333333333
5,0,0,0,12,89.2
3,0,0,0,12,20.933333333333334
10,0,0,0,12,41.38333333333333
10,0,0,0,12,41.38333333333333
10,0,0,0,12,41.38333333333333
10,0,0,0,12,41.38333333333333
1,0,0,0,6,29.816666666666666
1,0,0,0,12,4.066666666666666
6,0,0,1,14,1076.9
6,0,0,1,14,1076.9
1,0,0,0,12,38.8
3,0,0,0,13,29.883333333333333
4,0,0,0,12,26.233333333333334
1,0,0,0,6,7.666666666666667
1,0,0,0,12,-3.9166666666666665
6,0,0,0,6,5.316666666666666
4,0,0,0,12,4.9
6,0,0,0,12,25.283333333333335
6,0,0,0,12,25.283333333333335
1,0,0,0,6,26.9
4,0,0,0,12,551.4833333333333
4,0,0,0,12,551.4833333333333
4,0,0,0,12,551.4833333333333
4,0,0,0,12,551.4833333333333
4,0,0,0,12,551.4833333333333
4,0,0,0,12,551.4833333333333
1,0,0,0,12,5.85
7,1,0,0,12,11760.9
8,0,0,0,12,912.4166666666666
8,0,0,0,12,912.4166666666666
3,0,0,0,12,464.35
1,0,0,0,13,306.85
5,0,0,0,6,668.9333333333333
4,0,0,0,10,1320.0166666666667
4,0,0,0,10,1320.0166666666667
2,0,0,2,5,-10.55
2,0,0,0,6,31.0
1,0,0,0,12,-6.45
1,0,0,0,6,4.483333333333333
2,0,0,0,6,22.416666666666668
10,0,0,1,12,19195.016666666666
9,0,0,0,12,3740.733333333333
2,0,0,0,12,14.566666666666666
8,0,0,0,6,293.1
8,0,0,0,6,293.1
1,0,0,0,12,991.4833333333333
1,0,0,0,12,991.4833333333333
5,0,0,0,6,17.083333333333332
5,0,0,0,6,17.083333333333332
9,2,0,0,6,25.883333333333333
9,2,0,0,6,25.883333333333333
10,0,0,0,12,172.93333333333334
10,0,0,0,12,172.93333333333334
6,0,0,0,12,23.1
6,0,0,0,12,23.1
2,0,0,0,12,23.283333333333335
8,0,0,0,12,-3.283333333333333
7,0,0,0,5,1095.1
7,0,0,0,5,1095.1
2,0,0,0,14,1400.5166666666667
3,0,0,0,6,643.2166666666667
2,0,0,0,6,18.366666666666667
1,0,0,0,12,6.583333333333333
1,0,0,0,12,6.583333333333333
1,0,0,0,6,25.1
2,0,0,0,12,284.6166666666667
2,0,0,0,13,17.916666666666668
1,0,0,0,12,29.516666666666666
7,0,0,0,5,23.55
7,0,0,0,5,23.55
7,0,0,0,12,52.28333333333333
7,0,0,0,12,52.28333333333333
6,0,0,0,12,20.633333333333333
6,0,0,0,12,20.633333333333333
6,0,0,0,12,20.633333333333333
5,0,0,0,12,16.733333333333334
5,0,0,0,12,16.733333333333334
3,0,0,0,6,22.55
1,0,0,0,5,48.95
1,0,0,0,5,48.95
1,0,0,0,5,48.95
1,0,0,0,5,48.95
1,0,0,0,5,48.95
1,0,0,0,13,21.666666666666668
10,0,0,2,6,27.05
10,0,0,2,6,27.05
1,0,0,0,6,46.78333333333333
2,0,0,0,6,2.4
8,0,0,0,12,737.6833333333333
5,0,0,0,13,6385.133333333333
3,0,0,0,5,-0.7333333333333333
2,0,0,0,12,48.61666666666667
3,0,0,0,6,99.55
3,0,0,0,6,99.55
3,0,0,0,6,99.55
3,0,0,0,6,99.55
8,0,0,0,12,-1.0833333333333333
8,0,0,0,12,-1.0833333333333333
8,0,0,0,12,-1.0833333333333333
8,0,0,0,12,-1.0833333333333333
9,0,0,0,12,21.233333333333334
9,0,0,0,12,21.233333333333334
9,0,0,0,12,21.233333333333334
9,0,0,0,12,21.233333333333334
9,0,0,0,12,21.233333333333334
6,0,0,0,12,17.866666666666667
6,0,0,0,12,17.866666666666667
6,0,0,0,12,17.866666666666667
6,0,0,0,12,17.866666666666667
6,0,0,0,12,17.866666666666667
6,0,0,0,12,17.866666666666667
1,0,0,0,6,2.7333333333333334
1,0,0,0,6,2.7333333333333334
5,0,0,0,11,2525.5
5,0,0,0,11,2525.5
5,0,0,0,11,2525.5
5,0,0,0,6,41.733333333333334
2,0,0,0,12,-4.916666666666667
3,0,0,1,12,21.85
9,0,0,1,6,52.6
9,0,0,1,6,52.6
9,0,0,1,6,52.6
9,0,0,1,6,52.6
2,0,0,0,5,22.5
2,0,0,0,5,22.5
1,0,0,0,6,5.916666666666667
2,0,0,1,6,17.916666666666668
10,0,0,0,12,5512.15
10,0,0,0,12,5512.15
6,0,0,0,12,23.55
6,0,0,0,12,23.55
6,0,0,0,12,23.55
4,0,0,0,13,1350.05
6,0,0,0,12,38.583333333333336
6,0,0,0,12,38.583333333333336
9,0,1,0,12,165.55
1,0,0,0,12,5.95
1,0,0,0,12,7.483333333333333
10,0,0,0,12,1368.05
10,0,0,0,12,1368.05
10,0,0,0,12,1368.05
6,0,0,0,14,1224.2666666666667
1,0,0,0,6,20.433333333333334
1,0,0,0,12,17.533333333333335
9,0,0,0,5,3452.4666666666667
9,0,0,0,5,3452.4666666666667
9,0,0,0,5,3452.4666666666667
9,0,0,0,5,3452.4666666666667
2,0,0,0,6,-2.75
4,0,0,0,12,23.9
10,0,0,0,12,137.23333333333332
7,0,0,0,6,799.1833333333333
1,0,0,0,6,4.983333333333333
7,0,0,0,12,24.1
9,0,0,0,12,93.85
9,0,0,0,12,93.85
9,0,0,0,12,93.85
9,0,0,0,12,93.85
4,0,0,0,13,20.416666666666668
4,0,0,1,12,25.9
6,0,0,0,12,2805.6833333333334
6,0,0,0,12,2805.6833333333334
6,0,0,0,12,2805.6833333333334
4,0,0,0,5,284.25
4,0,0,0,5,284.25
4,0,0,0,5,284.25
4,0,0,0,5,284.25
4,0,0,0,5,284.25
2,0,0,0,6,14.683333333333334
5,0,0,0,12,844.7333333333333
5,0,0,0,12,844.7333333333333
3,0,0,0,6,5.4
3,0,0,0,6,5.4
5,0,0,0,6,769.95
5,0,0,0,6,769.95
1,0,0,0,5,6.3
3,0,0,0,12,31.433333333333334
3,0,0,0,12,31.433333333333334
6,0,0,0,6,94.9
7,0,0,0,12,319.6
2,0,0,0,12,49.18333333333333
1,0,0,0,6,24.616666666666667
7,0,0,0,12,19.1
2,0,0,0,12,97.3
1,0,0,0,5,-3.216666666666667
4,0,0,0,6,22.3
9,0,0,0,5,1134.2333333333333
9,0,0,0,5,1134.2333333333333
5,0,0,0,12,26.766666666666666
5,0,0,0,12,26.766666666666666
6,0,0,0,12,1295.5333333333333
6,0,0,0,13,13198.866666666667
6,0,0,0,13,13198.866666666667
4,0,0,0,(MO3),5.683333333333334
10,0,1,0,(MO3),91.78333333333333
10,0,1,0,(MO3),91.78333333333333
10,0,1,0,(MO3),91.78333333333333
6,0,0,0,12,30.783333333333335
1,0,0,0,12,35.233333333333334
6,0,0,0,12,26.416666666666668
2,0,0,0,14,27.566666666666666
3,0,0,0,13,21.65
3,0,0,0,13,21.65
2,0,1,0,6,22.383333333333333
9,0,0,0,13,43.75
9,0,0,0,13,43.75
9,0,0,0,13,43.75
7,1,2,2,12,1417.6333333333334
7,1,2,2,12,1417.6333333333334
10,5,0,0,12,6715.6
2,0,0,0,6,24.766666666666666
5,0,0,0,12,339.1333333333333
3,0,0,0,5,4.15
3,0,0,0,6,5.683333333333334
3,0,0,0,6,5.683333333333334
4,0,0,0,12,100.55
4,0,0,0,12,100.55
8,0,0,1,12,1382.0666666666666
8,0,0,1,12,1382.0666666666666
8,0,0,1,12,1382.0666666666666
8,0,0,1,12,1382.0666666666666
8,0,0,0,12,531.6666666666666
8,0,0,0,12,531.6666666666666
8,0,0,0,12,531.6666666666666
9,2,1,0,(MO3),23.816666666666666
9,2,1,0,(MO3),23.816666666666666
9,2,1,0,(MO3),23.816666666666666
5,0,0,0,12,96.21666666666667
10,0,0,0,12,4615.183333333333
10,0,0,0,12,4615.183333333333
10,0,0,0,12,4615.183333333333
4,0,0,0,5,27.6
8,0,0,0,12,28.233333333333334
8,0,0,0,12,28.233333333333334
8,0,0,0,12,28.233333333333334
9,0,0,0,9,19.55
9,0,0,0,9,19.55
1,0,0,0,12,49.5
2,0,0,0,12,25.45
6,0,0,0,12,5.183333333333334
3,0,0,0,12,45.68333333333333
3,0,0,0,12,45.68333333333333
9,0,0,0,12,73.91666666666667
7,0,0,0,12,4577.35
7,0,0,0,12,4577.35
7,0,0,0,12,4577.35
7,0,0,0,14,2450.7
7,0,0,0,14,2450.7
5,0,0,0,5,49.53333333333333
3,0,0,0,6,5.9
4,0,0,0,6,21.083333333333332
5,0,0,1,13,789.2333333333333
5,0,0,1,13,789.2333333333333
5,0,0,1,13,789.2333333333333
5,0,0,1,13,789.2333333333333
5,0,0,1,13,789.2333333333333
5,0,0,0,12,1035.7666666666667
5,0,0,0,12,1035.7666666666667
4,0,0,0,6,43.733333333333334
4,0,0,0,6,1393.1833333333334
4,0,0,0,6,1393.1833333333334
1,0,0,0,5,17.766666666666666
2,0,0,0,12,21.033333333333335
2,0,0,0,12,116.9
2,0,0,0,5,74.93333333333334
10,0,0,0,12,836.7833333333333
10,0,0,0,12,836.7833333333333
10,0,0,0,12,836.7833333333333
10,0,0,0,12,836.7833333333333
10,0,0,0,12,836.7833333333333
10,0,0,0,12,836.7833333333333
4,0,0,0,12,93.73333333333333
2,0,0,0,6,13.116666666666667
6,0,0,0,12,25.483333333333334
1,0,0,0,12,17.916666666666668
1,0,0,0,12,17.916666666666668
3,0,0,0,6,18.216666666666665
3,0,0,0,12,22.433333333333334
3,0,0,0,12,22.433333333333334
3,0,0,0,12,22.433333333333334
3,0,0,0,12,22.433333333333334
1,0,0,0,12,27.483333333333334
4,0,0,2,13,1607.7833333333333
7,0,0,0,12,1368.7666666666667
7,0,0,0,12,1368.7666666666667
7,0,0,0,12,1368.7666666666667
7,0,0,0,12,1368.7666666666667
1,0,0,0,13,16.35
5,0,0,0,12,27.066666666666666
10,0,0,0,6,98.36666666666666
7,0,0,0,12,5306.333333333333
10,0,0,0,12,56.266666666666666
10,0,0,0,12,56.266666666666666
3,0,0,0,12,22.05
4,0,0,0,12,1869.4666666666667
3,0,0,0,12,4684.416666666667
3,0,0,0,12,4684.416666666667
1,0,0,0,12,16.266666666666666
8,0,0,0,12,793.2666666666667
8,0,0,0,12,793.2666666666667
8,0,0,0,12,793.2666666666667
2,0,0,0,6,17.15
4,0,0,0,12,66.26666666666667
4,0,0,0,12,66.26666666666667
4,0,0,0,12,66.26666666666667
2,0,0,0,12,4103.933333333333
3,0,0,0,5,28.016666666666666
6,0,0,0,14,816.3833333333333
6,0,0,0,14,816.3833333333333
2,0,0,0,6,5.15
6,0,0,0,12,95.58333333333333
6,0,0,0,12,95.58333333333333
2,0,0,0,12,14.75
9,0,0,0,9,2000.2
1,0,0,0,5,-2.3333333333333335
1,0,0,0,5,-2.3333333333333335
2,0,0,0,12,213.51666666666668
2,0,0,0,12,213.51666666666668
6,0,0,0,12,1231.4833333333333
6,0,0,0,12,1231.4833333333333
6,0,0,0,12,1231.4833333333333
6,0,0,0,12,1231.4833333333333
6,0,0,0,12,9936.8
10,1,1,0,5,46.583333333333336
7,0,0,0,12,45.21666666666667
7,0,0,0,12,45.21666666666667
7,0,0,0,12,45.21666666666667
7,0,0,0,12,45.21666666666667
4,0,0,0,12,3793.483333333333
4,0,0,0,12,24.666666666666668
10,0,0,0,12,813.6666666666666
10,0,0,0,12,813.6666666666666
4,0,0,0,12,23.633333333333333
8,0,0,0,12,6.283333333333333
10,0,0,0,12,12030.183333333332
10,0,0,0,12,12030.183333333332
3,0,0,0,6,27.1
6,0,0,0,12,30.633333333333333
6,0,0,0,12,30.633333333333333
8,0,0,0,12,747.0333333333333
8,0,0,0,12,747.0333333333333
8,0,0,0,12,747.0333333333333
2,0,0,0,6,22.9
2,0,0,0,6,22.9
2,0,0,0,6,22.9
6,0,0,1,12,18.066666666666666
2,0,0,0,6,192.6
1,0,0,0,12,598.0333333333333
2,0,0,0,6,145.2
1,0,0,0,6,23.266666666666666
9,0,0,0,6,22.05
1,0,0,0,6,21.216666666666665
3,0,0,0,12,-3.15
8,0,0,0,12,14.133333333333333
8,0,0,0,12,14.133333333333333
8,0,0,0,12,14.133333333333333
1,0,0,0,6,23.283333333333335
3,0,0,0,12,1003.9166666666666
4,0,0,0,6,30.666666666666668
8,0,0,0,6,872.2166666666667
8,0,0,0,6,872.2166666666667
8,0,0,0,6,872.2166666666667
8,0,0,0,6,872.2166666666667
3,0,0,0,6,1065.9166666666667
3,0,0,0,6,1065.9166666666667
3,0,0,0,6,1065.9166666666667
5,0,0,0,6,20.5
5,0,0,0,6,20.5
10,0,0,0,12,7103.383333333333
9,0,0,0,12,18.1
10,0,8,1,12,25.116666666666667
10,0,8,1,12,25.116666666666667
10,0,8,1,12,25.116666666666667
10,0,8,1,12,25.116666666666667
1,0,0,0,6,50.95
9,1,1,0,12,1128.0666666666666
9,1,1,0,12,1128.0666666666666
9,1,1,0,12,1128.0666666666666
1,0,0,0,6,6.683333333333334
4,0,0,0,12,142.13333333333333
9,0,0,0,12,3709.7166666666667
3,0,0,0,12,26.4
3,0,0,0,12,26.4
3,0,0,0,6,30.4
5,0,0,0,6,21.566666666666666
5,0,0,0,6,21.566666666666666
4,0,0,1,6,18.7
4,0,0,0,6,573.9
4,0,0,0,6,573.9
4,0,0,0,6,573.9
4,0,0,0,6,573.9
3,0,0,0,13,24214.516666666666
8,0,0,0,6,22.383333333333333
8,0,0,0,6,22.383333333333333
2,0,0,0,6,50.05
2,0,0,0,6,50.05
2,0,0,0,6,50.05
2,0,0,0,6,50.05
2,0,0,0,6,50.05
10,1,1,1,14,8524.316666666668
10,1,1,1,14,8524.316666666668
7,1,0,1,12,883.5666666666667
7,1,0,1,12,883.5666666666667
7,1,0,1,12,883.5666666666667
7,1,0,1,12,883.5666666666667
4,0,0,0,12,21.483333333333334
4,0,0,0,12,21.483333333333334
1,0,0,0,6,23.666666666666668
5,0,0,0,9,2612.483333333333
1,0,0,0,12,21.266666666666666
1,0,0,0,12,21.266666666666666
1,0,0,0,12,21.266666666666666
8,0,0,0,5,2530.4166666666665
8,0,0,0,5,2530.4166666666665
8,0,0,0,5,2530.4166666666665
8,0,0,0,5,2530.4166666666665
8,0,0,0,5,2530.4166666666665
8,0,0,0,5,2530.4166666666665
2,0,0,0,6,2418.9333333333334
4,0,0,0,12,-5.95
1,0,0,0,14,52.63333333333333
1,0,0,0,14,52.63333333333333
4,0,0,0,6,15.8
3,0,0,0,12,21.533333333333335
10,0,0,0,6,21.0
10,0,0,0,6,21.0
10,0,0,0,6,21.0
2,0,0,0,6,29.616666666666667
1,0,0,0,12,26.9
1,0,0,0,12,26.9
1,0,0,0,12,26.9
1,0,0,0,12,26.9
6,0,0,0,5,1488.0333333333333
4,0,0,0,12,18.333333333333332
5,0,0,0,12,841.7666666666667
5,0,0,0,12,841.7666666666667
8,0,0,0,12,8495.1
8,0,0,0,12,8495.1
2,0,0,0,12,1824.45
3,0,0,0,12,115.98333333333333
1,0,0,0,6,28.383333333333333
1,0,0,0,12,21.6
9,0,0,1,12,909.7166666666667
6,0,0,0,12,42.266666666666666
6,0,0,0,12,42.266666666666666
6,0,0,0,12,42.266666666666666
6,0,0,0,12,42.266666666666666
3,0,0,0,12,6743.883333333333
6,0,0,0,5,168.73333333333332
6,0,0,0,5,168.73333333333332
10,0,0,0,13,5020.083333333333
1,0,0,0,6,16.283333333333335
2,0,0,0,6,4.566666666666666
3,0,0,0,12,22.216666666666665
3,0,0,0,12,22.216666666666665
9,0,0,0,12,655.0833333333334
9,0,0,0,12,655.0833333333334
9,0,0,0,12,655.0833333333334
9,0,0,0,12,655.0833333333334
5,0,0,0,5,75.08333333333333
5,0,0,0,5,75.08333333333333
3,0,0,0,6,23.65
1,0,0,0,6,48.35
4,0,0,0,12,91.06666666666666
4,0,0,0,12,91.06666666666666
4,0,0,0,12,91.06666666666666
4,0,0,0,12,91.06666666666666
1,0,0,0,6,21.633333333333333
2,0,0,0,6,14.033333333333333
7,0,0,0,6,1820.8333333333333
1,0,0,0,6,69.6
5,0,0,0,6,117.06666666666666
5,0,0,0,6,117.06666666666666
2,0,0,0,12,-0.3333333333333333
2,0,0,0,12,-0.3333333333333333
3,0,0,0,13,4388.4
1,0,0,0,6,5.166666666666667
1,0,0,0,6,28.5
3,0,0,0,12,4370.45
3,0,0,0,12,4370.45
9,0,0,0,9,6623.766666666666
2,0,0,0,12,-3.85
1,0,0,0,12,21.733333333333334
2,0,0,0,12,13.683333333333334
1,0,0,0,12,-0.13333333333333333
1,0,0,0,12,-0.13333333333333333
5,0,0,0,12,4415.216666666666
7,0,0,0,13,2639.016666666667
7,0,0,0,13,2639.016666666667
3,0,0,0,12,30.616666666666667
6,0,0,0,5,0.48333333333333334
2,0,0,0,12,54.21666666666667
2,0,0,0,12,54.21666666666667
1,0,0,0,6,15.716666666666667
1,0,0,0,6,15.716666666666667
1,0,0,0,12,433.25
2,0,0,0,6,23.2
2,0,0,0,6,23.2
1,0,0,0,6,21.283333333333335
10,0,0,0,13,1085.0333333333333
10,0,0,0,13,1085.0333333333333
10,0,0,0,13,1085.0333333333333
10,0,0,2,9,2565.1
8,0,0,0,12,25.116666666666667
8,0,0,0,12,25.116666666666667
1,0,0,0,6,23.983333333333334
10,0,0,1,12,1491.9
10,0,0,1,12,1491.9
9,0,0,0,12,164.08333333333334
5,0,0,0,12,38.983333333333334
2,0,0,0,12,15.583333333333334
2,0,0,0,12,15.583333333333334
2,0,0,0,12,141.73333333333332
1,0,0,0,6,21.4
5,0,0,0,12,52.666666666666664
5,0,0,0,12,52.666666666666664
2,0,0,0,6,71.01666666666667
1,0,0,0,12,21.25
1,0,0,0,12,21.783333333333335
1,0,0,0,12,21.783333333333335
1,0,0,0,12,198.71666666666667
5,0,0,0,12,15.2
4,0,0,0,13,43.71666666666667
4,0,0,0,13,43.71666666666667
4,0,0,0,12,29.216666666666665
4,0,0,0,12,867.95
1,0,0,0,6,15.55
1,0,0,0,12,19.75
8,0,0,0,12,287.03333333333336
8,0,0,0,12,287.03333333333336
8,0,0,0,12,287.03333333333336
8,0,0,0,12,287.03333333333336
1,0,0,0,6,98.65
7,0,0,0,12,41.81666666666667
7,0,0,0,12,41.81666666666667
7,0,0,0,12,41.81666666666667
7,0,0,0,12,41.81666666666667
7,0,0,0,12,41.81666666666667
2,0,0,0,6,76.45
2,0,0,0,6,17.65
5,0,0,0,13,2183.4166666666665
1,0,0,0,12,28.9
1,0,0,0,12,28.9
9,0,0,0,12,625.4833333333333
9,0,0,0,12,625.4833333333333
9,0,0,0,12,625.4833333333333
2,0,0,0,12,23.333333333333332
7,0,0,0,13,44.28333333333333
7,0,0,0,13,44.28333333333333
7,0,0,0,13,44.28333333333333
10,0,0,0,6,30.6
1,0,0,0,12,358.8666666666667
2,0,0,0,6,22.35
5,0,0,0,12,1.6
5,0,0,0,12,1.6
1,0,0,0,12,1279.4833333333333
1,0,0,0,6,2.716666666666667
6,0,0,0,12,25.033333333333335
3,0,0,0,12,54.6
3,0,0,0,12,54.6
5,0,0,0,6,519.85
5,0,0,0,6,519.85
5,0,0,0,6,519.85
5,0,0,0,13,644.0666666666667
8,0,0,0,13,19.983333333333334
8,0,0,0,13,19.983333333333334
8,0,0,0,13,19.983333333333334
8,0,0,0,13,19.983333333333334
8,0,0,0,13,19.983333333333334
8,0,0,0,13,19.983333333333334
7,0,0,0,12,5955.5
7,0,0,0,12,5955.5
7,0,0,0,12,5955.5
2,0,0,0,12,5656.133333333333
4,0,0,0,5,28.65
4,0,0,0,5,28.65
3,0,0,0,6,30.25
2,0,0,0,12,90.13333333333334
2,0,0,0,12,90.13333333333334
3,0,0,0,12,26.75
2,0,0,0,6,5.016666666666667
1,0,0,0,12,1462.0
3,0,0,0,6,15.683333333333334
2,0,0,0,12,30.533333333333335
8,2,0,0,12,1352.7333333333333
7,0,0,0,6,23.316666666666666
7,0,0,0,6,23.316666666666666
1,0,0,0,6,27.933333333333334
7,1,0,0,13,3479.7166666666667
5,0,0,0,12,786.05
2,0,0,0,12,24.483333333333334
2,0,0,0,12,24.483333333333334
7,0,0,0,12,418.05
7,0,0,0,12,418.05
7,0,0,0,12,418.05
3,0,0,0,12,143.65
3,0,0,0,12,143.65
5,0,0,0,5,21.35
6,0,0,0,10,20829.6
2,0,0,0,12,23.65
4,0,0,0,12,28.316666666666666
4,0,0,0,12,28.316666666666666
4,0,0,0,12,28.316666666666666
4,0,0,0,12,28.316666666666666
10,1,2,0,12,5022.233333333334
10,1,2,0,12,5022.233333333334
10,1,2,0,12,5022.233333333334
2,0,0,0,6,23.25
3,0,0,0,12,-10.016666666666667
6,0,0,0,12,30.333333333333332
6,0,0,0,12,30.333333333333332
4,0,0,0,12,333.71666666666664
1,0,0,0,12,31.833333333333332
1,0,0,0,6,100.06666666666666
2,0,0,0,6,21.133333333333333
3,0,0,1,5,5.0
5,0,0,0,6,0.55
5,0,0,0,6,0.55
5,0,0,0,6,0.55
10,2,0,1,12,3362.3
10,2,0,1,12,3362.3
10,2,0,1,12,3362.3
4,0,0,0,12,5.683333333333334
7,0,0,0,12,847.7833333333333
7,0,0,0,12,847.7833333333333
7,0,0,0,12,847.7833333333333
7,0,0,0,12,847.7833333333333
7,0,0,0,12,847.7833333333333
1,0,0,0,14,45.166666666666664
7,0,0,0,6,21.95
2,0,0,0,12,25.683333333333334
9,0,0,0,12,24.1
9,0,0,0,12,24.1
4,0,0,0,12,3207.1833333333334
9,0,3,1,12,48.15
7,0,0,1,12,30.383333333333333
7,0,0,1,12,30.383333333333333
1,0,0,0,12,22.25
5,0,0,0,12,22.166666666666668
5,0,0,0,12,22.166666666666668
5,0,0,0,12,22.166666666666668
5,0,0,0,12,22.166666666666668
2,0,0,0,12,77.35
2,0,0,0,12,77.35
2,0,0,0,12,77.35
2,0,0,0,12,77.35
4,0,0,0,12,18.25
9,0,0,2,12,44.38333333333333
6,0,0,0,12,127.71666666666667
2,0,0,0,(MO3),25.966666666666665
4,0,0,0,12,6.766666666666667
2,0,0,0,6,39.666666666666664
3,0,0,0,12,26.216666666666665
3,0,0,0,12,26.216666666666665
8,0,0,0,6,2622.5333333333333
9,0,0,0,5,42.266666666666666
9,0,0,0,5,42.266666666666666
9,0,0,0,5,42.266666666666666
9,0,0,0,5,42.266666666666666
9,0,0,0,5,42.266666666666666
9,0,0,0,5,42.266666666666666
9,0,0,0,5,42.266666666666666
1,0,0,0,5,676.9833333333333
1,0,0,0,12,51.18333333333333
1,0,0,0,5,32.06666666666667
6,0,0,0,6,570.95
10,0,0,0,12,14470.816666666668
7,0,0,0,6,44.766666666666666
5,0,0,0,13,49.63333333333333
2,0,0,0,6,270.6
3,0,0,0,12,38.38333333333333
9,0,0,0,12,3.933333333333333
9,0,0,0,12,3.933333333333333
8,3,0,0,9,353.73333333333335
8,3,0,0,9,353.73333333333335
8,3,0,0,9,353.73333333333335
8,3,0,0,9,353.73333333333335
10,0,0,0,13,41.56666666666667
10,0,0,0,13,41.56666666666667
1,0,0,0,6,-3.15
6,0,0,0,6,98.26666666666667
1,0,0,0,12,10.433333333333334
4,0,0,0,6,49.63333333333333
9,0,0,0,12,870.1166666666667
5,0,0,0,12,25.65
2,0,0,0,5,23.5
2,0,0,0,5,23.5
4,0,0,0,(MO3),-4.15
1,0,0,0,12,1.1666666666666667
1,0,0,0,12,1.1666666666666667
6,0,0,0,12,557.75
6,0,0,0,12,557.75
2,0,0,0,12,40.25
1,0,0,0,6,12.866666666666667
2,0,0,0,13,21.733333333333334
1,0,0,0,5,25.1
2,0,0,0,12,43.583333333333336
2,0,0,0,12,43.583333333333336
2,0,0,0,12,43.583333333333336
2,0,0,0,12,43.583333333333336
4,0,0,1,12,26.05
4,0,0,1,12,26.05
1,0,0,0,12,3334.8333333333335
1,0,0,0,12,409.6666666666667
1,0,0,0,12,409.6666666666667
3,0,0,0,12,15.866666666666667
7,0,0,0,12,123.15
7,0,0,0,12,123.15
7,0,0,0,12,123.15
7,0,0,0,12,123.15
7,0,0,0,12,5.783333333333333
7,0,0,0,12,5.783333333333333
5,0,0,0,12,0.16666666666666666
9,0,3,0,12,3.1166666666666667
2,0,0,0,6,28.333333333333332
1,0,0,0,6,3.8
9,0,1,1,13,49.266666666666666
9,0,1,1,13,49.266666666666666
9,0,1,1,13,49.266666666666666
9,0,0,0,(MO3),3405.95
1,0,0,0,6,22.8
5,0,0,0,12,359.1166666666667
9,0,0,0,5,5762.966666666666
3,0,0,0,6,144.8
2,0,0,0,5,22.016666666666666
4,0,0,1,12,5.9
10,0,0,0,12,817.4833333333333
6,0,0,0,5,522.6166666666667
6,0,0,0,5,522.6166666666667
6,0,0,0,5,522.6166666666667
6,0,0,0,5,522.6166666666667
1,0,0,0,12,18.283333333333335
3,0,0,0,5,28.933333333333334
8,0,0,0,12,337.4
8,0,0,0,12,337.4
8,0,0,0,12,337.4
7,0,0,0,6,17.5
7,0,0,0,6,17.5
7,0,0,0,6,17.5
7,0,0,0,6,17.5
3,0,0,0,12,22.2
3,0,0,0,12,22.2
4,0,0,2,12,26.766666666666666
4,0,0,2,12,26.766666666666666
4,0,0,2,12,26.766666666666666
1,0,0,0,6,17.65
1,0,0,0,6,17.65
8,0,0,0,12,26.783333333333335
1,0,0,0,12,98.33333333333333
1,0,0,0,12,98.33333333333333
1,0,0,0,12,98.33333333333333
4,0,0,0,12,58.916666666666664
4,0,0,0,12,58.916666666666664
9,1,0,0,6,120.13333333333334
2,0,0,0,12,29.033333333333335
2,0,0,0,12,29.033333333333335
10,0,0,1,12,4130.533333333334
10,0,0,1,12,4130.533333333334
10,0,0,1,12,4130.533333333334
10,0,2,1,12,113.8
10,0,2,1,12,113.8
10,0,2,1,12,113.8
10,0,2,1,12,113.8
1,0,0,0,12,19.2
1,0,0,0,14,121.18333333333334
1,0,0,0,14,121.18333333333334
2,0,0,0,12,25.15
2,0,0,0,12,25.15
9,0,0,0,12,813.1166666666667
4,0,0,0,12,21.65
9,2,0,0,13,833.7833333333333
9,2,0,0,13,833.7833333333333
10,1,0,1,12,1126.4166666666667
10,1,0,1,12,1126.4166666666667
10,1,0,1,12,1126.4166666666667
10,1,0,1,12,1126.4166666666667
2,0,0,0,12,25.7
10,0,0,0,12,118.71666666666667
10,0,0,0,12,118.71666666666667
10,0,0,0,12,118.71666666666667
1,0,0,0,12,90.78333333333333
1,0,0,0,12,90.78333333333333
1,0,0,0,12,90.78333333333333
8,0,0,0,12,13.233333333333333
4,0,0,0,6,24.566666666666666
4,0,0,0,6,24.566666666666666
4,0,0,0,6,24.566666666666666
4,0,0,0,6,24.566666666666666
4,0,0,0,6,24.566666666666666
4,0,0,0,6,24.566666666666666
4,0,0,0,6,24.566666666666666
4,0,0,0,6,24.566666666666666
2,0,0,0,14,28.533333333333335
8,0,0,0,12,628.7
8,0,0,0,12,628.7
8,0,0,0,12,628.7
6,0,0,0,12,45.516666666666666
7,0,0,0,12,486.8666666666667
5,0,0,0,13,663.7
5,0,0,0,13,663.7
3,0,0,0,5,47.11666666666667
3,0,0,0,5,47.11666666666667
3,0,0,0,5,47.11666666666667
3,0,0,0,5,47.11666666666667
3,0,0,0,5,47.11666666666667
1,0,0,0,5,31.05
6,0,0,0,13,39.78333333333333
6,0,0,0,13,39.78333333333333
3,0,0,0,6,23.3
4,0,0,0,5,123.45
2,0,0,1,12,21.816666666666666
2,0,0,1,12,21.816666666666666
1,0,0,0,6,33.03333333333333
8,0,0,0,13,35.583333333333336
3,0,0,0,5,26.366666666666667
3,0,0,0,5,26.366666666666667
3,0,0,0,5,26.366666666666667
4,0,0,0,12,102.83333333333333
8,0,0,0,12,20.433333333333334
7,0,0,0,12,1046.4
7,0,0,0,12,1046.4
7,0,0,0,12,861.65
2,0,0,0,6,50.81666666666667
3,0,0,0,12,1009.3833333333333
5,0,0,2,12,887.3666666666667
3,0,0,0,6,18.016666666666666
4,0,0,0,12,4.766666666666667
1,0,0,0,5,24.133333333333333
2,0,0,0,12,15.45
2,0,0,0,12,15.45
9,2,0,0,12,7610.383333333333
9,2,0,0,12,7610.383333333333
9,2,0,0,12,7610.383333333333
6,0,0,0,12,669.0
6,0,0,0,12,669.0
1,0,0,0,5,22.833333333333332
5,1,0,1,6,1302.25
5,1,0,1,6,1302.25
5,1,0,1,6,1302.25
4,0,0,0,12,123.88333333333334
2,0,0,0,12,1558.15
2,0,0,0,12,1558.15
2,0,0,0,12,4083.266666666667
3,0,0,0,5,14.116666666666667
2,0,0,0,6,28.066666666666666
2,0,0,0,6,25.983333333333334
3,0,0,0,12,24.283333333333335
3,0,0,0,12,24.283333333333335
3,0,0,0,5,833.7
6,0,0,0,12,696.3166666666667
6,0,0,0,12,696.3166666666667
6,0,0,0,12,696.3166666666667
2,0,0,0,6,860.0333333333333
9,1,0,0,12,933.0666666666667
9,1,0,0,12,933.0666666666667
1,0,0,0,12,597.8333333333334
7,0,0,0,12,144.78333333333333
7,0,0,0,12,144.78333333333333
1,0,0,0,13,28.716666666666665
3,0,0,0,5,9699.216666666667
3,0,0,0,5,9699.216666666667
3,0,0,0,12,44.93333333333333
3,0,0,0,12,20.816666666666666
6,0,0,0,6,25.983333333333334
7,0,0,0,5,24.466666666666665
7,0,0,0,5,24.466666666666665
6,0,0,0,12,90.41666666666667
6,0,0,0,12,90.41666666666667
7,0,0,0,12,25.583333333333332
3,0,0,1,12,47.61666666666667
5,0,0,0,13,26.833333333333332
5,0,0,0,13,26.833333333333332
7,0,0,0,12,27.066666666666666
7,0,0,0,12,27.066666666666666
7,0,0,0,12,27.066666666666666
5,0,0,0,12,184.71666666666667
5,0,0,0,12,184.71666666666667
5,0,0,0,12,184.71666666666667
1,0,0,0,6,50.166666666666664
4,0,0,0,6,20.433333333333334
5,0,0,0,12,5144.2
2,0,0,0,12,42.583333333333336
4,0,0,0,12,2067.233333333333
4,0,0,0,12,2067.233333333333
2,0,0,0,6,20.966666666666665
1,0,0,0,12,22.55
4,0,0,0,6,22.233333333333334
4,0,0,0,6,22.233333333333334
2,0,0,0,6,20.416666666666668
2,0,0,0,6,20.416666666666668
1,0,0,0,6,5.333333333333333
1,0,0,0,12,817.2
6,0,0,0,12,44.55
6,0,0,0,12,44.55
6,0,0,0,12,44.55
6,1,0,0,6,92.61666666666666
6,1,0,0,6,92.61666666666666
5,0,0,0,12,17.116666666666667
4,0,2,0,12,723.7166666666667
4,0,2,0,12,723.7166666666667
4,0,0,0,13,19.916666666666668
3,0,0,0,5,-4.7
9,0,5,0,5,887.1166666666667
9,0,5,0,5,887.1166666666667
9,0,5,0,5,887.1166666666667
4,0,0,0,12,10250.716666666667
8,0,0,0,12,146.93333333333334
8,0,0,0,12,146.93333333333334
8,0,0,0,12,146.93333333333334
8,0,0,0,12,146.93333333333334
1,0,0,0,12,24.366666666666667
7,0,0,0,12,165.75
1,0,0,0,12,44.7
7,0,0,1,12,116.76666666666667
7,0,0,1,12,116.76666666666667
7,0,0,1,12,116.76666666666667
7,0,0,0,6,430.1666666666667
9,0,0,0,12,38.083333333333336
9,0,0,0,12,38.083333333333336
9,0,0,0,12,38.083333333333336
6,0,0,0,13,171.4
6,0,0,0,13,171.4
6,0,0,0,12,23.583333333333332
8,0,0,0,12,4076.55
8,0,0,0,12,200.43333333333334
8,0,0,0,12,200.43333333333334
8,0,0,0,12,200.43333333333334
8,0,0,0,12,200.43333333333334
10,3,0,0,12,752.3166666666667
9,0,0,0,12,29.833333333333332
7,0,0,0,12,24.983333333333334
10,1,0,2,13,42.55
10,1,0,2,13,42.55
10,1,0,2,13,42.55
1,0,0,0,5,30.9
1,0,0,0,6,3.8333333333333335
2,0,0,0,6,28.566666666666666
10,0,0,0,13,484.8
10,0,0,0,13,484.8
10,0,0,0,13,484.8
10,0,0,0,13,484.8
1,0,0,0,6,21.183333333333334
3,0,0,0,12,2613.5833333333335
1,0,0,0,6,3.65
6,0,0,0,12,16.283333333333335
6,0,0,0,12,16.283333333333335
3,0,0,0,12,267.3333333333333
3,0,0,0,12,267.3333333333333
3,0,0,0,12,267.3333333333333
2,0,0,0,6,29.583333333333332
1,0,0,0,12,25.833333333333332
3,0,0,0,6,15.033333333333333
3,0,0,0,6,15.033333333333333
3,0,0,0,12,1177.4666666666667
10,1,1,0,13,25.783333333333335
10,1,1,0,13,25.783333333333335
6,0,0,1,12,1637.5
6,0,0,1,12,1637.5
9,0,0,0,12,627.85
9,0,0,0,12,627.85
2,0,0,0,12,328.3
7,0,0,0,12,7.833333333333333
7,0,0,0,12,7.833333333333333
7,0,0,0,12,7.833333333333333
7,0,0,0,12,7.833333333333333
7,0,0,0,12,7.833333333333333
7,0,0,0,12,7.833333333333333
7,0,0,0,12,7.833333333333333
7,0,0,0,12,7.833333333333333
7,0,0,0,12,7.833333333333333
1,0,0,0,12,-3.4
8,0,0,1,12,939.4
8,0,0,1,12,939.4
8,0,0,1,12,939.4
2,0,0,0,6,16.55
4,0,0,0,6,672.2666666666667
4,0,0,0,6,672.2666666666667
1,0,0,0,6,27.266666666666666
9,0,0,1,6,358.4166666666667
9,0,0,1,6,358.4166666666667
1,0,0,0,6,75.83333333333333
1,0,0,0,6,75.83333333333333
7,0,0,0,5,28.95
4,9,0,0,12,1558.25
4,9,0,0,12,1558.25
1,0,0,0,6,17.716666666666665
1,0,0,0,6,17.716666666666665
1,0,0,0,6,17.716666666666665
10,0,0,0,6,43.65
10,0,0,0,6,43.65
1,0,0,0,6,15.716666666666667
3,0,0,0,12,44.0
3,0,0,0,12,44.0
4,0,0,0,6,18.9
9,1,0,1,5,16.783333333333335
9,1,0,1,5,16.783333333333335
9,1,0,1,5,16.783333333333335
7,0,0,0,13,1941.1
7,0,0,0,13,1941.1
10,0,2,1,6,18.416666666666668
10,0,2,1,6,18.416666666666668
2,0,0,0,12,29.2
1,0,0,0,6,24.683333333333334
1,0,0,0,12,54.6
1,0,0,0,12,54.6
1,0,0,0,12,54.6
2,0,0,0,12,15.633333333333333
3,0,0,0,12,21.566666666666666
7,0,0,0,14,2310.2166666666667
7,0,0,0,14,2310.2166666666667
4,0,0,0,12,43.68333333333333
8,0,0,0,12,40.31666666666667
7,0,0,0,12,3.8833333333333333
7,0,0,0,12,3.8833333333333333
6,0,0,0,12,20.0
6,0,0,0,12,20.0
6,0,0,0,12,20.0
6,0,0,0,12,20.0
6,0,0,0,12,20.0
1,0,0,0,5,48.68333333333333
1,0,0,0,5,48.68333333333333
1,0,0,0,6,17.0
8,0,0,0,12,944.5166666666667
8,0,0,0,12,944.5166666666667
4,0,0,0,5,25.633333333333333
1,0,0,0,6,50.56666666666667
7,0,0,0,5,1374.25
7,0,0,0,5,1374.25
2,0,0,0,6,18.383333333333333
6,0,0,0,12,37.05
6,0,0,0,12,37.05
6,0,0,0,12,37.05
2,0,0,0,12,20.116666666666667
2,0,0,0,12,320.46666666666664
2,0,0,0,13,21.583333333333332
2,0,0,0,6,16.366666666666667
2,0,0,0,5,1177.3666666666666
2,0,0,0,5,1177.3666666666666
2,0,0,0,5,1177.3666666666666
3,0,0,0,12,1007.9166666666666
1,0,0,0,6,21.816666666666666
5,0,0,0,12,240.25
5,0,0,0,12,240.25
5,0,0,0,12,240.25
5,0,0,0,12,23.916666666666668
5,0,0,0,12,23.916666666666668
5,0,0,0,12,7.05
4,0,0,1,12,17.0
4,0,0,1,12,17.0
6,0,0,0,6,47.28333333333333
6,0,0,0,6,47.28333333333333
7,0,0,0,12,149.78333333333333
7,0,0,0,12,149.78333333333333
7,0,0,0,12,149.78333333333333
2,0,0,0,12,193.58333333333334
3,0,0,0,6,21.85
7,0,0,0,12,9411.15
8,0,0,0,12,28.75
8,0,0,0,12,28.75
9,4,0,1,12,15.166666666666666
9,4,0,1,12,15.166666666666666
2,0,0,0,6,4.266666666666667
10,0,4,4,12,1992.0666666666666
10,0,4,4,12,1992.0666666666666
9,0,1,0,12,477.78333333333336
9,0,1,0,12,477.78333333333336
9,0,1,0,12,477.78333333333336
9,0,1,0,12,477.78333333333336
4,0,0,0,12,44.416666666666664
1,0,0,0,12,-4.883333333333334
1,0,0,0,12,140.2
1,0,0,0,12,140.2
4,0,0,0,13,2563.883333333333
6,0,0,0,9,505.2
6,0,0,0,9,505.2
9,2,0,0,12,23.716666666666665
9,2,0,0,12,23.716666666666665
9,2,0,0,12,23.716666666666665
1,0,0,0,12,116.73333333333333
1,0,0,0,6,27.916666666666668
8,0,0,0,12,19.55
1,0,0,0,12,110.5
7,0,0,0,5,336.0
7,0,0,0,5,336.0
7,0,0,0,5,336.0
5,0,0,0,6,50.0
7,0,0,0,12,-4.166666666666667
7,0,0,0,12,-4.166666666666667
5,0,0,0,12,22.233333333333334
5,0,0,0,12,22.233333333333334
5,0,0,0,12,22.233333333333334
2,0,0,0,6,24.0
9,0,0,0,12,870.2833333333333
9,0,0,0,12,870.2833333333333
9,0,0,0,12,870.2833333333333
9,0,0,0,12,870.2833333333333
10,0,0,0,5,49.4
10,0,0,0,5,49.4
10,0,0,0,5,49.4
1,0,0,0,5,220.16666666666666
1,0,0,0,6,20.3
1,0,0,0,6,23.483333333333334
3,0,0,0,14,237.41666666666666
3,0,0,0,14,237.41666666666666
3,0,0,0,6,66.73333333333333
3,0,0,0,6,66.73333333333333
1,0,0,0,12,5.55
1,0,0,0,12,5.55
1,0,0,0,12,5.55
1,0,0,0,6,33.75
1,0,0,0,6,-3.9833333333333334
3,0,0,0,12,18.55
3,0,0,0,12,18.55
3,0,0,0,12,18.55
2,0,0,0,6,287.96666666666664
2,0,0,0,6,287.96666666666664
2,0,0,0,6,287.96666666666664
1,0,0,0,6,22.05
1,0,0,0,12,25.533333333333335
7,0,0,0,(MO3),5969.566666666667
7,0,0,0,(MO3),5969.566666666667
3,0,0,0,12,309.53333333333336
1,0,0,0,6,19.883333333333333
3,0,0,0,12,985.2666666666667
3,0,0,0,12,-2.85
3,0,0,0,12,-2.85
1,0,0,0,13,30.016666666666666
3,0,0,0,6,24.05
2,0,0,0,5,39.81666666666667
7,0,0,0,12,14.066666666666666
6,0,0,0,13,5.533333333333333
4,0,0,0,5,40.766666666666666
2,0,0,0,12,30.616666666666667
2,0,0,0,12,30.616666666666667
9,0,1,3,12,-2.1333333333333333
9,0,1,3,12,-2.1333333333333333
2,0,0,0,6,264.96666666666664
2,0,0,0,12,6.833333333333333
5,0,0,0,6,176.3
1,0,0,0,13,3027.65
1,0,0,0,13,3027.65
6,0,0,0,12,77.98333333333333
6,0,0,0,12,77.98333333333333
6,0,0,0,12,77.98333333333333
1,0,0,0,12,27.333333333333332
10,0,0,3,12,554.9833333333333
10,0,0,3,12,554.9833333333333
10,0,0,3,12,554.9833333333333
10,0,0,3,12,554.9833333333333
10,0,0,3,12,554.9833333333333
4,0,0,0,6,5.016666666666667
4,0,0,0,6,5.016666666666667
8,0,0,0,12,99.35
7,0,0,0,12,19.533333333333335
1,0,0,0,6,18.65
8,2,0,0,12,170.5
8,2,0,0,12,170.5
8,2,0,0,12,170.5
8,2,0,0,12,170.5
2,0,0,0,5,21.25
4,0,0,1,14,247.83333333333334
4,0,0,1,14,247.83333333333334
4,0,0,1,14,247.83333333333334
3,0,0,0,13,25.316666666666666
5,0,0,0,12,2.3
5,0,0,0,12,2.3
1,0,0,0,12,18.6
4,0,0,0,5,28.433333333333334
8,0,0,1,12,47.483333333333334
8,0,0,1,12,47.483333333333334
8,0,0,1,12,47.483333333333334
1,0,0,0,12,25.483333333333334
5,0,0,0,6,21.75
5,0,0,0,6,21.75
8,0,2,2,13,23.016666666666666
8,0,2,2,13,23.016666666666666
1,0,0,0,5,16.683333333333334
7,0,0,1,12,166.23333333333332
7,0,0,1,12,166.23333333333332
7,0,0,1,12,166.23333333333332
7,0,0,1,12,166.23333333333332
7,0,0,1,12,166.23333333333332
7,0,0,0,14,6.433333333333334
10,2,0,0,12,46.86666666666667
10,2,0,0,12,46.86666666666667
10,2,0,0,12,46.86666666666667
3,0,0,0,12,23.666666666666668
1,0,0,0,14,47.86666666666667
6,0,0,0,12,6.15
1,0,0,0,6,15.633333333333333
9,0,0,0,12,20.466666666666665
9,0,0,0,12,20.466666666666665
4,0,0,0,6,48.583333333333336
5,0,1,0,12,22.766666666666666
4,0,1,0,12,45.61666666666667
3,0,0,0,13,46.916666666666664
3,0,0,0,13,46.916666666666664
7,0,0,0,5,328.71666666666664
1,0,0,0,6,27.316666666666666
2,0,0,0,6,694.1
1,0,0,0,12,18.683333333333334
3,0,0,0,6,28.65
3,0,0,0,6,28.65
2,0,0,0,6,67.5
2,0,0,0,12,25.033333333333335
8,0,0,0,5,46.06666666666667
7,0,0,0,12,1846.95
7,0,0,0,12,1846.95
5,0,0,0,12,513.0333333333333
5,0,0,0,12,513.0333333333333
10,0,0,0,12,1203.0833333333333
10,0,0,0,12,1203.0833333333333
10,0,0,0,12,1203.0833333333333
3,0,0,0,12,16.616666666666667
3,0,0,0,12,16.616666666666667
1,0,0,0,12,-2.4166666666666665
1,0,0,0,12,-2.4166666666666665
4,0,0,0,12,4.083333333333333
1,0,0,0,12,15.866666666666667
1,0,0,0,6,24.233333333333334
1,0,0,0,13,39.85
1,0,0,0,13,39.85
1,0,0,0,6,24.15
1,0,0,0,6,16.333333333333332
1,0,0,0,12,30.066666666666666
2,0,0,0,12,22.116666666666667
9,0,2,1,13,21.333333333333332
6,0,0,0,12,4270.8
6,0,0,0,(MO3),690.6
5,0,0,0,13,265.0833333333333
5,0,0,0,13,265.0833333333333
3,0,0,0,12,187.68333333333334
3,0,0,0,12,187.68333333333334
3,0,0,0,12,187.68333333333334
5,0,0,1,6,24.783333333333335
8,0,0,0,12,214.85
8,0,0,0,12,214.85
8,0,0,0,12,214.85
8,0,0,0,12,214.85
8,0,0,0,12,214.85
8,0,1,0,12,4396.016666666666
1,0,0,0,6,17.1
5,0,0,0,12,-4.766666666666667
7,0,0,0,6,498.26666666666665
7,0,0,0,6,498.26666666666665
1,0,0,0,14,367.53333333333336
6,0,0,0,12,21.816666666666666
1,0,0,0,6,30.766666666666666
2,0,0,0,6,-10.666666666666666
5,0,0,0,12,19.966666666666665
4,0,0,0,12,366.15
4,0,0,0,12,366.15
4,0,0,0,12,366.15
4,0,0,0,12,366.15
1,0,0,0,12,32.43333333333333
5,0,0,0,12,408.3666666666667
9,0,0,0,12,1219.3333333333333
7,0,0,0,12,4.683333333333334
8,0,0,0,12,19.433333333333334
6,0,0,0,12,47.11666666666667
1,0,0,0,5,20.633333333333333
1,0,0,0,5,20.633333333333333
8,0,0,2,5,2807.4
8,0,0,2,5,2807.4
6,0,0,0,5,8017.566666666667
7,0,0,0,13,18.2
7,0,0,0,13,18.2
1,0,0,0,12,48.7
8,0,1,1,12,-4.05
8,0,1,1,12,-4.05
8,0,1,1,12,-4.05
6,1,0,0,12,28.833333333333332
3,0,0,0,13,46.583333333333336
7,0,0,0,6,20.733333333333334
7,0,0,0,6,20.733333333333334
7,0,0,0,6,20.733333333333334
7,0,0,0,6,20.733333333333334
7,0,0,0,6,20.733333333333334
1,0,0,0,12,28.15
1,0,0,0,12,29.083333333333332
1,0,0,0,6,6.55
5,0,0,0,12,1058.75
1,0,0,0,5,22.133333333333333
2,0,0,0,12,27.55
2,0,0,0,12,27.55
2,0,0,0,12,27.55
6,0,0,0,6,18.5
5,0,0,0,12,475.78333333333336
1,0,0,0,6,49.6
1,0,0,0,6,49.6
6,0,0,0,12,25.033333333333335
6,0,0,0,12,25.033333333333335
5,0,0,0,12,26.633333333333333
1,0,0,0,6,21.883333333333333
7,0,0,0,9,1066.4
7,0,0,0,9,1066.4
6,0,0,0,13,194.13333333333333
6,0,0,0,13,194.13333333333333
6,0,0,0,13,194.13333333333333
7,0,0,0,12,28.433333333333334
7,0,0,0,12,28.433333333333334
7,0,0,0,12,28.433333333333334
7,0,0,0,12,28.433333333333334
5,0,0,0,12,-10.166666666666666
1,0,0,0,12,24.1
1,0,0,0,12,24.1
2,0,0,0,6,25.05
7,0,0,0,12,864.3
7,0,0,0,12,864.3
7,0,0,0,12,864.3
7,0,0,0,12,864.3
4,0,0,0,6,44.516666666666666
2,0,0,0,12,26.7
1,0,0,0,12,316.1
5,0,0,0,12,25.783333333333335
5,0,0,0,12,25.783333333333335
2,0,0,1,5,24.383333333333333
2,0,0,1,5,24.383333333333333
8,0,0,0,12,30.383333333333333
5,0,0,2,12,26.366666666666667
5,0,0,2,12,26.366666666666667
5,0,0,2,12,26.366666666666667
6,0,0,0,6,27.066666666666666
7,0,0,0,12,1200.7833333333333
5,0,0,0,12,268.1166666666667
1,0,0,0,12,17.566666666666666
3,0,0,1,5,27.683333333333334
7,0,2,0,12,29.616666666666667
7,0,2,0,12,29.616666666666667
7,0,2,0,12,29.616666666666667
7,0,2,0,12,29.616666666666667
7,0,2,0,12,29.616666666666667
7,0,2,0,12,29.616666666666667
10,0,0,1,12,22.183333333333334
10,0,0,1,12,22.183333333333334
10,0,0,1,12,22.183333333333334
10,0,0,1,12,22.183333333333334
9,0,1,0,12,25.166666666666668
9,0,1,0,12,25.166666666666668
10,2,1,0,12,624.2166666666667
3,0,0,0,12,26.383333333333333
3,0,0,0,12,1582.0666666666666
3,0,0,0,12,1582.0666666666666
7,1,3,0,12,69.38333333333334
3,0,0,0,12,333.21666666666664
3,0,0,0,12,333.21666666666664
3,0,0,0,12,333.21666666666664
3,0,0,0,12,333.21666666666664
5,0,0,0,12,16.933333333333334
5,0,0,0,12,16.933333333333334
2,0,0,0,12,56.11666666666667
2,0,0,0,12,56.11666666666667
2,0,0,0,12,56.11666666666667
3,0,0,0,12,25.7
6,0,0,0,5,23.516666666666666
2,0,0,0,12,-4.216666666666667
2,0,0,0,12,-4.216666666666667
1,0,0,0,6,2205.1833333333334
9,0,0,0,12,5201.383333333333
9,0,0,0,12,5201.383333333333
9,0,0,0,12,5201.383333333333
2,0,0,0,5,13.483333333333333
6,0,0,3,12,26.933333333333334
6,0,0,3,12,26.933333333333334
2,0,0,0,5,19.883333333333333
7,0,1,0,(MO3),786.7
6,0,0,0,6,66.46666666666667
1,0,0,0,12,502.3833333333333
1,0,0,0,12,502.3833333333333
1,0,0,0,12,49.2
10,0,0,0,5,217.53333333333333
2,0,0,0,6,21.533333333333335
1,0,0,0,6,463.78333333333336
7,0,0,0,5,386.1
3,0,0,0,13,2.85
2,0,0,0,12,-10.983333333333333
6,0,0,0,12,4862.783333333334
6,0,0,0,12,4862.783333333334
6,0,0,0,12,4862.783333333334
6,0,0,0,12,4862.783333333334
6,0,0,0,12,4862.783333333334
8,2,3,0,14,478.93333333333334
9,0,0,0,12,405.26666666666665
9,0,0,0,12,405.26666666666665
9,0,0,0,12,405.26666666666665
4,0,0,0,12,26.016666666666666
4,0,0,0,12,96.61666666666666
6,0,0,0,13,22.3
6,0,0,0,13,22.3
1,0,0,0,6,49.18333333333333
2,0,0,0,12,19.683333333333334
1,0,0,0,12,49.516666666666666
1,0,0,0,12,49.516666666666666
3,0,0,0,6,29.666666666666668
2,0,0,0,14,208.71666666666667
7,0,0,0,12,18.616666666666667
8,0,0,0,12,1625.1166666666666
9,0,0,0,13,17.933333333333334
9,0,0,0,13,17.933333333333334
10,0,0,0,12,1042.7666666666667
10,0,0,0,12,1042.7666666666667
10,0,0,0,12,1042.7666666666667
4,0,0,1,6,40.56666666666667
1,0,0,0,12,63.666666666666664
1,0,0,0,6,26.566666666666666
1,0,0,0,6,26.566666666666666
1,0,0,0,6,26.566666666666666
8,0,2,0,12,3477.5833333333335
9,0,0,1,6,25.85
9,0,0,1,6,25.85
6,0,0,0,6,356.6166666666667
9,0,0,0,12,3415.4166666666665
9,0,0,0,12,3415.4166666666665
9,0,0,0,12,3415.4166666666665
9,0,0,0,12,3415.4166666666665
9,0,0,0,12,3415.4166666666665
2,0,0,0,6,21.483333333333334
5,0,0,0,12,28.116666666666667
5,0,0,0,12,28.116666666666667
8,0,1,0,12,644.7333333333333
8,0,1,0,12,644.7333333333333
8,0,1,0,12,644.7333333333333
8,0,1,0,12,644.7333333333333
5,0,0,0,12,20.683333333333334
6,0,0,0,12,121.73333333333333
6,0,0,0,12,121.73333333333333
6,0,0,0,12,121.73333333333333
6,0,0,0,12,121.73333333333333
6,0,0,0,12,121.73333333333333
6,0,0,0,12,121.73333333333333
6,0,0,0,12,121.73333333333333
7,0,0,1,13,318.76666666666665
7,0,0,1,13,318.76666666666665
6,0,0,0,12,309.48333333333335
6,0,0,0,12,309.48333333333335
5,0,1,0,12,31.516666666666666
5,0,1,0,12,31.516666666666666
4,0,0,0,12,816.2166666666667
4,0,0,0,12,49.46666666666667
4,0,0,0,12,49.46666666666667
4,0,0,0,12,49.46666666666667
4,0,0,0,12,49.46666666666667
1,0,0,0,6,4.75
1,0,0,0,12,1918.8666666666666
1,0,0,0,12,1918.8666666666666
7,0,0,0,12,3.1
7,0,0,0,12,3.1
7,0,0,0,12,3.1
3,0,0,0,5,5.4
3,0,0,0,5,5.4
3,0,0,0,12,333.96666666666664
3,0,0,0,12,333.96666666666664
7,0,0,0,13,27.05
7,0,0,0,13,27.05
7,0,0,0,13,27.05
4,0,0,0,12,21.866666666666667
1,0,0,0,12,512.4
9,1,0,0,12,1936.5166666666667
9,1,0,0,12,1936.5166666666667
3,0,0,0,12,23.416666666666668
4,0,0,0,12,26.133333333333333
2,0,0,0,13,1005.5333333333333
6,0,0,0,6,313.25
6,0,0,0,6,313.25
6,0,0,0,6,313.25
6,0,0,0,6,313.25
3,0,0,0,5,97.86666666666666
5,0,0,0,14,656.8666666666667
1,0,0,0,12,599.25
1,0,0,0,6,27.433333333333334
10,0,2,1,6,1746.55
10,0,2,1,6,1746.55
4,0,0,0,12,23.983333333333334
7,0,0,0,12,24.333333333333332
2,0,0,0,13,25.083333333333332
2,0,0,0,12,122.28333333333333
7,0,0,0,12,7899.95
6,0,0,0,12,5.4
6,0,0,0,12,5.4
8,0,0,0,6,142.71666666666667
8,0,0,0,6,142.71666666666667
9,0,0,0,13,188.71666666666667
1,0,0,0,6,0.5666666666666667
3,0,0,0,5,23.416666666666668
7,0,0,1,12,54.95
7,0,0,1,12,54.95
7,0,0,1,12,54.95
2,0,0,0,13,3905.3333333333335
2,0,0,0,5,-1.05
2,0,0,0,5,-1.05
1,0,0,0,12,19.533333333333335
4,0,0,0,12,49.81666666666667
4,0,0,0,12,49.81666666666667
1,0,0,0,12,25.466666666666665
5,0,0,0,13,19.35
9,0,0,0,5,692.4333333333333
9,0,0,0,12,2834.0833333333335
9,0,0,0,12,2834.0833333333335
3,0,0,0,12,293.4
9,0,0,1,6,73.95
9,0,0,1,6,73.95
7,0,0,0,12,790.6833333333333
8,0,0,0,12,40.85
8,0,0,0,12,40.85
2,0,0,0,13,25.483333333333334
2,0,0,0,12,31.15
2,0,0,0,12,31.15
2,0,0,0,5,51.983333333333334
4,0,0,0,6,21.55
2,0,0,0,12,1535.9333333333334
7,0,0,0,6,21.933333333333334
6,0,1,0,12,976.2333333333333
6,0,1,0,12,976.2333333333333
6,0,1,0,12,976.2333333333333
6,0,1,0,12,976.2333333333333
6,0,1,0,12,976.2333333333333
1,0,0,0,12,175.41666666666666
9,0,0,0,12,7942.266666666666
9,0,0,0,12,7942.266666666666
9,0,0,0,12,7942.266666666666
6,0,0,0,13,432.6333333333333
1,0,0,0,12,15.6
8,0,0,0,12,29.066666666666666
8,0,0,0,12,29.066666666666666
4,0,0,3,6,26.766666666666666
2,0,0,0,5,3.216666666666667
4,0,0,0,12,25.783333333333335
3,0,0,0,6,28.35
9,1,0,0,12,119.5
1,0,0,0,12,5.0
3,0,0,0,6,19.316666666666666
3,0,0,0,6,19.316666666666666
3,0,0,0,6,19.316666666666666
3,0,0,0,6,19.316666666666666
3,0,0,0,6,19.316666666666666
3,0,0,0,6,19.316666666666666
6,0,0,0,12,1372.3333333333333
2,0,0,0,6,28.2
2,0,0,0,6,25.166666666666668
1,0,0,0,12,22.4
1,0,0,0,14,-4.3
2,0,0,0,6,23.3
7,0,0,0,12,2041.9666666666667
7,0,0,0,12,2041.9666666666667
7,0,0,0,12,2041.9666666666667
1,0,0,0,12,513.4666666666667
1,0,0,0,12,513.4666666666667
7,0,0,0,5,29.2
3,0,0,0,12,17.116666666666667
1,0,0,0,12,23.866666666666667
1,0,0,0,12,23.866666666666667
3,0,0,0,12,49.88333333333333
1,0,0,0,12,48.28333333333333
7,0,0,0,12,265.8333333333333
7,0,0,0,12,265.8333333333333
7,0,0,0,12,639.6166666666667
7,0,0,0,12,639.6166666666667
7,0,0,0,12,639.6166666666667
7,0,0,0,12,639.6166666666667
4,0,0,0,13,146.61666666666667
4,0,0,0,13,146.61666666666667
2,0,0,0,9,432.1166666666667
8,0,0,0,12,1462.4
8,0,0,0,12,1462.4
10,1,0,0,12,3849.133333333333
10,1,0,0,12,3849.133333333333
10,1,0,0,12,3849.133333333333
10,1,0,0,12,3849.133333333333
5,0,0,0,12,597.35
5,0,0,0,12,597.35
5,0,0,0,12,597.35
5,0,0,0,12,37.766666666666666
5,0,0,0,12,37.766666666666666
4,0,1,0,13,5.0
1,0,0,0,6,26.816666666666666
8,0,2,1,12,54.13333333333333
8,0,2,1,12,54.13333333333333
8,0,2,1,12,54.13333333333333
9,1,0,0,12,50.28333333333333
2,0,1,1,12,56.13333333333333
2,0,1,1,12,56.13333333333333
1,0,0,0,6,7.783333333333333
5,0,0,0,12,3960.266666666667
5,0,0,0,12,3960.266666666667
5,0,0,0,12,3960.266666666667
4,0,0,0,12,14.5
5,0,0,0,12,90.88333333333334
3,0,0,0,6,27.933333333333334
2,0,0,0,6,-1.05
8,0,0,0,14,68.28333333333333
8,0,0,0,14,68.28333333333333
3,0,0,0,12,46.6
2,0,0,0,12,49.083333333333336
1,0,0,0,6,26.216666666666665
1,0,0,0,6,22.166666666666668
5,0,0,0,12,16.55
6,0,0,0,5,-3.9833333333333334
1,0,0,0,6,-4.466666666666667
1,0,0,1,13,812.5333333333333
2,0,0,0,6,25.45
1,0,0,0,12,3.4
1,0,0,0,12,3.4
1,0,0,0,(MO3),-4.35
1,0,0,0,12,2002.0166666666667
9,0,0,0,13,28.716666666666665
8,0,0,0,12,98.23333333333333
3,0,0,0,12,0.55
4,0,0,0,12,20.616666666666667
4,0,0,0,12,20.616666666666667
9,0,0,0,6,2735.15
1,0,0,0,12,25.466666666666665
9,0,0,0,5,21.366666666666667
9,0,0,0,5,21.366666666666667
4,0,0,0,12,25.533333333333335
7,0,0,0,12,189.16666666666666
7,0,0,0,12,189.16666666666666
7,0,0,0,12,189.16666666666666
7,0,0,0,12,189.16666666666666
7,0,0,0,12,189.16666666666666
7,0,0,0,12,189.16666666666666
7,0,0,0,12,-3.55
2,0,0,0,12,311.9
5,0,0,0,12,32.05
5,0,0,0,12,32.05
7,0,0,0,12,56.68333333333333
7,0,0,0,12,56.68333333333333
7,0,0,0,12,56.68333333333333
6,0,0,1,6,668.4166666666666
4,0,0,0,12,100.13333333333334
4,0,0,0,12,100.13333333333334
1,0,0,0,12,22.983333333333334
1,0,0,0,12,22.983333333333334
5,0,0,0,12,8179.15
2,0,0,0,6,55.45
6,0,0,0,6,642.15
3,0,0,0,(MO3),0.4666666666666667
3,0,0,0,(MO3),0.4666666666666667
3,0,0,0,(MO3),0.4666666666666667
5,0,0,0,12,1561.5
2,0,0,0,5,3169.116666666667
3,0,0,0,12,46.05
3,0,0,0,12,46.05
3,0,0,0,12,46.05
3,0,0,0,12,46.05
3,0,0,0,12,46.05
3,0,0,0,12,46.05
3,0,0,0,12,46.05
3,0,0,0,12,46.05
4,0,0,0,12,28.266666666666666
4,0,0,0,12,28.266666666666666
1,0,0,0,6,2735.7166666666667
10,20,0,0,12,20.8
9,0,1,0,12,248.86666666666667
6,0,0,0,12,1037.9166666666667
6,0,0,0,12,1037.9166666666667
2,0,0,0,12,24.166666666666668
2,0,0,0,12,24.166666666666668
3,0,0,0,12,29.15
3,0,0,0,12,29.15
3,0,0,0,12,29.15
9,1,0,0,12,42.95
9,1,0,0,12,42.95
9,1,0,0,12,42.95
9,0,0,0,13,49.43333333333333
3,0,0,0,6,28.85
4,0,0,1,12,97.48333333333333
6,0,0,0,12,1513.8
6,0,0,0,12,1513.8
4,0,0,0,12,6.966666666666667
4,0,0,0,12,6.966666666666667
7,0,0,0,13,9681.866666666667
7,0,0,0,13,9681.866666666667
2,0,0,0,6,21.416666666666668
10,0,1,0,12,40.483333333333334
4,0,0,0,12,21.85
4,0,0,0,12,21.85
4,0,0,0,12,21.85
4,0,0,0,12,21.85
4,0,0,0,12,21.85
8,0,0,0,12,63.63333333333333
1,0,0,0,6,67.4
7,0,0,0,12,128.56666666666666
3,0,0,0,12,14.75
3,0,0,0,12,14.75
3,0,0,0,12,14.75
3,0,0,0,12,14.75
3,0,0,0,12,14.75
3,0,0,0,12,14.75
3,0,0,0,12,14.75
7,0,0,0,12,2118.0333333333333
7,0,0,0,12,2118.0333333333333
2,0,0,0,12,18.1
1,0,0,0,12,24.316666666666666
1,0,0,0,12,24.316666666666666
7,0,0,0,12,25.05
7,0,0,0,12,25.05
7,0,0,0,12,25.05
1,0,0,0,6,6.016666666666667
1,0,0,0,6,6.016666666666667
1,0,0,0,6,6.016666666666667
1,0,0,0,6,6.016666666666667
7,0,0,0,12,3936.5333333333333
7,0,0,0,12,3936.5333333333333
7,0,0,0,12,3936.5333333333333
7,0,0,0,12,3936.5333333333333
1,0,0,0,6,4.666666666666667
5,0,0,0,5,23.316666666666666
5,0,0,0,5,23.316666666666666
7,0,0,0,12,96.31666666666666
7,0,0,0,12,96.31666666666666
7,0,0,0,12,96.31666666666666
7,0,0,0,12,96.31666666666666
7,0,0,0,12,96.31666666666666
7,0,0,0,12,96.31666666666666
7,0,0,0,12,96.31666666666666
1,0,0,0,12,76.18333333333334
5,0,0,0,6,241.73333333333332
9,0,0,0,13,101.66666666666667
9,0,0,0,13,101.66666666666667
9,0,0,0,13,101.66666666666667
9,0,0,0,6,118.38333333333334
5,0,1,0,12,6.9
5,0,0,0,12,958.5166666666667
1,0,0,0,12,24.6
2,0,0,0,12,18.25
7,0,0,2,6,4.166666666666667
5,0,0,0,12,18.283333333333335
1,0,0,0,6,22.55
7,0,0,0,12,103.41666666666667
7,0,0,0,12,103.41666666666667
7,0,0,0,12,103.41666666666667
4,0,0,0,5,-4.1
2,0,0,0,6,-4.55
8,0,0,0,12,486.8666666666667
8,0,0,0,12,486.8666666666667
1,0,0,0,6,6.866666666666666
2,0,0,0,12,533.9833333333333
2,0,0,0,12,533.9833333333333
5,0,0,0,12,55.56666666666667
4,0,0,0,13,56.21666666666667
1,0,0,0,5,20.0
8,0,0,0,5,50.666666666666664
8,0,0,0,5,50.666666666666664
8,0,0,0,5,50.666666666666664
8,0,0,0,5,50.666666666666664
7,0,0,0,6,2929.633333333333
7,0,0,0,6,2929.633333333333
5,2,0,0,12,27.816666666666666
7,0,0,0,6,117.76666666666667
7,0,0,0,6,117.76666666666667
7,0,0,0,6,117.76666666666667
7,0,0,0,6,117.76666666666667
7,0,0,0,6,117.76666666666667
7,0,0,0,6,117.76666666666667
7,0,0,0,6,117.76666666666667
6,0,0,0,6,789.6166666666667
3,0,0,0,6,0.9333333333333333
5,0,0,0,12,932.6666666666666
5,0,0,0,12,932.6666666666666
1,0,0,0,6,14.633333333333333
4,0,0,0,12,118.23333333333333
9,2,0,0,6,417.6
6,0,0,0,12,114.98333333333333
6,0,0,0,12,114.98333333333333
6,0,0,0,12,114.98333333333333
1,0,0,0,14,186.36666666666667
2,0,0,0,5,14.916666666666666
4,0,0,0,12,381.8666666666667
4,0,0,0,12,381.8666666666667
5,0,0,0,12,51.95
5,0,0,0,12,51.95
1,0,0,0,13,160.86666666666667
4,0,0,0,6,1272.1
4,0,0,0,6,18.366666666666667
7,0,0,0,12,1317.05
10,0,0,0,6,6.083333333333333
10,4,1,0,12,2811.4666666666667
4,0,1,3,6,26.683333333333334
7,0,0,0,12,2042.1333333333334
7,0,0,0,12,2042.1333333333334
2,0,0,0,12,4328.9
2,0,0,0,6,26.933333333333334
2,0,0,0,6,26.933333333333334
1,0,0,0,12,533.0
8,0,0,0,12,38.56666666666667
7,0,0,0,6,17.683333333333334
5,0,0,0,5,504.2
5,0,0,0,5,504.2
1,0,0,0,5,8.7
1,0,0,0,12,337.5
4,0,0,0,5,123.33333333333333
4,0,0,0,5,123.33333333333333
7,0,0,0,12,726.6
10,0,0,0,12,14.566666666666666
3,0,0,0,12,5516.366666666667
3,0,0,0,12,5516.366666666667
3,0,0,0,12,46.2
1,0,0,0,12,29.366666666666667
10,0,0,1,12,111.58333333333333
6,0,0,0,12,17.533333333333335
10,2,1,0,5,2032.9166666666667
10,2,1,0,5,2032.9166666666667
3,0,0,0,6,14.3
3,0,0,0,6,14.3
3,0,0,0,12,851.1
3,0,0,0,12,851.1
3,0,0,0,6,2304.3166666666666
9,0,0,0,12,27.483333333333334
10,0,0,0,13,30.916666666666668
10,0,0,0,13,30.916666666666668
10,0,0,0,13,30.916666666666668
10,0,0,0,13,30.916666666666668
10,0,0,0,13,30.916666666666668
1,0,0,0,6,13.983333333333333
4,0,0,1,12,604.85
4,0,0,1,12,604.85
4,0,0,1,12,604.85
7,0,0,0,(MO3),794.4333333333333
1,0,0,0,12,47.56666666666667
8,0,0,0,12,3127.9666666666667
8,0,0,0,12,3127.9666666666667
3,0,0,0,12,7.6
3,0,0,0,12,7.6
7,0,0,0,14,45.85
7,0,0,0,14,45.85
6,0,0,0,6,21.316666666666666
7,0,0,0,6,6.233333333333333
3,0,0,1,12,23.783333333333335
1,0,0,0,12,49.31666666666667
4,0,0,0,12,22.716666666666665
1,0,0,0,12,214.31666666666666
1,0,0,0,12,214.31666666666666
2,0,0,0,12,792.9333333333333
2,0,0,0,12,792.9333333333333
6,0,0,0,12,116.8
1,0,0,0,12,28.05
1,0,0,0,6,440.3666666666667
4,0,0,0,12,25.683333333333334
4,0,0,0,12,25.683333333333334
7,0,0,0,13,162.71666666666667
7,0,0,0,13,162.71666666666667
7,0,0,0,13,162.71666666666667
5,0,1,2,5,3.3
3,0,0,0,9,1704.4333333333334
1,0,0,0,6,18.6
10,0,0,0,12,1010.55
10,0,0,0,12,1010.55
10,0,0,0,12,1010.55
7,0,0,0,12,1754.7
7,0,0,0,12,1754.7
1,0,0,0,12,19.783333333333335
1,0,0,0,12,19.783333333333335
1,0,0,0,12,19.783333333333335
1,0,0,0,12,19.783333333333335
1,0,0,0,12,19.783333333333335
1,0,0,0,12,19.783333333333335
8,0,0,0,6,72.71666666666667
8,0,0,0,12,42.28333333333333
1,0,0,0,12,503.9
5,0,0,0,13,626.0833333333334
8,0,0,0,12,44.71666666666667
8,0,0,0,12,44.71666666666667
3,0,0,0,12,175.68333333333334
9,0,0,0,12,19.5
9,0,0,0,12,19.5
9,0,0,0,12,19.5
9,0,0,0,12,19.5
3,0,0,0,6,21.666666666666668
6,0,0,0,13,40.1
9,0,0,1,12,6579.4
9,0,0,1,12,6579.4
8,0,0,0,14,1912.1166666666666
8,0,0,0,14,1912.1166666666666
8,0,0,0,12,24.483333333333334
1,0,0,0,12,20.666666666666668
1,0,0,0,12,20.666666666666668
2,0,0,0,5,750.2
6,0,0,0,12,21.65
6,0,0,0,12,21.65
6,0,0,0,12,21.65
6,0,0,0,12,21.65
2,0,2,0,12,16.116666666666667
2,0,2,0,12,16.116666666666667
2,0,2,0,12,16.116666666666667
4,0,0,0,12,4.333333333333333
4,0,0,0,12,44.45
4,0,0,0,12,44.45
4,0,0,0,12,44.45
1,0,0,0,5,473.53333333333336
1,0,0,0,5,473.53333333333336
1,0,0,0,5,473.53333333333336
2,0,0,0,13,5.366666666666666
1,0,0,0,5,25.066666666666666
7,0,0,0,5,288.98333333333335
7,0,0,0,5,288.98333333333335
7,0,0,0,5,288.98333333333335
9,0,0,1,12,19.166666666666668
9,0,0,1,12,19.166666666666668
1,0,0,0,6,38.516666666666666
9,2,0,1,12,1701.4833333333333
9,2,0,1,12,1701.4833333333333
9,2,0,1,12,1701.4833333333333
9,2,0,1,12,1701.4833333333333
2,0,0,0,6,-4.583333333333333
9,0,0,0,12,54.766666666666666
8,0,0,0,6,1037.6666666666667
8,0,0,0,6,1037.6666666666667
4,0,0,0,12,22.183333333333334
4,0,0,0,6,23.9
4,0,0,0,6,23.9
3,0,0,0,6,23.833333333333332
3,0,0,0,12,4144.066666666667
5,0,0,0,12,158.78333333333333
5,0,0,0,12,158.78333333333333
5,0,0,0,12,158.78333333333333
8,0,0,0,12,49.5
8,0,0,0,12,49.5
8,0,0,0,12,49.5
5,0,0,1,12,69.25
8,0,1,0,13,23.733333333333334
8,0,1,0,13,23.733333333333334
7,0,0,0,13,583.8833333333333
7,0,0,0,13,583.8833333333333
1,0,0,0,6,27.9
6,0,0,0,13,5784.533333333334
6,0,0,0,13,5784.533333333334
4,0,0,0,14,50.78333333333333
4,0,0,0,14,50.78333333333333
7,0,0,0,12,478.8666666666667
7,0,0,0,12,478.8666666666667
7,0,0,0,12,478.8666666666667
5,0,0,0,6,14.133333333333333
5,0,0,0,6,14.133333333333333
1,0,0,0,9,1463.9333333333334
8,0,0,0,12,792.8666666666667
2,0,0,0,6,238.7
4,1,0,0,6,-3.7
4,0,0,0,12,677.6333333333333
4,0,0,0,12,677.6333333333333
4,0,0,0,12,677.6333333333333
4,0,0,0,12,677.6333333333333
7,0,0,0,12,740.3166666666667
7,0,0,0,12,740.3166666666667
3,0,0,0,6,21.65
9,0,1,0,12,962.7
9,0,1,0,12,962.7
9,0,1,0,12,962.7
7,0,0,0,6,158.6
9,0,0,0,12,433.53333333333336
9,0,0,0,12,433.53333333333336
9,0,0,0,12,433.53333333333336
9,0,0,0,12,433.53333333333336
1,0,0,0,6,26.983333333333334
1,0,0,1,12,1040.3166666666666
1,0,0,0,12,2618.9333333333334
3,0,0,0,5,22.233333333333334
6,0,0,0,12,41.166666666666664
6,0,0,0,12,41.166666666666664
6,0,0,0,12,41.166666666666664
6,0,0,0,12,41.166666666666664
5,0,0,0,13,73.88333333333334
5,0,0,0,13,73.88333333333334
4,0,0,0,6,21.533333333333335
3,0,0,0,5,26.3
10,0,3,0,6,428.78333333333336
10,0,3,0,6,428.78333333333336
9,0,0,0,12,6962.483333333334
4,0,0,0,12,1148.9
4,0,0,0,12,1148.9
4,0,0,0,12,1148.9
4,0,0,0,12,1148.9
7,0,0,0,12,6073.883333333333
7,0,0,0,12,6073.883333333333
4,0,0,1,6,54.63333333333333
4,0,0,1,6,54.63333333333333
4,0,0,1,6,54.63333333333333
6,0,0,0,12,867.0
6,0,0,0,12,867.0
10,4,1,0,14,1159.9
1,0,0,0,6,22.233333333333334
10,0,1,1,12,5813.933333333333
10,0,1,1,12,5813.933333333333
10,0,1,1,12,5813.933333333333
10,0,1,1,12,5813.933333333333
7,0,0,0,5,113.63333333333334
1,0,0,0,6,-3.6666666666666665
7,0,0,0,12,770.55
1,0,0,0,6,29.5
3,0,0,0,12,7.1
3,0,0,0,12,7.1
5,0,0,0,12,16.583333333333332
5,0,0,0,12,16.583333333333332
5,0,0,0,12,16.583333333333332
2,0,0,0,5,30.483333333333334
3,0,0,0,12,93.71666666666667
3,0,0,0,12,93.71666666666667
3,0,0,0,12,93.71666666666667
3,0,0,0,12,93.71666666666667
3,0,0,0,12,93.71666666666667
10,0,0,0,5,2608.85
10,0,0,0,5,2608.85
10,0,0,0,5,2608.85
2,0,0,0,12,24.116666666666667
2,0,0,0,12,21.483333333333334
8,0,0,0,12,6.416666666666667
8,0,0,0,12,6.416666666666667
8,0,0,0,12,6.416666666666667
8,0,0,0,12,6.416666666666667
8,0,0,0,12,6.416666666666667
8,0,0,0,12,6.416666666666667
3,0,0,0,12,23.783333333333335
3,0,0,0,12,23.783333333333335
3,0,0,0,12,23.783333333333335
3,0,0,0,12,23.783333333333335
3,0,0,0,12,23.783333333333335
1,0,0,0,6,21.166666666666668
4,0,1,0,12,192.43333333333334
5,0,0,0,12,30.066666666666666
5,0,0,0,12,30.066666666666666
5,0,0,0,12,30.066666666666666
5,0,0,0,12,30.066666666666666
1,0,0,0,13,56.733333333333334
1,0,0,0,13,56.733333333333334
6,0,0,0,5,7440.15
6,0,0,0,5,7440.15
4,0,0,0,12,24.133333333333333
1,0,0,0,12,66.81666666666666
1,0,0,0,12,22.216666666666665
1,0,0,0,6,116.46666666666667
3,0,0,0,12,30.9
3,0,0,0,12,30.9
3,0,0,0,12,32.266666666666666
1,0,0,0,12,24.783333333333335
1,0,0,0,12,711.6833333333333
1,0,0,0,12,711.6833333333333
1,0,0,0,12,711.6833333333333
1,0,0,0,12,711.6833333333333
1,0,0,0,12,711.6833333333333
1,0,0,0,12,711.6833333333333
1,0,0,0,12,711.6833333333333
4,0,0,0,12,169.15
4,0,0,0,12,169.15
3,0,0,0,12,21.833333333333332
4,0,0,0,12,18.55
2,0,0,0,6,44.85
5,0,0,0,6,99.6
4,0,0,0,12,23.233333333333334
1,0,0,0,6,16.1
7,0,0,0,6,1.8
5,0,0,0,12,19.916666666666668
5,0,0,0,12,19.916666666666668
5,0,0,0,12,19.916666666666668
5,0,0,0,12,19.916666666666668
1,0,0,0,6,25.35
4,0,0,0,12,673.55
2,0,0,0,12,880.7333333333333
5,0,0,0,5,18.116666666666667
5,0,0,0,5,18.116666666666667
5,0,0,0,5,18.116666666666667
5,0,0,0,5,18.116666666666667
5,0,0,0,5,18.116666666666667
10,0,0,1,13,94.53333333333333
10,0,0,1,13,94.53333333333333
3,0,0,0,5,24.45
3,0,0,0,5,24.45
1,0,0,0,6,31.2
1,0,0,0,6,31.2
2,0,0,0,14,20.733333333333334
1,0,0,0,12,4.75
1,0,0,0,13,48.516666666666666
4,0,0,0,12,630.7666666666667
4,0,0,0,12,630.7666666666667
5,0,0,0,12,2397.6833333333334
3,0,0,0,5,38.06666666666667
5,0,0,0,5,22.05
5,0,0,0,5,22.05
5,0,0,0,5,22.05
5,0,0,0,5,22.05
5,0,0,0,5,22.05
9,0,0,3,12,9190.9
8,0,0,0,12,607.9666666666667
8,0,0,0,12,607.9666666666667
4,0,0,0,6,-3.95
1,0,0,0,12,17.516666666666666
9,0,0,0,12,5825.766666666666
9,0,0,0,12,5825.766666666666
9,0,0,0,12,5825.766666666666
9,0,0,0,12,5825.766666666666
9,0,0,0,12,5825.766666666666
4,0,0,0,12,26.45
3,0,0,0,5,4.85
1,0,0,0,12,20.166666666666668
6,0,0,0,6,146.28333333333333
8,1,0,0,12,15.916666666666666
8,1,0,0,12,15.916666666666666
1,0,0,0,14,49.63333333333333
1,0,0,0,14,49.63333333333333
1,0,0,0,6,-1.35
1,0,0,0,5,22.75
3,0,0,0,12,24.383333333333333
3,0,0,0,12,24.383333333333333
3,0,0,0,12,24.383333333333333
3,0,0,0,12,24.383333333333333
1,0,0,0,13,5.1
8,2,0,0,12,505.6666666666667
8,2,0,0,12,505.6666666666667
8,2,0,0,12,505.6666666666667
2,0,0,0,6,20.066666666666666
9,0,0,0,12,701.4333333333333
9,0,0,0,12,701.4333333333333
9,0,0,0,12,701.4333333333333
4,0,0,0,12,692.1833333333333
9,0,0,0,12,1537.5
9,0,0,0,12,1537.5
9,0,0,0,12,1537.5
4,0,0,0,6,0.23333333333333334
6,0,0,0,13,8230.116666666667
7,0,0,1,6,40.75
2,0,0,0,9,4995.1
4,0,0,0,12,25.933333333333334
8,0,0,0,13,333.3666666666667
8,0,0,0,13,333.3666666666667
8,0,0,0,13,333.3666666666667
8,0,0,0,13,333.3666666666667
6,0,0,0,12,191.93333333333334
2,0,0,0,6,3.3833333333333333
1,0,0,0,6,5.583333333333333
1,0,0,0,6,4.783333333333333
1,0,0,0,12,41.8
7,0,0,1,12,22.783333333333335
7,0,0,1,12,22.783333333333335
1,0,0,0,6,18.666666666666668
1,0,0,0,6,18.666666666666668
1,0,0,0,12,45.86666666666667
2,0,0,0,6,343.53333333333336
9,0,0,0,12,22.35
9,0,0,0,12,22.35
9,0,0,0,12,22.35
9,0,0,0,12,22.35
8,0,1,0,12,367.78333333333336
8,0,1,0,12,367.78333333333336
8,0,1,0,12,367.78333333333336
5,0,0,0,6,711.6833333333333
9,0,1,0,12,49.666666666666664
9,0,1,0,12,49.666666666666664
9,0,1,0,12,49.666666666666664
9,0,1,0,12,49.666666666666664
7,0,0,0,6,1129.65
5,0,0,0,12,20.633333333333333
4,0,0,0,13,141.73333333333332
4,0,0,0,13,141.73333333333332
4,0,0,0,13,141.73333333333332
1,0,0,0,12,4849.983333333334
1,0,0,0,12,4849.983333333334
1,0,0,0,12,4849.983333333334
1,0,0,0,12,4849.983333333334
-1,0,0,0,6,4.983333333333333
10,0,0,0,12,817.3333333333334
3,0,0,0,12,604.35
3,0,0,0,12,604.35
10,0,0,0,13,24.25
10,0,0,0,13,24.25
10,0,0,0,13,24.25
10,0,0,0,13,24.25
4,0,0,1,13,101.15
4,0,0,1,13,101.15
4,0,0,1,13,101.15
4,0,0,1,13,101.15
4,0,0,1,13,101.15
6,0,0,0,12,76.01666666666667
6,0,0,0,12,76.01666666666667
1,0,0,0,6,47.53333333333333
4,0,0,0,13,4396.166666666667
1,0,0,0,6,25.666666666666668
5,0,0,0,13,21.833333333333332
3,0,0,0,5,1827.0666666666666
3,0,0,0,5,1827.0666666666666
1,0,0,0,12,1180.1166666666666
1,0,0,0,12,1180.1166666666666
1,0,0,0,13,69.53333333333333
3,0,0,0,6,67.85
1,0,0,0,5,29.3
7,0,0,0,12,2279.4333333333334
7,0,0,0,12,2279.4333333333334
7,0,0,0,12,2279.4333333333334
7,0,0,0,12,2279.4333333333334
2,0,0,0,12,23.483333333333334
10,0,0,0,12,94.96666666666667
10,0,0,0,12,94.96666666666667
10,0,0,0,12,94.96666666666667
4,0,0,1,12,25.3
4,0,0,1,12,25.3
1,0,0,0,6,717.1166666666667
1,0,0,0,6,-3.3
9,1,0,0,12,146.38333333333333
9,1,0,0,12,146.38333333333333
9,1,0,0,12,146.38333333333333
1,0,0,0,6,26.35
5,0,0,0,12,25.15
2,0,0,0,6,47.266666666666666
4,0,0,0,12,5.4
2,0,0,0,12,291.95
2,0,0,0,12,291.95
3,0,0,0,12,26.9
7,0,0,0,12,22.433333333333334
7,0,0,0,12,22.433333333333334
7,0,0,0,12,22.433333333333334
7,0,0,0,12,22.433333333333334
5,0,0,0,5,9.916666666666666
5,0,0,0,5,9.916666666666666
2,0,0,0,12,4803.816666666667
2,0,0,0,12,4803.816666666667
2,0,0,0,14,10074.416666666666
7,0,0,0,12,414.53333333333336
1,0,0,0,6,3.85
1,0,0,0,6,19.5
1,0,0,0,6,66.11666666666666
4,0,0,0,12,22.0
4,0,0,0,12,22.0
10,0,1,0,5,-3.566666666666667
10,0,1,0,5,-3.566666666666667
10,0,1,0,5,-3.566666666666667
7,0,0,0,12,21.516666666666666
7,0,0,0,12,21.516666666666666
2,0,0,1,12,24.433333333333334
1,0,0,0,6,19.883333333333333
2,0,0,0,12,239.7
2,0,0,0,12,239.7
5,0,0,0,12,18.316666666666666
1,0,0,0,12,15.5
1,0,0,0,13,2789.883333333333
1,0,0,0,5,0.18333333333333332
1,0,0,0,5,0.18333333333333332
1,0,0,0,5,0.18333333333333332
1,0,0,0,6,23.4
1,0,0,0,5,47.916666666666664
2,0,0,0,6,16.95
4,0,0,0,12,26.95
1,0,0,0,12,21.6
2,0,0,1,12,16.816666666666666
1,0,0,0,5,21.016666666666666
8,0,0,0,6,15.216666666666667
4,0,0,0,6,25.85
5,0,0,0,9,1203.8333333333333
5,0,0,0,9,1203.8333333333333
10,0,0,0,12,11582.116666666667
7,0,0,0,12,74.03333333333333
7,0,0,0,12,74.03333333333333
7,0,0,0,12,74.03333333333333
7,0,0,0,12,74.03333333333333
7,0,0,0,12,74.03333333333333
7,0,0,0,12,74.03333333333333
7,0,0,0,12,74.03333333333333
7,0,0,0,12,74.03333333333333
10,0,0,0,12,354.06666666666666
4,0,0,0,6,19.383333333333333
6,0,0,0,12,46.416666666666664
6,0,0,0,12,46.416666666666664
6,0,0,0,12,46.416666666666664
6,0,0,0,12,46.416666666666664
3,0,0,0,5,195.75
3,0,0,0,5,195.75
2,0,0,0,6,18.733333333333334
5,0,0,0,13,25.266666666666666
10,0,0,0,6,16.383333333333333
10,0,0,0,6,16.383333333333333
10,0,0,0,6,16.383333333333333
10,0,0,0,6,16.383333333333333
10,0,0,0,6,16.383333333333333
10,0,0,0,6,16.383333333333333
10,0,0,0,6,16.383333333333333
10,0,0,0,6,16.383333333333333
1,0,0,0,13,26.066666666666666
1,0,0,0,12,50.46666666666667
1,0,0,0,12,56.28333333333333
2,0,0,0,12,15.9
2,0,0,0,12,15.9
3,0,0,0,6,24.5
1,0,0,0,6,19.233333333333334
4,0,2,0,12,21.466666666666665
2,0,0,0,6,2.95
1,0,0,0,6,-1.75
3,0,0,0,12,2534.2166666666667
3,0,0,0,12,2534.2166666666667
2,0,0,0,5,676.6833333333333
4,0,0,1,6,22.2
8,0,0,0,12,27.133333333333333
3,0,0,0,12,238.25
3,0,0,0,12,238.25
8,0,0,0,12,3886.9333333333334
8,0,0,0,12,3886.9333333333334
8,0,0,0,12,3886.9333333333334
8,0,0,0,12,3886.9333333333334
4,0,0,0,5,44.416666666666664
4,0,0,0,5,44.416666666666664
10,0,0,0,12,382.21666666666664
10,0,0,0,12,382.21666666666664
10,0,0,0,12,382.21666666666664
6,0,0,0,12,45.5
6,0,0,0,12,45.5
4,0,0,0,6,68.81666666666666
4,0,0,0,6,68.81666666666666
4,0,0,0,6,68.81666666666666
4,0,0,0,6,68.81666666666666
4,0,0,0,6,68.81666666666666
8,0,0,0,12,51.46666666666667
8,0,0,0,12,51.46666666666667
4,0,0,0,12,5.816666666666666
1,0,0,0,6,15.483333333333333
4,0,0,1,6,74.76666666666667
4,0,0,1,6,74.76666666666667
4,0,0,1,6,74.76666666666667
7,0,0,0,12,25.75
7,0,0,0,12,25.75
9,3,0,1,13,163.7
9,3,0,1,13,163.7
2,0,0,0,12,20.883333333333333
1,0,0,0,6,28.1
1,0,0,0,13,16.35
5,0,0,0,12,24.083333333333332
2,0,0,0,13,22.083333333333332
6,0,0,0,12,1488.3333333333333
5,0,0,0,12,5.9
5,0,0,0,12,5.9
5,0,0,0,12,5.9
5,0,0,0,12,5.9
3,0,0,0,12,52.86666666666667
3,0,0,0,12,52.86666666666667
3,0,0,0,12,52.86666666666667
5,0,0,0,12,841.5666666666667
4,0,0,0,6,20.733333333333334
8,0,0,1,12,306.51666666666665
8,0,0,1,12,306.51666666666665
8,0,0,1,12,306.51666666666665
1,0,0,0,6,14.583333333333334
8,0,0,0,5,101.96666666666667
8,0,0,0,5,101.96666666666667
8,0,0,0,5,101.96666666666667
6,0,0,0,12,1074.65
6,0,0,0,12,1074.65
6,0,0,0,12,1074.65
7,0,0,0,12,19.983333333333334
7,0,0,0,12,19.983333333333334
3,0,0,0,12,23.283333333333335
1,0,0,0,12,43.483333333333334
10,0,0,0,6,790.0333333333333
10,0,0,0,6,790.0333333333333
8,0,0,0,12,27.533333333333335
8,0,0,0,12,27.533333333333335
8,0,0,0,12,27.533333333333335
7,0,0,0,12,2088.633333333333
7,0,0,0,12,2088.633333333333
7,0,0,0,12,2088.633333333333
7,0,0,0,12,2088.633333333333
5,0,1,1,12,17.566666666666666
5,0,1,1,12,17.566666666666666
3,0,0,0,12,67.98333333333333
6,0,0,0,9,11492.416666666666
6,0,0,0,9,11492.416666666666
1,0,0,0,6,24.766666666666666
4,0,0,0,12,40.666666666666664
4,0,0,0,12,40.666666666666664
4,0,0,0,13,40.68333333333333
9,0,0,0,12,1773.2833333333333
9,0,0,0,12,1773.2833333333333
8,0,0,0,13,207.98333333333332
3,0,0,0,12,25.416666666666668
3,0,0,0,12,25.416666666666668
3,0,0,0,12,25.416666666666668
7,0,0,0,12,22.116666666666667
7,0,0,0,12,22.116666666666667
2,0,1,0,12,0.5
2,0,1,0,12,0.5
2,0,1,0,12,0.5
1,0,0,0,12,135.81666666666666
4,0,0,0,12,446.3
9,0,0,0,12,-4.133333333333334
9,0,0,0,12,-4.133333333333334
9,0,0,0,12,-4.133333333333334
9,0,0,0,12,-4.133333333333334
2,0,0,0,13,43.43333333333333
6,0,0,0,13,150.23333333333332
6,0,0,0,13,150.23333333333332
6,0,0,0,13,150.23333333333332
6,0,0,0,13,150.23333333333332
6,0,0,0,13,150.23333333333332
6,0,0,0,13,150.23333333333332
6,0,0,0,13,150.23333333333332
1,0,0,0,12,4.216666666666667
7,0,0,1,6,665.2166666666667
3,0,0,0,6,432.9
6,0,2,1,12,339.73333333333335
6,0,2,1,12,339.73333333333335
6,0,2,1,12,339.73333333333335
6,0,2,1,12,339.73333333333335
6,0,2,1,12,339.73333333333335
5,0,0,0,12,185.5
5,0,0,0,12,185.5
5,0,0,0,12,185.5
5,0,0,0,12,185.5
2,0,0,0,12,90.43333333333334
2,0,0,0,12,90.43333333333334
10,2,0,0,12,2072.55
10,2,0,0,12,2072.55
10,2,0,0,12,2072.55
10,2,0,0,12,2072.55
10,2,0,0,12,2072.55
10,2,0,0,12,2072.55
1,0,0,0,6,19.766666666666666
8,0,0,0,6,163.58333333333334
8,0,0,0,6,163.58333333333334
8,0,0,0,6,163.58333333333334
8,2,0,0,12,165.46666666666667
8,2,0,0,12,165.46666666666667
1,0,0,0,13,9438.133333333333
5,0,0,0,12,151.8
5,0,0,0,12,151.8
5,0,0,0,12,151.8
5,0,0,0,12,151.8
1,0,0,0,6,125.53333333333333
1,0,0,0,6,125.53333333333333
5,0,0,0,12,22.816666666666666
2,0,0,0,13,12723.383333333333
8,0,0,2,12,115.91666666666667
8,0,0,2,12,115.91666666666667
8,0,0,2,12,115.91666666666667
8,0,0,2,12,115.91666666666667
1,0,0,0,6,-3.683333333333333
10,0,0,1,13,13610.6
7,0,0,2,12,70.33333333333333
7,0,0,2,12,70.33333333333333
5,0,0,0,12,646.05
4,0,0,0,12,31.283333333333335
4,0,0,0,12,31.283333333333335
6,1,0,0,12,6.85
3,0,0,0,12,24.8
3,0,0,0,12,24.8
3,0,0,0,12,24.8
3,0,0,0,12,24.8
3,0,0,0,12,24.8
1,0,0,0,12,27.25
9,0,0,0,12,8877.483333333334
9,0,0,0,12,8877.483333333334
3,0,0,1,12,-11.166666666666666
4,0,0,0,12,2231.2833333333333
1,0,0,0,6,2.6166666666666667
9,0,0,0,12,2214.4666666666667
9,0,0,0,12,2214.4666666666667
9,0,0,0,12,2214.4666666666667
8,0,0,0,6,15.033333333333333
10,0,3,2,13,4146.283333333334
2,0,0,0,6,22.483333333333334
6,0,0,0,13,123.2
6,0,0,0,13,123.2
1,0,0,0,6,22.533333333333335
1,0,0,0,13,26.833333333333332
2,0,0,0,12,2801.633333333333
1,0,0,0,5,16.9
1,0,0,0,5,16.9
8,0,0,0,12,882.6
8,0,0,0,12,882.6
8,0,0,0,12,882.6
1,0,0,0,6,31.35
1,0,0,0,6,31.35
6,0,0,0,12,69.68333333333334
6,0,0,0,12,69.68333333333334
1,0,0,0,6,17.533333333333335
2,0,0,0,6,5.883333333333334
6,0,0,0,12,3073.4333333333334
2,0,0,0,6,23.166666666666668
1,0,0,0,12,721.9
7,0,0,0,12,44.38333333333333
7,0,0,0,12,44.38333333333333
7,0,0,0,12,44.38333333333333
1,0,0,0,12,76.8
3,0,0,0,6,24.15
1,0,0,0,6,20.833333333333332
6,0,0,1,12,2879.883333333333
6,0,0,1,12,2879.883333333333
2,0,0,0,13,19.95
4,0,0,0,6,28.75
1,0,0,0,12,13.15
7,0,1,0,12,24.283333333333335
9,0,0,0,12,26.133333333333333
7,0,1,0,13,2.6166666666666667
7,0,1,0,13,2.6166666666666667
9,0,0,0,12,1317.85
9,0,0,0,12,1317.85
9,0,0,0,12,1317.85
9,0,0,0,12,1317.85
5,0,0,0,6,5664.933333333333
9,0,0,0,12,20.883333333333333
9,0,0,0,12,20.883333333333333
8,0,0,0,12,1921.95
8,0,0,0,12,1921.95
6,0,0,0,12,1656.7
6,0,0,0,12,1656.7
10,3,0,0,12,27.183333333333334
10,3,0,0,12,27.183333333333334
10,3,0,0,12,27.183333333333334
5,0,0,0,12,14.983333333333333
4,0,0,0,12,18.4
1,0,0,0,12,25.166666666666668
1,0,0,0,12,30.383333333333333
1,0,0,0,12,603.5333333333333
1,0,0,0,12,603.5333333333333
10,0,0,0,12,143.25
10,0,0,0,12,143.25
10,0,0,0,12,143.25
10,0,0,0,12,143.25
10,0,0,0,12,143.25
1,0,0,0,5,-3.8333333333333335
10,0,0,1,12,459.7
10,0,0,1,12,459.7
10,0,0,1,12,459.7
9,0,0,0,5,31.816666666666666
9,0,0,0,5,31.816666666666666
7,0,0,0,12,20.4
7,0,0,0,12,20.4
7,0,0,0,12,20.4
9,0,0,0,12,562.9666666666667
9,0,0,0,12,562.9666666666667
7,1,0,0,13,438.45
7,1,0,0,13,438.45
8,0,0,0,12,1328.3666666666666
8,0,0,0,12,1328.3666666666666
8,0,0,0,12,1328.3666666666666
8,0,0,0,12,1328.3666666666666
4,0,0,0,12,20.716666666666665
3,0,0,0,6,0.7333333333333333
6,0,0,0,13,67.81666666666666
1,0,0,0,12,311.95
3,0,0,0,6,1007.45
1,0,0,0,12,44.983333333333334
2,0,0,0,6,13.716666666666667
2,0,0,0,6,13.716666666666667
3,0,0,0,12,1300.1666666666667
1,0,0,0,5,4.583333333333333
1,0,0,0,6,20.783333333333335
2,0,0,0,5,188.35
2,0,0,0,5,188.35
5,0,0,0,12,817.15
10,0,0,0,12,25.083333333333332
10,0,0,0,12,25.083333333333332
6,0,0,0,12,2041.3666666666666
6,0,0,0,12,2041.3666666666666
1,0,0,0,12,28.516666666666666
6,0,0,0,5,45.8
2,0,0,0,6,3.216666666666667
1,0,0,0,12,3.683333333333333
6,0,0,0,12,4.5
6,0,0,0,12,4.5
6,0,0,0,12,4.5
2,0,0,0,6,24.633333333333333
7,0,2,0,6,2.2333333333333334
7,0,2,0,6,2.2333333333333334
2,0,0,0,12,191.26666666666668
10,0,1,0,12,1419.55
10,0,1,0,12,1419.55
10,0,0,1,12,44.71666666666667
10,0,0,1,12,44.71666666666667
10,0,0,1,12,44.71666666666667
9,0,0,0,12,1178.8166666666666
9,0,0,0,12,1178.8166666666666
6,0,0,0,12,27.55
1,0,0,0,6,20.216666666666665
2,0,0,0,6,22.6
10,0,0,0,12,6.233333333333333
10,0,0,0,12,6.233333333333333
6,0,0,0,12,44.6
5,0,0,0,13,24.016666666666666
5,0,0,0,13,24.016666666666666
5,0,0,0,13,24.016666666666666
4,0,0,0,12,296.53333333333336
4,0,0,0,12,296.53333333333336
2,0,0,0,12,24.866666666666667
2,0,0,0,12,24.866666666666667
1,0,0,0,6,14.35
9,0,0,0,12,20.65
9,0,0,0,12,20.65
9,0,0,0,12,20.65
9,0,0,0,12,20.65
9,0,0,0,12,20.65
5,0,0,0,12,49.416666666666664
5,0,0,0,12,49.416666666666664
5,0,0,0,12,49.416666666666664
5,0,0,0,12,49.416666666666664
1,0,0,0,6,54.06666666666667
1,0,0,0,6,54.06666666666667
1,0,0,0,6,54.06666666666667
8,1,0,0,12,5231.233333333334
8,1,0,0,12,5231.233333333334
4,0,0,0,12,221.66666666666666
4,0,0,0,12,221.66666666666666
4,0,0,0,12,221.66666666666666
4,0,0,0,12,221.66666666666666
4,0,0,0,12,221.66666666666666
6,0,0,0,12,1329.8833333333334
6,0,0,0,12,1329.8833333333334
4,0,0,0,12,5.8
2,0,0,0,6,27.116666666666667
2,0,0,0,6,27.116666666666667
2,0,0,0,6,27.116666666666667
2,0,0,0,6,27.116666666666667
4,0,0,0,12,5.766666666666667
3,0,0,0,12,13.833333333333334
5,0,0,0,5,261.48333333333335
1,0,0,0,6,4.9
3,0,0,0,12,787.7166666666667
3,0,0,0,12,787.7166666666667
5,0,0,0,6,29.016666666666666
2,0,0,0,12,25.0
2,0,0,0,12,25.0
2,0,0,0,12,25.0
7,0,0,0,12,1776.1333333333334
2,0,0,0,6,22.65
5,0,0,0,12,282.31666666666666
5,0,0,0,12,282.31666666666666
5,0,0,0,12,282.31666666666666
5,0,0,0,12,282.31666666666666
2,0,0,0,12,9552.5
2,0,0,0,12,25.833333333333332
2,0,0,0,12,26.683333333333334
2,0,0,0,12,26.683333333333334
3,0,0,0,5,30.633333333333333
1,0,0,0,12,22.45
1,0,0,0,12,1870.35
5,0,0,0,12,26.8
5,0,0,0,12,26.8
3,0,1,0,6,32.88333333333333
3,0,1,0,6,32.88333333333333
3,0,1,0,6,32.88333333333333
1,0,0,0,12,21.433333333333334
1,0,0,0,6,20.833333333333332
5,0,0,0,12,483.95
5,0,0,0,12,483.95
4,0,0,0,12,23.85
1,0,0,0,5,49.016666666666666
8,0,0,0,5,1312.2166666666667
8,0,0,0,5,1312.2166666666667
8,0,0,0,5,1312.2166666666667
8,0,0,0,5,1312.2166666666667
9,0,0,0,12,1712.6833333333334
9,0,0,0,12,1712.6833333333334
6,0,0,0,12,25.15
6,0,0,0,12,25.15
6,0,0,0,12,25.15
2,0,0,0,12,35.4
4,0,0,0,12,71.95
1,0,0,0,12,23.35
4,0,0,0,12,24.4
8,0,0,0,6,383.56666666666666
8,0,0,0,6,383.56666666666666
8,0,0,0,6,383.56666666666666
1,0,0,0,6,6.116666666666666
10,0,0,0,12,26.483333333333334
10,0,0,0,12,26.483333333333334
1,0,0,0,6,23.9
6,1,0,0,12,23.883333333333333
6,1,0,0,12,23.883333333333333
6,1,0,0,12,23.883333333333333
4,0,0,0,6,25.883333333333333
4,0,0,0,6,25.883333333333333
4,0,0,0,6,25.883333333333333
3,0,0,0,12,23.05
10,0,0,0,12,812.3666666666667
10,0,0,0,12,812.3666666666667
1,0,0,0,12,173.78333333333333
1,0,0,0,12,173.78333333333333
1,0,0,0,12,26.466666666666665
3,0,0,0,6,24.25
3,0,0,0,6,24.25
3,0,0,0,6,24.25
3,0,0,0,12,23.6
8,0,0,0,12,30.933333333333334
6,0,0,0,5,15.616666666666667
6,0,0,0,5,15.616666666666667
1,0,0,0,12,13.683333333333334
7,0,5,0,5,740.7
6,0,0,0,12,5708.0
1,0,0,0,6,28.966666666666665
3,1,0,0,12,382.15
7,0,0,0,9,4627.15
3,0,0,0,12,27.133333333333333
8,0,0,1,12,1897.1833333333334
3,0,0,0,12,48.9
4,0,0,0,13,1824.2
3,0,0,0,6,26.266666666666666
1,0,0,0,12,335.56666666666666
4,0,0,0,12,113.03333333333333
2,0,0,0,12,-0.8833333333333333
2,0,0,0,12,4.883333333333334
1,0,0,0,12,-2.4833333333333334
1,0,0,0,12,2887.9333333333334
4,0,0,0,12,24.933333333333334
1,0,0,0,13,47.75
9,0,2,0,12,50.28333333333333
9,0,2,0,12,50.28333333333333
9,0,2,0,12,50.28333333333333
7,0,0,0,12,334.25
7,0,0,0,12,334.25
7,0,0,0,12,334.25
7,0,0,0,12,334.25
9,0,0,0,12,3121.0666666666666
9,0,0,0,12,3121.0666666666666
1,0,0,0,13,27.65
1,0,0,0,13,27.65
3,0,0,0,14,853.7833333333333
1,0,0,0,12,49.15
8,0,0,0,6,31.233333333333334
4,0,0,0,6,19.633333333333333
1,0,0,0,6,15.466666666666667
9,0,0,1,13,5813.95
9,0,0,1,13,5813.95
9,0,0,1,13,5813.95
2,0,0,0,12,24.85
2,0,0,0,12,24.85
3,0,0,1,12,22.683333333333334
1,0,0,0,13,13.15
1,0,0,0,13,13.15
1,0,0,0,9,822.5333333333333
7,0,0,0,12,811.5333333333333
7,0,0,0,12,811.5333333333333
1,0,0,0,12,27.216666666666665
6,0,0,0,12,533.4166666666666
4,0,0,0,12,141.63333333333333
4,0,0,0,12,141.63333333333333
4,0,0,0,13,151.96666666666667
2,0,0,0,6,5.116666666666666
2,0,0,0,6,5.116666666666666
2,0,0,0,6,5.116666666666666
2,0,0,0,6,6.65
5,0,0,0,12,233.95
5,0,0,0,12,233.95
8,0,1,2,12,308.7
8,0,1,2,12,308.7
5,0,0,0,12,41.88333333333333
5,0,0,0,12,41.88333333333333
5,0,0,0,12,41.88333333333333
1,0,0,0,6,1701.5166666666667
4,0,0,0,12,693.5666666666667
1,0,0,0,6,3.95
1,0,0,0,6,3.95
8,0,0,3,6,5136.666666666667
1,0,0,0,6,26.883333333333333
6,0,0,0,12,192.96666666666667
6,0,0,0,12,192.96666666666667
6,0,0,0,12,192.96666666666667
8,0,0,0,12,3050.4666666666667
1,0,0,0,12,534.2666666666667
1,0,0,0,12,534.2666666666667
5,0,0,0,6,75.83333333333333
10,1,2,2,12,20.933333333333334
10,1,2,2,12,20.933333333333334
10,1,2,2,12,20.933333333333334
10,1,2,2,12,20.933333333333334
10,3,0,0,12,21.533333333333335
10,3,0,0,12,21.533333333333335
3,0,0,0,12,2374.5833333333335
1,0,0,0,5,494.51666666666665
1,0,0,0,5,494.51666666666665
1,0,0,0,5,494.51666666666665
6,0,2,0,5,118.48333333333333
6,0,2,0,5,118.48333333333333
6,0,2,0,5,118.48333333333333
4,0,0,0,12,123.35
4,0,0,0,12,123.35
1,0,0,0,13,74.18333333333334
2,0,1,0,12,4287.066666666667
2,0,1,0,12,4287.066666666667
8,0,0,0,6,217.56666666666666
1,0,0,0,5,27.2
3,0,0,0,12,31.1
6,0,0,0,5,70.5
3,0,0,0,12,68.25
3,0,0,0,12,68.25
2,0,0,0,14,26.266666666666666
2,0,0,0,6,19.866666666666667
2,0,0,0,6,19.866666666666667
2,0,0,0,6,19.866666666666667
2,0,0,0,6,19.866666666666667
4,0,0,0,12,-1.8166666666666667
5,0,0,0,12,-3.9833333333333334
5,0,0,0,12,-3.9833333333333334
6,0,0,0,12,65.9
6,0,0,0,12,65.9
6,0,0,0,12,65.9
3,0,0,0,12,26.183333333333334
2,0,0,0,6,57.7
5,0,0,0,12,241.21666666666667
5,0,0,0,12,241.21666666666667
5,0,0,0,12,241.21666666666667
2,0,0,0,12,5.233333333333333
3,0,0,0,12,25.583333333333332
3,0,0,0,12,25.583333333333332
5,0,0,0,12,982.8833333333333
5,0,0,0,12,982.8833333333333
2,0,0,0,12,14.333333333333334
10,1,0,0,12,5252.116666666667
10,1,0,0,12,5252.116666666667
10,1,0,0,12,5252.116666666667
10,0,1,0,12,55.3
10,0,1,0,12,55.3
10,0,1,0,12,55.3
10,0,1,0,12,55.3
10,0,1,0,12,55.3
1,0,0,0,6,25.733333333333334
6,0,0,0,12,94.41666666666667
6,0,0,0,12,94.41666666666667
2,0,0,0,6,5.75
3,0,0,0,12,409.3833333333333
3,0,0,0,12,409.3833333333333
10,0,0,0,13,979.3
1,0,0,0,6,25.75
1,0,0,0,13,20.916666666666668
1,0,0,0,13,20.916666666666668
6,0,0,0,13,69.73333333333333
6,0,0,0,6,123.08333333333333
6,0,0,0,6,123.08333333333333
6,0,0,0,6,123.08333333333333
1,0,0,0,12,22.25
8,0,0,0,6,7.966666666666667
8,0,0,0,6,7.966666666666667
8,0,0,0,6,7.966666666666667
7,0,0,0,12,44.483333333333334
7,0,0,0,12,44.483333333333334
7,0,0,0,12,44.483333333333334
8,0,0,0,12,1565.3833333333334
8,0,0,0,12,1565.3833333333334
1,0,0,0,12,50.06666666666667
2,0,0,0,12,40.28333333333333
3,0,0,0,6,581.6666666666666
6,0,0,0,5,0.2833333333333333
6,0,0,0,5,0.2833333333333333
6,0,0,0,5,0.2833333333333333
1,0,0,0,13,45.85
7,0,0,0,12,20.666666666666668
7,0,0,0,12,20.666666666666668
7,0,0,0,12,20.666666666666668
7,0,0,0,12,20.666666666666668
7,0,0,0,12,20.666666666666668
7,0,0,0,12,20.666666666666668
7,0,0,0,12,20.666666666666668
8,0,0,0,5,3.4166666666666665
8,0,0,0,5,3.4166666666666665
3,0,0,0,6,14.566666666666666
2,0,0,0,5,1101.4
2,0,0,0,5,1101.4
2,0,0,0,5,1101.4
1,0,0,0,12,16.983333333333334
3,0,0,0,12,20.566666666666666
3,0,0,0,12,20.566666666666666
3,0,0,0,12,388.1333333333333
3,0,0,0,12,388.1333333333333
3,0,0,0,12,388.1333333333333
3,0,0,0,12,388.1333333333333
3,0,0,0,13,97.68333333333334
8,0,1,0,5,14.65
1,0,0,0,12,17.1
2,0,0,0,6,21.6
1,0,0,0,13,-9.983333333333333
6,0,0,0,12,23.15
6,0,0,0,12,23.15
6,0,0,0,12,23.15
6,0,0,0,12,23.15
6,0,0,0,12,23.15
6,0,0,0,12,23.15
1,0,0,0,6,28.466666666666665
1,0,0,0,6,28.15
3,0,0,0,12,8.066666666666666
3,0,0,0,12,8.066666666666666
3,0,0,0,12,8.066666666666666
5,0,0,1,12,519.8
5,0,0,1,12,519.8
1,0,0,0,12,15.25
7,0,0,0,12,31.216666666666665
6,0,0,0,6,19.116666666666667
2,0,0,0,6,18.15
2,0,0,0,13,24.233333333333334
3,0,0,0,12,712.7333333333333
3,0,0,0,12,712.7333333333333
2,0,0,0,6,2.933333333333333
3,0,0,0,12,197.38333333333333
3,0,0,0,12,197.38333333333333
5,0,0,0,12,17.3
8,0,0,0,6,30.633333333333333
8,0,0,0,6,30.633333333333333
8,0,0,0,6,30.633333333333333
2,0,0,0,12,7.05
2,0,0,0,12,7.05
2,0,0,0,12,7.05
7,0,0,0,12,45.083333333333336
10,1,0,0,12,1317.4833333333333
10,1,0,0,12,1317.4833333333333
2,0,0,0,6,14.516666666666667
4,0,0,0,6,24.3
4,0,0,0,6,24.3
4,0,0,0,6,24.3
5,0,0,0,12,4.65
1,0,0,0,6,55.666666666666664
1,0,0,0,6,55.666666666666664
7,0,0,0,12,27.15
7,0,0,0,12,27.15
7,0,0,0,12,27.15
2,0,0,0,12,51.266666666666666
7,0,0,0,12,23.633333333333333
7,0,0,0,12,23.633333333333333
7,0,0,0,12,23.633333333333333
1,0,0,0,12,21.383333333333333
9,0,0,0,13,90.76666666666667
9,0,0,0,13,90.76666666666667
9,0,0,0,13,90.76666666666667
9,0,0,0,13,90.76666666666667
5,0,0,0,12,25.133333333333333
2,0,0,0,6,30.766666666666666
7,0,0,0,12,24.483333333333334
2,0,0,0,12,25.166666666666668
2,0,0,0,12,25.166666666666668
10,0,0,0,12,2659.0666666666666
6,0,0,0,6,815.9666666666667
1,0,0,0,12,151.61666666666667
1,0,0,0,6,99.1
4,0,0,0,12,1302.7833333333333
4,0,0,0,12,1302.7833333333333
4,0,0,0,12,1302.7833333333333
10,0,3,2,12,123.9
10,0,3,2,12,123.9
6,0,0,0,5,24.566666666666666
10,0,0,0,13,26.283333333333335
10,0,0,0,13,26.283333333333335
10,0,0,0,13,26.283333333333335
1,0,0,0,12,21.05
8,0,0,0,6,287.01666666666665
4,0,0,0,6,694.2
9,0,0,0,12,125.96666666666667
9,0,0,0,12,125.96666666666667
8,0,0,0,6,21.966666666666665
8,0,0,0,6,21.966666666666665
1,0,0,0,12,24.816666666666666
1,0,0,0,12,24.816666666666666
5,0,0,0,12,22.116666666666667
8,0,0,0,12,1766.95
9,1,0,0,6,2019.9666666666667
9,1,0,0,6,2019.9666666666667
9,1,0,0,6,2019.9666666666667
9,1,0,0,6,2019.9666666666667
9,1,0,0,6,2019.9666666666667
3,0,0,0,12,6.683333333333334
7,0,0,0,12,166.1
1,0,0,0,12,17.333333333333332
1,0,0,0,6,24.95
1,0,0,0,6,24.95
1,0,0,0,6,24.95
3,0,0,0,12,27.183333333333334
1,0,0,0,12,128.15
1,0,0,0,12,128.15
9,0,0,0,12,28.166666666666668
3,0,0,0,12,6696.116666666667
3,0,0,0,12,6696.116666666667
3,0,0,0,12,6696.116666666667
3,0,0,0,6,22.85
10,0,1,0,13,-2.25
10,0,1,0,13,-2.25
9,0,0,0,5,20.766666666666666
9,0,0,0,5,20.766666666666666
1,0,0,0,13,287.3333333333333
2,0,0,0,12,196.23333333333332
1,0,0,0,12,41.28333333333333
3,0,0,0,12,22.516666666666666
1,0,0,0,12,27.866666666666667
3,0,0,0,12,8.25
3,0,0,0,12,-5.6
3,0,0,0,12,-5.6
3,0,0,0,12,-5.6
10,0,3,0,14,1005.45
1,0,0,0,5,66.4
2,0,0,0,12,21.233333333333334
2,0,0,0,12,21.233333333333334
2,0,0,0,12,21.233333333333334
2,0,0,0,12,21.233333333333334
2,0,0,0,13,72.03333333333333
6,0,0,0,(MO3),5.783333333333333
6,0,0,0,(MO3),5.783333333333333
2,0,0,0,12,18.466666666666665
2,0,0,0,12,18.466666666666665
5,0,0,0,12,29.866666666666667
2,0,0,0,12,26.866666666666667
2,0,0,0,12,26.866666666666667
6,0,0,1,12,199.68333333333334
1,0,0,0,12,27.016666666666666
1,0,0,0,12,27.016666666666666
2,0,0,0,13,144.25
1,0,0,0,6,21.866666666666667
2,0,0,0,12,7.383333333333334
4,0,0,0,13,23.666666666666668
2,0,0,0,12,0.6166666666666667
10,0,0,0,13,511.8
10,0,0,0,13,511.8
10,0,0,0,13,511.8
10,0,0,0,13,511.8
10,0,0,0,13,511.8
7,0,0,0,13,1870.4666666666667
7,0,0,0,13,1870.4666666666667
7,0,0,0,13,1870.4666666666667
6,0,0,0,12,389.26666666666665
6,0,0,0,12,389.26666666666665
6,0,0,0,12,389.26666666666665
6,0,0,0,12,389.26666666666665
6,0,0,0,12,389.26666666666665
3,0,0,0,6,317.1666666666667
5,0,0,0,12,4745.566666666667
5,0,0,0,12,4745.566666666667
1,0,0,0,12,29.816666666666666
8,1,0,0,12,5323.8
8,1,0,0,12,5323.8
1,0,0,0,13,30.366666666666667
8,1,0,0,13,22.75
8,1,0,0,13,22.75
8,1,0,0,13,22.75
7,0,0,0,6,795.7166666666667
7,0,0,0,6,795.7166666666667
1,0,0,0,13,11545.5
3,0,0,0,12,1883.0
9,0,0,0,12,6341.183333333333
1,0,0,0,12,23.866666666666667
7,0,0,0,12,1125.1833333333334
7,0,0,0,12,1125.1833333333334
7,0,0,0,12,1125.1833333333334
7,0,0,1,13,26.05
7,0,0,1,13,26.05
9,0,0,0,12,30.95
9,0,0,0,12,30.95
9,0,0,0,12,30.95
10,2,0,0,12,8066.316666666667
7,0,0,0,12,23.5
7,0,0,0,12,23.5
3,0,0,0,12,25.566666666666666
1,0,0,0,6,21.166666666666668
8,0,0,0,5,2.933333333333333
1,0,0,0,6,21.716666666666665
1,0,0,0,12,15.833333333333334
1,0,0,0,12,15.833333333333334
3,0,0,1,12,46.65
3,0,0,1,12,46.65
1,0,0,0,6,14.9
2,0,0,0,12,64.13333333333334
3,0,0,0,12,-3.433333333333333
1,0,0,0,12,2518.3
2,0,0,0,12,19.45
8,0,0,0,13,873.3833333333333
8,0,0,0,13,873.3833333333333
8,0,0,0,13,873.3833333333333
5,0,0,0,6,25.516666666666666
3,0,0,0,5,190.33333333333334
10,0,0,0,12,22.75
5,0,0,0,5,25.133333333333333
1,0,0,0,6,26.633333333333333
1,0,0,0,6,26.633333333333333
1,0,0,0,6,6.266666666666667
7,0,0,0,12,42.5
3,0,0,0,12,7.066666666666666
3,0,0,0,13,240.2
1,0,0,0,6,28.283333333333335
4,0,0,0,12,24.95
4,0,0,0,6,13.416666666666666
1,0,0,0,13,665.6666666666666
5,0,0,3,6,25.816666666666666
1,0,0,0,12,23.116666666666667
4,0,0,0,12,510.0
2,0,0,0,13,41.06666666666667
7,0,0,0,5,85.33333333333333
7,0,0,0,5,85.33333333333333
7,0,0,0,5,85.33333333333333
7,0,0,0,5,85.33333333333333
8,0,0,0,6,13.75
6,0,0,0,12,28.883333333333333
5,0,0,0,12,121.95
5,0,0,0,12,121.95
5,0,0,0,12,121.95
1,0,0,0,13,28.05
1,0,0,0,13,28.05
1,0,0,0,13,19.25
2,0,0,0,12,20.8
2,0,0,0,12,20.8
6,0,0,0,5,18.183333333333334
6,0,0,0,5,18.183333333333334
6,0,0,0,12,548.7333333333333
6,0,0,0,12,548.7333333333333
6,0,0,0,12,548.7333333333333
5,0,0,0,13,307.48333333333335
8,0,1,0,14,8805.9
8,0,1,0,14,8805.9
9,0,0,0,12,19.883333333333333
9,0,0,0,12,19.883333333333333
9,0,0,0,12,19.883333333333333
9,0,0,0,12,19.883333333333333
6,0,0,0,12,4155.033333333334
7,1,0,0,12,98.41666666666667
7,1,0,0,12,98.41666666666667
7,1,0,0,12,98.41666666666667
1,0,0,0,5,3.4
1,0,0,0,5,3.4
8,0,0,0,12,17.533333333333335
8,0,0,0,12,17.533333333333335
8,0,0,0,12,17.533333333333335
2,0,0,0,12,163.78333333333333
2,0,0,0,12,163.78333333333333
2,0,0,0,12,163.78333333333333
2,0,0,0,12,163.78333333333333
2,0,0,0,12,163.78333333333333
1,0,0,0,6,12.966666666666667
10,0,0,0,(MO3),46.21666666666667
10,0,0,0,(MO3),46.21666666666667
10,0,0,0,(MO3),46.21666666666667
8,0,0,0,12,874.1333333333333
8,0,0,0,12,874.1333333333333
8,0,0,0,12,874.1333333333333
8,0,0,0,12,874.1333333333333
8,0,0,0,12,874.1333333333333
7,0,0,0,13,23.166666666666668
7,0,0,0,13,23.166666666666668
7,0,0,0,13,23.166666666666668
7,0,0,0,13,23.166666666666668
1,0,0,0,12,25.283333333333335
7,0,0,0,12,725.15
7,0,0,0,12,725.15
7,3,0,0,6,1965.9333333333334
6,0,1,3,12,29.133333333333333
6,0,1,3,12,29.133333333333333
7,0,0,0,12,27.766666666666666
7,0,0,0,12,27.766666666666666
7,0,0,0,12,27.766666666666666
1,0,0,0,12,52.75
1,0,0,0,6,26.2
3,0,0,0,14,1301.3833333333334
4,0,0,0,12,332.6333333333333
4,0,0,0,12,332.6333333333333
6,0,0,0,12,452.55
1,0,0,0,12,18.05
2,0,0,0,6,21.633333333333333
7,0,0,0,12,676.75
7,0,0,0,12,676.75
6,0,0,0,6,20.8
4,0,0,0,12,26.45
4,0,0,0,12,26.45
6,0,0,0,12,54.2
6,0,0,0,12,54.2
1,0,0,0,6,23.866666666666667
7,0,0,0,13,284.4
7,0,0,0,13,284.4
3,0,0,0,12,44.583333333333336
6,0,0,0,12,1055.3
6,0,0,0,12,1055.3
8,0,0,0,12,13.35
8,0,0,0,12,13.35
4,0,0,0,12,22.533333333333335
4,0,0,0,12,22.533333333333335
2,0,0,0,12,14.366666666666667
6,0,0,0,12,700.8833333333333
4,0,0,0,12,17.55
9,0,0,0,5,51.03333333333333
4,0,0,0,6,30.916666666666668
1,0,0,0,6,24.133333333333333
1,0,0,0,12,4010.0833333333335
1,0,0,0,12,4010.0833333333335
3,0,0,0,12,24.083333333333332
6,0,0,0,12,1641.7833333333333
6,0,0,0,12,1641.7833333333333
7,0,0,0,9,717.3333333333334
6,0,0,0,12,46.06666666666667
5,0,0,0,12,26.016666666666666
5,0,0,0,12,26.016666666666666
2,0,0,0,6,16.1
5,0,0,0,(MO3),1.7
7,0,0,0,12,262.1666666666667
2,0,0,0,6,1400.8333333333333
2,0,0,0,6,1400.8333333333333
1,0,0,0,6,23.233333333333334
9,0,0,0,12,42.81666666666667
1,0,0,0,13,25.45
2,0,0,0,12,23.066666666666666
6,0,0,0,13,25.0
5,0,0,0,12,14.8
5,0,0,0,6,51.083333333333336
2,0,0,0,12,64.61666666666666
3,0,0,0,5,100.18333333333334
3,0,0,0,5,100.18333333333334
4,0,0,0,13,18.816666666666666
9,0,0,0,14,1033.4833333333333
9,0,0,0,14,1033.4833333333333
9,0,0,0,14,1033.4833333333333
4,0,0,0,12,50.4
7,0,1,2,13,145.13333333333333
7,0,1,2,13,145.13333333333333
5,0,0,0,12,52.65
1,0,0,0,12,23.7
1,0,0,0,13,111.46666666666667
3,0,0,0,12,238.76666666666668
9,0,0,0,5,29.333333333333332
2,0,0,0,12,30.15
2,0,0,0,12,30.15
2,0,0,0,12,30.15
2,0,0,0,6,31.366666666666667
2,0,0,0,6,31.366666666666667
2,0,0,0,6,81.21666666666667
3,0,0,0,6,73.28333333333333
9,0,1,0,13,24.05
1,0,0,0,6,18.233333333333334
1,0,0,0,12,1770.2166666666667
1,0,0,0,12,1770.2166666666667
2,0,0,0,12,7030.083333333333
2,0,0,0,12,7030.083333333333
4,0,0,0,12,32.733333333333334
4,0,0,0,12,32.733333333333334
4,0,0,0,12,32.733333333333334
4,0,0,0,12,32.733333333333334
4,0,0,0,12,32.733333333333334
4,0,0,0,12,32.733333333333334
4,0,0,0,12,32.733333333333334
4,0,0,0,12,32.733333333333334
4,0,0,0,12,1199.95
8,0,0,0,12,-3.15
8,0,0,0,12,-3.15
8,0,0,0,12,-3.15
8,0,0,0,12,-3.15
1,0,0,0,6,21.266666666666666
1,0,0,0,12,4.35
1,0,0,0,12,17.783333333333335
1,0,0,0,6,91.48333333333333
-1,0,0,0,6,24.75
1,0,0,0,12,104.61666666666666
7,1,0,1,12,27.816666666666666
7,1,0,1,12,27.816666666666666
7,1,0,1,12,27.816666666666666
7,1,0,1,12,27.816666666666666
2,0,0,0,13,25.633333333333333
2,0,0,0,13,25.633333333333333
6,0,0,0,12,694.7333333333333
6,0,0,0,12,694.7333333333333
1,0,0,0,6,22.55
2,0,0,0,12,72.75
5,0,0,0,12,20.883333333333333
1,0,0,0,13,1002.8
1,0,0,0,13,1002.8
9,0,1,0,13,1843.6333333333334
9,0,0,0,12,5809.633333333333
9,0,0,0,12,5809.633333333333
9,0,0,0,12,5809.633333333333
9,0,0,0,12,5809.633333333333
1,0,0,0,12,28.983333333333334
7,0,0,0,6,648.9666666666667
7,0,0,0,6,648.9666666666667
7,0,0,0,6,648.9666666666667
3,0,0,0,6,22.533333333333335
8,0,0,2,12,21.783333333333335
8,0,0,2,12,21.783333333333335
8,0,0,2,12,21.783333333333335
8,0,0,2,12,21.783333333333335
8,0,0,2,12,21.783333333333335
1,0,0,0,12,2.65
9,0,0,0,12,547.4
1,0,0,0,6,5.283333333333333
1,0,0,0,12,55.36666666666667
1,0,0,0,12,26.133333333333333
1,0,0,0,12,26.133333333333333
1,0,0,0,12,26.133333333333333
10,0,0,0,12,2826.516666666667
1,0,0,0,5,770.15
5,0,0,0,12,18.9
4,0,0,0,12,143.83333333333334
2,0,0,0,12,13.816666666666666
2,0,0,0,12,45.733333333333334
2,0,0,0,12,45.733333333333334
2,0,0,0,12,45.733333333333334
2,0,0,0,12,45.733333333333334
2,0,0,0,13,123.28333333333333
9,0,0,0,12,20.85
1,0,0,0,6,24.216666666666665
4,0,0,0,14,1439.1666666666667
5,0,0,0,12,44.766666666666666
5,0,0,0,12,44.766666666666666
8,0,0,0,12,44.333333333333336
8,0,0,0,12,44.333333333333336
8,0,0,0,12,44.333333333333336
4,0,0,0,12,24.316666666666666
4,0,0,0,12,24.316666666666666
1,0,0,0,6,0.35
6,0,0,0,12,20.983333333333334
6,0,0,0,12,20.983333333333334
6,0,0,0,12,20.983333333333334
4,0,0,0,12,485.71666666666664
4,0,0,0,12,485.71666666666664
6,0,0,0,6,26.683333333333334
2,0,0,0,12,25.683333333333334
8,0,0,0,12,44.016666666666666
8,0,0,0,12,44.016666666666666
8,0,0,0,12,44.016666666666666
8,0,0,0,12,44.016666666666666
7,1,0,0,13,745.3166666666667
7,1,0,0,13,745.3166666666667
7,1,0,0,13,745.3166666666667
7,1,0,0,13,745.3166666666667
10,2,0,0,6,815.6166666666667
10,2,0,0,6,815.6166666666667
10,2,0,0,6,815.6166666666667
10,2,0,0,6,815.6166666666667
10,2,0,0,6,815.6166666666667
10,2,0,0,6,815.6166666666667
10,0,0,0,12,1666.7666666666667
10,0,0,0,12,1666.7666666666667
6,0,0,0,12,39.166666666666664
6,0,0,0,12,39.166666666666664
6,0,0,0,12,39.166666666666664
1,0,0,0,12,26.85
2,0,0,0,12,16.733333333333334
2,0,0,0,12,16.733333333333334
2,0,0,0,6,43.25
8,0,0,0,12,43.516666666666666
8,0,0,0,12,43.516666666666666
8,0,0,0,12,43.516666666666666
8,0,0,0,12,43.516666666666666
8,0,0,0,12,43.516666666666666
1,0,0,0,12,-0.5833333333333334
1,0,0,0,12,-0.5833333333333334
5,0,0,0,12,45.68333333333333
9,0,2,2,12,715.5
9,0,0,0,12,16.45
9,0,0,0,12,16.45
9,0,0,0,12,16.45
9,0,0,0,12,16.45
9,0,0,0,12,16.45
9,0,0,0,12,16.45
9,0,0,0,12,16.45
2,0,0,0,6,23.483333333333334
5,0,0,0,12,695.1333333333333
5,0,0,0,12,695.1333333333333
1,0,0,0,6,-11.516666666666667
1,0,0,0,5,5.066666666666666
1,0,0,0,12,80.05
9,0,1,2,13,3720.133333333333
9,0,1,2,13,3720.133333333333
9,0,1,2,13,3720.133333333333
5,0,0,0,12,938.4166666666666
5,0,0,0,12,938.4166666666666
7,0,0,0,5,27.683333333333334
1,0,0,0,5,4.666666666666667
2,0,0,0,12,79.31666666666666
2,0,0,0,12,79.31666666666666
1,0,0,0,6,19.683333333333334
3,0,0,0,6,24.15
2,0,0,0,6,-5.366666666666666
2,0,0,0,6,-5.366666666666666
5,0,0,0,6,52.43333333333333
3,0,0,0,6,360.25
5,0,0,0,12,0.23333333333333334
10,0,0,0,12,22.283333333333335
10,0,0,0,12,22.283333333333335
10,0,0,0,12,22.283333333333335
10,0,0,0,12,22.283333333333335
1,0,0,0,12,175.68333333333334
9,0,0,0,6,19.25
3,0,1,1,5,19.75
3,0,1,1,5,19.75
1,0,0,0,12,1469.1166666666666
7,0,0,0,12,4036.9166666666665
7,0,0,0,12,4036.9166666666665
4,0,0,0,12,-5.05
1,0,0,0,12,27.65
1,0,0,0,12,27.65
1,0,0,0,12,27.65
3,0,0,0,12,14.733333333333333
4,0,0,0,12,15.183333333333334
4,0,0,0,14,1313.5333333333333
4,0,0,0,14,1313.5333333333333
4,0,0,0,12,55.766666666666666
4,0,0,0,12,55.766666666666666
4,0,0,0,12,55.766666666666666
7,0,0,0,12,5.066666666666666
7,0,0,0,12,5.066666666666666
1,0,0,0,12,32.55
3,0,0,0,12,24.25
6,1,0,0,14,581.0
6,1,0,0,14,581.0
5,0,0,0,13,93.11666666666666
2,0,0,0,5,43.15
7,0,0,0,12,1181.05
7,0,0,0,12,1181.05
1,0,0,0,6,53.416666666666664
1,0,0,0,6,22.916666666666668
1,0,0,0,6,22.916666666666668
1,0,0,0,6,19.9
2,0,0,0,12,42.7
2,0,0,0,12,42.7
5,0,0,0,6,256.7
5,0,0,0,6,256.7
8,0,0,0,12,22.933333333333334
4,0,0,0,2,29.95
4,0,0,0,2,29.95
4,0,0,0,2,29.95
4,0,0,0,12,10609.866666666667
2,0,0,0,12,185.16666666666666
5,0,0,0,12,550.05
5,0,0,0,12,550.05
5,0,0,0,12,550.05
4,0,1,0,12,40.1
4,0,0,0,11,441.2
4,0,0,0,11,441.2
1,0,2,0,12,41.766666666666666
10,0,0,0,6,771.1666666666666
8,0,3,1,5,17.233333333333334
8,0,3,1,5,17.233333333333334
8,0,3,1,5,17.233333333333334
4,0,0,0,5,63.71666666666667
6,0,0,0,12,75.75
6,0,0,0,12,75.75
1,0,1,1,6,22.8
3,0,0,0,12,286.93333333333334
3,0,0,0,12,286.93333333333334
6,0,0,0,12,6.783333333333333
6,0,0,0,12,6.783333333333333
7,0,0,0,13,2369.5833333333335
5,0,0,0,6,221.31666666666666
2,0,0,0,12,3361.516666666667
9,0,0,0,6,1840.3166666666666
9,0,0,0,6,1840.3166666666666
9,0,0,0,6,1840.3166666666666
9,0,0,0,6,1840.3166666666666
6,0,2,0,12,15.45
6,0,0,0,12,48.65
6,0,0,0,12,48.65
1,0,0,0,6,15.933333333333334
2,0,0,0,6,17.083333333333332
8,0,0,0,12,172.13333333333333
2,0,0,0,12,4272.716666666666
2,0,0,0,5,28.433333333333334
1,0,0,0,5,93.56666666666666
3,0,0,0,12,650.3166666666667
4,0,0,0,12,1075.6833333333334
1,0,0,0,5,22.45
3,0,0,0,6,43.35
3,0,0,0,6,43.35
10,1,1,0,12,3285.016666666667
2,0,0,0,12,27.233333333333334
1,0,0,0,12,194.91666666666666
1,0,0,0,6,1179.6833333333334
4,0,0,1,12,19.95
9,0,0,0,13,118.3
9,0,0,0,13,118.3
9,0,0,0,13,118.3
9,0,0,0,13,118.3
9,0,0,0,13,118.3
7,1,0,0,12,40.666666666666664
7,1,0,0,12,40.666666666666664
7,1,0,0,12,40.666666666666664
7,1,0,0,12,40.666666666666664
7,1,0,0,12,40.666666666666664
8,0,0,0,14,869.9
8,0,0,0,14,869.9
8,0,0,0,14,869.9
5,0,0,0,5,52.0
7,0,0,0,5,845.5166666666667
5,0,0,0,5,33.81666666666667
5,0,0,0,5,33.81666666666667
3,0,0,0,12,360.68333333333334
3,0,0,0,12,360.68333333333334
3,1,0,0,14,46.03333333333333
2,0,0,0,12,1.9
6,0,0,0,12,220.65
3,0,0,0,12,5.4
3,0,0,0,12,5.4
1,0,0,0,6,25.25
6,0,0,0,12,47.45
1,0,0,0,6,16.183333333333334
2,0,0,0,5,19.916666666666668
1,0,0,0,6,48.35
10,0,0,0,6,21.3
5,0,0,0,5,27.65
2,0,0,1,6,18.283333333333335
4,0,0,0,6,2.216666666666667
10,0,0,0,13,4706.7
10,0,0,0,13,4706.7
4,0,0,0,13,21.716666666666665
4,0,0,0,13,21.716666666666665
4,0,0,0,13,21.716666666666665
1,0,0,0,6,31.05
8,0,0,0,12,647.4833333333333
3,0,0,0,12,25.45
3,0,0,0,12,25.45
7,0,0,0,6,24.166666666666668
2,0,0,0,6,8.616666666666667
6,0,0,0,12,21.3
5,0,1,3,12,25.35
3,0,0,0,14,24.1
1,0,0,0,5,-0.13333333333333333
3,0,0,0,13,488.18333333333334
3,0,0,0,13,488.18333333333334
1,0,0,0,6,18.616666666666667
1,0,0,0,5,24.516666666666666
4,0,0,0,12,17.366666666666667
7,0,0,0,13,4493.75
3,2,0,0,12,25.416666666666668
8,0,0,0,13,27.8
8,0,0,0,13,27.8
5,0,0,1,12,489.55
5,0,0,1,12,489.55
1,0,0,0,12,51.983333333333334
5,0,0,0,12,68.51666666666667
7,0,0,0,6,122.66666666666667
7,0,0,0,6,122.66666666666667
3,0,0,0,12,20.05
1,0,0,0,9,414.4
1,0,0,0,9,414.4
8,0,0,0,12,63.666666666666664
8,0,0,0,12,63.666666666666664
1,0,0,0,12,22.716666666666665
9,0,0,0,12,46.5
4,0,0,0,5,3.1333333333333333
4,0,0,0,5,3.1333333333333333
9,0,0,0,14,196.26666666666668
2,0,0,0,6,23.033333333333335
1,0,0,0,14,713.35
8,0,0,0,12,27.566666666666666
8,0,0,0,12,27.566666666666666
8,0,0,0,12,27.566666666666666
8,0,0,0,12,27.566666666666666
8,0,0,0,12,27.566666666666666
1,0,0,0,12,16.033333333333335
1,0,0,0,12,26.116666666666667
8,0,0,0,12,795.8666666666667
8,0,0,0,12,795.8666666666667
8,0,0,0,12,795.8666666666667
5,0,0,0,6,21.95
5,0,0,0,6,21.95
6,0,0,0,12,26.016666666666666
6,0,0,0,12,26.016666666666666
3,0,1,0,12,23.5
6,0,0,0,12,2897.0833333333335
4,0,0,0,6,29.183333333333334
3,0,0,0,12,23.066666666666666
3,0,0,1,12,-11.233333333333333
3,0,0,1,12,-11.233333333333333
1,0,0,0,12,48.85
1,0,0,0,12,48.85
1,0,0,0,12,48.85
5,0,0,0,12,1435.0666666666666
5,0,0,0,6,47.4
9,0,0,0,12,314.1333333333333
1,0,0,0,12,67.83333333333333
1,0,0,0,12,67.83333333333333
1,0,0,0,13,8448.5
1,0,0,0,13,8448.5
1,0,0,0,13,8448.5
6,0,0,0,12,39.03333333333333
6,0,0,0,12,39.03333333333333
3,0,0,2,12,313.45
3,0,0,2,12,313.45
2,0,0,0,12,29.116666666666667
7,0,3,2,5,4498.433333333333
4,0,0,0,12,21.783333333333335
4,0,0,0,12,21.783333333333335
4,0,0,0,12,21.783333333333335
2,0,0,0,6,19.95
5,0,0,0,12,433.6333333333333
5,0,0,0,12,433.6333333333333
9,0,0,0,12,23.816666666666666
9,0,0,0,12,23.816666666666666
9,0,0,0,12,23.816666666666666
5,0,0,0,12,4362.25
5,0,0,0,12,4362.25
5,0,0,0,12,4362.25
6,0,0,0,12,24.516666666666666
10,0,0,0,(MO3),21.6
10,0,0,0,(MO3),21.6
10,0,0,0,(MO3),21.6
10,0,0,0,(MO3),21.6
4,0,0,0,12,55.8
4,0,0,0,12,55.8
6,0,0,0,12,28.5
10,1,0,0,12,92.43333333333334
10,1,0,0,12,92.43333333333334
10,1,0,0,12,92.43333333333334
4,0,0,0,6,6.5
3,0,0,0,6,44.35
1,0,0,0,12,187.48333333333332
4,0,0,0,12,19.083333333333332
1,0,0,0,6,15.916666666666666
9,0,0,0,12,27.6
2,0,0,0,12,23.266666666666666
1,0,0,0,12,23.783333333333335
5,1,0,0,12,21.2
1,0,0,0,12,73.63333333333334
9,0,0,0,12,44.733333333333334
9,0,0,0,12,44.733333333333334
7,0,0,0,12,1853.8166666666666
4,0,0,0,6,21.583333333333332
7,0,0,0,6,32.46666666666667
1,0,0,0,5,22.216666666666665
3,0,0,0,6,27.666666666666668
2,0,0,0,6,24.733333333333334
1,0,0,0,12,26.666666666666668
4,0,0,0,12,164.58333333333334
2,0,0,0,12,24.3
1,0,0,0,13,6.05
5,0,0,0,12,71.06666666666666
5,0,0,0,12,71.06666666666666
1,0,0,0,12,44.3
8,0,0,0,6,1284.3
8,0,0,0,6,1284.3
8,0,0,0,6,1284.3
8,0,0,0,6,1284.3
8,0,0,0,6,1284.3
8,0,0,0,6,1284.3
1,0,0,0,6,3.4166666666666665
8,0,0,0,12,792.2833333333333
8,0,0,0,12,792.2833333333333
2,0,0,0,13,576.4333333333333
10,1,0,0,12,43.68333333333333
10,1,0,0,12,43.68333333333333
10,1,0,0,12,43.68333333333333
3,0,0,0,12,29.566666666666666
7,0,0,0,6,245.7
7,0,0,0,6,245.7
1,0,0,0,12,14.116666666666667
1,0,0,0,12,14.116666666666667
3,0,0,0,12,23.233333333333334
3,0,0,0,12,23.233333333333334
2,0,0,0,5,21.7
7,0,0,0,12,68.46666666666667
7,0,0,0,12,68.46666666666667
7,0,0,0,12,68.46666666666667
1,0,0,0,6,17.633333333333333
3,0,0,0,6,55.4
7,0,0,0,6,699.3166666666667
5,0,0,0,6,23.25
1,0,0,0,14,1011.8333333333334
7,0,0,0,5,22.4
7,0,0,0,5,22.4
6,0,1,0,12,51.166666666666664
10,2,0,2,12,30.516666666666666
10,2,0,2,12,30.516666666666666
10,2,0,2,12,30.516666666666666
10,2,0,2,12,30.516666666666666
10,2,0,2,12,30.516666666666666
5,0,0,0,12,19.033333333333335
5,0,0,0,12,19.033333333333335
5,0,0,0,12,19.033333333333335
3,0,0,0,6,27.266666666666666
3,0,0,0,6,27.266666666666666
2,0,0,0,12,20.4
2,0,0,0,12,20.4
4,0,0,0,5,8.433333333333334
2,0,0,0,6,43.68333333333333
5,0,1,1,12,31.8
5,0,1,1,12,31.8
5,0,1,1,12,31.8
2,0,0,0,14,3092.8166666666666
2,0,0,0,14,3092.8166666666666
5,0,0,0,6,17.466666666666665
3,0,0,0,12,23.866666666666667
3,0,0,0,12,23.866666666666667
3,0,0,0,12,23.866666666666667
3,0,0,0,12,23.866666666666667
3,0,0,0,12,23.866666666666667
1,0,0,0,12,3337.4333333333334
7,0,0,0,12,5786.383333333333
7,0,0,0,12,5786.383333333333
1,0,0,0,12,25.1
1,0,0,0,12,25.1
1,0,0,0,12,48.43333333333333
9,0,0,1,6,257.31666666666666
9,0,0,1,6,257.31666666666666
9,0,0,1,6,257.31666666666666
5,0,0,0,12,169.25
5,0,0,0,12,169.25
5,0,0,0,6,1013.2833333333333
5,0,0,0,6,1013.2833333333333
2,0,0,0,6,25.45
3,0,0,0,12,1070.05
2,0,0,0,6,745.0833333333334
1,0,0,0,12,13.55
1,0,0,0,12,13.55
10,0,0,0,5,-4.383333333333334
10,0,0,0,5,-4.383333333333334
8,0,0,0,12,813.4
2,0,0,0,6,23.283333333333335
6,0,0,0,13,22.45
6,0,0,0,12,29.383333333333333
6,0,0,0,12,29.383333333333333
7,0,0,0,13,46.166666666666664
7,0,0,0,13,46.166666666666664
7,0,0,0,13,46.166666666666664
9,0,1,1,6,49.31666666666667
9,0,1,1,6,49.31666666666667
9,0,1,1,6,49.31666666666667
8,1,0,0,13,29.183333333333334
8,1,0,0,13,29.183333333333334
8,1,0,0,13,29.183333333333334
8,0,0,0,12,434.5
8,0,0,0,12,434.5
7,0,0,0,9,1007.3166666666667
1,0,0,0,6,24.233333333333334
1,0,0,0,6,24.233333333333334
2,0,0,0,5,21.933333333333334
2,0,0,0,12,41.53333333333333
1,0,0,0,12,119.56666666666666
1,0,0,0,5,15.2
8,0,0,0,12,9794.183333333332
8,0,0,0,12,9794.183333333332
8,0,0,0,12,9794.183333333332
8,0,0,0,12,9794.183333333332
8,0,0,0,12,9794.183333333332
3,0,0,0,13,24.266666666666666
2,0,0,0,12,151.35
3,0,0,0,6,56.7
4,0,0,0,6,23.283333333333335
2,0,0,0,6,55.9
2,0,0,0,12,14.533333333333333
1,0,0,0,6,23.183333333333334
4,0,0,1,5,314.85
4,0,0,1,5,314.85
8,0,0,0,12,21.666666666666668
2,0,0,0,12,31.283333333333335
3,0,0,0,12,412.15
3,0,0,0,12,412.15
5,0,1,0,12,22.766666666666666
8,0,0,0,6,25.45
6,0,0,0,12,45.96666666666667
6,0,0,0,12,45.96666666666667
6,0,0,0,12,45.96666666666667
4,0,0,0,5,5.9
7,0,0,0,12,3.3
1,0,0,0,12,102.08333333333333
1,0,0,0,12,102.08333333333333
1,0,0,0,12,102.08333333333333
6,0,0,0,5,10.266666666666667
3,0,0,0,6,27.333333333333332
3,0,0,0,12,24.616666666666667
3,0,0,0,12,24.616666666666667
3,0,0,0,12,24.616666666666667
4,0,0,0,12,-1.3833333333333333
8,0,0,0,12,355.01666666666665
8,0,0,0,12,355.01666666666665
8,0,0,0,12,355.01666666666665
8,0,0,0,12,355.01666666666665
6,0,0,4,12,-11.083333333333334
6,0,0,4,12,-11.083333333333334
2,0,0,0,6,68.95
2,0,0,0,6,68.95
5,0,0,0,12,2023.2
3,0,0,0,12,22.1
8,0,0,0,12,54.25
8,0,0,0,12,54.25
2,0,0,0,6,23.483333333333334
1,0,0,0,6,-2.6166666666666667
5,0,0,0,12,26.833333333333332
2,0,0,0,6,19.85
1,0,0,0,6,18.8
2,0,0,0,13,47.0
4,0,0,0,12,92.43333333333334
4,0,0,0,12,92.43333333333334
4,0,0,0,12,92.43333333333334
4,0,0,0,12,92.43333333333334
4,0,0,0,12,336.78333333333336
4,0,0,1,13,989.9666666666667
4,0,0,1,13,989.9666666666667
4,0,0,1,13,989.9666666666667
4,0,0,1,13,989.9666666666667
4,0,0,1,13,989.9666666666667
7,0,0,0,12,932.9333333333333
7,0,0,0,12,932.9333333333333
4,0,0,1,6,20.8
1,0,0,0,6,26.716666666666665
1,0,0,0,6,26.716666666666665
4,0,0,2,12,-4.483333333333333
1,0,0,0,5,23.15
1,0,0,0,12,4250.15
2,0,0,0,6,21.733333333333334
2,0,0,0,6,21.733333333333334
1,0,0,0,6,19.733333333333334
5,0,0,0,13,65.13333333333334
5,0,0,0,13,65.13333333333334
6,0,0,0,12,19.683333333333334
8,0,1,0,13,188.65
1,0,0,0,5,74.96666666666667
1,0,0,1,5,21.083333333333332
5,0,0,0,12,44.4
3,0,0,0,13,25.6
5,0,0,0,12,886.9
5,0,0,0,12,886.9
5,0,0,0,12,886.9
5,0,0,0,12,886.9
9,0,1,0,12,2249.6
3,0,0,0,12,21.9
3,0,0,0,12,21.9
3,0,0,0,12,21.9
10,0,0,0,6,175.26666666666668
10,0,0,0,6,175.26666666666668
10,0,0,0,6,175.26666666666668
10,0,0,0,6,175.26666666666668
10,0,0,0,6,175.26666666666668
10,0,0,0,6,175.26666666666668
10,0,0,0,6,175.26666666666668
10,0,0,0,6,175.26666666666668
6,0,1,0,5,19.316666666666666
3,0,0,0,13,23.883333333333333
1,0,0,0,12,-9.983333333333333
4,0,0,0,12,1759.4666666666667
4,0,0,0,12,1759.4666666666667
4,0,0,0,12,1759.4666666666667
4,0,0,0,12,1759.4666666666667
4,0,0,0,5,13.383333333333333
8,0,0,0,5,214.38333333333333
8,0,0,0,5,214.38333333333333
8,0,0,0,5,214.38333333333333
8,0,0,0,5,214.38333333333333
10,0,2,0,6,90.85
10,0,2,0,6,90.85
1,0,0,0,12,42.21666666666667
9,0,0,0,12,19.666666666666668
6,0,0,0,12,6480.583333333333
2,0,0,0,12,15.033333333333333
9,0,0,0,12,4463.483333333334
9,0,0,0,12,4463.483333333334
4,0,0,0,13,5807.383333333333
8,0,0,0,5,15.966666666666667
3,0,0,0,13,52.75
6,0,0,0,12,201.3
1,0,0,0,6,20.966666666666665
6,0,0,1,13,49.016666666666666
6,0,0,1,13,49.016666666666666
2,0,0,0,13,5256.816666666667
2,0,0,0,13,5256.816666666667
1,0,0,0,6,12.716666666666667
6,0,0,0,12,74.0
6,0,0,0,12,74.0
6,0,0,0,12,4660.55
6,0,0,0,12,4660.55
6,0,0,0,12,4660.55
1,0,0,0,6,68.38333333333334
2,0,0,0,12,40.2
6,0,0,0,12,21.066666666666666
1,0,0,0,12,67.0
7,0,0,0,5,127.36666666666666
5,0,0,0,13,389.56666666666666
2,0,0,0,12,22.133333333333333
8,0,0,0,5,28.616666666666667
4,0,0,0,6,30.033333333333335
4,0,0,0,6,30.033333333333335
1,0,0,0,13,114.66666666666667
7,0,0,0,12,53.666666666666664
8,0,0,1,13,2491.133333333333
8,0,0,1,13,2491.133333333333
6,0,0,0,6,20.35
6,0,0,0,6,20.35
6,0,0,0,6,20.35
3,0,0,0,12,77.08333333333333
3,0,0,0,12,77.08333333333333
3,0,0,0,12,77.08333333333333
3,0,0,0,12,77.08333333333333
3,0,0,0,12,77.08333333333333
3,0,0,0,12,77.08333333333333
5,0,0,2,14,21.166666666666668
8,0,0,0,(MO3),859.9666666666667
8,0,0,0,(MO3),859.9666666666667
8,0,0,0,(MO3),859.9666666666667
8,0,0,0,(MO3),859.9666666666667
8,0,1,0,6,20.983333333333334
6,0,0,0,12,1.7166666666666666
2,0,0,0,6,17.683333333333334
1,0,0,0,12,52.18333333333333
9,0,0,1,13,48.63333333333333
10,3,0,0,12,6573.383333333333
10,3,0,0,12,6573.383333333333
5,0,0,0,12,743.8166666666667
5,0,0,0,12,743.8166666666667
5,0,0,0,12,743.8166666666667
5,0,0,1,12,5856.95
1,0,0,0,12,13.966666666666667
1,0,0,0,12,13.966666666666667
4,0,2,0,6,71.75
3,0,0,0,12,15.1
3,0,0,0,12,6360.583333333333
1,0,0,0,6,236.7
9,0,0,0,12,40.1
9,0,0,0,12,40.1
9,0,0,0,12,40.1
9,0,0,0,12,40.1
4,0,0,0,12,14.85
4,0,0,0,12,14.85
4,0,0,0,12,14.85
4,0,0,0,12,14.85
10,1,0,1,14,859.45
10,1,0,1,14,859.45
10,1,0,1,14,859.45
10,1,0,1,14,859.45
2,0,0,0,12,43.166666666666664
2,0,0,0,12,43.166666666666664
5,0,0,0,6,20.95
1,0,0,0,6,3.716666666666667
10,4,0,0,12,872.05
10,4,0,0,12,872.05
4,0,0,0,12,50.8
4,0,0,0,12,50.8
4,0,0,0,12,50.8
7,0,0,0,12,267.01666666666665
3,0,0,0,12,15.35
4,1,1,0,6,23.6
4,0,0,0,12,20.633333333333333
3,0,0,0,6,6.366666666666666
3,0,0,0,6,6.366666666666666
9,0,0,0,12,28.483333333333334
9,0,0,0,12,28.483333333333334
9,0,0,0,12,28.483333333333334
9,0,0,0,12,28.483333333333334
7,0,0,0,12,53.53333333333333
4,0,0,0,13,643.5666666666667
4,0,0,0,13,643.5666666666667
1,0,0,0,12,46.416666666666664
6,0,0,0,12,2551.3166666666666
6,0,0,0,12,2551.3166666666666
6,0,0,0,12,2551.3166666666666
5,0,0,0,13,2548.6
5,0,0,0,13,2548.6
5,0,0,0,13,2548.6
1,0,0,0,12,18.95
3,0,0,0,12,118.96666666666667
3,0,0,0,12,-2.816666666666667
3,0,0,0,12,-2.816666666666667
9,0,0,0,12,46.1
9,0,0,0,12,46.1
9,0,0,0,12,46.1
9,0,0,0,12,46.1
9,0,0,0,12,46.1
9,0,0,0,12,46.1
10,2,0,0,12,24.5
10,2,0,0,12,24.5
10,2,0,0,12,24.5
10,2,0,0,12,24.5
10,2,0,0,12,24.5
5,0,0,0,12,169.91666666666666
1,0,0,0,12,28.4
10,0,0,0,12,1971.65
10,0,0,0,12,1971.65
10,0,0,0,12,1971.65
10,0,0,0,12,1971.65
10,0,0,0,12,1971.65
10,0,0,0,12,1971.65
6,0,0,0,6,22.7
6,0,0,0,6,22.7
6,0,0,0,6,22.7
1,0,0,0,12,5.233333333333333
1,0,0,0,12,29.933333333333334
1,0,0,0,12,29.933333333333334
1,0,0,0,12,29.933333333333334
2,0,0,0,12,5.616666666666666
10,0,1,1,6,44.083333333333336
10,0,1,1,6,44.083333333333336
10,0,1,1,6,44.083333333333336
10,0,1,1,6,44.083333333333336
10,0,1,1,6,44.083333333333336
6,0,1,0,12,29.8
8,0,1,1,5,9.5
8,0,1,1,5,9.5
8,0,1,1,5,9.5
1,0,0,0,6,25.116666666666667
8,0,0,0,12,855.6833333333333
8,0,0,0,12,855.6833333333333
8,0,0,0,12,855.6833333333333
8,0,0,0,12,855.6833333333333
8,0,0,0,12,855.6833333333333
8,0,0,0,12,855.6833333333333
6,0,0,0,6,46.15
3,0,0,0,12,17.683333333333334
2,0,0,0,6,112.36666666666666
9,0,0,0,12,1954.0333333333333
9,0,0,0,12,1954.0333333333333
9,0,0,0,12,1954.0333333333333
9,0,0,0,12,1954.0333333333333
4,1,0,0,12,31.283333333333335
4,1,0,0,12,31.283333333333335
6,0,0,0,6,235.71666666666667
6,0,0,0,6,235.71666666666667
6,0,0,0,6,235.71666666666667
4,0,0,0,12,63.43333333333333
3,0,1,0,12,45.06666666666667
4,0,0,0,12,24.45
10,0,0,0,14,786.7
10,0,0,0,14,786.7
10,0,0,0,14,786.7
10,0,0,0,14,786.7
9,0,0,0,12,7784.966666666666
10,0,0,0,13,52.7
7,0,2,2,12,28.666666666666668
1,0,0,0,12,8.1
1,0,0,0,12,27.15
1,0,0,0,12,23.633333333333333
6,0,0,0,12,96.36666666666666
3,0,0,0,6,939.6
3,0,0,0,6,939.6
5,0,0,0,12,23.666666666666668
1,0,0,0,12,8.4
1,0,0,0,12,23.766666666666666
6,0,0,0,12,27.75
5,0,0,0,12,27.35
9,0,0,0,12,5834.183333333333
1,0,0,0,12,26.3
9,0,0,0,12,24.3
9,0,0,0,12,24.3
9,0,0,0,12,24.3
4,0,0,0,12,31.383333333333333
4,0,0,0,12,31.383333333333333
1,0,0,0,6,44.45
1,0,0,0,6,44.45
1,0,0,0,6,44.45
8,0,1,1,12,47.733333333333334
8,0,1,1,12,47.733333333333334
8,0,1,1,12,286.46666666666664
8,0,1,1,12,286.46666666666664
8,0,1,1,12,286.46666666666664
10,0,0,0,12,1943.7333333333333
4,0,0,0,12,559.1
5,0,0,0,6,27.466666666666665
1,0,0,0,5,1133.5666666666666
9,0,0,0,12,847.8833333333333
2,0,0,0,12,27.116666666666667
2,0,0,0,12,27.116666666666667
7,0,0,0,12,8.1
7,0,0,0,12,8.1
7,0,0,0,12,8.1
3,0,0,1,12,45.18333333333333
2,0,0,0,12,18.966666666666665
2,0,0,0,5,20.166666666666668
1,0,0,0,6,2302.85
8,0,0,0,12,21.55
1,0,0,0,6,726.1833333333333
3,0,0,0,6,66.55
6,0,0,2,5,172.88333333333333
6,0,0,2,5,172.88333333333333
6,0,0,2,5,172.88333333333333
9,0,0,0,12,26.083333333333332
9,0,0,0,12,26.083333333333332
9,0,0,0,12,26.083333333333332
9,0,0,0,12,26.083333333333332
7,1,0,0,12,23.116666666666667
3,0,0,0,12,19.683333333333334
6,0,0,0,6,-11.016666666666667
1,0,0,0,6,26.883333333333333
10,0,0,0,12,27.55
6,0,0,0,6,71.2
6,0,0,0,6,71.2
5,0,0,0,12,21.016666666666666
9,0,0,0,12,56.416666666666664
7,0,0,0,5,29.916666666666668
7,0,0,0,5,29.916666666666668
2,0,0,0,6,3.066666666666667
10,0,0,0,13,2478.85
5,0,1,0,5,26.716666666666665
8,0,0,0,12,25.15
4,0,0,0,12,16.2
4,0,0,0,12,16.2
4,0,0,0,12,16.2
1,0,0,0,12,50.36666666666667
1,0,0,0,12,50.36666666666667
8,0,0,0,12,23.916666666666668
2,0,0,0,12,43.016666666666666
1,0,0,0,6,24.766666666666666
3,0,0,0,5,906.6833333333333
9,0,0,0,12,-1.8
9,0,0,0,12,-1.8
9,0,0,0,12,-1.8
9,0,0,0,12,-1.8
9,0,0,0,12,-1.8
9,0,0,0,12,-1.8
4,0,0,0,12,21.4
10,0,0,0,12,31.483333333333334
10,0,0,0,12,31.483333333333334
1,0,0,0,(MO3),-10.233333333333333
1,0,0,0,6,22.683333333333334
8,0,0,0,12,14.316666666666666
8,0,0,0,12,14.316666666666666
8,0,0,0,12,14.316666666666666
3,0,0,0,13,782.45
3,0,0,0,13,782.45
4,0,0,0,12,742.7
10,0,0,1,12,23.216666666666665
7,0,0,0,12,580.0
5,0,0,0,12,26.15
9,0,0,0,5,22.9
4,0,0,0,6,23.7
3,0,0,0,6,23.866666666666667
7,0,0,0,6,188.98333333333332
1,0,0,0,6,13.7
7,0,0,0,5,601.8166666666667
7,0,0,0,5,601.8166666666667
7,0,0,0,5,601.8166666666667
7,0,0,0,5,601.8166666666667
7,0,0,0,5,601.8166666666667
7,0,0,0,5,601.8166666666667
3,0,0,0,12,28.183333333333334
1,0,0,0,13,551.45
2,0,0,0,12,46.3
1,0,0,0,5,3.45
1,0,0,0,6,121.25
5,0,0,0,12,3.066666666666667
10,0,1,9,12,5806.9
10,0,1,9,12,5806.9
10,0,1,9,12,5806.9
2,0,0,0,6,22.116666666666667
4,0,0,0,6,691.15
2,0,0,0,12,28.2
9,0,0,0,12,4.35
9,0,0,0,12,4.35
9,0,0,0,12,4.35
1,0,0,0,14,504.31666666666666
8,0,0,0,13,843.5166666666667
9,0,0,0,12,694.9833333333333
9,0,0,0,12,694.9833333333333
9,0,0,0,12,694.9833333333333
9,0,0,0,12,694.9833333333333
1,0,0,0,6,26.65
10,0,1,1,14,7658.816666666667
8,0,0,0,14,322.4
8,0,0,0,14,322.4
8,0,0,0,14,322.4
5,0,0,0,12,121.03333333333333
8,2,0,0,5,22.366666666666667
8,2,0,0,5,22.366666666666667
8,2,0,0,5,22.366666666666667
3,0,0,0,12,48.916666666666664
8,0,0,0,12,236.85
8,0,0,0,12,236.85
7,0,1,0,6,488.3666666666667
7,0,1,0,6,488.3666666666667
4,0,0,0,6,22.333333333333332
9,0,0,0,13,94.8
9,0,0,0,13,94.8
6,0,0,0,5,24.033333333333335
7,0,0,0,12,331.65
4,0,0,0,12,71.5
9,0,0,0,12,47.85
9,0,0,0,12,47.85
6,0,4,2,6,49.75
7,0,0,0,13,25.816666666666666
7,0,0,0,13,25.816666666666666
3,0,0,0,(MO3),25.45
5,0,0,2,12,-4.966666666666667
5,0,0,2,12,-4.966666666666667
5,0,0,2,12,-4.966666666666667
5,0,0,2,12,-4.966666666666667
1,0,0,0,6,28.516666666666666
5,0,0,0,12,33.56666666666667
3,0,0,0,13,672.6166666666667
3,0,0,0,13,672.6166666666667
3,0,0,0,13,672.6166666666667
8,0,0,0,12,49.56666666666667
8,0,0,0,12,49.56666666666667
8,0,0,0,12,49.56666666666667
10,0,0,0,5,1297.3833333333334
6,0,0,0,6,147.05
6,0,0,0,6,147.05
8,0,0,2,5,777.15
8,0,0,2,5,777.15
8,0,0,2,5,777.15
8,0,0,2,5,777.15
7,0,0,0,12,142.4
7,0,0,0,12,142.4
7,0,0,0,12,142.4
1,0,0,0,6,49.8
8,0,0,0,12,25.983333333333334
8,0,0,0,12,25.983333333333334
9,0,0,0,12,23.266666666666666
9,0,0,0,12,23.266666666666666
4,0,0,0,12,22.1
1,0,0,0,13,26.35
2,1,0,0,12,757.2666666666667
2,1,0,0,12,757.2666666666667
2,1,0,0,12,757.2666666666667
10,0,0,0,12,1031.1
2,0,0,0,12,99.16666666666667
2,0,0,0,12,99.16666666666667
7,0,0,0,12,964.7333333333333
8,0,0,0,12,166.16666666666666
8,0,0,0,12,166.16666666666666
8,0,0,0,12,166.16666666666666
8,0,0,0,12,166.16666666666666
8,0,0,0,12,166.16666666666666
8,0,0,0,12,166.16666666666666
3,0,0,0,12,62.95
1,0,0,0,6,-5.183333333333334
3,0,0,0,12,16.666666666666668
2,0,0,0,12,793.35
2,0,0,0,12,793.35
2,0,0,0,12,793.35
6,0,0,0,12,43.166666666666664
6,0,0,0,12,43.166666666666664
6,0,0,0,12,43.166666666666664
7,0,0,0,12,78.08333333333333
7,0,0,0,12,78.08333333333333
7,0,0,0,12,78.08333333333333
7,0,0,0,12,78.08333333333333
9,0,0,0,12,743.8166666666667
9,0,0,0,12,743.8166666666667
9,0,0,0,12,743.8166666666667
9,0,0,0,6,479.3833333333333
9,0,0,0,6,479.3833333333333
9,0,0,0,6,479.3833333333333
9,0,0,0,6,479.3833333333333
1,0,0,0,12,22.716666666666665
1,0,1,0,6,25.733333333333334
1,0,1,0,6,25.733333333333334
1,0,0,0,12,46.03333333333333
10,2,0,0,13,8779.916666666666
10,2,0,0,13,8779.916666666666
2,0,0,0,12,25.25
7,0,0,0,5,16.5
1,0,0,0,12,14.533333333333333
5,0,0,0,13,647.0
5,0,0,0,13,647.0
1,0,0,0,6,23.083333333333332
5,0,0,0,12,26.1
1,0,0,0,13,382.21666666666664
1,0,0,0,13,382.21666666666664
1,0,0,0,6,3.283333333333333
9,0,0,0,12,1400.8833333333334
9,0,0,0,12,1400.8833333333334
9,0,0,0,12,1400.8833333333334
9,0,0,0,12,1400.8833333333334
6,0,0,0,6,23.366666666666667
4,0,0,0,12,41.25
1,0,0,0,12,29.033333333333335
9,0,0,0,12,3840.5333333333333
9,0,0,0,12,3840.5333333333333
1,0,0,0,5,44.983333333333334
5,0,1,2,6,6.133333333333334
5,0,1,2,6,6.133333333333334
2,0,0,0,12,44.61666666666667
3,0,0,0,12,6575.85
5,0,0,0,(MO3),-4.466666666666667
5,0,0,0,6,21.483333333333334
8,0,0,0,12,2188.5333333333333
8,0,0,0,12,2188.5333333333333
4,0,0,0,5,29.066666666666666
1,0,0,0,12,25.5
8,0,4,1,12,30.183333333333334
8,0,4,1,12,30.183333333333334
1,0,0,0,5,14.883333333333333
6,0,0,0,12,28.45
7,0,0,0,6,988.7
7,0,0,0,6,988.7
7,0,0,0,6,988.7
9,0,0,0,12,20.333333333333332
9,0,0,0,12,20.333333333333332
9,0,0,0,12,20.333333333333332
9,0,0,0,12,20.333333333333332
3,0,0,0,6,292.05
3,0,0,0,6,292.05
9,1,0,0,12,457.6166666666667
9,1,0,0,12,457.6166666666667
9,1,0,0,12,457.6166666666667
9,0,1,0,12,68.93333333333334
9,0,1,0,12,68.93333333333334
3,0,0,0,12,18.3
3,0,0,0,12,18.3
3,0,0,0,12,18.3
6,0,0,0,12,25.016666666666666
6,0,0,0,12,25.016666666666666
6,0,0,0,12,25.016666666666666
1,0,0,0,12,30.35
2,0,0,0,6,4.166666666666667
1,0,0,0,6,24.033333333333335
4,0,0,0,12,2823.633333333333
4,0,0,0,12,2823.633333333333
4,0,0,0,12,2823.633333333333
5,0,0,0,6,20.8
3,0,0,0,12,17.166666666666668
2,0,0,0,6,75.98333333333333
4,0,0,0,12,15.166666666666666
4,0,0,0,12,15.166666666666666
2,0,0,0,6,28.766666666666666
1,0,0,0,6,24.433333333333334
2,0,0,0,12,53.81666666666667
1,0,0,0,6,97.8
7,0,0,0,12,46.13333333333333
10,0,0,0,12,165.4
10,0,0,0,12,165.4
10,0,0,0,12,165.4
8,0,0,0,12,1510.9666666666667
10,0,0,0,12,169.65
10,0,0,0,12,169.65
10,0,0,0,12,169.65
1,0,0,0,6,19.1
1,0,0,0,6,19.1
1,0,0,0,12,26.116666666666667
10,1,0,0,12,7553.6
10,1,0,0,12,7553.6
10,1,0,0,12,7553.6
10,1,0,0,12,7553.6
10,1,0,0,12,7553.6
1,0,0,0,6,17.083333333333332
3,0,0,0,12,44.2
10,0,0,0,12,215.18333333333334
2,0,0,0,6,25.383333333333333
1,0,0,0,6,49.06666666666667
2,0,0,0,12,55.166666666666664
4,0,0,0,12,5.633333333333334
4,0,0,0,12,5.633333333333334
3,0,0,0,12,14.9
3,0,0,0,12,24.2
3,0,0,0,12,24.2
2,0,0,0,12,96.81666666666666
2,0,0,0,12,96.81666666666666
9,0,0,0,12,24.05
3,0,0,0,5,22.083333333333332
3,0,0,0,5,22.083333333333332
1,0,0,0,6,21.533333333333335
2,0,0,0,5,4.466666666666667
2,0,0,0,5,4.466666666666667
9,0,0,0,13,71.06666666666666
2,0,0,0,12,25.083333333333332
3,0,0,0,6,24.85
3,0,0,0,6,24.85
3,0,0,0,6,24.85
3,0,0,0,6,24.85
1,0,0,0,6,119.93333333333334
1,0,0,0,6,119.93333333333334
7,0,0,3,2,18.866666666666667
2,0,0,0,6,263.2
7,0,0,0,6,29.65
7,0,0,0,6,29.65
7,0,0,0,6,29.65
7,0,0,0,6,29.65
7,0,0,0,6,29.65
7,0,0,0,6,29.65
7,0,0,0,6,29.65
7,0,0,0,6,29.65
7,0,0,0,6,29.65
7,0,0,0,6,29.65
7,0,0,0,6,29.65
1,0,0,0,13,28.95
10,0,0,0,12,16.7
10,0,0,0,12,16.7
10,0,0,0,12,16.7
10,0,0,0,12,16.7
10,0,0,0,12,16.7
1,0,0,0,6,95.33333333333333
1,0,0,0,5,0.85
5,0,0,0,6,17.916666666666668
5,0,0,0,6,17.916666666666668
5,0,0,0,6,17.916666666666668
2,0,0,0,6,901.2833333333333
2,0,0,0,6,3.7666666666666666
9,0,2,0,12,25.7
5,0,0,0,13,25.866666666666667
10,0,0,0,13,4347.15
5,0,0,0,10,317.4
5,0,0,0,10,317.4
5,0,0,0,10,317.4
6,0,0,0,12,478.6333333333333
3,0,0,0,12,26.716666666666665
3,0,0,0,12,26.716666666666665
4,0,0,0,12,24.766666666666666
1,0,0,0,12,18.566666666666666
1,0,0,0,12,18.566666666666666
1,0,0,0,12,18.566666666666666
3,0,0,0,13,28.65
1,0,0,0,6,100.43333333333334
1,0,0,0,6,100.43333333333334
9,0,0,0,13,54.11666666666667
9,0,1,0,12,928.9
9,0,1,0,12,928.9
7,0,0,0,12,2081.2833333333333
7,0,0,0,12,2081.2833333333333
7,0,0,0,12,2081.2833333333333
7,0,0,0,12,2081.2833333333333
1,0,0,0,6,21.266666666666666
4,0,0,0,12,4338.083333333333
4,0,0,0,12,4338.083333333333
1,0,0,0,6,39.766666666666666
4,0,0,0,12,309.48333333333335
4,0,0,0,12,309.48333333333335
1,0,0,0,12,260.6666666666667
1,0,0,0,12,20.85
3,0,0,0,14,1060.05
3,0,0,0,14,1060.05
3,0,0,0,14,1060.05
2,0,1,0,12,17.633333333333333
2,0,1,0,12,17.633333333333333
2,0,1,0,12,17.633333333333333
2,0,0,0,6,26.033333333333335
2,0,0,0,6,26.033333333333335
2,0,0,0,6,26.033333333333335
1,0,0,0,6,14.083333333333334
7,0,0,0,12,2784.5666666666666
2,0,0,0,6,29.466666666666665
1,0,0,0,12,149.2
1,0,0,0,12,149.2
1,0,0,0,6,19.766666666666666
1,0,0,0,12,21.966666666666665
1,0,0,0,12,21.966666666666665
1,0,0,0,12,21.966666666666665
1,0,0,0,6,3.3333333333333335
1,0,0,0,6,3.3333333333333335
10,0,0,1,12,1313.6833333333334
10,0,0,1,12,1313.6833333333334
2,0,0,2,6,0.7166666666666667
2,0,0,2,6,0.7166666666666667
8,0,0,0,12,936.1333333333333
8,0,0,0,12,936.1333333333333
8,0,0,0,12,153.11666666666667
8,0,0,0,12,153.11666666666667
1,0,0,0,6,25.5
9,0,1,0,13,2111.8333333333335
9,0,1,0,13,2111.8333333333335
7,0,0,0,12,1447.55
2,0,0,0,12,19.65
7,0,0,0,12,97.55
1,0,0,0,6,21.633333333333333
3,0,0,0,12,22.6
3,0,0,0,12,22.6
3,0,0,0,12,22.6
8,0,1,0,12,187.38333333333333
8,0,1,0,12,187.38333333333333
8,0,1,0,12,187.38333333333333
2,0,0,0,9,192.93333333333334
6,0,0,0,12,73.31666666666666
6,0,0,0,12,73.31666666666666
6,0,0,0,12,73.31666666666666
6,0,0,0,12,40.9
2,0,0,0,12,45.483333333333334
4,0,0,0,12,15.65
4,0,0,0,12,15.65
4,0,0,0,12,22.716666666666665
9,0,0,4,13,19.2
9,0,0,4,13,19.2
1,0,0,0,12,29.366666666666667
3,0,0,0,12,26.483333333333334
3,0,0,0,12,13.2
4,0,0,0,12,4265.616666666667
7,0,0,0,12,6.816666666666666
7,0,0,0,12,6.816666666666666
5,0,0,0,12,1275.25
5,0,0,0,12,1275.25
10,1,0,0,12,280.8
10,1,0,0,12,280.8
2,0,0,0,6,47.416666666666664
2,0,0,0,6,47.416666666666664
2,0,0,0,6,47.416666666666664
2,0,0,0,6,47.416666666666664
9,3,0,0,13,2037.4833333333333
9,3,0,0,13,2037.4833333333333
6,0,0,0,12,25.9
6,0,0,0,12,25.9
6,0,0,0,12,25.9
1,0,0,0,6,-2.5166666666666666
5,0,0,0,12,23.166666666666668
7,0,0,0,13,77.9
7,0,0,0,13,77.9
1,0,0,0,6,936.4166666666666
1,0,0,0,6,936.4166666666666
1,0,0,0,12,29.1
8,0,0,1,12,25.833333333333332
8,0,0,1,12,25.833333333333332
8,0,0,1,12,25.833333333333332
4,0,0,0,12,118.03333333333333
7,0,0,0,12,49.63333333333333
7,0,0,0,13,4761.883333333333
1,0,0,0,5,5.8
1,0,0,0,5,5.8
4,0,0,0,12,142.55
3,0,0,0,12,23.583333333333332
1,0,0,0,12,3020.516666666667
6,0,0,0,12,288.65
5,0,0,0,12,6.233333333333333
1,0,0,0,6,14.4
4,0,0,2,12,7.066666666666666
5,0,0,0,14,163.65
5,0,0,0,12,501.8
1,0,0,0,6,27.633333333333333
1,0,0,0,6,124.18333333333334
3,0,0,0,12,25.533333333333335
2,0,0,0,12,-9.666666666666666
2,0,0,0,12,-9.666666666666666
1,0,0,0,12,7.5
8,0,0,0,6,3388.7
6,0,0,1,12,5878.266666666666
6,0,0,1,12,5878.266666666666
2,0,0,0,6,21.416666666666668
1,0,0,0,12,23.816666666666666
1,0,0,0,12,21.133333333333333
1,0,0,0,12,21.133333333333333
4,0,0,0,12,38.3
4,0,0,0,12,38.3
9,0,1,0,14,3864.2
4,0,0,0,12,511.0
2,0,0,0,14,622.2833333333333
2,0,0,0,14,622.2833333333333
2,0,0,0,6,48.71666666666667
5,0,0,0,6,173.45
3,0,0,0,12,212.23333333333332
3,0,0,0,12,212.23333333333332
1,0,0,0,12,16.083333333333332
5,0,0,0,6,27.533333333333335
3,0,0,0,12,21.883333333333333
8,0,1,1,6,26.583333333333332
8,0,1,1,6,26.583333333333332
2,0,0,0,12,0.38333333333333336
2,0,0,0,12,0.38333333333333336
3,0,0,0,5,4.933333333333334
3,0,0,0,5,4.933333333333334
4,0,0,0,6,25.75
5,0,0,0,12,983.15
5,0,0,0,12,983.15
1,0,0,0,12,166.2
6,0,0,0,6,278.4166666666667
6,0,0,0,6,278.4166666666667
1,0,0,0,6,21.15
5,0,0,0,6,39.4
5,0,0,0,12,26.733333333333334
4,0,0,0,12,96.56666666666666
4,0,0,0,12,96.56666666666666
4,0,0,0,12,96.56666666666666
1,0,0,0,12,27.683333333333334
4,0,0,0,6,48.45
2,0,0,0,5,20.75
2,0,0,0,12,32.55
5,0,0,0,5,2519.75
5,0,0,0,5,2519.75
5,0,0,0,5,2519.75
3,0,0,0,12,16.733333333333334
1,0,0,0,13,44.733333333333334
1,0,0,0,13,44.733333333333334
1,0,0,0,6,20.583333333333332
8,0,0,0,12,2806.0333333333333
8,0,0,0,12,2806.0333333333333
8,0,0,0,12,2806.0333333333333
4,0,0,1,12,7747.2
4,0,0,1,12,7747.2
3,0,0,0,12,2.85
2,0,0,0,12,440.85
1,0,0,0,12,15.216666666666667
1,0,0,0,12,15.216666666666667
4,0,0,0,13,624.35
4,0,0,0,13,624.35
4,0,0,0,13,624.35
10,0,0,1,12,5669.25
10,0,0,1,12,5669.25
8,0,0,0,6,453.5
6,0,1,2,6,909.8666666666667
1,0,0,0,6,13.133333333333333
1,0,0,0,12,19.316666666666666
4,0,0,0,12,4367.833333333333
4,0,0,0,12,4367.833333333333
4,0,0,0,12,4367.833333333333
7,0,0,0,6,141.73333333333332
7,0,0,0,6,141.73333333333332
3,0,0,1,12,261.28333333333336
6,0,0,0,12,22.95
6,0,0,0,12,22.95
2,0,0,0,6,49.75
2,0,0,0,6,49.75
2,0,0,0,6,49.75
9,0,2,1,13,1299.1333333333334
10,0,0,1,6,840.1166666666667
10,0,0,1,6,840.1166666666667
10,0,0,1,6,840.1166666666667
1,0,0,0,6,17.9
3,0,0,0,13,24.316666666666666
7,0,0,0,12,120.25
7,0,0,0,12,120.25
7,0,0,0,12,120.25
7,0,0,0,12,120.25
1,0,0,0,6,5.55
2,0,0,0,6,27.65
10,0,0,0,12,52.78333333333333
10,0,0,0,12,52.78333333333333
10,0,0,0,12,52.78333333333333
10,0,0,0,12,52.78333333333333
2,0,0,0,12,5815.416666666667
2,0,0,0,12,5815.416666666667
9,1,1,0,12,4673.5
8,0,0,0,12,992.3666666666667
8,0,0,0,12,992.3666666666667
5,0,0,0,6,700.6666666666666
3,0,0,0,12,4.333333333333333
1,0,0,0,6,4017.1
1,0,0,0,6,17.033333333333335
4,1,1,0,12,5804.283333333334
4,1,1,0,12,5804.283333333334
1,0,0,0,6,5.483333333333333
10,0,1,1,12,123.93333333333334
10,0,1,1,12,123.93333333333334
10,0,1,1,12,123.93333333333334
1,0,0,0,6,16.05
1,0,0,0,6,16.05
9,0,0,0,12,97.55
9,0,0,0,12,97.55
9,0,0,0,12,97.55
9,0,0,0,12,97.55
1,0,0,0,5,24.566666666666666
7,0,0,0,12,124.06666666666666
7,0,0,0,12,124.06666666666666
7,0,0,0,12,124.06666666666666
7,0,0,0,12,124.06666666666666
3,0,0,0,12,1863.9166666666667
3,0,0,0,12,1863.9166666666667
3,0,0,0,12,1863.9166666666667
3,0,0,0,12,1863.9166666666667
9,0,0,0,12,24.783333333333335
9,0,0,0,12,24.783333333333335
6,0,0,0,5,741.4333333333333
6,0,0,0,5,741.4333333333333
6,0,0,0,5,741.4333333333333
6,0,0,0,5,741.4333333333333
9,0,0,0,12,1224.7666666666667
9,0,0,0,12,1224.7666666666667
9,0,0,0,12,1224.7666666666667
2,0,0,0,6,31.7
6,1,1,0,12,519.8333333333334
2,0,0,0,12,5.05
1,0,0,0,14,765.45
1,0,0,0,14,765.45
1,0,0,0,14,765.45
3,0,0,0,12,22.583333333333332
8,0,0,0,12,463.1666666666667
6,0,0,0,12,720.2333333333333
6,0,0,0,12,720.2333333333333
6,0,0,0,12,720.2333333333333
1,0,0,0,6,20.2
1,0,0,0,6,20.2
9,0,0,0,12,1417.1
9,0,0,0,12,1417.1
9,0,0,0,12,1417.1
9,0,0,0,12,1417.1
9,0,0,0,12,1417.1
1,0,0,0,6,724.85
10,1,0,0,12,24.416666666666668
10,1,0,0,12,24.416666666666668
10,1,0,0,12,24.416666666666668
8,0,0,0,12,51.45
8,0,0,0,12,51.45
8,0,0,0,12,51.45
3,0,0,1,14,28.85
3,0,0,1,14,28.85
4,0,0,0,6,-0.7333333333333333
2,0,0,0,12,42.45
6,0,0,0,12,25.333333333333332
1,0,0,0,12,-9.433333333333334
1,0,0,0,12,-9.433333333333334
8,0,0,0,12,29.583333333333332
8,0,0,0,12,29.583333333333332
4,0,0,2,12,16.516666666666666
10,0,1,1,13,190.58333333333334
10,0,1,1,13,190.58333333333334
4,0,0,0,6,15.133333333333333
8,0,0,1,12,7460.783333333334
10,0,1,3,6,42.083333333333336
10,0,1,3,6,42.083333333333336
3,0,0,0,13,239.03333333333333
1,0,0,0,6,20.75
7,0,0,0,5,40.86666666666667
6,0,0,1,5,16.366666666666667
1,0,0,0,12,49.833333333333336
5,0,0,0,12,21.266666666666666
3,0,0,0,12,50.21666666666667
3,0,0,0,12,50.21666666666667
8,0,0,0,12,120.35
9,0,0,0,12,30.05
9,0,0,0,12,30.05
9,0,0,0,12,30.05
9,0,0,0,12,30.05
8,0,0,0,13,24.383333333333333
8,0,0,0,6,-9.966666666666667
8,0,0,0,6,-9.966666666666667
2,0,0,0,6,52.733333333333334
2,0,0,0,6,821.5666666666667
6,0,0,0,6,49.9
1,0,0,0,6,18.7
8,0,0,0,13,39.38333333333333
8,0,0,0,13,39.38333333333333
2,0,0,0,6,29.2
2,0,0,0,12,24.316666666666666
6,0,0,0,13,94.11666666666666
6,0,0,0,13,94.11666666666666
4,0,0,0,12,27.083333333333332
4,0,0,0,6,25.366666666666667
7,0,0,0,13,352.76666666666665
7,0,0,0,13,352.76666666666665
7,0,0,0,13,352.76666666666665
5,0,0,0,12,21.483333333333334
5,0,0,0,12,21.483333333333334
5,0,0,0,12,21.483333333333334
5,0,0,0,12,21.483333333333334
5,0,0,0,12,21.483333333333334
5,0,0,0,12,21.483333333333334
5,0,0,0,12,21.483333333333334
5,0,0,0,12,21.483333333333334
1,0,0,0,12,-10.833333333333334
4,0,0,0,13,838.3
3,0,0,0,6,28.3
8,0,0,0,12,1109.2833333333333
8,0,0,0,12,1109.2833333333333
8,0,0,0,12,1109.2833333333333
8,0,0,0,12,1109.2833333333333
8,0,0,0,12,1109.2833333333333
8,0,0,0,12,1109.2833333333333
8,0,0,1,6,2513.95
8,0,0,1,6,2513.95
3,0,0,0,6,26.033333333333335
3,0,0,0,6,26.033333333333335
3,0,0,0,6,26.033333333333335
6,0,0,0,12,310.6
6,0,0,0,12,310.6
1,0,0,0,6,29.35
3,0,0,0,5,28.566666666666666
3,0,0,0,5,28.566666666666666
3,0,0,0,12,595.6
2,0,0,0,6,-3.533333333333333
2,0,0,0,12,23.3
10,0,0,0,12,2065.4333333333334
10,0,0,0,12,2065.4333333333334
10,0,0,0,12,2065.4333333333334
10,0,0,0,12,2065.4333333333334
2,0,0,0,6,21.45
1,0,0,0,6,27.833333333333332
10,0,0,0,6,383.1166666666667
10,0,0,0,6,383.1166666666667
10,0,0,0,6,383.1166666666667
6,0,0,0,5,929.6666666666666
6,0,0,0,5,929.6666666666666
6,0,0,0,5,929.6666666666666
6,0,0,0,5,929.6666666666666
6,0,0,0,5,929.6666666666666
6,0,0,0,5,929.6666666666666
1,0,0,0,6,24.016666666666666
3,0,0,0,6,46.86666666666667
2,0,0,0,12,31.466666666666665
2,0,0,0,12,21.566666666666666
1,0,0,0,6,15.433333333333334
8,0,0,0,12,5.466666666666667
4,0,0,0,6,-7.583333333333333
1,0,0,0,12,240.56666666666666
1,0,0,0,13,25.75
3,0,0,0,6,310.3833333333333
6,0,0,0,12,725.75
4,1,0,1,13,124.6
4,1,0,1,13,124.6
10,0,0,0,12,4326.466666666666
9,0,0,1,13,1351.0833333333333
9,0,0,1,13,1351.0833333333333
9,0,0,1,13,1351.0833333333333
9,0,0,1,13,1351.0833333333333
2,0,0,0,12,2.6666666666666665
2,0,0,0,12,2.6666666666666665
3,0,0,0,12,47.6
3,0,0,0,12,47.6
3,0,0,0,12,47.6
3,0,0,0,12,47.6
3,0,0,0,6,746.6833333333333
3,0,0,0,6,746.6833333333333
3,0,0,0,6,746.6833333333333
2,0,0,0,12,2832.116666666667
2,0,0,0,12,2832.116666666667
9,0,0,0,5,3.1333333333333333
9,0,0,0,5,3.1333333333333333
9,0,0,0,5,3.1333333333333333
2,0,0,0,12,1680.0333333333333
1,0,0,0,6,20.3
4,0,0,0,12,110.06666666666666
4,0,0,0,12,110.06666666666666
4,0,0,0,12,110.06666666666666
1,0,0,0,14,136.5
2,0,0,0,12,25.25
2,0,0,0,12,25.25
6,0,0,0,12,7.233333333333333
3,0,0,0,12,17.3
3,0,0,0,12,17.3
8,0,0,0,12,22.75
8,0,0,0,12,22.75
8,0,0,0,12,22.75
1,0,0,0,12,7.816666666666666
1,0,0,0,12,7.816666666666666
1,0,0,0,9,703.6
1,0,0,0,6,19.983333333333334
5,0,0,0,12,546.35
5,0,0,0,12,546.35
5,0,0,0,12,546.35
5,0,0,0,6,14.633333333333333
7,0,0,2,12,5230.566666666667
1,0,0,0,6,16.366666666666667
1,0,0,0,6,16.366666666666667
1,0,0,0,6,16.366666666666667
10,1,0,0,12,1565.0
10,1,0,0,12,1565.0
10,1,0,0,12,1565.0
1,0,0,0,13,25.75
4,0,0,0,12,22.533333333333335
4,0,0,0,12,22.533333333333335
4,0,0,0,12,22.533333333333335
2,0,0,2,13,39.266666666666666
2,0,0,2,13,39.266666666666666
2,0,0,2,13,39.266666666666666
2,0,0,2,13,39.266666666666666
2,0,0,2,13,39.266666666666666
5,0,0,0,12,1010.3666666666667
5,0,0,0,13,1127.6166666666666
1,0,0,0,12,20.633333333333333
7,0,0,0,12,51.166666666666664
7,0,0,0,12,51.166666666666664
4,0,0,0,6,26.15
4,0,0,0,12,50.083333333333336
5,0,0,0,6,28.05
9,0,13,1,12,2826.2166666666667
9,0,13,1,12,2826.2166666666667
1,0,0,0,12,20.8
4,0,0,0,6,23.35
2,0,0,0,13,24.533333333333335
7,0,0,0,12,5.0
3,0,0,0,12,22.35
5,0,0,0,12,14.55
3,0,0,0,12,360.8666666666667
3,0,0,0,12,360.8666666666667
7,0,0,0,13,1486.9666666666667
3,0,0,0,6,-0.21666666666666667
1,0,0,0,12,28.316666666666666
4,0,0,0,12,91.95
4,0,0,0,12,91.95
4,0,0,0,12,91.95
2,0,0,0,12,843.0833333333334
3,0,0,0,12,15.8
3,0,0,0,12,15.8
1,0,0,0,12,24.05
1,0,0,0,12,24.05
7,0,0,0,12,14.883333333333333
7,0,0,0,12,14.883333333333333
7,0,0,0,12,14.883333333333333
2,0,0,0,12,21.5
6,0,0,0,12,23330.733333333334
2,0,0,0,12,644.5333333333333
2,0,0,0,5,143.36666666666667
6,0,0,0,6,22.733333333333334
3,0,0,2,12,14.45
1,0,0,0,12,26.316666666666666
9,0,0,0,12,23.816666666666666
9,0,0,0,12,23.816666666666666
9,0,0,0,12,23.816666666666666
2,0,0,0,12,6.333333333333333
5,0,0,0,12,1360.45
5,0,0,0,12,1360.45
3,0,0,0,12,1007.6833333333333
3,0,0,0,12,1007.6833333333333
3,0,0,0,12,1007.6833333333333
3,0,0,0,12,1007.6833333333333
5,0,0,0,12,1127.4833333333333
5,0,0,0,12,1127.4833333333333
5,0,0,0,12,1127.4833333333333
5,0,0,0,12,1127.4833333333333
5,0,0,0,12,2395.9333333333334
10,0,0,0,12,22.966666666666665
7,0,0,1,12,22.2
1,0,0,0,6,-3.433333333333333
5,0,0,0,12,-11.65
5,0,0,0,12,-11.65
2,0,0,0,12,104.45
1,0,0,0,6,26.7
1,0,0,0,12,578.5166666666667
1,0,0,0,12,578.5166666666667
1,0,0,0,6,29.716666666666665
6,0,0,0,12,191.9
6,0,0,0,9,6098.55
6,0,0,0,12,627.6333333333333
4,0,0,0,12,5.95
4,0,0,0,12,5.95
8,1,0,0,12,1313.8166666666666
1,0,0,0,12,189.08333333333334
9,0,0,0,12,19.983333333333334
2,0,0,0,12,86.1
7,0,0,0,12,18.183333333333334
7,0,0,0,12,18.183333333333334
8,0,0,0,12,288.75
8,0,0,0,12,288.75
8,0,0,0,12,288.75
9,0,1,0,6,27.0
3,0,0,0,6,5.383333333333334
7,0,0,0,12,1274.05
7,0,0,0,12,1274.05
6,0,0,0,5,128.4
6,0,0,0,5,128.4
4,0,0,0,12,5.5
4,0,0,0,12,5.5
4,0,0,0,12,5.5
4,0,0,0,12,5.5
4,0,0,0,12,5.5
2,0,0,0,6,5.3
10,0,3,2,12,6.55
10,0,3,2,12,6.55
10,0,3,2,12,6.55
10,0,3,2,12,6.55
1,0,1,0,12,31.533333333333335
1,0,1,0,12,31.533333333333335
5,0,0,0,12,217.15
1,0,0,0,12,2355.766666666667
1,0,0,0,12,2355.766666666667
7,0,0,0,12,29.15
7,0,0,0,12,29.15
2,0,0,0,12,2048.1833333333334
8,0,0,0,12,724.4833333333333
8,0,0,0,12,724.4833333333333
7,0,0,0,12,764.4333333333333
7,0,0,0,12,764.4333333333333
7,0,0,0,12,764.4333333333333
7,0,0,0,12,764.4333333333333
1,0,0,0,6,13.766666666666667
2,0,0,0,13,555.55
2,0,0,0,13,555.55
9,0,0,0,6,28.966666666666665
10,0,0,0,12,814.9833333333333
10,0,0,0,12,814.9833333333333
3,0,0,0,12,237.83333333333334
6,0,0,0,12,357.0833333333333
6,0,0,0,12,357.0833333333333
6,0,0,0,12,357.0833333333333
6,0,0,0,12,357.0833333333333
7,0,0,0,12,838.2166666666667
7,0,0,0,12,838.2166666666667
3,0,1,0,6,50.38333333333333
1,0,0,0,6,350.93333333333334
1,0,0,0,6,350.93333333333334
1,0,0,0,6,350.93333333333334
1,0,0,0,6,16.15
8,0,0,0,12,25.0
8,0,0,0,12,25.0
10,0,0,0,5,24.166666666666668
10,0,0,0,5,24.166666666666668
10,0,0,0,12,31.7
8,0,0,0,6,461.78333333333336
8,0,0,0,6,461.78333333333336
8,0,0,0,6,461.78333333333336
8,0,0,0,6,461.78333333333336
3,0,0,0,5,21.2
3,0,0,0,5,21.2
3,0,0,0,12,312.85
3,0,0,0,12,312.85
3,0,0,0,12,312.85
1,0,0,0,12,24.866666666666667
6,0,0,0,13,696.9833333333333
10,0,0,0,12,765.3
10,0,0,0,12,765.3
1,0,0,0,6,16.533333333333335
4,0,0,0,6,26.016666666666666
5,0,0,0,12,49.15
5,0,0,0,12,49.15
5,0,0,0,13,21.166666666666668
5,0,0,0,13,21.166666666666668
10,0,0,0,12,75.76666666666667
10,0,0,0,12,75.76666666666667
10,0,0,0,12,75.76666666666667
10,0,0,0,12,75.76666666666667
1,0,0,0,5,24.466666666666665
3,0,0,0,6,24.433333333333334
8,0,0,1,12,154.83333333333334
8,0,0,1,12,154.83333333333334
7,0,0,0,6,5.683333333333334
1,0,0,0,6,54.03333333333333
2,0,0,0,12,19.15
2,0,0,0,12,91.75
2,0,0,0,12,91.75
3,0,0,0,9,4682.466666666666
4,0,0,0,5,605.0833333333334
1,0,0,0,13,723.8333333333334
6,0,0,0,12,49.75
6,0,0,0,12,49.75
6,0,0,0,12,49.75
3,0,0,0,12,25.633333333333333
3,0,0,0,12,25.633333333333333
1,0,0,0,5,26.716666666666665
1,0,0,0,5,26.716666666666665
1,0,0,0,12,17.583333333333332
1,0,0,0,12,17.583333333333332
2,0,0,0,12,8093.033333333334
5,0,0,0,12,6.083333333333333
3,0,0,0,12,7.9
3,0,0,0,12,25.683333333333334
2,0,0,0,6,15.183333333333334
8,0,0,0,12,335.8333333333333
8,0,0,0,12,335.8333333333333
8,0,0,0,6,73.86666666666666
8,0,0,0,6,73.86666666666666
8,0,0,0,12,1062.95
8,0,0,0,12,1062.95
6,0,1,0,12,44.766666666666666
6,0,1,0,12,44.766666666666666
2,0,0,0,6,3.0833333333333335
6,0,0,0,9,550.6
6,0,0,0,9,550.6
6,0,0,0,9,550.6
6,0,0,0,9,550.6
6,0,0,0,9,550.6
6,0,0,0,9,550.6
8,0,0,0,12,1520.4833333333333
8,0,0,0,12,1520.4833333333333
8,0,0,0,12,1520.4833333333333
1,0,0,0,6,12.7
2,0,0,0,5,69.8
3,0,0,0,12,314.3
3,0,0,0,12,314.3
3,0,0,0,12,314.3
3,0,0,0,12,25.083333333333332
6,0,0,0,12,23.866666666666667
6,0,0,0,12,23.866666666666667
2,0,0,0,6,21.116666666666667
1,0,0,0,13,2190.766666666667
3,0,0,0,12,20.516666666666666
3,0,0,0,12,20.516666666666666
2,0,0,0,12,215.58333333333334
4,0,0,0,12,18.566666666666666
4,0,0,0,12,18.566666666666666
7,0,0,0,12,285.6166666666667
7,0,0,0,12,285.6166666666667
6,0,0,0,13,48.03333333333333
6,0,0,0,13,48.03333333333333
10,0,0,0,12,2993.483333333333
10,0,0,0,12,2993.483333333333
5,0,0,0,6,2924.15
5,0,0,0,6,2924.15
5,0,0,0,6,2924.15
5,0,0,0,6,2924.15
5,0,0,0,6,2924.15
1,0,0,0,6,23.416666666666668
2,0,0,0,13,728.5166666666667
2,0,0,0,13,728.5166666666667
2,0,0,0,12,41.71666666666667
2,0,0,0,12,41.71666666666667
2,0,0,0,12,41.71666666666667
2,0,0,0,12,41.71666666666667
5,0,0,0,12,18.65
5,0,0,0,12,18.65
3,0,0,0,12,194.35
3,0,0,0,12,194.35
8,0,0,0,12,965.3833333333333
8,0,0,0,12,965.3833333333333
8,0,0,0,12,965.3833333333333
2,0,0,0,6,21.033333333333335
4,0,0,0,12,23.166666666666668
4,0,0,0,12,23.166666666666668
4,0,0,0,12,23.166666666666668
2,0,0,3,12,21.266666666666666
2,0,0,3,12,21.266666666666666
10,0,0,0,12,3407.633333333333
1,0,0,0,6,21.466666666666665
1,0,0,0,12,406.55
2,0,0,0,6,24.15
8,0,0,0,12,194.83333333333334
8,0,0,0,12,194.83333333333334
10,0,0,0,12,69.61666666666666
1,0,0,0,12,24.05
1,0,0,0,12,24.05
1,0,0,0,12,100.96666666666667
3,0,0,0,6,29.75
7,0,0,0,12,6291.116666666667
7,0,0,0,12,6291.116666666667
9,1,0,1,5,98.66666666666667
9,2,1,1,12,1270.3833333333334
9,2,1,1,12,1270.3833333333334
2,0,0,0,6,99.48333333333333
9,0,0,0,12,32.68333333333333
8,0,0,0,6,821.6833333333333
2,0,0,0,6,17.616666666666667
8,0,1,0,12,29.4
5,0,0,0,12,16.233333333333334
3,0,0,0,14,1016.35
3,0,0,0,14,1016.35
8,0,0,0,6,20.883333333333333
1,0,0,0,12,6.7
1,0,0,0,5,-11.033333333333333
3,0,0,0,13,1191.6833333333334
3,0,0,0,13,1191.6833333333334
1,0,0,0,12,48.333333333333336
1,0,0,0,12,20.9
7,0,0,0,12,3.933333333333333
7,0,0,0,12,3.933333333333333
3,0,0,0,12,26.983333333333334
3,0,0,0,12,26.983333333333334
7,0,0,0,5,247.56666666666666
7,0,0,0,5,247.56666666666666
7,0,0,0,12,44.7
1,0,0,0,12,858.8666666666667
8,0,0,0,12,942.2166666666667
8,0,0,0,12,942.2166666666667
8,0,0,0,12,25.35
2,0,0,0,6,26.866666666666667
10,0,2,0,12,25.416666666666668
2,0,0,0,12,16.95
2,0,0,0,12,16.95
2,0,0,0,12,26.333333333333332
4,0,0,0,13,24.416666666666668
4,0,0,0,13,24.416666666666668
8,0,1,0,12,4.516666666666667
10,0,0,0,12,409.9
10,0,0,0,12,409.9
10,0,0,0,12,409.9
1,0,0,0,5,40.166666666666664
3,0,0,0,12,24.7
3,0,0,0,12,24.7
9,1,0,1,12,2783.516666666667
9,1,0,1,12,2783.516666666667
9,1,0,1,12,2783.516666666667
9,1,0,1,12,2783.516666666667
8,0,0,1,12,156.35
8,0,0,1,12,156.35
8,0,0,1,12,156.35
5,0,0,0,12,1490.5666666666666
8,0,0,0,13,912.0666666666667
8,0,1,1,6,431.1666666666667
8,0,1,1,6,431.1666666666667
8,0,1,1,6,431.1666666666667
4,0,0,0,12,341.45
4,0,0,0,12,29.516666666666666
4,0,0,0,12,23.4
1,0,0,0,6,1.9
4,0,0,0,6,-10.25
2,0,0,0,12,24.35
9,0,1,0,12,3454.35
9,0,1,0,12,3454.35
8,0,0,0,12,24.9
8,0,0,0,12,24.9
4,0,0,0,6,217.73333333333332
4,0,0,0,6,217.73333333333332
4,0,0,0,6,217.73333333333332
2,0,0,0,6,312.5
6,0,0,0,6,102.11666666666666
6,0,0,0,6,102.11666666666666
6,0,0,0,6,102.11666666666666
4,0,0,0,12,28.233333333333334
4,0,0,0,12,28.233333333333334
4,0,0,0,12,28.233333333333334
2,0,0,0,5,75.15
5,0,0,0,12,66.66666666666667
8,0,0,0,12,22.1
8,0,0,0,12,22.1
1,0,0,0,6,23.366666666666667
4,0,0,0,6,3.4
6,0,3,0,13,92.08333333333333
6,0,3,0,13,92.08333333333333
2,0,0,0,14,629.3
4,0,0,0,6,28.366666666666667
2,0,0,0,12,21.516666666666666
7,0,1,0,12,13.216666666666667
7,0,1,0,12,13.216666666666667
9,0,0,0,12,26.516666666666666
9,0,0,0,12,26.516666666666666
9,0,0,0,12,26.516666666666666
9,0,0,0,12,26.516666666666666
9,0,0,0,12,870.6
9,0,0,0,12,870.6
1,0,0,0,6,8.366666666666667
5,0,0,0,12,22.916666666666668
7,6,1,0,12,4345.6
3,0,0,0,12,19.933333333333334
3,0,0,0,12,19.933333333333334
8,0,0,0,12,13.816666666666666
8,0,0,0,12,13.816666666666666
8,0,0,0,12,13.816666666666666
3,0,0,0,5,1034.9333333333334
2,0,0,0,6,22.833333333333332
1,0,0,0,6,29.583333333333332
5,0,2,1,12,161.4
5,0,2,1,12,161.4
5,0,2,1,12,161.4
2,0,0,0,12,20.866666666666667
5,0,0,0,12,119.21666666666667
2,0,0,0,6,24.333333333333332
6,0,0,0,6,31.45
9,1,1,0,13,1871.6166666666666
9,1,1,0,13,1871.6166666666666
9,1,1,0,13,1871.6166666666666
5,0,0,0,6,20.616666666666667
5,0,0,0,6,20.616666666666667
3,0,0,0,12,45.06666666666667
3,0,0,0,12,45.06666666666667
6,0,0,0,12,4.233333333333333
6,0,0,0,12,4.233333333333333
6,0,0,0,12,4.233333333333333
6,0,0,0,12,4.233333333333333
6,0,0,0,12,4.233333333333333
6,0,0,0,12,4.233333333333333
4,0,0,0,12,331.28333333333336
4,0,0,0,12,331.28333333333336
4,0,0,0,12,210.9
4,0,0,0,12,210.9
-1,0,0,0,12,243.38333333333333
1,0,0,0,13,25.333333333333332
1,0,0,0,6,7.083333333333333
2,0,0,0,12,21.7
8,0,0,0,12,-3.1666666666666665
1,0,0,0,12,30.266666666666666
1,0,0,0,12,30.266666666666666
2,0,0,0,6,27.666666666666668
2,0,0,0,6,27.666666666666668
2,0,0,0,6,27.666666666666668
1,0,0,0,12,79.96666666666667
8,0,1,0,13,458.53333333333336
8,0,1,0,13,458.53333333333336
2,0,0,0,12,140.23333333333332
2,0,0,0,12,140.23333333333332
2,0,0,0,12,140.23333333333332
9,0,0,0,12,977.65
9,0,0,0,12,977.65
9,0,0,0,12,977.65
9,0,0,0,12,977.65
3,0,0,0,12,23.5
3,0,0,0,12,18.183333333333334
3,0,0,0,12,18.183333333333334
2,0,0,0,6,45.78333333333333
9,0,0,0,12,22.4
9,0,0,0,12,22.4
9,0,0,0,12,22.4
5,0,0,0,12,574.55
1,0,0,0,(MO3),22.366666666666667
8,0,0,0,12,838.45
2,0,0,0,5,24.083333333333332
2,0,0,0,5,24.083333333333332
5,0,0,0,12,838.8
5,0,0,2,12,29.283333333333335
5,0,0,2,12,29.283333333333335
5,0,0,2,12,29.283333333333335
5,0,0,2,12,29.283333333333335
5,0,0,2,12,29.283333333333335
10,0,0,1,12,12115.716666666667
9,0,0,0,13,1559.1666666666667
9,0,0,0,13,1559.1666666666667
7,0,0,0,12,14.766666666666667
9,3,0,0,9,11446.616666666667
4,0,0,0,12,123.76666666666667
4,0,0,0,12,123.76666666666667
4,0,0,0,12,123.76666666666667
4,0,0,0,6,14.683333333333334
4,0,0,0,6,-0.3333333333333333
1,0,0,0,6,-0.55
4,0,0,0,12,937.4666666666667
4,0,0,0,12,937.4666666666667
4,0,0,0,12,937.4666666666667
3,0,0,0,12,28.6
5,0,0,0,13,4806.583333333333
2,0,0,0,6,24.3
3,0,0,0,12,19.9
1,0,0,0,12,31.8
1,0,0,0,14,215.38333333333333
5,0,0,0,12,1148.5
10,0,0,11,12,30.416666666666668
10,0,0,11,12,30.416666666666668
10,0,0,11,12,30.416666666666668
9,0,0,1,12,3.65
8,0,0,0,12,103.15
4,0,0,0,12,24.483333333333334
8,0,0,1,12,22.616666666666667
8,0,0,1,12,22.616666666666667
8,0,0,0,12,5804.05
7,0,0,0,6,146.55
7,0,0,0,6,146.55
9,0,0,1,12,452.65
5,0,1,0,12,722.2166666666667
5,0,1,0,12,722.2166666666667
10,0,0,0,12,1327.7
10,0,0,0,12,1327.7
10,0,0,0,12,1327.7
7,0,0,0,12,54.6
2,0,0,0,13,30.116666666666667
5,0,0,0,13,809.75
5,0,0,0,13,809.75
5,0,0,0,13,809.75
2,0,0,0,6,7.466666666666667
4,0,0,0,6,28.983333333333334
3,0,1,1,14,1567.8833333333334
4,0,0,0,12,283.31666666666666
7,0,0,0,9,501.8
7,0,0,0,9,501.8
4,0,0,0,5,44.5
1,0,0,0,5,1.1833333333333333
1,0,0,0,12,20.05
10,0,0,0,12,1278.2333333333333
10,0,0,0,12,1278.2333333333333
10,0,0,0,12,1278.2333333333333
10,0,0,0,12,1278.2333333333333
10,0,0,0,12,1278.2333333333333
7,0,0,0,12,43.28333333333333
7,0,0,0,12,43.28333333333333
5,0,0,0,12,1800.65
5,0,0,0,12,1800.65
4,0,0,0,12,19.266666666666666
6,0,0,0,12,167.66666666666666
6,0,0,0,12,167.66666666666666
2,0,0,0,12,241.1
4,0,0,0,6,982.2666666666667
6,0,2,0,12,222.85
6,0,2,0,12,222.85
6,0,2,0,12,222.85
6,0,0,0,12,24.483333333333334
7,0,0,0,12,-3.7333333333333334
10,1,0,0,5,12148.7
6,0,0,0,5,1421.1333333333334
2,0,0,0,13,23.183333333333334
2,0,0,0,13,23.183333333333334
2,0,0,0,6,16.25
1,0,0,0,6,26.783333333333335
10,1,3,0,6,2060.983333333333
5,0,0,0,12,125.75
7,0,0,0,14,4698.466666666666
7,0,0,0,14,4698.466666666666
7,0,0,0,14,4698.466666666666
7,0,0,0,14,4698.466666666666
7,0,0,0,14,4698.466666666666
7,0,0,0,14,4698.466666666666
7,0,0,0,12,140.53333333333333
2,0,0,0,6,25.55
1,0,0,0,6,51.05
4,0,0,0,6,2178.15
4,0,0,0,12,117.3
4,0,0,0,12,117.3
10,3,1,0,12,2352.55
1,0,0,0,12,47.833333333333336
1,0,0,0,12,47.833333333333336
2,0,0,0,12,21.833333333333332
6,0,0,0,6,28.9
6,0,0,0,6,28.9
1,0,0,0,6,21.733333333333334
7,0,0,0,12,1488.9833333333333
7,0,0,0,12,1488.9833333333333
9,0,0,0,12,45.583333333333336
5,0,0,0,5,22.366666666666667
4,0,0,0,9,574.1
4,0,0,0,6,24.0
3,0,0,0,12,1053.7833333333333
9,0,0,0,12,103.7
9,0,0,0,12,103.7
9,0,0,0,12,103.7
9,0,0,0,12,103.7
9,0,0,0,12,103.7
9,0,0,0,12,103.7
9,0,0,0,12,103.7
3,0,0,0,12,41.45
4,0,0,0,12,652.4
4,0,0,0,12,652.4
4,0,0,0,12,652.4
4,0,0,0,12,652.4
4,0,0,0,12,652.4
5,0,0,0,6,1240.5833333333333
5,0,0,0,6,1240.5833333333333
7,0,0,0,12,28.833333333333332
7,0,0,0,12,28.833333333333332
7,0,0,0,12,28.833333333333332
9,0,0,0,12,31.216666666666665
2,0,0,0,6,23.083333333333332
7,0,0,0,12,14.766666666666667
5,0,0,1,(MO3),32.36666666666667
5,0,0,1,(MO3),32.36666666666667
10,0,0,0,12,662.75
10,0,0,0,12,662.75
10,0,0,0,12,662.75
1,0,0,0,6,24.366666666666667
1,0,0,0,12,545.4
7,0,0,0,12,728.7
4,0,0,0,12,31.55
4,0,0,0,12,31.55
7,0,0,0,12,25.583333333333332
7,0,0,0,12,25.583333333333332
7,0,0,0,12,25.583333333333332
1,0,0,0,6,5.316666666666666
7,0,1,0,12,5848.266666666666
7,0,1,0,12,5848.266666666666
7,0,1,0,12,5848.266666666666
9,0,1,0,12,23.233333333333334
9,0,1,0,12,23.233333333333334
9,0,1,0,12,23.233333333333334
9,0,1,0,12,23.233333333333334
9,0,1,0,12,23.233333333333334
7,1,0,0,6,1302.5166666666667
9,5,0,0,13,111.9
9,5,0,0,13,111.9
9,5,0,0,13,111.9
1,0,0,0,6,1865.65
2,0,0,0,6,174.18333333333334
8,0,4,0,13,264.8666666666667
8,0,4,0,13,264.8666666666667
8,0,4,0,13,264.8666666666667
3,0,0,0,9,379.05
3,0,0,0,9,379.05
10,0,0,0,6,8059.5
9,0,0,0,12,79.25
9,0,0,0,12,79.25
4,0,0,0,12,21.833333333333332
4,0,0,0,5,20.366666666666667
4,0,0,0,5,20.366666666666667
2,0,0,0,6,19.25
8,0,1,0,5,1199.3666666666666
1,0,0,0,12,44.15
5,0,0,0,12,50.95
7,0,0,0,6,18.483333333333334
1,0,0,0,6,38.55
1,0,0,0,6,38.55
9,0,0,1,12,4295.133333333333
9,0,0,1,12,4295.133333333333
9,0,0,1,12,4295.133333333333
9,0,1,1,12,2855.116666666667
5,0,0,0,13,3721.05
5,0,0,0,13,3721.05
5,0,0,0,13,3721.05
1,0,0,0,12,7.066666666666666
1,0,0,0,12,7.066666666666666
7,0,0,0,12,17.9
7,0,0,0,12,17.9
7,0,0,0,12,17.9
1,0,0,0,6,31.0
6,0,0,0,5,193.26666666666668
6,0,0,0,5,193.26666666666668
6,0,0,0,5,193.26666666666668
3,0,0,0,13,320.3833333333333
3,0,0,0,13,320.3833333333333
6,0,0,0,6,25.416666666666668
1,0,0,0,5,21.633333333333333
4,1,0,0,13,578.9333333333333
4,1,0,0,13,578.9333333333333
4,1,0,0,13,578.9333333333333
4,0,0,0,12,22.983333333333334
4,0,0,0,12,22.983333333333334
5,0,0,0,12,165.48333333333332
5,0,0,0,12,165.48333333333332
3,0,0,0,5,4.533333333333333
3,0,0,0,5,4.533333333333333
8,0,0,0,12,5.733333333333333
8,0,0,0,12,5.733333333333333
1,0,0,0,6,95.65
2,0,0,0,13,6.733333333333333
10,0,0,0,12,1372.1833333333334
10,0,0,0,12,1372.1833333333334
8,1,8,5,13,45.06666666666667
8,1,8,5,13,45.06666666666667
8,1,8,5,13,45.06666666666667
10,0,2,1,6,23.883333333333333
10,0,2,1,6,23.883333333333333
10,0,2,1,6,23.883333333333333
10,0,2,1,6,23.883333333333333
10,0,0,0,12,289.7
10,0,0,0,12,289.7
1,0,0,0,6,20.566666666666666
7,0,0,0,14,4855.45
7,0,0,0,14,4855.45
1,0,0,0,6,47.18333333333333
9,0,0,1,13,3791.9
7,0,0,0,12,21.083333333333332
7,0,0,0,12,21.083333333333332
3,0,0,0,13,28.033333333333335
7,0,0,1,12,21.45
7,0,0,1,12,21.45
7,0,0,1,12,21.45
6,0,0,0,6,41.4
9,1,0,0,12,22.816666666666666
8,0,0,1,5,-0.5333333333333333
10,1,0,0,12,260.05
10,1,0,0,12,260.05
10,1,0,0,12,260.05
2,0,0,0,12,30.65
2,0,0,0,12,30.65
1,0,0,0,12,20.016666666666666
1,0,0,0,12,20.016666666666666
7,0,0,0,13,458.23333333333335
7,0,0,0,13,458.23333333333335
3,0,0,0,6,95.45
2,0,0,0,12,22.033333333333335
1,0,0,0,12,66.7
2,0,0,0,5,27.45
1,0,0,0,6,55.35
5,0,0,0,12,1484.4166666666667
5,0,0,0,12,1484.4166666666667
8,1,0,0,13,21.95
8,1,0,0,13,21.95
8,1,0,0,13,21.95
2,0,0,0,6,49.45
1,0,0,0,13,21.5
1,0,0,0,12,16.45
4,0,0,0,6,54.56666666666667
4,0,0,0,13,27.1
4,0,0,0,13,27.1
4,0,0,0,13,27.1
4,0,0,0,13,27.1
2,0,0,0,12,19.683333333333334
8,0,0,0,12,26.416666666666668
2,0,0,0,12,15.2
7,0,4,4,12,23.533333333333335
7,0,4,4,12,23.533333333333335
7,0,4,4,12,23.533333333333335
7,0,4,4,12,23.533333333333335
7,0,4,4,12,23.533333333333335
7,0,4,4,12,23.533333333333335
4,0,0,0,12,940.4833333333333
2,0,0,0,5,-5.383333333333334
2,0,0,0,5,-5.383333333333334
2,0,0,0,5,-5.383333333333334
8,0,0,0,6,112.45
8,0,0,0,6,112.45
8,0,0,0,6,112.45
4,1,0,0,6,20.983333333333334
4,1,0,0,6,20.983333333333334
6,0,0,0,12,19.833333333333332
6,0,0,0,12,19.833333333333332
1,0,0,0,12,18.35
6,0,0,0,12,4.216666666666667
4,0,0,0,12,215.63333333333333
7,0,0,0,13,195.28333333333333
6,0,0,0,12,47.13333333333333
4,0,0,3,12,5.616666666666666
1,0,0,0,6,28.4
7,1,0,0,13,21.0
7,1,0,0,13,21.0
7,1,0,0,13,21.0
8,0,2,0,12,29.65
8,0,2,0,12,29.65
9,0,0,0,12,890.0
2,0,0,0,12,21.616666666666667
8,0,0,0,12,26.4
6,0,0,0,5,815.2666666666667
3,0,0,0,12,14.85
4,0,0,0,12,195.25
5,0,0,0,12,22.8
2,0,0,0,5,22.966666666666665
5,0,0,0,12,357.1166666666667
5,0,0,0,12,357.1166666666667
5,0,0,0,12,357.1166666666667
5,0,0,0,12,357.1166666666667
5,0,0,0,12,357.1166666666667
2,0,0,0,12,23.833333333333332
1,0,0,0,6,-11.066666666666666
1,0,0,0,12,16.533333333333335
3,0,0,0,12,17.433333333333334
3,0,0,0,12,17.433333333333334
3,0,0,0,12,17.433333333333334
5,0,0,0,12,984.75
5,0,0,0,12,984.75
5,0,0,0,12,984.75
5,0,0,0,12,984.75
5,0,0,0,12,984.75
5,0,0,0,12,984.75
5,0,0,0,12,984.75
7,0,0,0,12,8.116666666666667
3,0,0,0,12,21.316666666666666
3,0,0,0,12,21.316666666666666
3,0,0,0,12,21.316666666666666
5,0,0,0,12,42.06666666666667
5,0,0,0,12,42.06666666666667
5,0,0,0,12,42.06666666666667
5,0,0,0,12,42.06666666666667
8,0,0,0,14,-4.983333333333333
8,0,0,0,14,-4.983333333333333
7,0,0,0,13,28.2
7,0,0,0,13,28.2
10,0,0,0,12,29.183333333333334
1,0,0,0,12,20.666666666666668
4,0,0,0,13,48.53333333333333
2,0,0,0,6,18.716666666666665
7,0,0,0,12,240.13333333333333
7,0,0,0,12,240.13333333333333
1,0,0,0,6,43.95
1,0,0,0,5,0.13333333333333333
9,0,0,0,12,357.68333333333334
4,0,0,0,6,23.066666666666666
2,0,0,0,12,4264.183333333333
2,0,0,0,12,-2.316666666666667
3,0,0,0,12,21.316666666666666
9,0,0,0,13,356.26666666666665
9,0,0,0,13,356.26666666666665
1,0,0,0,12,25.9
2,0,0,0,12,17.15
1,0,0,0,6,22.716666666666665
6,0,0,0,12,1388.9333333333334
4,0,0,0,13,5.833333333333333
1,0,0,0,6,46.13333333333333
3,0,0,0,12,28.016666666666666
2,0,0,0,6,217.9
7,0,0,0,12,25.633333333333333
7,0,0,0,12,25.633333333333333
1,0,0,0,12,29.5
7,0,0,0,9,1029.2
1,0,0,0,12,31.933333333333334
1,0,0,0,12,31.933333333333334
3,0,0,0,6,28.116666666666667
5,0,0,0,6,693.9166666666666
5,0,0,0,6,693.9166666666666
5,0,0,0,6,693.9166666666666
5,0,0,0,6,693.9166666666666
3,0,0,0,6,21.616666666666667
1,0,0,0,6,52.516666666666666
1,0,0,0,12,788.05
10,2,1,1,12,19.616666666666667
10,2,1,1,12,19.616666666666667
10,2,1,1,12,19.616666666666667
10,2,1,1,12,19.616666666666667
10,2,1,1,12,19.616666666666667
7,0,0,0,6,1080.6166666666666
7,0,0,0,6,1080.6166666666666
7,0,0,0,6,1080.6166666666666
7,0,0,0,6,1080.6166666666666
8,0,0,1,13,-10.133333333333333
8,0,0,1,13,-10.133333333333333
3,0,0,0,12,24.116666666666667
3,0,0,0,12,24.116666666666667
5,0,0,0,13,217.83333333333334
5,0,0,0,13,217.83333333333334
10,2,0,1,12,1889.1666666666667
10,2,0,1,12,1889.1666666666667
10,2,0,1,12,1889.1666666666667
10,2,0,1,12,1889.1666666666667
2,0,0,0,12,18.6
4,0,0,0,6,523.85
4,0,0,0,12,15.116666666666667
4,0,0,0,12,15.116666666666667
4,0,0,0,12,15.116666666666667
1,0,0,0,12,24.883333333333333
6,0,0,0,5,1368.7333333333333
6,0,0,0,5,1368.7333333333333
9,0,0,0,5,2335.95
9,0,0,0,5,2335.95
9,0,0,0,5,2335.95
4,0,0,0,12,2.4833333333333334
8,0,0,0,12,5.533333333333333
8,0,0,0,12,5.533333333333333
8,0,0,0,12,5.533333333333333
8,0,0,0,12,5.533333333333333
8,0,0,0,12,5.533333333333333
4,0,0,0,6,27.0
4,0,0,0,6,27.0
4,0,0,0,6,27.0
4,0,0,0,6,27.0
5,0,0,0,12,38.96666666666667
3,0,0,0,6,49.333333333333336
9,0,0,0,12,5.283333333333333
7,0,1,0,12,41.2
8,0,0,0,12,360.56666666666666
8,0,0,0,12,360.56666666666666
8,0,0,0,12,360.56666666666666
3,0,0,1,12,20.75
2,0,0,0,6,5.933333333333334
4,0,0,0,12,727.8
4,0,0,0,12,727.8
4,0,0,0,12,727.8
5,0,0,0,12,1869.0
5,0,0,0,12,1869.0
1,0,0,0,6,25.2
4,0,0,0,6,18.35
5,0,1,0,12,20.566666666666666
7,0,0,0,12,5.9
4,0,0,0,13,32.1
4,0,0,0,13,32.1
4,0,0,0,13,17.033333333333335
4,0,0,0,13,17.033333333333335
8,0,0,0,6,25.916666666666668
8,0,0,0,6,25.916666666666668
4,0,1,0,5,21.3
4,0,1,0,5,21.3
4,0,1,0,5,21.3
4,0,1,0,5,21.3
4,0,1,0,5,21.3
6,0,0,0,12,1784.5166666666667
8,0,0,0,12,4270.166666666667
8,0,0,0,12,4270.166666666667
6,0,0,0,12,77.23333333333333
6,0,0,0,12,77.23333333333333
6,0,0,0,12,77.23333333333333
6,0,0,0,12,77.23333333333333
3,0,0,0,12,45.55
5,0,0,0,12,9361.9
3,0,0,1,6,21.333333333333332
4,0,0,0,12,15.566666666666666
3,0,0,0,12,25.183333333333334
4,0,0,0,12,-1.7666666666666666
2,0,0,0,(MO3),44.733333333333334
2,0,0,0,(MO3),44.733333333333334
4,0,0,0,5,55.06666666666667
4,0,0,0,13,24.383333333333333
2,0,0,0,5,23.6
2,0,0,0,5,23.6
5,0,0,0,12,26.133333333333333
5,0,0,0,12,26.133333333333333
1,0,0,0,6,5.916666666666667
2,0,0,0,12,190.61666666666667
1,0,0,0,6,4.616666666666666
3,0,0,0,5,3.5
9,0,0,0,12,32.53333333333333
9,0,0,0,12,32.53333333333333
3,0,0,0,13,164.56666666666666
1,0,0,0,5,2.55
7,0,0,0,6,53.53333333333333
7,0,0,0,6,53.53333333333333
7,0,0,0,6,53.53333333333333
1,0,0,0,12,23.683333333333334
1,0,0,0,13,23.75
1,0,0,0,13,23.75
1,0,0,0,12,19.316666666666666
1,0,0,0,12,19.316666666666666
2,0,0,0,5,12.933333333333334
4,0,0,0,6,24.083333333333332
4,0,0,0,6,24.083333333333332
4,0,0,0,6,24.083333333333332
1,0,0,0,12,5.533333333333333
1,0,0,0,12,5.533333333333333
1,0,0,0,5,46.266666666666666
1,0,0,0,6,39.016666666666666
1,0,0,0,6,20.716666666666665
3,0,0,0,12,451.65
3,0,0,0,12,26.55
3,0,0,0,12,26.55
7,1,0,0,5,38.7
2,0,0,0,12,19.55
6,0,0,0,12,6.833333333333333
2,0,0,0,6,26.75
2,0,0,0,6,26.75
2,0,0,0,6,26.75
2,0,0,0,6,26.75
2,0,0,0,6,26.75
2,0,0,0,6,26.75
2,0,0,0,6,26.75
1,0,0,0,6,14.2
6,0,0,0,12,866.8833333333333
6,0,0,0,12,866.8833333333333
1,0,0,0,12,46.28333333333333
1,0,0,0,13,75.71666666666667
1,0,0,0,13,75.71666666666667
1,0,0,0,13,75.71666666666667
5,0,0,0,5,1514.4
1,0,0,0,13,22.633333333333333
7,0,1,0,6,20.75
6,0,0,0,12,71.2
6,0,0,0,12,71.2
1,0,0,0,6,49.45
10,0,0,0,12,163.85
10,0,0,0,12,163.85
10,0,0,0,12,163.85
10,0,0,0,12,788.35
10,0,0,0,12,788.35
5,0,0,1,6,14.25
2,0,0,0,6,26.1
9,0,0,0,5,2975.383333333333
1,0,0,0,14,671.5666666666667
7,0,0,0,12,29.683333333333334
7,0,0,0,12,29.683333333333334
7,0,0,0,12,29.683333333333334
4,0,0,0,6,20.433333333333334
3,0,0,0,6,22.75
3,0,0,0,6,22.75
3,0,0,0,6,22.75
2,0,0,0,12,25.133333333333333
2,0,0,0,12,944.3166666666667
4,0,0,0,13,43.18333333333333
1,0,0,0,6,-2.9833333333333334
2,0,0,0,6,53.61666666666667
5,0,0,0,6,18.983333333333334
1,0,0,0,12,28.766666666666666
9,0,0,0,12,265.5833333333333
9,0,0,0,12,265.5833333333333
9,0,0,0,12,265.5833333333333
9,0,0,0,12,265.5833333333333
9,0,0,0,12,265.5833333333333
9,0,0,0,12,265.5833333333333
1,0,0,0,12,24.833333333333332
1,0,0,0,12,24.833333333333332
1,0,0,0,12,24.833333333333332
1,0,0,0,12,24.833333333333332
1,0,0,0,5,1.9333333333333333
2,0,0,0,6,945.1166666666667
2,0,0,0,6,945.1166666666667
2,0,0,0,6,945.1166666666667
6,0,0,0,12,648.85
6,0,0,0,12,648.85
6,0,0,0,12,648.85
2,0,0,0,12,14.25
3,0,0,0,13,21.6
3,0,0,0,13,21.6
2,0,2,1,6,24.65
2,0,2,1,6,24.65
2,0,2,1,6,24.65
2,0,2,1,6,24.65
1,0,0,0,6,19.9
8,0,0,0,12,1330.4166666666667
8,0,0,0,12,1330.4166666666667
4,0,0,0,12,27.816666666666666
8,0,1,0,12,115.96666666666667
8,0,1,0,12,115.96666666666667
8,0,1,0,12,115.96666666666667
8,0,1,0,12,115.96666666666667
8,1,0,1,12,6.516666666666667
8,1,0,1,12,6.516666666666667
8,1,0,1,12,6.516666666666667
1,0,0,0,5,20.383333333333333
1,0,0,0,12,22.816666666666666
9,0,0,0,13,10416.083333333334
4,0,0,0,6,26.6
1,0,0,0,12,24.35
1,0,0,0,6,53.86666666666667
8,0,0,0,12,1679.65
8,0,0,0,12,1679.65
8,0,0,1,12,25.483333333333334
8,0,0,1,12,25.483333333333334
9,0,0,0,13,169.23333333333332
9,0,0,0,13,169.23333333333332
4,0,0,0,12,21.95
4,0,0,0,12,21.95
4,0,0,0,6,32.06666666666667
3,0,0,0,12,31.233333333333334
3,0,0,0,12,31.233333333333334
2,0,0,0,12,4589.333333333333
7,0,0,0,12,5906.283333333334
7,0,0,0,12,5906.283333333334
7,0,0,0,12,5906.283333333334
2,0,0,0,12,21.183333333333334
2,0,0,0,12,21.183333333333334
2,0,0,0,6,24.516666666666666
8,0,0,0,5,27.2
8,0,0,0,5,27.2
1,0,0,0,12,50.016666666666666
7,0,1,0,13,300.06666666666666
5,0,0,0,12,41.016666666666666
10,0,0,0,12,2787.7833333333333
10,0,0,0,12,2787.7833333333333
10,0,0,0,13,49.55
10,0,0,0,13,49.55
10,0,0,0,13,49.55
10,0,0,0,13,49.55
5,0,0,0,6,23.2
5,0,0,0,5,20.5
3,0,0,0,12,1193.9666666666667
1,0,0,0,12,48.05
6,0,0,0,12,1520.2833333333333
6,0,0,0,12,9527.083333333334
6,0,0,0,12,9527.083333333334
1,0,0,0,12,27.533333333333335
6,0,0,0,12,38.1
6,0,0,0,12,38.1
6,0,0,0,12,38.1
6,0,0,0,12,38.1
6,0,0,0,12,38.1
4,0,0,0,12,1487.8666666666666
4,0,0,0,12,1487.8666666666666
4,0,0,0,12,-10.8
9,0,0,0,13,7418.033333333334
9,0,0,0,13,7418.033333333334
4,0,0,0,5,48.85
4,0,0,0,5,48.85
1,0,0,0,6,23.716666666666665
2,0,0,0,12,44.13333333333333
7,0,0,0,6,410.51666666666665
4,0,0,0,12,384.03333333333336
5,0,0,0,12,30.033333333333335
5,0,0,0,12,30.033333333333335
8,0,0,0,12,19.333333333333332
1,0,0,0,12,451.4166666666667
9,0,0,0,12,703.9
9,0,0,0,12,703.9
9,0,0,0,12,703.9
9,0,0,0,12,703.9
10,0,0,0,12,4658.45
10,0,0,0,12,4658.45
3,0,0,0,12,50.03333333333333
3,0,0,0,12,50.03333333333333
4,0,0,0,12,2445.15
4,0,0,0,12,2445.15
4,0,0,0,12,2445.15
10,3,0,2,(MO3),2001.9166666666667
10,3,0,2,(MO3),2001.9166666666667
5,0,0,0,13,92.31666666666666
2,0,0,0,6,24.033333333333335
2,0,0,0,6,24.033333333333335
1,0,0,0,6,474.15
1,0,0,0,6,474.15
1,0,0,0,6,474.15
8,0,0,0,12,95.61666666666666
5,0,0,0,2,20.283333333333335
5,0,0,0,2,20.283333333333335
5,0,0,0,2,20.283333333333335
8,0,0,0,6,69.66666666666667
2,0,0,0,6,73.9
10,0,0,0,12,47.416666666666664
10,0,0,0,12,47.416666666666664
10,0,0,0,12,47.416666666666664
4,0,0,0,6,1100.85
6,0,0,0,12,4.2
6,0,0,0,12,4.2
6,0,0,0,12,4.2
6,0,0,0,12,4.2
4,0,0,0,6,47.5
9,0,0,0,5,22.216666666666665
9,0,0,0,5,22.216666666666665
9,0,0,0,5,22.216666666666665
9,0,0,0,5,22.216666666666665
9,0,0,0,5,22.216666666666665
9,0,0,0,5,22.216666666666665
9,0,0,0,5,22.216666666666665
9,1,0,0,12,26.066666666666666
9,1,0,0,12,26.066666666666666
9,1,0,0,12,26.066666666666666
3,0,0,0,12,510.3333333333333
3,0,0,0,12,510.3333333333333
6,0,0,0,12,25.666666666666668
6,0,0,0,12,25.666666666666668
10,1,0,0,6,138.61666666666667
2,0,0,0,14,17.283333333333335
3,0,0,0,12,31.283333333333335
3,0,0,0,12,31.283333333333335
3,0,0,0,12,1628.4666666666667
3,0,0,0,12,1628.4666666666667
1,0,0,0,12,40.583333333333336
2,0,0,0,6,20.05
9,0,0,0,12,139.46666666666667
9,0,0,0,12,139.46666666666667
9,0,0,0,12,139.46666666666667
9,0,0,0,12,139.46666666666667
4,0,0,0,12,4.666666666666667
4,0,0,0,12,4.666666666666667
4,0,0,0,12,4.666666666666667
2,0,0,1,12,4.15
9,0,0,0,12,863.3833333333333
9,0,0,0,12,863.3833333333333
9,0,0,0,12,863.3833333333333
9,0,0,0,12,863.3833333333333
10,0,0,0,13,3361.116666666667
10,0,0,0,13,3361.116666666667
10,0,0,0,13,3361.116666666667
3,0,0,0,12,46.55
3,0,0,0,12,46.55
3,0,0,0,12,46.55
1,0,0,0,6,24.6
9,1,2,0,12,1195.1333333333334
9,1,2,0,12,1195.1333333333334
9,1,2,0,12,1195.1333333333334
9,1,2,0,12,1195.1333333333334
9,1,2,0,12,1195.1333333333334
9,1,2,0,12,1195.1333333333334
9,1,2,0,12,1195.1333333333334
2,0,0,0,12,5.233333333333333
4,0,0,0,12,44.65
4,0,0,0,12,24.516666666666666
4,0,0,0,12,24.516666666666666
4,0,0,0,12,24.516666666666666
4,0,0,0,12,24.516666666666666
10,0,0,0,12,792.4666666666667
10,0,0,0,12,792.4666666666667
10,0,0,0,12,792.4666666666667
10,0,0,0,12,792.4666666666667
10,0,0,0,12,792.4666666666667
10,0,0,0,12,792.4666666666667
10,0,0,0,12,792.4666666666667
5,0,1,0,12,45.13333333333333
5,0,1,0,12,45.13333333333333
9,0,1,0,12,33.483333333333334
9,0,1,0,12,33.483333333333334
2,0,0,0,12,23.4
7,0,0,0,12,25.666666666666668
1,0,0,0,6,22.116666666666667
2,0,0,0,12,55.45
2,0,0,0,12,55.45
2,0,0,0,12,55.45
2,0,0,0,12,29.283333333333335
5,0,0,0,12,0.2
5,0,0,0,12,0.2
2,0,0,0,5,26.416666666666668
2,0,0,0,6,22.466666666666665
2,0,0,0,6,22.466666666666665
2,0,0,0,12,19.866666666666667
7,0,0,0,13,267.56666666666666
9,0,0,0,12,815.0
9,0,0,0,12,815.0
6,0,0,0,6,504.8333333333333
1,0,0,0,5,17.35
5,0,0,0,12,1497.3666666666666
5,0,0,0,12,1497.3666666666666
5,0,0,0,12,1497.3666666666666
5,0,0,0,12,1497.3666666666666
2,0,0,0,13,167.8
2,0,0,0,12,411.96666666666664
8,0,0,1,12,123.1
8,0,0,1,12,123.1
5,0,0,0,6,1013.0166666666667
6,0,0,0,12,4135.15
6,0,0,0,12,4135.15
6,0,0,0,12,4135.15
8,0,0,0,13,1635.3833333333334
8,0,0,0,13,1635.3833333333334
8,0,0,0,13,1635.3833333333334
8,0,0,0,13,1635.3833333333334
10,0,0,0,12,4176.533333333334
4,0,0,0,12,14.216666666666667
9,0,0,0,12,27.066666666666666
9,0,0,0,12,27.066666666666666
1,0,0,0,5,48.38333333333333
1,0,0,0,5,48.38333333333333
1,0,0,0,5,48.38333333333333
1,0,0,0,5,48.38333333333333
3,0,0,0,12,23.05
5,0,0,0,13,32.55
1,0,0,0,6,22.916666666666668
7,0,0,0,12,23.383333333333333
7,0,0,0,12,23.383333333333333
7,0,0,0,12,23.383333333333333
7,0,0,0,12,23.383333333333333
4,0,0,0,12,-10.35
5,0,0,0,12,95.06666666666666
5,0,0,0,12,95.06666666666666
5,0,0,0,12,95.06666666666666
5,0,0,0,12,95.06666666666666
5,0,0,0,12,95.06666666666666
5,0,0,0,12,95.06666666666666
4,0,0,0,12,4.316666666666666
4,0,0,0,12,4.316666666666666
4,0,0,0,12,4.316666666666666
4,0,0,0,12,4.316666666666666
3,0,1,0,12,47.233333333333334
7,0,0,0,12,958.45
1,0,0,0,12,5235.416666666667
1,0,0,0,12,5235.416666666667
5,0,0,0,13,172.56666666666666
5,0,0,0,13,172.56666666666666
4,0,0,0,6,53.85
10,0,0,0,13,157.0
10,0,0,0,13,157.0
6,0,0,0,6,718.65
1,0,0,0,6,139.75
9,0,0,0,12,138.56666666666666
9,0,0,0,12,138.56666666666666
1,0,0,0,6,-4.633333333333334
1,0,0,0,6,50.483333333333334
1,0,0,0,9,54.9
1,0,0,0,9,54.9
4,0,0,0,12,91.46666666666667
1,0,0,0,6,-1.5333333333333334
1,0,0,0,6,-1.5333333333333334
1,0,0,0,6,52.1
1,0,0,0,13,41.43333333333333
1,0,0,0,13,175.93333333333334
6,0,0,0,6,20.733333333333334
6,0,0,0,6,20.733333333333334
8,0,0,0,12,20.466666666666665
8,0,0,0,12,20.466666666666665
8,0,0,0,12,20.466666666666665
4,0,0,0,12,20.933333333333334
6,0,0,1,12,6.233333333333333
6,0,0,1,12,6.233333333333333
6,0,0,1,12,6.233333333333333
6,0,0,1,12,6.233333333333333
1,0,0,0,6,13.333333333333334
9,0,0,0,12,1086.0333333333333
9,0,0,0,12,1086.0333333333333
6,0,0,0,12,48.1
6,0,0,0,12,48.1
2,0,0,0,5,23.4
1,0,0,0,14,1149.6666666666667
9,0,0,2,12,2.933333333333333
9,0,0,2,12,2.933333333333333
1,0,0,0,6,28.983333333333334
1,0,0,0,6,28.983333333333334
3,0,0,0,6,10063.816666666668
2,0,0,0,5,4.8
6,0,0,1,12,1173.45
6,0,0,1,12,1173.45
9,0,0,0,13,1491.0
8,0,1,0,6,839.55
8,0,1,0,6,839.55
9,0,0,1,12,341.71666666666664
9,0,0,1,12,341.71666666666664
8,0,0,0,12,860.0333333333333
8,0,0,0,12,860.0333333333333
8,0,0,0,12,860.0333333333333
8,0,0,0,12,860.0333333333333
8,0,0,0,12,860.0333333333333
7,0,0,0,12,817.6166666666667
7,0,0,0,12,817.6166666666667
1,0,0,0,6,29.2
2,0,0,0,6,14.616666666666667
3,0,0,0,6,2229.9166666666665
4,0,0,0,12,30.016666666666666
4,0,0,0,12,30.016666666666666
8,0,0,0,12,699.9833333333333
8,0,0,0,12,699.9833333333333
8,0,0,0,12,699.9833333333333
8,0,0,0,12,699.9833333333333
8,0,0,0,12,699.9833333333333
1,0,0,0,6,23.65
8,0,0,0,13,148.81666666666666
8,0,0,0,13,148.81666666666666
3,0,0,0,12,-2.816666666666667
3,0,0,0,12,-2.816666666666667
7,0,0,0,12,6.066666666666666
10,0,4,0,12,4320.583333333333
6,0,0,0,12,433.23333333333335
9,0,0,0,9,833.9333333333333
9,0,0,0,9,833.9333333333333
3,0,0,0,13,23.95
8,0,0,0,6,25.95
5,0,0,0,9,7568.983333333334
8,0,0,1,12,5096.633333333333
8,0,0,1,12,5096.633333333333
4,0,0,0,6,725.4333333333333
4,0,0,0,6,725.4333333333333
4,0,0,0,6,725.4333333333333
3,0,0,0,6,1014.1833333333333
3,0,0,0,6,1014.1833333333333
3,0,0,0,6,1014.1833333333333
1,0,0,0,6,191.15
1,0,0,0,12,26.25
1,0,0,0,12,26.25
1,0,0,0,12,52.75
1,0,0,0,6,37.733333333333334
6,0,0,0,12,4.016666666666667
4,0,0,0,12,5403.583333333333
4,0,0,0,12,5403.583333333333
4,0,0,0,6,5.933333333333334
10,13,0,1,12,2985.5333333333333
2,0,0,0,12,42.21666666666667
1,0,0,0,6,14.2
9,0,0,0,12,405.8666666666667
6,0,0,0,12,342.31666666666666
7,0,0,0,12,2034.1333333333334
7,0,0,0,12,3174.983333333333
7,0,0,0,12,353.76666666666665
7,0,0,0,12,353.76666666666665
8,0,0,0,12,5798.016666666666
8,0,0,0,12,5798.016666666666
7,0,0,0,13,4053.983333333333
7,0,0,0,13,4053.983333333333
10,0,0,3,12,1058.6
9,0,0,0,13,14.966666666666667
5,0,0,0,12,14.4
2,0,0,0,12,26.366666666666667
2,0,0,0,12,26.366666666666667
9,0,0,0,12,1610.95
7,0,0,0,6,16.3
7,0,0,0,6,16.3
7,0,0,0,13,2189.2166666666667
1,0,0,0,13,917.5333333333333
1,0,0,0,13,917.5333333333333
8,0,0,0,12,21.15
8,0,0,0,12,21.15
8,0,0,0,12,21.15
2,0,0,0,12,24.166666666666668
3,0,0,0,12,26.133333333333333
1,0,0,0,12,-3.45
3,0,0,0,6,4.533333333333333
7,0,0,0,12,46.18333333333333
7,0,0,0,12,46.18333333333333
7,0,0,0,12,46.18333333333333
7,0,0,0,12,46.18333333333333
7,0,0,0,12,46.18333333333333
7,0,0,0,12,46.18333333333333
7,0,0,0,12,46.18333333333333
7,0,0,0,12,46.18333333333333
7,0,0,0,12,46.18333333333333
5,0,0,0,12,26.55
5,0,0,0,12,26.55
5,0,0,0,12,26.55
4,0,0,0,6,5.883333333333334
4,0,0,0,6,5.883333333333334
4,0,0,0,6,5.883333333333334
10,0,0,0,6,255.43333333333334
10,0,0,0,6,255.43333333333334
10,0,0,0,6,255.43333333333334
10,0,0,0,6,255.43333333333334
10,0,0,0,6,255.43333333333334
10,0,0,0,6,255.43333333333334
10,0,0,0,6,255.43333333333334
1,0,0,0,6,78.98333333333333
6,0,0,0,12,49.53333333333333
1,0,0,0,14,24.833333333333332
5,0,0,0,12,14.1
6,0,0,0,(MO3),22.0
5,0,0,0,6,46.583333333333336
1,0,0,0,12,77.05
1,0,0,0,12,77.05
5,0,0,0,12,76.63333333333334
5,0,0,0,6,55.2
5,0,0,0,6,55.2
5,0,0,0,6,55.2
5,0,0,0,6,55.2
5,0,0,0,6,55.2
5,0,0,0,6,55.2
5,0,0,0,12,67.06666666666666
1,0,0,0,12,31.683333333333334
7,0,0,0,13,29.85
7,0,0,0,13,29.85
3,0,0,0,12,456.8666666666667
6,0,0,0,12,1661.8333333333333
6,0,0,0,12,1661.8333333333333
6,0,0,0,12,1661.8333333333333
6,0,0,0,12,1661.8333333333333
5,0,0,0,6,20.016666666666666
5,0,0,0,6,20.016666666666666
5,0,0,0,6,20.016666666666666
2,0,0,0,6,95.11666666666666
8,0,0,0,13,20.433333333333334
8,0,0,0,13,20.433333333333334
1,0,0,0,12,24.516666666666666
1,0,0,0,6,22.416666666666668
10,0,0,0,12,9242.566666666668
9,0,0,2,12,7705.15
9,0,0,2,12,7705.15
4,0,0,0,12,974.85
3,0,0,0,12,88.31666666666666
6,0,0,0,5,430.48333333333335
6,0,0,0,5,430.48333333333335
4,0,0,0,12,27.55
1,0,0,0,6,15.733333333333333
10,0,0,0,13,15449.483333333334
8,0,0,0,12,260.9
1,0,0,0,12,28.2
9,0,0,0,6,339.68333333333334
4,0,0,0,6,148.28333333333333
4,0,0,0,6,148.28333333333333
4,0,0,0,6,148.28333333333333
4,0,0,0,6,148.28333333333333
4,0,0,0,6,148.28333333333333
4,0,0,0,6,148.28333333333333
2,0,0,0,5,17.666666666666668
1,0,0,0,12,73.43333333333334
1,0,0,0,5,4.583333333333333
7,0,0,0,12,19.25
7,0,0,0,12,19.25
1,0,0,0,6,26.433333333333334
1,0,0,0,6,23.5
1,0,0,0,12,427.05
1,0,0,0,12,427.05
3,0,0,0,6,25.533333333333335
5,3,0,0,12,9431.216666666667
1,0,0,0,12,54.38333333333333
6,0,0,0,12,26.45
6,0,0,0,12,26.45
6,0,0,0,12,26.45
6,0,0,0,12,26.45
6,0,0,0,12,26.45
6,0,0,0,12,26.45
6,0,0,0,12,26.45
6,0,0,0,12,26.45
6,0,0,0,12,26.45
6,0,0,0,12,26.45
1,0,0,0,6,13.883333333333333
1,0,0,0,6,13.883333333333333
6,0,0,0,5,41.46666666666667
6,0,0,0,5,41.46666666666667
6,0,0,0,5,41.46666666666667
3,0,0,0,12,861.1666666666666
4,0,0,0,12,9.95
5,0,0,0,13,22.416666666666668
2,0,0,0,12,46.4
2,0,0,0,12,46.4
2,0,0,0,12,15.116666666666667
2,0,0,0,12,15.116666666666667
5,0,0,0,12,22.483333333333334
3,0,0,0,6,14.6
8,2,12,7,13,2082.6666666666665
9,0,0,0,12,889.0333333333333
9,0,0,0,12,889.0333333333333
9,0,0,0,12,889.0333333333333
9,0,0,0,12,889.0333333333333
9,0,0,0,12,889.0333333333333
9,0,0,0,12,889.0333333333333
9,0,0,0,12,889.0333333333333
9,0,0,0,12,889.0333333333333
6,0,0,0,12,8.033333333333333
5,0,0,0,6,692.05
5,0,0,0,12,3043.4
10,0,3,1,12,21.666666666666668
10,0,3,1,12,21.666666666666668
2,0,0,0,12,5.35
2,0,0,0,13,55.45
2,0,0,0,13,55.45
2,0,0,0,13,55.45
2,0,0,0,12,3.15
3,0,0,0,13,194.33333333333334
3,0,0,0,13,194.33333333333334
3,0,0,0,13,194.33333333333334
3,0,0,0,13,194.33333333333334
4,0,0,0,12,70.33333333333333
4,0,0,0,12,70.33333333333333
6,0,0,0,6,51.416666666666664
7,0,0,0,12,312.23333333333335
8,0,0,0,12,6.633333333333334
8,0,0,0,12,6.633333333333334
8,5,0,0,12,32.85
8,5,0,0,12,32.85
6,0,0,0,12,-5.833333333333333
6,0,0,0,12,-5.833333333333333
6,0,0,0,12,-5.833333333333333
6,0,0,0,12,-5.833333333333333
1,0,0,0,6,23.45
6,0,0,0,12,15.766666666666667
4,0,0,1,6,5.666666666666667
3,0,0,0,6,3.3333333333333335
7,0,0,0,(MO3),20.766666666666666
4,0,0,0,12,49.833333333333336
4,0,0,0,12,49.833333333333336
9,0,1,0,14,5804.85
9,0,0,0,12,4054.866666666667
9,0,0,0,12,4054.866666666667
5,0,0,0,6,50.833333333333336
5,0,0,0,6,50.833333333333336
5,0,0,0,6,50.833333333333336
5,0,0,0,6,50.833333333333336
8,0,0,0,12,580.55
8,0,0,0,12,580.55
3,0,0,1,6,29.316666666666666
1,0,0,0,6,19.966666666666665
3,0,0,0,12,25.483333333333334
5,0,0,0,5,3029.5666666666666
1,0,0,0,6,2.7
8,0,0,0,12,242.71666666666667
8,0,0,0,12,242.71666666666667
8,0,0,0,12,835.85
8,0,0,0,12,835.85
4,0,0,0,12,215.66666666666666
3,0,0,0,6,191.08333333333334
3,0,0,0,6,191.08333333333334
1,0,0,0,6,14.333333333333334
1,0,0,0,6,14.333333333333334
7,10,0,0,12,4173.233333333334
7,10,0,0,12,4173.233333333334
7,10,0,0,12,4173.233333333334
1,0,0,0,12,364.6666666666667
1,0,0,0,6,24.666666666666668
5,0,0,0,6,47.483333333333334
5,0,0,0,6,47.483333333333334
3,0,0,0,6,26.816666666666666
1,0,0,0,6,1.35
1,0,0,0,12,21.683333333333334
3,0,0,0,12,13.883333333333333
3,0,0,0,12,13.883333333333333
3,0,0,0,12,13.883333333333333
3,0,0,0,12,13.883333333333333
4,0,0,0,6,553.2666666666667
4,0,0,0,6,553.2666666666667
7,0,0,0,6,16.816666666666666
1,0,0,0,12,13.566666666666666
2,0,0,0,6,20.9
1,0,0,0,9,2830.633333333333
1,0,0,0,5,118.1
4,0,0,0,12,1180.95
4,0,0,0,12,1180.95
2,0,0,0,12,47.5
2,0,0,0,12,47.5
2,0,0,0,12,47.5
2,0,0,0,12,47.5
2,0,0,0,12,27.333333333333332
2,0,0,0,12,27.333333333333332
1,0,0,0,6,15.066666666666666
9,0,0,0,12,118.4
9,0,0,0,12,118.4
2,0,0,0,6,23.583333333333332
2,0,0,0,6,23.583333333333332
2,0,0,0,6,23.583333333333332
4,0,1,0,14,26.45
4,0,1,0,14,26.45
3,0,0,0,12,21.916666666666668
1,0,0,0,12,97.96666666666667
1,0,0,0,6,26.366666666666667
7,0,1,2,12,17.933333333333334
7,0,1,2,12,17.933333333333334
7,0,1,2,12,17.933333333333334
7,0,1,2,12,17.933333333333334
4,0,0,0,12,121.46666666666667
6,0,0,0,6,1894.4833333333333
4,0,0,0,6,28.95
4,0,0,0,6,28.95
4,0,0,0,6,28.95
3,0,0,1,12,5.183333333333334
3,0,0,1,12,5.183333333333334
3,0,0,1,12,5.183333333333334
3,0,0,1,12,5.183333333333334
1,0,0,0,6,42.93333333333333
1,0,0,0,6,42.93333333333333
5,0,0,0,12,718.35
2,0,0,0,13,20.566666666666666
7,0,1,0,6,793.5
10,0,2,0,12,96.0
6,0,0,0,12,1681.9166666666667
6,0,0,0,6,28.016666666666666
6,0,0,0,6,28.016666666666666
6,0,0,0,6,28.016666666666666
6,0,0,0,6,28.016666666666666
6,0,0,0,6,28.016666666666666
6,0,0,0,6,28.016666666666666
3,0,0,0,12,-11.183333333333334
1,0,0,0,12,28.4
1,0,0,0,6,27.466666666666665
3,0,0,0,12,24.416666666666668
3,0,0,0,12,50.916666666666664
2,0,0,0,12,749.9
2,0,0,0,12,749.9
2,0,0,0,12,749.9
7,0,0,0,6,22.15
7,0,0,0,6,22.15
7,0,0,0,6,22.15
2,0,0,0,6,41.0
2,0,0,0,12,22.333333333333332
1,0,0,0,6,14.75
1,0,0,0,6,8.266666666666667
3,0,0,0,12,649.7166666666667
1,0,0,0,14,1041.8666666666666
1,0,0,0,6,22.416666666666668
6,0,1,0,13,27.35
6,0,1,0,13,27.35
6,0,1,0,13,27.35
6,0,1,0,13,27.35
3,0,0,0,6,21.2
6,0,0,0,12,1665.25
3,0,0,0,14,23.65
3,0,0,0,14,23.65
4,0,0,0,6,1353.05
4,0,0,0,6,1353.05
4,0,0,0,12,19.383333333333333
4,0,0,0,12,19.383333333333333
1,0,0,0,12,28.0
6,0,0,0,12,-4.233333333333333
6,0,0,0,12,-4.233333333333333
2,0,0,0,6,25.6
7,0,0,0,5,4083.1833333333334
8,0,0,0,12,981.05
1,0,0,0,6,21.083333333333332
3,0,0,0,12,23.216666666666665
1,0,0,0,6,21.783333333333335
1,0,0,0,6,21.783333333333335
2,0,0,0,13,2.2333333333333334
1,0,0,0,14,146.53333333333333
1,0,0,0,14,146.53333333333333
9,1,0,1,12,317.1333333333333
9,1,0,1,12,317.1333333333333
9,0,0,0,12,791.1833333333333
9,0,0,0,12,791.1833333333333
5,0,0,0,6,21.783333333333335
5,0,0,0,6,21.783333333333335
1,0,0,0,6,19.516666666666666
3,0,0,0,12,170.26666666666668
3,0,0,0,12,170.26666666666668
7,0,0,0,13,3559.8
7,0,0,0,13,3559.8
7,0,0,0,12,0.5
7,0,0,0,12,0.5
7,0,0,0,12,0.5
7,0,0,0,12,0.5
4,0,0,0,12,19.333333333333332
4,0,0,0,12,19.333333333333332
1,0,0,0,13,17.633333333333333
10,0,0,0,12,3460.7166666666667
3,0,0,0,12,-1.8166666666666667
1,0,0,0,6,50.666666666666664
8,0,3,1,6,28.666666666666668
6,2,0,0,6,44.18333333333333
6,2,0,0,6,44.18333333333333
4,0,0,0,12,55.45
4,0,0,0,12,53.666666666666664
4,0,0,0,12,217.68333333333334
4,0,0,0,12,217.68333333333334
4,0,0,0,12,217.68333333333334
2,0,0,0,12,22.833333333333332
5,0,0,0,12,28.516666666666666
1,0,0,0,12,22.0
1,0,0,0,12,22.0
8,0,0,0,6,22.683333333333334
1,0,0,0,6,31.9
1,0,0,0,12,22.5
1,0,0,0,6,20.783333333333335
7,0,0,0,12,25.366666666666667
7,0,0,0,12,25.366666666666667
4,0,0,0,5,101.95
3,0,0,0,12,18.283333333333335
3,0,0,0,12,18.283333333333335
3,0,0,0,12,18.283333333333335
1,0,0,0,6,3.6666666666666665
3,0,0,0,6,23.916666666666668
4,0,0,0,12,895.2
6,0,0,0,12,3577.8166666666666
6,0,0,0,12,3577.8166666666666
8,0,0,0,12,3857.483333333333
8,0,0,0,12,3857.483333333333
7,0,0,0,6,6645.75
3,0,0,0,5,188.16666666666666
3,0,0,0,12,54.45
3,0,0,0,12,54.45
3,0,0,0,12,54.45
6,0,0,0,13,1055.6166666666666
9,0,0,0,12,2454.733333333333
8,0,0,4,12,5157.4
2,0,0,0,12,18.65
2,0,0,0,12,18.65
4,0,0,0,12,337.85
4,0,0,0,12,337.85
7,0,0,0,12,8373.7
7,0,0,0,12,8373.7
7,1,0,1,5,1125.6333333333334
7,1,0,1,5,1125.6333333333334
5,0,0,0,5,21.216666666666665
5,0,0,0,5,21.216666666666665
7,0,0,0,12,148.15
4,0,0,0,12,27.35
4,0,0,0,12,27.35
1,0,0,0,12,814.2166666666667
1,0,0,0,12,814.2166666666667
8,0,0,0,5,717.35
1,0,0,0,6,23.466666666666665
7,0,1,0,12,20.9
7,0,1,0,12,20.9
7,0,1,0,12,20.9
7,0,1,0,12,20.9
7,0,1,0,12,20.9
5,0,0,0,6,53.583333333333336
5,0,0,0,6,53.583333333333336
5,0,0,0,6,53.583333333333336
5,0,0,0,12,49.166666666666664
5,0,0,0,12,49.166666666666664
7,0,0,0,12,24.133333333333333
7,0,0,0,12,24.133333333333333
7,0,0,0,12,24.133333333333333
5,0,0,0,6,7.033333333333333
1,0,0,0,6,22.983333333333334
2,0,0,0,5,23.783333333333335
2,0,0,0,6,22.666666666666668
9,0,0,0,12,1227.1333333333334
9,0,0,0,12,1227.1333333333334
9,0,0,0,12,1227.1333333333334
9,0,0,0,12,1227.1333333333334
1,0,0,0,12,888.5166666666667
1,0,0,0,12,888.5166666666667
4,0,0,0,6,30.316666666666666
4,0,0,0,6,30.316666666666666
8,0,0,0,13,3.8666666666666667
2,0,1,1,5,5.55
4,0,0,0,9,1025.6833333333334
4,0,0,0,9,1025.6833333333334
4,0,0,0,9,1025.6833333333334
2,0,1,0,12,17.033333333333335
1,0,0,0,12,26.516666666666666
1,0,0,0,12,26.516666666666666
1,0,0,0,12,48.733333333333334
4,0,0,0,5,-1.2
4,0,0,0,5,-1.2
4,0,0,1,6,23.033333333333335
2,0,0,0,6,26.35
1,0,0,0,6,2.3333333333333335
1,0,0,0,6,2.3333333333333335
4,0,0,0,12,137.3
4,0,0,0,12,137.3
6,0,0,0,12,544.6166666666667
6,0,0,0,12,544.6166666666667
10,0,0,1,12,17.216666666666665
10,0,0,1,12,17.216666666666665
10,0,0,1,12,17.216666666666665
1,0,0,0,12,-4.633333333333334
5,0,0,1,12,23.866666666666667
2,0,0,0,6,125.66666666666667
2,0,0,0,6,125.66666666666667
2,0,0,0,6,125.66666666666667
2,0,0,0,6,125.66666666666667
5,0,0,0,12,10.016666666666667
5,0,0,0,12,10.016666666666667
6,0,0,0,6,23.9
3,0,0,0,5,20.7
6,0,0,0,12,25.233333333333334
1,0,0,0,12,22.95
4,0,0,0,13,21.2
4,0,0,0,13,21.2
3,0,0,0,(MO3),25.783333333333335
9,3,0,1,12,1640.85
9,3,0,1,12,1640.85
9,3,0,1,12,1640.85
9,2,2,1,12,4318.833333333333
9,2,2,1,12,4318.833333333333
9,2,2,1,12,4318.833333333333
7,0,0,0,12,3.05
2,0,0,0,6,21.15
1,0,0,0,12,95.96666666666667
1,0,0,0,12,20.15
7,0,0,0,12,28.583333333333332
7,0,0,0,12,28.583333333333332
7,0,0,0,12,28.583333333333332
7,0,0,0,12,28.583333333333332
1,0,0,0,12,5830.816666666667
1,0,0,0,12,5830.816666666667
1,0,0,0,12,5830.816666666667
5,0,0,0,12,21.55
5,0,0,0,12,21.55
5,0,0,0,12,21.55
5,0,0,0,12,21.55
5,0,0,0,12,48.43333333333333
5,0,0,0,12,48.43333333333333
2,0,0,1,12,1224.9166666666667
2,0,0,1,12,1224.9166666666667
2,0,0,0,6,5.15
9,0,0,0,12,3342.3333333333335
6,1,0,0,12,17.483333333333334
6,1,0,0,12,17.483333333333334
1,0,0,0,6,47.516666666666666
2,0,0,0,12,2331.116666666667
4,0,0,0,12,16.766666666666666
8,0,0,0,12,22.983333333333334
1,0,0,0,12,1610.7333333333333
4,0,0,0,5,19.033333333333335
9,0,1,0,12,5739.033333333334
9,0,1,0,12,5739.033333333334
7,0,0,0,12,42.8
7,0,0,0,12,42.8
4,0,0,0,12,38.86666666666667
2,0,0,0,12,19.35
5,0,0,0,13,4.633333333333334
2,0,0,0,12,19.633333333333333
2,0,0,0,12,19.633333333333333
7,0,0,0,12,212.88333333333333
7,0,0,0,12,212.88333333333333
7,0,0,0,12,212.88333333333333
3,0,0,0,13,53.65
3,0,0,0,13,53.65
3,0,0,0,13,53.65
3,0,0,0,13,53.65
3,0,0,0,13,53.65
1,0,0,0,6,103.15
7,0,0,0,12,46.233333333333334
2,0,0,0,6,5.483333333333333
2,0,0,0,6,5.483333333333333
1,0,0,0,12,25.866666666666667
2,0,0,0,6,18.433333333333334
1,0,0,0,12,32.083333333333336
5,0,0,0,12,21.866666666666667
5,0,0,0,12,21.866666666666667
8,0,1,0,6,44.766666666666666
8,0,1,0,6,44.766666666666666
1,0,0,0,12,297.55
4,0,0,0,12,4.666666666666667
2,0,0,0,12,1.9
2,0,0,0,12,1.9
2,0,0,0,12,525.5833333333334
2,0,0,0,6,23.416666666666668
1,0,0,0,12,27.683333333333334
5,0,0,0,12,122.8
5,0,0,0,12,122.8
7,0,0,0,6,17.416666666666668
8,5,0,0,12,28.766666666666666
8,5,0,0,12,28.766666666666666
6,0,0,0,12,360.1333333333333
8,0,0,0,12,22.816666666666666
8,0,0,0,12,22.816666666666666
8,0,0,0,12,22.816666666666666
8,0,0,0,12,22.816666666666666
3,0,0,0,12,10198.783333333333
3,0,0,0,12,10198.783333333333
6,0,0,0,6,28.25
9,0,0,0,12,24.716666666666665
9,0,0,0,12,24.716666666666665
9,0,0,0,12,24.716666666666665
2,0,0,0,5,23.066666666666666
2,0,0,0,5,23.066666666666666
2,0,0,0,5,23.066666666666666
4,0,0,0,12,508.3333333333333
6,0,0,0,13,1825.1666666666667
6,0,0,0,13,1825.1666666666667
6,1,0,0,6,23.083333333333332
1,0,0,0,13,2841.766666666667
2,0,0,0,6,888.6833333333333
3,0,0,0,12,7.15
3,0,0,0,12,7.15
9,0,0,0,12,21.35
9,0,0,0,5,41.61666666666667
9,0,0,0,5,41.61666666666667
4,0,0,0,6,95.45
7,0,0,0,6,160.23333333333332
7,0,0,0,6,160.23333333333332
3,0,0,0,6,40.45
3,0,0,0,6,40.45
1,0,0,0,12,1586.1
2,0,0,0,12,91.43333333333334
1,0,0,0,12,534.9166666666666
1,0,0,0,5,4.616666666666666
3,0,0,1,12,15.116666666666667
1,0,0,0,13,54.96666666666667
2,0,0,0,12,-4.133333333333334
8,0,0,0,12,749.95
7,0,0,0,12,236.16666666666666
7,0,0,0,12,236.16666666666666
7,0,0,0,12,236.16666666666666
8,0,0,0,12,905.8166666666667
8,0,0,0,12,905.8166666666667
8,0,0,0,12,905.8166666666667
8,0,0,0,12,905.8166666666667
8,0,0,0,12,905.8166666666667
2,0,0,0,12,1134.4
2,0,0,0,12,1134.4
2,0,0,0,12,1134.4
2,0,0,0,12,1134.4
2,0,0,0,12,1134.4
2,0,0,0,12,1134.4
2,0,0,0,12,1134.4
3,0,0,0,12,4.65
3,0,0,0,12,4.65
4,0,0,0,12,45.46666666666667
4,0,0,0,12,45.46666666666667
4,0,0,0,12,45.46666666666667
6,0,0,0,6,24.4
6,0,0,0,6,24.4
2,0,0,0,6,6.066666666666666
3,0,0,0,6,216.96666666666667
1,0,0,0,12,19.066666666666666
5,0,0,0,12,16.483333333333334
10,0,2,0,12,1578.6833333333334
10,0,2,0,12,1578.6833333333334
10,0,2,0,12,1578.6833333333334
10,0,2,0,12,1578.6833333333334
10,0,2,0,12,1578.6833333333334
7,0,0,0,12,72.76666666666667
7,0,0,0,12,72.76666666666667
7,0,0,0,12,72.76666666666667
1,0,0,0,12,695.95
10,3,0,0,12,7242.683333333333
10,3,0,0,12,7242.683333333333
1,0,0,0,12,6.266666666666667
2,0,0,0,6,47.35
1,0,0,0,5,42.61666666666667
9,0,1,0,5,4239.833333333333
9,0,1,0,5,4239.833333333333
2,0,0,0,13,21.416666666666668
2,0,0,0,12,26.15
1,0,0,0,6,138.56666666666666
1,0,0,0,6,22.116666666666667
9,0,0,0,12,427.18333333333334
7,0,0,0,13,364.6
7,0,0,0,13,364.6
7,0,0,0,13,364.6
5,0,0,0,12,168.98333333333332
5,0,0,0,12,168.98333333333332
1,0,0,0,6,20.483333333333334
3,0,0,0,6,26.816666666666666
2,0,0,0,13,23.433333333333334
3,0,0,0,13,13.783333333333333
3,0,0,0,13,13.783333333333333
3,0,0,0,13,13.783333333333333
3,0,0,0,13,13.783333333333333
3,0,0,0,13,13.783333333333333
3,0,0,0,12,22.45
8,0,0,1,6,3009.4333333333334
8,0,0,1,6,3009.4333333333334
8,0,0,1,6,3009.4333333333334
2,0,0,0,5,24.783333333333335
10,0,0,0,12,2591.483333333333
4,0,0,0,12,1406.65
4,0,0,0,12,1406.65
4,0,0,0,12,1406.65
4,0,0,0,12,1406.65
3,0,0,0,6,21.15
3,0,0,0,6,21.15
3,0,0,0,6,21.15
1,0,0,0,12,24.216666666666665
1,0,0,0,12,24.216666666666665
2,0,0,0,12,314.6333333333333
2,0,0,0,12,314.6333333333333
5,0,0,0,12,119.76666666666667
1,0,0,0,6,445.56666666666666
1,0,0,0,6,445.56666666666666
1,0,0,0,6,445.56666666666666
6,0,1,0,13,30.35
1,0,0,0,13,46.63333333333333
1,0,0,0,12,0.2
1,0,0,0,12,0.2
10,0,0,1,12,1006.5333333333333
10,0,0,1,12,1006.5333333333333
10,0,0,1,12,1006.5333333333333
10,0,0,1,12,1006.5333333333333
8,0,0,0,12,837.85
8,0,0,0,12,837.85
2,0,0,0,12,944.5166666666667
2,0,0,0,12,944.5166666666667
3,0,0,0,12,7.283333333333333
1,0,0,0,6,151.85
1,0,0,0,6,151.85
4,0,0,0,12,64.0
4,0,0,0,12,64.0
2,0,0,0,6,23.4
1,0,0,0,6,23.216666666666665
1,0,0,0,6,23.216666666666665
4,0,0,0,12,-10.85
6,0,0,0,12,2862.55
6,0,0,0,12,2862.55
6,0,0,0,12,2862.55
3,0,0,0,6,20.75
1,0,0,0,6,23.15
8,1,0,0,14,12650.066666666668
2,0,0,0,12,3002.2
3,0,0,0,6,14.85
2,0,0,0,6,29.7
8,0,0,0,12,43.083333333333336
8,0,0,0,12,43.083333333333336
6,0,0,0,12,21.5
8,0,0,0,12,120.78333333333333
8,0,0,0,12,120.78333333333333
8,0,0,0,12,120.78333333333333
8,0,0,0,12,120.78333333333333
8,0,0,0,12,120.78333333333333
6,0,0,0,12,16.016666666666666
4,0,0,0,13,4737.416666666667
5,0,0,0,12,21.4
5,0,0,0,12,54.78333333333333
10,0,0,2,12,-10.633333333333333
10,0,0,2,12,-10.633333333333333
2,0,0,0,6,17.533333333333335
2,0,0,0,6,26.966666666666665
1,0,0,0,12,21.416666666666668
7,0,0,0,12,1658.3166666666666
7,0,0,0,12,1658.3166666666666
6,0,0,0,12,77.33333333333333
6,0,0,0,12,77.33333333333333
1,0,0,0,13,53.96666666666667
2,0,0,0,6,-4.483333333333333
2,0,0,0,6,122.21666666666667
2,0,0,0,6,122.21666666666667
2,0,0,0,6,122.21666666666667
1,0,0,0,6,28.783333333333335
7,0,0,1,12,5683.35
10,0,0,0,5,381.43333333333334
2,0,0,0,13,551.6666666666666
8,0,0,0,12,6051.533333333334
8,0,0,0,12,6051.533333333334
8,0,0,0,12,6051.533333333334
2,0,0,0,12,26.15
9,0,0,0,12,23.366666666666667
2,0,0,0,12,67.0
2,0,0,0,12,67.0
2,0,0,0,12,67.0
2,0,0,0,12,67.0
3,0,0,0,13,4615.616666666667
4,0,0,0,6,282.76666666666665
3,0,0,0,12,29.483333333333334
3,0,0,0,12,29.483333333333334
1,0,0,0,12,670.3833333333333
2,0,0,0,12,24.75
2,0,0,0,12,24.75
2,0,0,0,12,26.05
2,0,0,0,12,26.05
1,0,0,0,13,1466.4833333333333
9,0,0,0,14,680.25
9,0,0,0,14,680.25
10,1,0,0,12,10540.233333333334
10,1,0,0,12,10540.233333333334
3,0,0,0,12,240.0
3,0,0,0,12,240.0
4,0,0,0,12,4203.116666666667
5,0,0,0,12,44.233333333333334
5,0,0,0,12,44.233333333333334
5,0,0,0,12,44.233333333333334
8,0,0,0,6,76.08333333333333
6,0,0,0,12,25.7
6,0,0,0,12,25.7
7,0,0,0,12,363.48333333333335
7,0,0,0,12,363.48333333333335
7,0,0,0,12,363.48333333333335
7,0,0,0,12,363.48333333333335
1,0,0,0,6,29.566666666666666
1,0,0,0,6,29.566666666666666
4,0,0,0,12,49.516666666666666
4,0,0,0,12,49.516666666666666
1,0,0,0,6,21.233333333333334
10,0,0,0,6,3246.5833333333335
2,0,0,0,6,20.6
9,0,0,0,6,40.5
1,0,0,0,12,23.316666666666666
4,0,0,0,6,1988.6166666666666
4,0,0,0,6,1988.6166666666666
4,0,0,0,6,1988.6166666666666
3,0,0,0,12,337.1166666666667
8,0,0,0,9,47.3
8,0,0,0,9,47.3
3,2,0,0,12,17.266666666666666
5,0,0,0,12,120.9
8,0,0,0,12,3.7
8,0,0,0,12,3.7
4,0,0,0,6,2496.5666666666666
7,0,0,2,6,23.566666666666666
9,0,0,0,12,22.733333333333334
1,0,0,0,6,16.416666666666668
3,0,0,0,12,22.8
3,0,0,0,12,22.8
8,0,0,0,12,27.166666666666668
8,0,0,0,12,27.166666666666668
8,0,0,0,12,27.166666666666668
1,0,0,0,9,2007.5166666666667
1,0,0,0,9,2007.5166666666667
1,0,0,0,9,2007.5166666666667
6,0,0,0,5,22.5
6,0,0,0,5,22.5
9,0,2,0,12,16274.633333333333
2,0,0,0,14,957.5166666666667
2,0,0,0,12,28.833333333333332
2,0,0,0,12,2029.7166666666667
2,0,0,0,12,2029.7166666666667
2,0,0,0,6,18.55
6,0,0,0,12,76.26666666666667
6,0,0,0,12,76.26666666666667
6,0,0,0,12,76.26666666666667
5,0,0,0,6,78.63333333333334
5,0,0,0,6,78.63333333333334
7,0,0,0,6,22.716666666666665
7,0,0,0,6,22.716666666666665
7,0,0,0,6,22.716666666666665
3,0,0,0,6,17.983333333333334
8,0,1,0,12,8280.533333333333
1,0,0,0,6,5.833333333333333
1,0,0,0,6,5.833333333333333
3,0,0,0,12,23.733333333333334
2,0,0,0,12,23.95
5,0,0,0,12,2.65
2,0,0,0,12,19.85
8,0,2,0,12,293.3833333333333
5,0,0,0,12,430.26666666666665
4,0,0,0,12,169.43333333333334
4,0,0,0,12,169.43333333333334
4,0,0,0,12,169.43333333333334
2,0,0,0,12,21.633333333333333
2,0,0,0,6,27.85
5,0,0,0,6,240.33333333333334
3,0,0,0,12,44.95
3,0,0,0,12,44.95
2,0,0,0,12,24.533333333333335
4,0,0,0,12,964.1333333333333
3,0,0,0,13,18.933333333333334
4,0,0,0,13,886.1166666666667
4,0,0,0,13,886.1166666666667
1,0,0,0,12,1613.8833333333334
5,0,0,0,12,1220.4666666666667
1,0,0,0,12,23.883333333333333
1,0,0,0,6,47.15
1,0,0,0,6,5.183333333333334
6,0,1,3,13,30.1
10,0,0,1,13,20.516666666666666
10,0,0,1,13,20.516666666666666
10,3,0,1,6,113.5
10,3,0,1,6,113.5
10,3,0,1,6,113.5
10,3,0,1,6,113.5
9,0,0,1,6,21.5
9,0,0,1,6,21.5
9,0,0,1,6,21.5
9,0,0,0,12,23.866666666666667
5,0,0,0,12,650.1666666666666
5,0,0,0,12,650.1666666666666
5,0,0,0,12,650.1666666666666
1,0,0,0,12,24.183333333333334
1,0,0,0,12,24.183333333333334
2,0,0,0,6,21.333333333333332
7,0,0,1,12,26.166666666666668
7,0,0,1,12,26.166666666666668
2,0,0,0,12,27.85
2,0,0,0,12,27.85
2,0,0,0,12,27.85
2,0,0,0,12,27.85
6,0,0,0,12,111.91666666666667
8,0,0,0,12,45.983333333333334
8,0,0,0,12,45.983333333333334
5,0,0,0,12,13.583333333333334
3,0,0,0,12,15.283333333333333
3,0,0,0,12,6.683333333333334
3,0,0,0,12,6.683333333333334
1,0,0,0,6,4.45
1,0,0,0,6,4.65
6,0,0,0,6,24.033333333333335
6,0,0,0,6,24.033333333333335
5,0,0,0,12,26.866666666666667
1,0,0,0,6,15.95
6,0,0,0,13,23.366666666666667
6,0,0,0,13,23.366666666666667
6,0,0,0,13,23.366666666666667
8,0,0,0,12,30.633333333333333
8,0,0,0,12,30.633333333333333
8,0,0,0,12,30.633333333333333
5,0,0,0,12,482.18333333333334
1,0,0,0,12,-2.7
6,0,0,0,13,798.2
3,0,0,0,12,23.05
5,0,0,0,5,45.083333333333336
5,0,0,0,5,45.083333333333336
1,0,0,0,12,17.383333333333333
1,0,0,0,12,143.8
1,0,0,0,12,143.8
1,0,0,0,6,48.583333333333336
1,0,0,0,6,48.583333333333336
7,0,0,0,12,96.25
1,0,0,0,9,1167.6
7,0,0,0,14,8689.933333333332
1,0,0,0,6,21.3
3,10,0,0,5,20.9
1,0,0,0,12,-4.8
4,0,0,0,14,1371.85
4,0,0,0,6,46.766666666666666
4,0,0,0,6,46.766666666666666
8,0,0,2,12,50.733333333333334
8,0,0,2,12,50.733333333333334
8,0,0,2,12,50.733333333333334
1,0,0,0,12,24.95
1,0,0,0,6,14.45
10,0,0,0,13,39.3
1,0,0,0,13,127.43333333333334
1,0,0,0,13,127.43333333333334
4,0,0,0,12,86.01666666666667
4,0,0,0,12,86.01666666666667
4,0,0,0,12,86.01666666666667
9,0,0,0,12,3334.1833333333334
9,0,0,0,12,3334.1833333333334
7,0,0,0,6,19.35
6,0,0,0,12,19.633333333333333
6,0,0,0,12,19.633333333333333
2,0,0,0,5,30.85
5,0,0,2,12,17.5
5,0,0,2,12,17.5
5,0,0,2,12,17.5
2,0,0,0,9,1293.6333333333334
2,0,0,0,6,53.8
5,0,0,0,5,45.11666666666667
3,0,0,0,6,0.9833333333333333
7,0,0,0,9,16150.433333333332
1,0,0,0,6,19.15
6,2,0,0,12,170.45
4,0,1,0,12,89.91666666666667
10,0,0,0,12,2497.2
10,0,0,0,12,2497.2
10,0,0,0,12,2497.2
8,0,0,0,12,18.166666666666668
8,0,0,0,12,18.166666666666668
4,0,0,0,12,985.1666666666666
4,0,0,0,12,985.1666666666666
4,0,0,0,12,985.1666666666666
3,0,0,0,13,45.6
6,0,0,0,(MO3),151.9
1,0,0,0,14,215.9
2,0,0,0,5,145.96666666666667
5,0,0,0,5,27.466666666666665
5,0,0,0,5,27.466666666666665
6,0,0,0,6,10437.4
1,0,0,0,6,23.733333333333334
9,0,0,2,12,848.0
9,0,0,2,12,848.0
9,0,0,2,12,848.0
9,0,0,2,12,848.0
9,0,0,2,12,848.0
9,0,0,2,12,848.0
9,0,0,2,12,848.0
9,0,0,2,12,848.0
9,0,1,0,6,21.333333333333332
9,0,1,0,6,21.333333333333332
1,0,0,0,12,70.01666666666667
7,0,0,0,12,19.65
7,0,0,0,12,19.65
1,0,0,0,5,25.6
8,0,0,0,12,22.65
4,0,0,0,11,893.2
4,0,0,0,11,893.2
7,0,0,3,12,28.3
9,1,0,0,13,72.68333333333334
9,1,0,0,13,72.68333333333334
4,0,0,0,5,49.06666666666667
6,0,0,0,12,2852.633333333333
3,0,0,0,6,2405.6666666666665
7,1,2,5,5,171.11666666666667
7,1,2,5,5,171.11666666666667
7,1,2,5,5,171.11666666666667
5,0,0,0,6,21.433333333333334
5,0,0,0,6,21.433333333333334
5,0,0,0,6,21.433333333333334
6,0,0,0,6,21.25
9,0,0,0,12,187.01666666666668
3,0,0,0,12,2631.5
1,0,0,0,6,24.883333333333333
1,0,0,0,6,32.516666666666666
2,0,0,0,12,606.8333333333334
8,0,0,0,12,2561.3333333333335
8,0,0,0,12,2561.3333333333335
5,1,0,0,12,644.3
2,0,0,0,12,25.75
5,0,0,0,6,188.73333333333332
2,0,0,0,6,29.45
5,0,1,0,6,14.633333333333333
5,0,1,0,6,14.633333333333333
8,1,1,1,12,51.38333333333333
8,1,1,1,12,51.38333333333333
7,0,0,0,6,13.05
4,0,0,0,12,4.5
4,0,0,0,12,4.5
9,0,0,0,5,1887.3833333333334
9,0,0,0,5,1887.3833333333334
9,0,0,0,5,1887.3833333333334
2,0,0,0,12,-3.933333333333333
1,0,0,0,12,77.45
1,0,0,0,12,77.45
1,0,0,0,6,24.533333333333335
3,0,0,0,6,170.46666666666667
2,0,0,0,12,2973.9333333333334
2,0,0,0,12,2973.9333333333334
2,0,0,0,12,2973.9333333333334
2,0,0,0,12,2973.9333333333334
1,0,0,0,12,1942.1666666666667
1,0,0,0,12,1942.1666666666667
1,0,0,0,12,1942.1666666666667
1,0,0,0,12,408.73333333333335
8,0,0,0,6,17977.75
8,0,0,0,6,17977.75
8,0,0,0,6,17977.75
6,0,0,0,12,-11.35
10,1,0,0,12,140.78333333333333
5,0,0,0,12,19.583333333333332
5,0,0,0,12,19.583333333333332
1,0,0,0,6,27.933333333333334
2,0,0,0,12,21.25
2,0,0,0,12,21.25
1,0,0,0,14,3896.7833333333333
3,0,0,0,12,25.2
4,0,0,0,13,14.266666666666667
4,0,0,0,13,14.266666666666667
4,0,0,0,13,14.266666666666667
4,0,0,0,13,14.266666666666667
1,0,0,0,12,31.433333333333334
2,0,0,0,13,342.5833333333333
2,0,0,0,6,678.0333333333333
2,0,0,0,6,678.0333333333333
3,0,0,0,12,72.21666666666667
1,0,0,0,5,22.4
4,0,0,0,12,260.35
3,0,0,1,12,51.416666666666664
1,0,0,0,5,22.916666666666668
1,0,0,0,5,20.383333333333333
5,0,0,0,5,2.566666666666667
5,0,0,0,5,2.566666666666667
5,0,0,0,5,2.566666666666667
1,0,0,0,6,23.0
5,0,0,0,12,124.41666666666667
2,0,0,0,12,15.7
2,0,0,0,12,43.483333333333334
1,0,0,0,6,20.716666666666665
1,0,0,0,5,29.283333333333335
2,0,0,0,12,28.033333333333335
1,0,0,0,12,72.1
1,0,0,0,12,23.216666666666665
1,0,0,0,12,23.216666666666665
2,0,2,0,6,524.75
1,0,0,0,6,719.2166666666667
1,0,0,0,6,41.28333333333333
5,0,0,0,12,21.566666666666666
5,0,0,0,12,21.566666666666666
5,0,0,0,12,21.566666666666666
9,0,0,1,14,1682.25
9,0,0,1,14,1682.25
1,0,0,0,6,21.75
7,0,0,0,6,1244.6333333333334
7,0,0,0,6,1244.6333333333334
7,0,0,0,6,1244.6333333333334
7,0,0,0,6,1244.6333333333334
7,0,0,0,6,1244.6333333333334
7,0,0,0,6,1244.6333333333334
1,0,0,0,12,26.233333333333334
3,0,0,0,12,221.4
3,0,0,0,12,221.4
9,0,0,0,12,27.133333333333333
9,0,0,0,12,27.133333333333333
9,0,0,0,12,27.133333333333333
9,0,0,0,12,27.133333333333333
4,0,0,0,12,-5.55
7,0,0,0,12,15.416666666666666
7,0,0,0,12,15.416666666666666
2,0,0,0,12,24.116666666666667
4,0,0,0,12,21.666666666666668
7,0,0,1,6,552.4833333333333
7,0,0,1,6,552.4833333333333
7,0,0,1,6,552.4833333333333
1,0,0,0,6,20.483333333333334
1,0,0,0,6,32.28333333333333
8,0,0,0,12,815.7166666666667
8,0,0,0,12,815.7166666666667
8,0,0,0,12,815.7166666666667
8,0,0,0,12,815.7166666666667
8,0,0,0,12,815.7166666666667
6,0,0,0,12,6959.1
1,0,0,0,13,6.55
8,1,0,0,12,359.18333333333334
10,0,0,0,13,43.81666666666667
9,0,0,0,12,2690.016666666667
9,0,0,0,12,2690.016666666667
3,0,0,0,5,29.083333333333332
1,0,0,0,6,191.88333333333333
1,0,0,0,6,191.88333333333333
3,0,0,0,12,15.583333333333334
1,0,0,0,12,18.15
3,0,0,0,12,22.983333333333334
4,0,0,0,12,145.75
6,0,0,0,13,353.1
10,0,0,0,12,699.9166666666666
10,0,0,0,12,699.9166666666666
5,0,0,0,12,816.1833333333333
10,0,0,0,12,7683.433333333333
2,0,0,0,14,-3.433333333333333
7,0,0,0,6,44.166666666666664
4,0,0,0,12,21.4
5,0,0,0,12,48.38333333333333
5,0,0,0,12,48.38333333333333
5,0,0,0,12,48.38333333333333
-1,0,0,0,12,15.566666666666666
5,0,0,0,12,41.46666666666667
5,0,0,0,12,41.46666666666667
5,0,0,0,12,41.46666666666667
3,0,0,0,12,1507.3166666666666
3,0,0,0,12,1507.3166666666666
9,0,0,0,12,4794.95
9,0,0,0,12,4794.95
9,0,0,0,12,4794.95
1,0,0,0,5,457.76666666666665
1,0,0,0,13,19.983333333333334
6,0,0,0,12,1002.5
6,0,0,0,12,1002.5
6,0,0,0,12,1002.5
6,0,0,0,12,21.1
6,0,0,0,13,482.51666666666665
1,0,0,0,5,356.6166666666667
1,0,0,0,6,31.183333333333334
8,2,0,0,13,17182.433333333334
2,0,0,0,12,28.966666666666665
5,0,0,0,5,22.966666666666665
5,0,0,0,5,22.966666666666665
7,0,0,0,12,596.65
7,0,0,0,12,15865.183333333332
5,0,0,0,6,23.683333333333334
5,0,0,0,6,37.81666666666667
4,0,0,0,13,21.05
4,0,0,0,13,21.05
3,0,0,0,6,28.3
2,0,0,0,5,94.56666666666666
9,0,0,0,12,3.716666666666667
9,0,0,0,12,3.716666666666667
3,0,0,0,5,23.766666666666666
1,0,0,0,6,26.0
1,0,0,0,6,24.2
7,0,0,0,12,20.2
7,0,0,0,12,20.2
7,0,0,0,12,20.2
5,0,0,0,12,26.116666666666667
4,0,0,0,13,26.15
4,0,0,0,13,26.15
5,0,0,0,12,46.11666666666667
5,0,0,0,12,5516.683333333333
6,0,0,1,12,26.1
6,0,0,1,12,26.1
6,0,0,1,12,26.1
6,0,0,1,12,26.1
3,0,0,0,12,29.1
3,0,0,0,12,29.1
6,0,0,0,12,50.95
6,0,0,0,12,461.0
9,0,0,0,6,183.81666666666666
10,0,0,0,12,16.366666666666667
10,0,0,0,12,16.366666666666667
6,0,0,0,12,21.983333333333334
6,0,0,0,12,21.983333333333334
1,0,0,0,6,22.4
1,0,0,0,6,22.4
7,0,0,1,12,847.25
2,0,0,2,6,221.26666666666668
8,0,0,0,5,626.1
2,0,0,0,12,20.033333333333335
5,0,0,0,6,3.1666666666666665
3,0,0,0,6,20.8
4,0,0,0,12,27.283333333333335
4,0,0,0,12,27.283333333333335
4,0,0,0,12,27.283333333333335
4,0,0,0,12,27.283333333333335
5,0,0,0,12,4940.183333333333
2,0,0,0,6,23.833333333333332
2,0,0,0,6,16.333333333333332
9,0,0,0,12,1323.3833333333334
9,0,0,0,12,1323.3833333333334
5,0,0,0,12,189.86666666666667
5,0,0,0,12,189.86666666666667
5,0,0,0,5,360.4
5,0,0,0,5,360.4
5,0,0,0,5,360.4
5,0,0,0,6,768.1666666666666
5,0,0,0,6,768.1666666666666
1,0,0,0,6,0.38333333333333336
1,0,0,0,6,63.03333333333333
4,0,0,0,12,1369.7
7,0,0,0,6,152.63333333333333
7,0,0,0,6,152.63333333333333
3,0,0,0,9,93.66666666666667
10,0,0,0,12,2065.7833333333333
10,0,0,0,12,2065.7833333333333
10,0,0,0,12,2065.7833333333333
10,0,0,0,12,2065.7833333333333
3,0,0,0,12,22.066666666666666
2,0,0,0,13,27.05
1,0,0,0,6,20.383333333333333
8,0,0,0,12,18.466666666666665
8,0,0,0,12,18.466666666666665
1,0,0,0,6,23.333333333333332
3,0,0,0,12,740.0333333333333
3,0,0,0,12,740.0333333333333
3,0,0,0,12,740.0333333333333
1,0,0,0,12,234.03333333333333
5,0,0,0,12,722.7166666666667
5,0,0,0,12,722.7166666666667
8,0,0,0,6,7557.633333333333
8,0,0,0,6,7557.633333333333
6,0,0,0,12,55.083333333333336
6,0,0,0,12,55.083333333333336
6,0,0,0,12,55.083333333333336
6,0,0,0,12,55.083333333333336
3,0,0,0,12,25.883333333333333
7,0,1,0,12,798.6666666666666
4,0,0,0,13,29.816666666666666
8,0,0,0,12,44.11666666666667
8,0,0,0,12,44.11666666666667
8,0,0,0,12,502.98333333333335
8,0,0,0,12,502.98333333333335
9,0,0,1,12,268.2
9,0,0,1,12,268.2
9,0,0,1,12,268.2
7,0,0,1,6,4.0
7,0,0,1,6,4.0
10,0,1,0,12,43.7
10,0,1,0,12,43.7
10,0,1,0,12,43.7
9,0,0,0,12,5.716666666666667
9,0,0,0,12,5.716666666666667
9,0,0,0,12,5.716666666666667
6,0,0,0,13,1086.4833333333333
10,0,0,0,5,208.25
10,0,0,0,5,208.25
10,0,0,0,5,208.25
6,0,0,0,6,717.9
6,0,0,0,6,717.9
1,0,0,0,12,15.816666666666666
7,0,0,0,12,21.0
7,0,0,0,12,21.0
7,2,0,0,12,-2.6
7,2,0,0,12,-2.6
7,2,0,0,12,-2.6
7,2,0,0,12,-2.6
6,0,0,1,12,21.4
6,0,0,1,12,21.4
7,0,0,0,12,4.366666666666666
6,0,0,0,12,6.216666666666667
6,0,0,0,12,6.216666666666667
6,0,0,0,12,6.216666666666667
6,0,0,0,12,6.216666666666667
6,0,0,0,12,6.216666666666667
2,0,0,0,12,3001.766666666667
2,0,0,0,12,3001.766666666667
2,0,0,0,12,3001.766666666667
2,0,0,0,12,3001.766666666667
2,0,0,0,12,3001.766666666667
1,0,0,0,6,-11.7
8,0,1,0,13,14.333333333333334
8,0,1,0,13,14.333333333333334
8,0,1,0,13,14.333333333333334
7,0,0,0,12,0.25
7,0,0,0,12,0.25
3,0,0,0,9,47.483333333333334
3,0,0,0,9,47.483333333333334
3,0,0,0,9,47.483333333333334
2,0,0,0,6,14.883333333333333
6,0,0,0,6,22.9
6,0,0,0,6,22.9
6,0,0,0,6,22.9
7,0,0,0,12,1629.8666666666666
7,0,0,0,12,1629.8666666666666
7,0,0,0,12,1629.8666666666666
7,0,0,0,12,1629.8666666666666
1,0,0,0,12,28.8
1,0,0,0,12,28.8
1,0,0,0,12,28.8
8,0,0,0,5,1194.4
8,0,0,0,5,1194.4
8,0,0,0,5,1194.4
8,0,0,0,5,1194.4
8,0,0,0,5,1194.4
8,0,0,0,5,1194.4
1,0,0,0,12,24.05
1,0,0,0,12,24.05
1,0,0,0,12,24.05
1,0,0,0,12,24.05
1,0,0,0,12,24.05
1,0,0,0,12,24.05
1,0,0,0,12,24.05
1,0,0,0,12,24.05
1,0,0,0,12,24.05
1,0,0,0,12,24.05
6,0,0,0,6,40.516666666666666
2,0,0,0,12,1195.4333333333334
1,0,0,0,13,23.966666666666665
1,0,0,0,12,373.0
2,0,0,0,6,29.133333333333333
3,0,0,0,12,21.583333333333332
4,0,0,0,12,28.3
4,0,0,0,12,28.3
1,0,0,0,13,20.566666666666666
3,0,0,0,5,48.016666666666666
1,0,0,0,6,22.333333333333332
3,0,0,0,12,214.5
4,0,0,0,5,44.733333333333334
4,0,0,0,5,44.733333333333334
2,0,0,0,12,31.05
2,0,0,0,12,31.05
10,0,0,0,12,53.43333333333333
4,0,0,0,12,1559.4666666666667
4,0,0,0,12,1559.4666666666667
1,0,0,0,12,65.43333333333334
4,0,0,0,12,48.63333333333333
5,0,0,0,12,5.6
5,0,0,0,12,5.6
2,0,0,0,6,22.616666666666667
9,0,1,0,5,74.53333333333333
9,0,1,0,5,74.53333333333333
9,0,1,0,5,74.53333333333333
9,0,1,0,5,74.53333333333333
9,0,1,0,13,71.63333333333334
6,0,0,0,6,2761.4333333333334
6,0,0,0,6,2761.4333333333334
6,0,0,0,6,2761.4333333333334
1,0,0,0,6,0.8666666666666667
2,0,0,0,12,22.0
8,0,0,0,5,137.51666666666668
8,0,0,0,5,137.51666666666668
8,0,0,0,5,137.51666666666668
8,0,0,0,5,137.51666666666668
8,0,0,0,5,137.51666666666668
10,0,0,0,(MO3),640.45
10,0,0,0,(MO3),640.45
6,0,0,0,6,3.75
1,0,0,0,6,4.933333333333334
4,0,0,0,12,27.85
5,0,0,0,12,16.116666666666667
5,0,0,0,12,16.116666666666667
5,0,0,0,12,16.116666666666667
7,0,0,0,12,318.6166666666667
7,0,0,0,12,318.6166666666667
7,0,0,0,12,318.6166666666667
2,0,0,0,6,75.03333333333333
1,0,0,0,5,25.1
5,0,0,0,12,26.466666666666665
5,0,0,0,12,26.466666666666665
9,0,0,0,12,1301.3333333333333
5,0,0,0,13,26.283333333333335
5,0,0,0,13,26.283333333333335
5,0,0,0,5,48.56666666666667
5,0,0,0,12,4.25
1,0,0,0,6,23.75
4,0,0,0,12,74.23333333333333
4,0,0,0,12,74.23333333333333
6,0,0,0,6,168.03333333333333
6,0,0,0,6,168.03333333333333
6,0,0,0,6,168.03333333333333
6,0,0,0,6,168.03333333333333
5,0,0,0,6,1902.15
5,0,0,0,6,1902.15
5,0,0,0,6,1902.15
5,0,0,0,12,28.016666666666666
2,0,0,0,12,3.1333333333333333
2,0,0,0,12,3.1333333333333333
2,0,0,0,12,3.1333333333333333
8,0,0,0,6,218.61666666666667
8,0,0,0,6,218.61666666666667
10,0,1,0,12,30.6
10,0,1,0,12,30.6
4,0,0,0,6,4.983333333333333
5,0,0,0,6,645.7
6,0,0,0,12,217.23333333333332
2,0,0,0,5,3.45
6,0,0,0,6,356.01666666666665
6,0,0,0,6,356.01666666666665
6,0,0,0,6,356.01666666666665
9,0,0,1,12,4598.65
9,0,0,1,12,4598.65
1,0,0,0,12,16.4
8,0,0,2,12,23.716666666666665
8,0,0,2,12,23.716666666666665
8,0,0,0,12,-4.4
8,0,0,0,12,-4.4
2,0,0,0,12,100.0
2,0,0,0,6,23.15
1,0,0,0,6,-1.8166666666666667
7,0,0,0,12,833.05
1,0,0,0,12,6.333333333333333
4,0,0,0,12,23.383333333333333
7,0,0,0,12,2.4833333333333334
9,0,0,0,12,813.6166666666667
9,0,0,0,12,813.6166666666667
9,0,0,0,12,813.6166666666667
9,0,0,0,12,813.6166666666667
9,0,0,0,12,813.6166666666667
4,0,0,0,12,14.966666666666667
5,0,0,0,12,-10.85
2,0,0,0,5,236.4
4,0,0,0,12,7.516666666666667
5,0,0,0,12,21.616666666666667
3,0,0,0,12,121.73333333333333
3,0,0,0,12,121.73333333333333
5,0,0,0,6,41.61666666666667
5,0,0,0,6,41.61666666666667
8,3,0,0,12,201.53333333333333
8,3,0,0,12,201.53333333333333
4,0,0,0,6,39.75
4,0,0,0,6,39.75
4,0,0,0,6,39.75
2,0,0,0,12,23.033333333333335
2,0,0,0,12,23.033333333333335
2,0,0,0,12,166.51666666666668
1,0,0,0,13,14.166666666666666
2,0,0,0,12,167.1
1,0,0,0,12,20.733333333333334
1,0,0,0,5,27.95
1,0,0,0,6,42.416666666666664
2,0,0,0,12,22.066666666666666
2,0,0,0,12,22.066666666666666
2,0,0,0,12,22.066666666666666
2,0,0,0,12,22.066666666666666
2,0,0,0,12,22.066666666666666
2,0,0,0,12,22.066666666666666
2,0,0,0,12,22.066666666666666
2,0,0,0,12,22.066666666666666
2,0,0,0,12,22.066666666666666
5,0,0,0,12,14.616666666666667
1,0,0,0,6,6.45
1,0,0,0,6,6.45
2,0,0,0,6,845.75
7,0,0,0,12,19.3
7,0,0,0,12,19.3
1,0,0,0,12,20.966666666666665
2,0,0,0,12,17.533333333333335
8,0,0,0,6,21.283333333333335
4,0,0,0,12,18.3
1,0,0,0,12,14.616666666666667
7,0,0,1,6,16.05
7,0,0,1,6,16.05
2,0,0,0,12,18.75
10,0,1,1,12,99.63333333333334
10,0,1,1,12,99.63333333333334
10,0,1,1,12,99.63333333333334
10,0,1,1,12,99.63333333333334
10,0,1,1,12,99.63333333333334
10,0,1,1,12,99.63333333333334
2,0,0,0,12,6.5
9,0,0,0,12,9864.183333333332
3,0,0,0,12,21.083333333333332
1,0,0,0,6,6.1
4,0,0,0,12,6575.15
6,0,0,0,6,2385.65
2,0,0,0,12,25.766666666666666
4,0,0,0,12,1589.6833333333334
4,0,0,0,12,1589.6833333333334
4,0,0,0,12,1589.6833333333334
4,0,0,0,12,1589.6833333333334
4,0,0,0,12,1589.6833333333334
4,0,0,0,12,1589.6833333333334
4,0,0,0,12,38.5
4,0,0,0,12,38.5
4,0,0,0,12,38.5
9,5,0,0,12,23.25
5,0,0,0,6,24.683333333333334
6,0,0,0,12,1177.8833333333334
6,0,0,0,12,1177.8833333333334
6,0,0,0,12,1177.8833333333334
6,0,0,0,12,1177.8833333333334
6,0,0,0,12,1177.8833333333334
5,0,0,0,12,27.366666666666667
6,0,1,0,12,27.35
6,0,1,0,12,27.35
6,0,1,0,12,27.35
4,0,1,0,12,29.666666666666668
4,0,1,0,12,29.666666666666668
4,0,0,0,13,2310.9
4,0,0,0,13,2310.9
3,0,0,0,12,46.6
3,0,0,0,12,46.6
3,0,0,0,12,46.6
1,0,0,0,12,14.583333333333334
1,0,0,0,12,14.583333333333334
2,0,0,0,6,24.883333333333333
2,0,0,0,6,29.966666666666665
6,1,2,0,12,20.3
6,1,2,0,12,20.3
3,0,0,0,12,28.916666666666668
3,0,0,0,12,28.916666666666668
3,0,0,0,12,28.916666666666668
3,0,0,0,12,28.916666666666668
3,0,0,0,12,28.916666666666668
1,0,0,0,14,21.933333333333334
9,0,0,2,(MO3),148.93333333333334
9,0,0,2,(MO3),148.93333333333334
9,0,0,2,(MO3),148.93333333333334
9,0,0,2,(MO3),148.93333333333334
9,0,0,2,(MO3),148.93333333333334
9,0,0,2,(MO3),148.93333333333334
9,0,0,2,(MO3),148.93333333333334
9,0,0,2,(MO3),148.93333333333334
2,0,0,0,12,31.083333333333332
4,0,1,0,6,32.3
7,0,0,0,12,4480.9
7,0,0,0,12,4480.9
3,1,0,0,13,20.35
1,0,0,0,6,50.666666666666664
4,0,0,0,12,67.86666666666666
1,0,0,0,12,20.616666666666667
5,0,0,0,6,20.2
9,1,3,2,5,685.9
9,1,3,2,5,685.9
9,1,3,2,5,685.9
2,0,0,0,6,117.88333333333334
2,0,0,0,6,13.516666666666667
4,0,0,0,12,21.15
8,0,0,0,12,77.2
5,0,0,0,13,1414.8833333333334
5,0,0,0,13,1414.8833333333334
5,0,0,0,13,1414.8833333333334
5,0,0,2,12,25.4
5,0,0,2,12,25.4
1,0,0,0,6,26.433333333333334
5,0,0,0,12,40.38333333333333
5,0,0,0,12,40.38333333333333
5,0,0,0,12,40.38333333333333
4,0,0,0,6,39.9
4,0,0,0,6,570.0333333333333
4,0,0,0,6,570.0333333333333
6,0,1,2,5,6.983333333333333
6,0,1,2,5,6.983333333333333
4,0,0,0,12,22.233333333333334
4,0,0,0,12,22.233333333333334
3,0,0,0,12,24.6
1,0,0,0,13,117.91666666666667
1,0,0,0,13,117.91666666666667
1,0,0,0,6,21.0
1,0,0,0,6,21.0
4,0,0,0,12,31.316666666666666
4,0,0,3,12,9.383333333333333
1,0,0,0,6,31.4
7,0,0,0,6,643.3166666666667
7,0,0,0,6,643.3166666666667
7,0,0,0,6,643.3166666666667
7,0,0,0,6,643.3166666666667
3,0,0,0,12,20.466666666666665
3,0,0,0,12,20.466666666666665
2,0,0,0,12,8375.916666666666
9,0,0,0,12,2033.7333333333333
9,0,0,0,12,2033.7333333333333
9,0,0,0,12,2033.7333333333333
9,0,0,0,12,2033.7333333333333
9,0,0,0,12,2033.7333333333333
9,0,0,0,12,2033.7333333333333
8,0,0,0,5,908.3833333333333
8,0,0,0,5,908.3833333333333
2,0,0,0,12,1563.8333333333333
2,0,0,0,12,1563.8333333333333
6,1,0,0,12,8083.616666666667
4,0,0,0,12,147.2
4,0,0,0,12,147.2
4,0,0,0,12,147.2
8,0,0,1,12,16.15
3,0,0,0,12,-5.3
2,0,0,0,12,485.45
2,0,0,0,12,21.25
2,0,0,0,12,21.25
2,0,0,0,12,21.25
2,0,0,0,12,21.25
1,0,0,0,12,21.766666666666666
3,0,0,0,12,20.4
3,0,0,0,12,20.4
2,0,0,0,13,20.25
6,0,0,0,12,797.0333333333333
1,0,0,0,6,-9.95
7,0,0,0,12,23.3
7,0,0,0,12,23.3
3,0,0,1,12,22.25
3,0,0,1,12,22.25
3,0,0,1,12,22.25
3,0,0,1,12,22.25
9,1,0,0,12,22.983333333333334
9,1,0,0,12,22.983333333333334
5,0,0,0,12,259.75
5,0,0,0,12,259.75
5,0,0,0,12,259.75
5,0,0,0,12,259.75
9,0,1,0,12,10945.066666666668
4,0,0,0,12,14.35
5,0,0,0,12,4.216666666666667
2,0,0,0,12,21.983333333333334
2,0,0,0,12,21.983333333333334
1,0,0,0,12,23.816666666666666
1,0,0,0,6,4.383333333333334
1,0,0,0,6,46.43333333333333
7,0,0,0,6,72.21666666666667
1,0,0,0,13,25.65
1,0,0,0,12,55.61666666666667
9,1,0,0,12,18.516666666666666
9,1,0,4,12,1274.9666666666667
9,1,0,4,12,1274.9666666666667
9,1,0,4,12,1274.9666666666667
4,0,0,0,14,71.75
4,0,0,0,14,71.75
2,0,0,0,12,-11.216666666666667
2,0,0,0,12,-11.216666666666667
1,0,0,0,12,23.166666666666668
4,0,0,0,12,806.05
4,0,0,0,12,806.05
4,0,0,0,12,806.05
4,0,0,0,12,806.05
4,0,0,0,12,806.05
4,0,0,0,12,806.05
9,0,0,0,12,110.56666666666666
9,0,0,0,12,110.56666666666666
9,0,0,0,12,110.56666666666666
3,0,0,0,13,64.48333333333333
8,0,0,0,12,20.45
8,0,0,0,12,20.45
5,0,0,0,12,72.51666666666667
1,0,0,0,6,71.13333333333334
9,0,0,0,12,1322.6166666666666
9,0,0,0,12,1322.6166666666666
9,0,0,0,12,1322.6166666666666
1,0,0,0,12,26.916666666666668
10,0,0,0,14,137.01666666666668
1,0,0,0,12,26.283333333333335
1,0,0,0,12,26.283333333333335
10,0,1,0,12,-1.5666666666666667
10,0,1,0,12,-1.5666666666666667
2,0,0,0,13,214.0
2,0,0,0,13,214.0
2,0,0,1,6,21.5
1,0,0,0,12,72.71666666666667
2,0,0,0,5,21.383333333333333
2,0,0,0,5,21.383333333333333
2,0,0,0,5,21.383333333333333
2,0,0,0,5,21.383333333333333
1,0,0,0,6,3.25
5,0,0,0,12,4153.7
5,0,0,0,12,4153.7
5,0,0,0,12,4153.7
5,0,0,0,12,4153.7
5,0,0,0,12,4153.7
5,0,0,0,12,4153.7
1,0,0,0,13,23.966666666666665
7,0,1,0,12,69.7
7,0,1,0,12,69.7
7,0,1,0,12,69.7
7,0,1,0,12,69.7
2,0,0,0,12,4.116666666666666
2,0,0,0,12,4.116666666666666
1,0,0,0,5,5.183333333333334
1,0,0,0,5,5.183333333333334
4,0,0,0,12,73.08333333333333
4,0,0,0,12,73.08333333333333
4,0,0,0,12,73.08333333333333
5,0,0,0,6,23.816666666666666
2,0,0,0,12,48.93333333333333
1,0,0,0,6,713.9833333333333
1,0,0,0,6,713.9833333333333
1,0,0,0,12,19.183333333333334
5,0,0,0,6,3.8
5,0,0,0,6,3.8
4,0,0,0,12,5.95
5,0,0,0,12,47.3
5,0,0,0,12,47.3
5,0,0,0,12,47.3
4,0,0,0,13,1681.1
4,0,0,0,13,1681.1
4,0,0,0,13,1681.1
7,0,0,0,6,147.36666666666667
1,0,0,0,5,24.233333333333334
3,0,0,1,5,20.416666666666668
1,0,0,1,6,25.5
4,0,0,0,12,4.516666666666667
4,0,0,0,12,4.516666666666667
1,0,0,0,12,7.85
6,0,0,0,12,14.733333333333333
6,0,0,0,12,14.733333333333333
10,0,0,1,12,3099.0333333333333
3,0,0,0,12,24.466666666666665
3,0,0,0,12,18.533333333333335
1,0,0,0,14,697.1833333333333
7,0,0,0,5,0.16666666666666666
7,0,0,0,5,0.16666666666666666
7,0,0,0,5,0.16666666666666666
2,0,0,0,12,24.383333333333333
5,0,0,0,6,45.78333333333333
5,0,0,0,6,45.78333333333333
5,0,0,0,6,45.78333333333333
8,0,0,0,6,43.96666666666667
4,0,0,0,6,49.016666666666666
8,0,0,0,12,18.35
8,0,0,0,12,18.35
6,0,0,0,12,711.1666666666666
7,0,0,0,13,146.26666666666668
7,0,0,0,13,146.26666666666668
1,0,0,0,12,-6.216666666666667
7,0,0,0,12,1579.25
4,0,0,0,12,19.933333333333334
4,0,0,0,12,19.933333333333334
7,0,0,0,12,73.83333333333333
2,0,0,0,12,47.15
2,0,0,0,12,47.15
2,0,0,0,12,47.15
2,0,0,0,12,1.7166666666666666
1,0,0,0,12,19.833333333333332
4,0,0,0,12,26.0
2,0,1,0,12,39.833333333333336
8,0,0,0,12,1.1
8,0,0,0,12,1.1
1,0,0,0,6,21.216666666666665
1,0,0,0,6,21.216666666666665
4,0,0,0,12,20.183333333333334
4,0,0,0,12,20.183333333333334
2,0,0,0,5,24.7
2,0,0,0,5,24.7
2,0,0,0,5,24.7
2,0,0,0,5,24.7
10,0,0,0,12,88.93333333333334
10,0,0,0,12,88.93333333333334
5,0,0,0,5,264.55
5,0,0,0,5,264.55
6,0,0,0,12,41.266666666666666
6,0,0,0,12,41.266666666666666
6,0,0,0,12,41.266666666666666
10,0,0,1,12,3.6
10,0,0,1,12,3.6
10,0,0,1,12,3.6
8,0,0,0,13,7.2
8,0,0,0,13,7.2
1,0,0,0,6,25.8
9,0,0,1,12,993.2666666666667
1,0,0,0,12,24.4
3,0,0,0,12,15.433333333333334
7,0,0,0,6,47.63333333333333
5,0,1,0,13,161.1
9,0,3,0,5,4920.8
9,0,3,0,5,4920.8
8,0,0,0,12,20.766666666666666
6,0,0,0,5,70.65
5,0,0,0,6,819.85
2,0,0,0,13,454.3333333333333
8,0,0,0,12,24.883333333333333
8,0,0,0,12,24.883333333333333
8,0,0,0,12,24.883333333333333
4,0,0,0,12,15.4
1,0,0,0,6,26.833333333333332
10,0,1,0,12,485.0833333333333
10,0,1,0,12,485.0833333333333
9,0,0,0,12,3476.9
9,0,0,0,12,3476.9
9,0,0,0,12,3476.9
2,0,0,0,12,129.68333333333334
3,0,0,0,6,74.5
1,0,0,0,12,29.15
1,0,0,0,12,29.15
4,0,1,0,13,220.71666666666667
7,0,0,0,12,92.46666666666667
5,0,0,0,6,43.18333333333333
8,0,0,0,12,24.383333333333333
8,0,0,0,12,24.383333333333333
8,0,0,0,12,24.383333333333333
7,0,0,0,6,44.55
5,0,0,0,12,50.46666666666667
5,0,0,0,12,50.46666666666667
1,0,0,0,6,21.866666666666667
2,0,0,0,12,171.86666666666667
5,0,0,0,13,695.5333333333333
5,0,0,0,13,695.5333333333333
8,0,0,0,6,4.633333333333334
10,1,1,0,12,4749.516666666666
10,1,1,0,12,4749.516666666666
10,1,1,0,12,4749.516666666666
1,0,0,0,12,15.95
2,0,0,0,12,53.083333333333336
2,0,0,0,12,53.083333333333336
2,0,0,0,12,53.083333333333336
6,0,0,0,13,3553.7833333333333
2,0,0,0,6,24.083333333333332
4,0,0,0,12,16.816666666666666
2,0,0,0,12,2593.15
5,0,0,0,6,1061.5833333333333
6,0,0,0,12,213.25
1,0,0,0,12,0.21666666666666667
1,0,0,0,12,0.21666666666666667
1,0,0,0,12,0.21666666666666667
7,0,0,0,12,221.1
7,0,0,0,12,221.1
3,0,0,0,10,16.766666666666666
3,0,0,0,10,16.766666666666666
3,0,0,0,10,16.766666666666666
1,0,0,0,6,19.566666666666666
5,0,0,1,6,22.683333333333334
7,1,0,0,12,21.483333333333334
4,0,0,0,12,43.95
4,0,0,1,5,5.533333333333333
3,0,0,0,12,626.3333333333334
3,0,0,0,12,626.3333333333334
3,0,0,0,12,626.3333333333334
3,0,0,0,12,626.3333333333334
1,0,0,0,12,1609.9166666666667
1,0,0,0,12,1609.9166666666667
1,0,0,0,6,24.25
2,0,0,0,13,608.9833333333333
6,0,0,0,6,57.516666666666666
2,0,0,0,6,7.283333333333333
9,1,0,0,13,374.81666666666666
9,1,0,0,13,374.81666666666666
9,1,0,0,13,374.81666666666666
9,1,0,0,13,374.81666666666666
4,0,0,0,12,30.383333333333333
4,0,0,0,12,30.383333333333333
9,0,0,0,12,503.21666666666664
1,0,0,0,6,14.95
9,0,1,3,12,914.9166666666666
4,0,0,0,6,13.416666666666666
4,0,0,0,6,13.416666666666666
7,0,0,0,12,3458.866666666667
8,0,0,0,12,30.55
5,0,0,0,12,148.35
4,0,0,0,6,24.966666666666665
1,0,0,0,5,189.93333333333334
10,0,1,0,6,1933.5166666666667
10,0,1,0,6,1933.5166666666667
10,0,1,0,6,1933.5166666666667
10,0,1,0,6,1933.5166666666667
10,0,1,0,6,1933.5166666666667
2,0,0,0,13,602.3666666666667
8,0,0,3,10,8043.733333333334
9,0,0,1,12,119.63333333333334
9,0,0,1,12,119.63333333333334
9,0,0,1,12,119.63333333333334
9,0,0,1,12,119.63333333333334
9,0,0,1,12,119.63333333333334
9,0,0,1,12,119.63333333333334
9,0,0,1,12,119.63333333333334
9,0,0,1,12,119.63333333333334
9,0,0,1,12,119.63333333333334
9,0,0,1,12,119.63333333333334
3,0,0,0,6,22.766666666666666
10,0,0,0,6,7.85
10,0,0,0,6,7.85
10,0,0,0,6,7.85
6,0,0,0,12,14329.7
2,0,0,0,12,49.65
2,0,0,0,12,49.65
4,0,0,0,6,16.6
4,0,0,0,5,32.8
1,0,0,0,12,139.56666666666666
1,0,0,0,5,21.983333333333334
9,4,0,0,12,219.2
9,4,0,0,12,219.2
9,4,0,0,12,219.2
7,0,0,0,12,6211.866666666667
6,0,0,0,12,1376.3
6,0,0,0,12,1376.3
2,0,0,0,6,14.95
3,0,0,1,5,21.316666666666666
1,0,0,0,14,1944.4833333333333
8,0,1,1,12,66.63333333333334
8,0,1,1,12,66.63333333333334
1,0,0,0,6,71.95
2,0,0,0,12,2.45
5,0,0,0,13,26.05
7,0,0,0,12,47.11666666666667
6,0,0,0,12,20.133333333333333
6,0,0,0,12,20.133333333333333
2,0,0,0,5,21.566666666666666
2,0,0,0,6,704.1833333333333
9,0,1,0,12,42.85
9,0,1,0,12,42.85
9,0,1,0,12,42.85
9,0,1,0,12,42.85
3,0,0,0,12,14.75
1,0,0,0,12,27.766666666666666
7,1,0,0,6,45.93333333333333
1,0,0,0,12,104.28333333333333
1,0,0,0,12,52.21666666666667
2,0,0,0,6,97.51666666666667
8,0,0,0,12,2201.0666666666666
8,0,0,0,12,2201.0666666666666
9,0,1,1,6,525.4
9,0,1,1,6,525.4
1,0,0,0,6,4.116666666666666
3,0,0,0,12,17.783333333333335
3,0,0,0,12,5807.716666666666
2,0,0,0,6,15.833333333333334
1,0,0,0,12,43.65
3,0,0,0,6,22.55
4,4,0,1,12,124.63333333333334
4,4,0,1,12,124.63333333333334
4,0,0,0,12,62.35
4,0,0,0,12,62.35
2,0,0,0,12,22.516666666666666
1,0,0,0,6,24.933333333333334
5,0,0,0,13,232.15
3,0,0,0,12,24.533333333333335
3,0,0,0,12,18.516666666666666
8,0,0,0,12,25.966666666666665
1,0,0,0,6,42.78333333333333
2,0,0,0,14,14350.0
2,0,0,0,12,122.05
2,0,0,0,12,122.05
2,0,0,0,12,122.05
3,0,0,0,9,3593.2833333333333
3,0,0,0,9,3593.2833333333333
3,0,0,0,9,3593.2833333333333
8,0,0,0,12,12225.266666666666
9,0,0,0,13,1273.3166666666666
9,0,0,0,13,1273.3166666666666
1,0,0,0,12,26.483333333333334
1,0,0,0,12,26.483333333333334
6,0,0,0,12,25.483333333333334
9,0,0,0,12,2479.25
9,0,0,0,12,2479.25
9,0,0,0,12,2479.25
9,0,0,0,12,2479.25
9,0,0,0,12,2479.25
9,0,0,0,12,2479.25
9,0,0,0,12,2479.25
9,0,0,0,12,1056.1666666666667
4,0,0,1,12,49.833333333333336
1,0,0,0,6,-1.9166666666666667
8,0,0,0,12,9358.066666666668
8,0,0,0,12,9358.066666666668
9,0,1,0,12,26.033333333333335
2,0,0,0,6,28.4
6,0,0,0,12,10361.3
4,0,0,0,5,26.316666666666666
4,0,0,0,5,26.316666666666666
2,1,0,0,5,30.233333333333334
2,1,0,0,5,30.233333333333334
3,0,0,0,12,3.7666666666666666
1,0,0,0,12,190.15
2,0,0,1,12,24.983333333333334
5,0,0,0,12,40.0
3,0,0,0,12,3406.3333333333335
8,0,0,0,12,798.1333333333333
8,0,0,0,12,798.1333333333333
9,0,0,0,12,48.35
4,0,0,0,12,22.15
4,0,0,0,12,22.15
2,0,0,0,12,44.71666666666667
9,0,0,0,12,63.4
9,0,0,0,12,63.4
9,0,0,0,12,63.4
10,0,0,0,(MO3),18.833333333333332
10,0,0,0,(MO3),18.833333333333332
7,0,0,0,12,2146.2166666666667
7,0,0,0,12,2146.2166666666667
6,0,0,0,12,24.333333333333332
1,0,0,0,14,51.75
1,0,0,0,12,1845.4666666666667
1,0,0,0,12,1845.4666666666667
3,0,0,0,12,47.78333333333333
1,0,0,0,2,20.666666666666668
1,0,0,0,2,20.666666666666668
5,0,0,0,12,22.866666666666667
5,0,0,0,12,22.866666666666667
5,0,0,0,12,22.866666666666667
2,0,0,0,12,5589.283333333334
2,0,0,0,12,5589.283333333334
3,0,0,0,12,27.533333333333335
3,0,0,0,12,27.533333333333335
1,0,0,0,12,94.1
8,0,0,0,12,5711.083333333333
1,0,0,0,6,27.9
7,0,0,0,12,10760.35
6,0,0,0,6,21.95
7,0,0,0,12,50.8
1,0,0,0,6,22.266666666666666
9,0,0,0,12,22.683333333333334
9,0,0,0,12,22.683333333333334
8,0,0,0,12,20.55
2,0,0,0,12,1296.1833333333334
2,0,0,0,12,1296.1833333333334
1,0,0,0,12,186.65
2,0,0,0,12,27.233333333333334
1,0,0,0,12,46.233333333333334
1,0,0,0,12,46.233333333333334
2,0,0,0,6,21.9
2,0,0,0,6,15.066666666666666
4,0,0,0,13,145.18333333333334
1,0,0,0,6,25.916666666666668
4,0,0,0,12,51.11666666666667
3,0,0,0,9,962.0
10,0,0,0,5,27.183333333333334
10,0,0,0,5,27.183333333333334
4,0,0,0,(MO3),447.46666666666664
5,0,1,0,6,-5.2
1,0,0,0,12,117.35
1,0,0,0,12,117.35
8,0,0,0,12,1197.7833333333333
8,0,0,0,12,1197.7833333333333
8,0,0,0,12,1197.7833333333333
10,0,0,0,12,3390.5833333333335
5,0,0,0,5,49.85
8,0,0,0,12,25.016666666666666
2,0,0,0,12,29.416666666666668
2,0,0,0,12,29.416666666666668
2,0,0,0,12,29.416666666666668
6,0,0,0,12,1967.4166666666667
6,0,0,0,12,1967.4166666666667
1,0,0,0,12,19.15
1,0,0,0,12,117.2
1,0,0,0,12,117.2
1,0,0,0,12,333.6333333333333
1,0,0,0,12,333.6333333333333
9,0,0,1,12,31.566666666666666
9,0,0,1,12,31.566666666666666
9,0,0,1,12,31.566666666666666
9,0,0,1,12,31.566666666666666
2,0,0,0,5,100.61666666666666
2,0,0,0,5,100.61666666666666
8,0,0,0,13,2158.55
4,0,0,0,6,22.133333333333333
8,0,0,0,12,20.85
8,0,0,0,12,20.85
8,0,0,0,12,20.85
1,0,0,0,6,6.466666666666667
6,0,0,0,(MO3),20.433333333333334
4,0,0,0,6,236.08333333333334
1,0,0,0,6,1227.0833333333333
3,0,0,0,12,24.183333333333334
4,0,0,1,13,29.4
4,0,0,1,13,29.4
4,0,0,1,13,29.4
5,0,0,0,12,55.833333333333336
5,0,0,0,5,26.05
10,0,0,0,12,-4.216666666666667
8,0,0,0,6,24.016666666666666
2,0,0,0,5,5.016666666666667
4,0,0,0,12,3168.15
4,0,0,0,12,3168.15
7,0,0,0,12,6.533333333333333
4,0,0,0,12,19.0
3,0,0,0,6,15.366666666666667
1,0,0,0,6,25.2
7,0,0,0,12,15.083333333333334
7,0,0,0,12,15.083333333333334
7,0,0,0,12,15.083333333333334
7,0,0,0,12,15.083333333333334
7,0,0,0,12,15.083333333333334
9,0,0,3,12,21.35
9,0,0,3,12,21.35
9,0,0,3,12,21.35
9,0,0,3,12,21.35
9,0,0,3,12,21.35
9,0,0,3,12,21.35
4,0,0,0,6,20.0
6,0,0,0,13,1247.6666666666667
4,0,0,0,12,53.61666666666667
1,0,0,0,6,24.5
7,0,1,0,12,192.81666666666666
7,0,1,0,12,192.81666666666666
6,0,0,0,12,858.85
1,0,0,0,12,724.6333333333333
1,0,0,0,12,724.6333333333333
3,0,0,0,13,18.266666666666666
6,0,1,0,6,17.616666666666667
6,0,1,0,6,17.616666666666667
1,0,0,0,12,44.4
1,0,0,0,12,44.4
1,0,0,0,12,44.4
3,0,0,0,12,19.533333333333335
9,0,0,0,13,144.05
9,0,0,0,13,144.05
9,0,0,0,13,144.05
3,0,0,0,6,19.35
3,0,0,0,12,936.9166666666666
3,0,0,0,12,936.9166666666666
3,0,0,0,12,936.9166666666666
3,0,0,0,12,936.9166666666666
3,0,0,0,12,936.9166666666666
3,0,0,0,12,936.9166666666666
3,0,0,0,12,936.9166666666666
3,0,0,0,12,936.9166666666666
3,0,0,0,12,936.9166666666666
3,0,0,0,12,936.9166666666666
3,0,0,0,12,936.9166666666666
3,0,0,0,12,936.9166666666666
3,0,0,0,12,936.9166666666666
5,0,0,0,6,125.8
5,0,0,0,12,434.18333333333334
3,0,0,0,12,141.85
1,0,0,0,6,19.133333333333333
2,0,0,0,6,91.61666666666666
7,0,0,0,12,3412.133333333333
7,0,0,0,12,3412.133333333333
7,0,0,0,12,3412.133333333333
3,0,0,0,12,54.75
5,0,1,0,12,143.58333333333334
5,0,1,0,12,143.58333333333334
5,0,1,0,12,143.58333333333334
5,0,1,0,12,143.58333333333334
5,0,1,0,12,143.58333333333334
5,0,1,0,12,143.58333333333334
5,0,1,0,12,143.58333333333334
5,0,1,0,12,143.58333333333334
6,0,0,0,13,2887.3333333333335
4,0,0,0,14,677.35
1,0,0,0,6,14.016666666666667
1,0,0,0,12,78.01666666666667
1,0,0,0,12,78.01666666666667
1,0,0,0,12,78.01666666666667
1,0,0,0,12,78.01666666666667
5,0,0,0,12,1994.25
5,0,0,0,12,1994.25
2,0,0,0,12,20.333333333333332
1,0,0,0,12,115.98333333333333
3,0,0,0,12,51.766666666666666
3,0,0,0,12,51.766666666666666
1,0,0,0,6,18.333333333333332
2,0,0,0,12,23.633333333333333
7,0,1,0,12,44.233333333333334
7,0,1,0,12,44.233333333333334
5,0,0,0,12,48.71666666666667
5,0,0,0,12,48.71666666666667
5,0,0,0,12,48.71666666666667
5,0,0,0,12,2.85
1,0,0,0,6,23.833333333333332
6,0,0,0,12,404.25
6,0,0,0,12,404.25
6,0,0,0,12,404.25
2,0,0,0,12,46.21666666666667
5,0,0,0,12,68.78333333333333
10,0,0,0,12,16.5
8,0,0,0,13,41.11666666666667
8,0,0,0,13,41.11666666666667
8,0,0,0,13,41.11666666666667
9,0,0,0,12,436.43333333333334
9,0,0,0,12,436.43333333333334
8,0,1,0,6,1267.7
8,0,1,0,6,1267.7
9,0,0,0,12,216.93333333333334
5,0,0,0,12,29.95
4,0,0,0,12,1.8166666666666667
1,0,0,0,13,54.96666666666667
8,0,0,0,6,25.7
6,0,0,0,12,23.216666666666665
2,0,0,0,12,21.5
8,0,0,0,12,236.86666666666667
8,0,0,0,12,236.86666666666667
8,0,0,0,12,236.86666666666667
3,0,0,0,9,377.7
3,0,0,0,9,377.7
1,0,0,0,12,5806.266666666666
4,0,0,5,6,28.066666666666666
6,0,0,1,12,4366.1
6,0,0,1,12,4366.1
6,0,0,1,12,4366.1
1,0,0,0,14,-1.3166666666666667
4,0,0,0,12,0.23333333333333334
5,0,0,0,12,1182.4333333333334
5,0,0,0,12,1182.4333333333334
2,0,0,0,12,21.7
7,0,0,0,12,48.68333333333333
1,0,0,0,6,22.4
9,0,1,0,9,4624.933333333333
4,0,0,0,6,70.0
3,0,0,0,12,46.96666666666667
3,0,0,0,12,46.96666666666667
1,0,0,0,12,32.13333333333333
2,0,0,0,6,25.5
9,0,0,0,13,768.3666666666667
9,0,0,0,13,768.3666666666667
9,0,0,0,13,768.3666666666667
9,0,0,0,13,768.3666666666667
9,0,0,0,13,768.3666666666667
1,0,0,0,12,54.11666666666667
2,0,0,0,12,30.866666666666667
2,0,0,0,12,30.866666666666667
1,0,0,0,6,119.61666666666666
6,0,0,0,13,10534.65
6,0,0,0,13,10534.65
3,0,0,0,12,25.666666666666668
5,0,0,0,6,95.88333333333334
1,0,0,0,9,6600.266666666666
1,0,0,0,9,6600.266666666666
5,0,0,0,12,2255.15
5,0,0,0,12,2255.15
3,0,0,0,12,70.16666666666667
3,0,0,0,12,70.16666666666667
3,0,0,0,12,70.16666666666667
6,0,0,0,5,1585.5166666666667
3,0,0,0,13,46.56666666666667
3,0,0,0,13,46.56666666666667
3,0,0,0,13,46.56666666666667
3,0,0,0,13,46.56666666666667
3,0,0,0,13,46.56666666666667
1,0,0,0,12,39.3
7,0,0,0,12,25.533333333333335
2,0,0,0,6,1079.15
5,0,0,0,6,23.883333333333333
5,0,0,0,6,23.783333333333335
4,0,0,0,5,117.35
4,0,0,0,5,117.35
4,0,0,0,5,117.35
5,1,0,0,9,5326.5
5,1,0,0,9,5326.5
5,1,0,0,9,5326.5
5,1,0,0,9,5326.5
4,0,0,0,12,-3.466666666666667
9,0,0,0,9,1694.5666666666666
2,0,0,0,6,20.033333333333335
6,0,0,0,5,46.1
6,0,0,0,5,46.1
2,0,0,0,5,736.5333333333333
2,0,0,0,5,736.5333333333333
6,0,0,2,12,789.3
9,0,0,0,12,5.366666666666666
9,0,0,0,12,5.366666666666666
9,0,0,0,12,5.366666666666666
3,0,0,0,12,16.766666666666666
8,1,0,0,(MO3),91.73333333333333
8,1,0,0,(MO3),91.73333333333333
8,1,0,0,(MO3),91.73333333333333
5,0,0,0,12,1393.6833333333334
5,0,0,0,12,1393.6833333333334
3,0,0,0,12,24.666666666666668
3,0,0,0,12,24.666666666666668
3,0,0,0,12,24.666666666666668
3,0,0,0,12,24.666666666666668
5,0,0,0,(MO3),620.9
2,0,0,0,12,22.8
5,0,0,0,12,5305.75
8,0,0,0,12,5781.283333333334
2,0,0,0,12,25.083333333333332
10,0,0,0,12,307.6
3,0,0,0,6,-0.7166666666666667
7,0,0,0,13,1826.8333333333333
2,0,0,0,13,24.816666666666666
2,0,0,0,13,24.816666666666666
4,0,0,0,14,1314.4333333333334
4,0,0,0,14,1314.4333333333334
3,0,0,0,5,24.55
3,0,0,0,5,24.55
5,0,0,0,12,216.95
7,0,0,0,12,13.75
7,0,0,0,12,13.75
1,0,0,0,6,-4.483333333333333
4,0,0,0,12,694.0333333333333
1,0,0,0,6,103.88333333333334
1,0,0,0,6,103.88333333333334
1,0,0,0,6,103.88333333333334
1,0,0,0,6,103.88333333333334
3,0,0,0,12,20.516666666666666
3,0,0,0,12,20.516666666666666
9,0,0,0,5,792.05
1,0,0,0,13,43.55
3,0,0,0,6,101.9
2,0,0,0,6,-5.033333333333333
7,0,0,0,12,329.1
7,0,0,0,12,329.1
3,0,0,0,12,51.96666666666667
5,0,0,0,5,123.66666666666667
1,0,0,0,5,6.333333333333333
1,0,0,0,5,6.333333333333333
1,0,0,0,5,6.333333333333333
10,0,1,0,12,103.78333333333333
10,0,0,0,12,166.81666666666666
10,0,0,0,12,166.81666666666666
1,0,0,0,12,25.9
1,0,0,0,12,25.9
1,0,0,0,12,25.9
9,0,0,0,12,29.216666666666665
5,0,0,0,13,26.133333333333333
5,0,0,0,13,26.133333333333333
5,0,0,0,13,26.133333333333333
5,0,0,0,13,26.133333333333333
9,0,1,0,13,6261.016666666666
9,0,1,0,13,6261.016666666666
3,0,0,0,12,46.666666666666664
5,0,0,0,12,5.7
7,0,0,0,12,4.1
7,0,0,0,12,4.1
5,0,0,0,12,797.7666666666667
6,0,0,0,5,24.066666666666666
2,0,0,0,6,21.566666666666666
2,0,0,0,6,21.566666666666666
2,0,0,0,12,3031.75
1,0,0,0,12,28.733333333333334
2,0,0,0,12,2066.0833333333335
2,0,0,0,12,2066.0833333333335
4,0,0,0,12,6725.483333333334
1,0,0,0,6,45.31666666666667
4,0,0,0,6,13.266666666666667
9,0,0,0,12,52.46666666666667
9,0,0,0,12,52.46666666666667
9,0,0,0,12,52.46666666666667
9,0,0,0,12,3219.016666666667
9,0,0,0,12,3219.016666666667
9,0,0,0,12,3219.016666666667
8,2,0,0,12,4173.0
5,0,0,0,5,23.5
2,0,0,0,6,606.5833333333334
2,0,0,0,6,606.5833333333334
2,0,0,0,6,606.5833333333334
4,0,0,0,6,27.433333333333334
9,0,0,0,12,64.35
9,0,0,0,12,64.35
7,0,1,2,12,2156.116666666667
9,0,1,0,13,31.166666666666668
9,0,1,0,13,31.166666666666668
1,0,0,0,13,980.0166666666667
9,0,1,1,5,2188.2166666666667
9,0,1,1,5,2188.2166666666667
6,0,0,0,12,1198.1166666666666
3,0,0,0,6,2091.45
1,0,0,0,12,26.116666666666667
10,0,0,0,6,1151.2
9,0,0,0,6,3197.866666666667
9,0,0,0,6,3197.866666666667
9,0,0,0,6,3197.866666666667
9,0,0,0,6,3197.866666666667
9,0,0,0,6,3197.866666666667
9,0,0,0,6,3197.866666666667
9,0,0,0,6,3197.866666666667
9,0,0,0,6,3197.866666666667
3,0,0,0,12,4.95
2,0,0,0,6,-3.433333333333333
2,0,0,0,6,-3.433333333333333
2,0,0,0,6,-3.433333333333333
9,0,0,0,12,23.466666666666665
9,0,0,0,12,23.466666666666665
9,0,0,0,12,23.466666666666665
9,0,0,0,12,23.466666666666665
9,0,0,0,12,23.466666666666665
9,0,0,0,12,23.466666666666665
8,0,0,0,12,454.3666666666667
8,0,0,0,12,454.3666666666667
8,0,0,0,12,454.3666666666667
7,0,0,1,12,189.1
1,0,0,0,6,22.366666666666667
4,0,0,0,12,22.333333333333332
7,0,0,0,12,23.716666666666665
1,0,0,0,13,103.41666666666667
5,0,0,0,12,18.3
5,0,0,0,12,18.3
4,0,0,0,6,532.5333333333333
4,0,0,0,6,532.5333333333333
10,1,0,0,6,1440.8
10,1,0,0,6,1440.8
10,1,0,0,6,1440.8
10,1,0,0,6,1440.8
1,0,0,0,12,164.43333333333334
3,0,0,0,6,1093.5666666666666
8,0,0,0,12,25.25
8,0,0,0,12,25.25
8,0,0,0,12,28.583333333333332
7,0,0,0,6,42.916666666666664
1,0,0,0,13,24.1
3,0,0,0,14,1516.85
2,0,0,0,12,24.383333333333333
5,0,0,0,5,27.183333333333334
10,2,3,0,13,4448.933333333333
10,2,3,0,13,4448.933333333333
7,0,0,0,13,506.55
7,0,0,0,13,506.55
7,0,0,0,13,506.55
2,0,0,0,12,26.5
9,0,0,0,6,710.55
9,0,0,0,6,710.55
5,0,0,0,12,22.083333333333332
5,0,0,0,12,22.083333333333332
5,0,0,0,12,22.083333333333332
1,0,0,0,6,747.1666666666666
5,0,0,0,13,963.5833333333334
6,0,0,0,(MO3),409.98333333333335
6,0,0,0,(MO3),409.98333333333335
6,0,0,0,(MO3),409.98333333333335
6,0,0,0,(MO3),409.98333333333335
6,0,0,0,(MO3),409.98333333333335
10,0,0,0,13,723.25
10,0,0,0,13,723.25
4,0,0,0,12,29.366666666666667
5,0,0,0,12,485.6166666666667
5,0,0,0,12,485.6166666666667
5,0,0,0,12,23.983333333333334
3,0,0,0,6,308.26666666666665
7,0,0,0,6,102.75
7,0,0,0,6,102.75
3,0,0,0,12,32.86666666666667
3,0,0,0,12,32.86666666666667
3,0,0,0,12,32.86666666666667
1,0,0,0,14,6.833333333333333
8,0,0,0,13,2686.483333333333
1,0,0,0,12,18.216666666666665
2,0,0,0,12,24.4
5,0,0,0,6,150.56666666666666
4,0,0,0,12,705.6666666666666
4,0,0,0,12,705.6666666666666
1,0,0,0,12,478.4
1,0,0,0,6,2.033333333333333
2,0,0,0,6,25.316666666666666
1,0,0,0,5,282.26666666666665
1,0,0,0,5,282.26666666666665
7,0,0,0,12,29.066666666666666
7,0,0,0,12,29.066666666666666
1,0,0,0,6,22.65
6,0,0,0,5,1542.0333333333333
2,0,0,0,5,42.68333333333333
7,0,0,0,13,44.55
7,0,0,0,13,44.55
3,0,0,0,12,796.55
4,0,0,0,12,165.68333333333334
4,0,0,0,12,165.68333333333334
-1,0,0,0,12,23.166666666666668
8,0,0,0,12,313.01666666666665
8,0,0,0,12,313.01666666666665
8,0,0,0,12,313.01666666666665
4,0,0,0,12,742.2166666666667
10,0,0,0,13,319.55
4,0,0,0,12,48.15
1,0,0,0,12,30.683333333333334
1,0,0,0,12,25.416666666666668
2,0,0,0,12,17.583333333333332
2,0,0,0,12,17.583333333333332
1,0,0,0,14,28.683333333333334
9,0,0,0,5,25.166666666666668
9,0,0,0,5,25.166666666666668
4,0,0,0,12,26.933333333333334
1,0,0,0,14,188.78333333333333
3,0,0,0,6,462.53333333333336
7,0,0,0,12,27.016666666666666
4,0,0,0,12,201.01666666666668
4,0,0,0,12,201.01666666666668
8,0,0,0,6,21.166666666666668
8,0,0,0,6,21.166666666666668
8,0,0,0,6,21.166666666666668
9,0,1,0,12,0.1
9,0,1,0,12,0.1
9,0,1,0,12,0.1
9,0,1,0,12,0.1
4,0,0,0,6,1080.1
1,0,0,0,6,24.783333333333335
3,0,0,0,12,22.416666666666668
2,0,0,0,6,29.016666666666666
6,0,0,0,13,165.63333333333333
6,0,0,0,13,165.63333333333333
2,0,0,0,12,96.38333333333334
2,0,0,0,12,96.38333333333334
6,0,0,1,12,26.3
6,0,0,1,12,26.3
3,0,0,0,12,13.166666666666666
5,0,0,0,12,269.6666666666667
5,0,0,0,12,269.6666666666667
3,0,1,0,5,45.1
1,0,0,0,12,39.65
2,0,0,0,12,699.7
5,0,0,0,12,19.433333333333334
5,0,0,0,5,2421.0333333333333
3,0,0,0,6,331.15
7,0,0,0,12,27.0
7,0,0,0,12,27.0
7,0,0,0,12,27.0
5,0,0,0,12,23.883333333333333
3,0,0,0,12,196.63333333333333
3,0,0,0,12,196.63333333333333
3,0,0,0,12,196.63333333333333
3,0,0,0,12,196.63333333333333
4,0,0,0,12,27.233333333333334
7,0,0,0,6,7204.533333333334
7,0,0,0,6,7204.533333333334
8,0,0,0,12,888.3666666666667
8,0,0,0,12,888.3666666666667
8,0,0,0,12,888.3666666666667
1,0,0,1,12,0.2
2,0,0,0,5,23.716666666666665
6,0,0,0,12,44.78333333333333
6,0,0,0,12,44.78333333333333
6,0,0,0,12,44.78333333333333
1,0,0,0,12,21.666666666666668
1,0,0,0,12,21.666666666666668
1,0,0,0,12,21.666666666666668
1,0,0,0,12,21.666666666666668
4,0,0,0,6,19.4
4,0,0,0,6,16.85
8,0,0,0,12,19.666666666666668
8,0,0,0,12,19.666666666666668
8,0,0,0,12,19.666666666666668
8,0,0,0,12,19.666666666666668
8,0,0,0,12,19.666666666666668
8,0,0,0,12,19.666666666666668
8,0,0,0,12,19.666666666666668
8,0,0,0,12,19.666666666666668
4,0,0,0,12,23.283333333333335
4,0,0,0,14,174.63333333333333
8,0,0,1,6,26.883333333333333
8,0,0,1,6,26.883333333333333
4,0,0,0,5,22.65
4,0,0,0,5,22.65
4,0,0,0,5,22.65
4,0,0,0,5,22.65
4,0,0,0,5,22.65
3,0,0,0,12,24.683333333333334
5,0,0,0,12,26.766666666666666
1,0,0,0,12,23.3
8,0,0,0,12,44.75
2,0,0,0,12,22.85
2,0,0,0,12,22.85
6,0,0,0,12,23.1
6,0,0,0,12,23.1
6,0,0,0,12,52.65
6,0,0,0,12,52.65
6,0,0,0,12,52.65
6,0,0,0,12,52.65
6,0,0,0,12,52.65
6,0,0,0,12,23.9
6,0,0,0,12,3762.7
3,1,0,1,12,23.45
1,0,0,0,12,143.05
3,0,0,0,6,25.883333333333333
8,0,0,0,12,1134.7833333333333
8,0,0,0,12,1134.7833333333333
8,0,0,0,12,1134.7833333333333
8,0,0,0,12,1134.7833333333333
2,0,0,0,12,24.433333333333334
2,0,0,0,12,24.433333333333334
2,0,0,0,12,24.433333333333334
9,1,0,0,12,792.05
6,0,0,0,12,52.43333333333333
6,0,0,0,12,52.43333333333333
8,0,0,0,12,47.416666666666664
8,0,0,0,12,47.416666666666664
7,0,0,1,6,31.733333333333334
7,0,0,1,6,31.733333333333334
7,0,0,1,6,31.733333333333334
2,0,0,0,9,3287.4666666666667
6,0,0,0,12,26.35
3,0,0,0,6,21.75
6,0,0,0,14,311.73333333333335
8,0,1,3,12,22.8
8,0,1,3,12,22.8
8,0,1,3,12,22.8
5,0,0,0,12,25.416666666666668
4,0,0,0,12,20.95
4,0,0,0,12,20.95
4,0,1,0,5,30.1
1,0,0,0,6,24.5
5,0,0,0,12,19.05
5,0,0,0,12,19.05
5,0,0,0,12,19.05
1,0,0,0,12,46.85
3,0,0,0,12,19.866666666666667
6,0,0,1,12,1224.8833333333334
6,0,0,1,12,1224.8833333333334
4,0,0,0,12,236.6
4,0,0,0,12,236.6
2,0,0,0,13,285.25
4,3,0,0,13,2306.3
4,3,0,0,13,2306.3
4,3,0,0,13,2306.3
8,0,0,0,12,531.0
10,0,0,0,12,4592.15
7,0,0,0,6,20.433333333333334
2,0,0,0,5,25.283333333333335
9,1,1,1,12,6984.9
9,1,1,1,12,6984.9
9,1,1,1,12,6984.9
9,1,1,1,12,6984.9
5,0,0,0,12,46.35
6,0,0,0,12,645.5
6,0,0,0,12,645.5
6,0,0,0,12,645.5
1,0,0,0,14,2449.4333333333334
4,0,0,0,6,968.2833333333333
1,0,0,0,6,4.0
2,0,0,0,6,29.933333333333334
3,0,0,0,6,31.433333333333334
6,1,0,0,12,21.216666666666665
6,1,0,0,12,21.216666666666665
4,0,0,0,6,31.633333333333333
3,0,0,0,6,21.233333333333334
2,0,0,0,12,20.9
2,0,0,0,12,20.9
2,0,0,0,12,20.9
8,0,0,0,6,89.43333333333334
8,0,0,0,6,89.43333333333334
8,0,0,0,6,89.43333333333334
8,0,0,0,6,89.43333333333334
8,0,0,0,6,89.43333333333334
2,0,0,0,12,26.916666666666668
5,0,0,0,13,74.01666666666667
5,0,0,0,13,74.01666666666667
7,0,0,0,12,48.45
10,0,0,0,12,989.0166666666667
10,0,0,0,12,989.0166666666667
10,0,0,0,12,22.233333333333334
10,0,0,0,12,22.233333333333334
8,0,0,1,6,75.86666666666666
8,0,0,1,6,75.86666666666666
8,0,0,1,6,75.86666666666666
8,0,0,1,6,75.86666666666666
4,0,0,0,12,37.53333333333333
4,0,0,0,12,37.53333333333333
4,0,0,0,12,37.53333333333333
4,0,0,0,12,37.53333333333333
6,0,0,0,(MO3),-3.85
3,0,0,0,12,3465.3333333333335
3,0,0,0,12,3465.3333333333335
3,0,0,0,12,24.666666666666668
7,0,0,0,12,30.933333333333334
7,0,0,0,12,30.933333333333334
7,0,0,0,12,30.933333333333334
7,0,0,0,12,30.933333333333334
7,0,0,0,12,30.933333333333334
5,0,0,0,5,137.15
1,0,0,0,13,24.383333333333333
1,0,0,0,13,24.383333333333333
2,0,0,0,6,47.516666666666666
8,0,0,0,13,770.5666666666667
8,0,0,0,13,770.5666666666667
8,0,0,0,13,770.5666666666667
6,0,0,0,6,481.06666666666666
6,0,0,0,6,481.06666666666666
6,0,0,0,6,26.766666666666666
2,0,0,0,12,25.8
2,0,0,0,12,25.8
1,0,0,0,12,459.6333333333333
1,0,0,0,12,459.6333333333333
1,0,0,0,12,459.6333333333333
1,0,0,0,12,459.6333333333333
1,0,0,0,12,459.6333333333333
6,0,0,0,13,763.2666666666667
6,0,0,0,13,763.2666666666667
1,0,0,0,6,22.233333333333334
1,0,0,0,5,44.81666666666667
1,0,0,0,5,44.81666666666667
5,0,0,0,12,14.05
5,0,0,0,12,14.05
2,0,0,0,6,16.766666666666666
3,0,0,0,6,31.333333333333332
2,0,0,0,5,6.266666666666667
1,0,0,0,6,269.2
7,0,0,0,12,23.2
9,0,0,0,12,457.9166666666667
9,0,0,0,12,457.9166666666667
9,0,0,0,12,457.9166666666667
9,0,0,0,12,457.9166666666667
9,0,0,0,12,457.9166666666667
9,0,0,0,12,457.9166666666667
9,0,0,0,12,457.9166666666667
3,0,0,0,6,26.866666666666667
6,0,0,0,6,21.7
6,0,0,0,6,21.7
1,0,0,0,6,21.1
5,0,0,0,12,46.766666666666666
5,0,0,0,12,46.766666666666666
10,0,0,0,6,29.483333333333334
5,0,0,1,12,17.283333333333335
5,0,0,1,12,17.283333333333335
5,0,0,1,12,17.283333333333335
5,0,0,1,12,17.283333333333335
7,0,0,0,12,236.58333333333334
7,0,0,0,12,236.58333333333334
7,0,0,0,12,236.58333333333334
5,0,0,0,12,387.4
8,2,0,0,12,42.15
8,2,0,0,12,42.15
8,2,0,0,12,42.15
8,2,0,0,12,42.15
6,0,0,0,12,171.7
6,0,0,0,12,171.7
10,0,0,0,12,1054.7333333333333
10,0,0,0,12,1054.7333333333333
10,0,0,0,12,1054.7333333333333
10,0,0,0,12,1054.7333333333333
9,0,0,0,12,50.96666666666667
8,0,0,0,12,57.0
8,0,6,1,6,26.083333333333332
9,0,0,0,12,5809.916666666667
9,0,0,0,12,5809.916666666667
9,0,0,0,12,5809.916666666667
9,0,0,0,12,5809.916666666667
9,0,0,0,12,5809.916666666667
9,0,0,0,12,5809.916666666667
2,0,0,0,13,22.783333333333335
1,0,0,0,6,18.55
2,0,0,0,12,19.983333333333334
10,1,2,0,12,50.333333333333336
10,1,2,0,12,50.333333333333336
9,0,0,0,13,902.8166666666667
6,0,0,0,13,71.15
6,0,0,0,13,71.15
10,1,1,0,12,27.05
10,1,1,0,12,27.05
2,0,0,0,12,26.966666666666665
1,0,0,0,12,30.8
1,0,0,0,12,30.8
1,0,0,0,12,30.8
6,0,0,0,12,128.33333333333334
6,0,0,0,12,128.33333333333334
6,0,0,0,12,128.33333333333334
10,0,0,6,6,869.45
10,0,0,6,6,869.45
1,0,0,0,12,0.9833333333333333
1,0,0,0,12,0.9833333333333333
1,0,0,0,12,28.483333333333334
2,0,0,0,12,27.95
2,0,0,0,12,27.95
2,0,0,0,12,27.95
2,0,0,0,12,27.95
1,0,0,0,5,8.216666666666667
8,0,1,0,12,5.25
2,0,0,0,12,22.116666666666667
5,0,0,0,6,28.4
7,0,0,0,12,1995.5166666666667
7,0,0,0,12,1995.5166666666667
4,0,0,1,6,3.45
4,0,0,1,6,3.45
8,0,2,0,12,31.183333333333334
8,0,2,0,12,31.183333333333334
8,0,2,0,12,31.183333333333334
8,0,2,0,12,31.183333333333334
5,0,0,0,12,23.166666666666668
5,0,0,0,12,23.166666666666668
3,0,0,0,12,29.95
3,0,0,0,12,29.95
5,0,0,0,13,1162.05
5,0,0,0,13,1162.05
5,0,0,0,13,1162.05
5,0,0,0,13,1162.05
1,0,0,0,12,16.866666666666667
3,0,0,0,12,-4.583333333333333
3,0,0,0,12,-4.583333333333333
8,0,0,0,12,1819.2833333333333
8,0,0,0,12,1819.2833333333333
1,0,0,0,6,28.4
6,0,0,0,12,832.8
9,0,0,0,12,11503.716666666667
2,0,0,0,13,23.85
2,0,0,0,13,23.85
6,0,0,0,12,8232.066666666668
1,0,0,0,12,15.566666666666666
1,0,0,0,12,15.566666666666666
10,0,1,0,12,7.05
10,0,1,0,12,7.05
10,0,1,0,12,7.05
10,0,1,0,12,7.05
10,0,1,0,12,7.05
6,0,0,0,12,24.283333333333335
2,0,0,0,12,48.733333333333334
2,0,0,0,12,48.733333333333334
1,0,0,0,13,24.933333333333334
10,1,1,1,12,9026.266666666666
6,0,0,1,6,19.916666666666668
4,0,0,0,12,13.933333333333334
4,0,0,0,12,13.933333333333334
4,0,0,0,12,13.933333333333334
4,0,0,0,12,13.933333333333334
4,0,0,0,12,13.933333333333334
5,0,0,0,6,-10.783333333333333
5,0,0,0,6,-10.783333333333333
1,0,0,0,12,26.283333333333335
1,0,0,0,12,26.283333333333335
3,0,0,0,12,27.266666666666666
3,0,0,0,12,27.266666666666666
5,0,0,0,12,28.066666666666666
4,0,0,0,12,3.2333333333333334
4,0,0,0,12,3.2333333333333334
1,0,0,0,5,23.966666666666665
7,0,0,0,12,123.63333333333334
2,0,0,0,6,26.5
6,0,0,0,12,54.333333333333336
4,0,0,0,12,1268.4
5,0,0,0,12,1557.4
5,0,0,0,6,3653.0833333333335
5,0,0,0,12,26.783333333333335
2,0,0,0,6,93.33333333333333
3,0,0,0,6,45.11666666666667
3,0,0,0,6,45.11666666666667
6,0,0,1,6,26.2
3,0,0,0,12,22.7
3,0,0,0,12,22.7
3,0,0,0,12,22.7
4,0,0,0,12,41.416666666666664
4,0,0,0,12,22.866666666666667
4,0,0,0,12,22.866666666666667
4,0,0,0,13,67.71666666666667
9,0,0,1,5,1850.3833333333334
9,0,0,1,5,1850.3833333333334
9,0,0,1,5,1850.3833333333334
3,0,0,0,6,8.666666666666666
1,0,0,0,12,-4.283333333333333
3,0,0,0,12,1218.3666666666666
1,0,0,0,5,116.61666666666666
1,0,0,0,5,116.61666666666666
9,0,0,0,12,43.083333333333336
9,0,0,0,12,43.083333333333336
9,0,0,0,6,511.55
9,0,0,0,6,511.55
9,0,0,0,6,511.55
6,0,0,0,12,23.633333333333333
7,0,0,0,6,121.26666666666667
1,0,0,0,6,5.666666666666667
9,0,0,0,12,1734.0666666666666
9,0,0,0,12,1734.0666666666666
3,0,0,0,12,505.3666666666667
4,0,0,0,6,29.633333333333333
4,0,0,0,6,29.633333333333333
1,0,0,0,6,-2.8833333333333333
2,0,0,0,6,97.61666666666666
6,0,0,0,5,22.566666666666666
6,0,0,0,5,22.566666666666666
6,0,0,0,5,22.566666666666666
6,0,0,0,12,-2.9833333333333334
6,0,0,0,12,-2.9833333333333334
7,0,0,0,12,6.583333333333333
7,0,0,0,12,6.583333333333333
7,0,0,0,12,6.583333333333333
7,0,0,0,12,6.583333333333333
3,0,0,0,12,26.05
3,0,0,0,12,26.05
1,0,0,0,12,16.033333333333335
1,0,0,0,12,16.033333333333335
1,0,0,0,12,16.033333333333335
7,0,0,1,12,48.416666666666664
6,0,0,0,12,1252.2666666666667
1,0,0,0,6,28.783333333333335
1,0,0,0,6,5.116666666666666
9,0,0,0,13,43.8
3,0,0,0,12,599.2833333333333
3,0,0,0,12,599.2833333333333
10,0,0,0,5,287.0833333333333
1,0,0,0,12,32.63333333333333
10,0,0,0,12,791.0166666666667
10,0,0,0,12,791.0166666666667
1,0,0,0,6,49.55
10,0,2,0,13,27.366666666666667
1,0,0,0,13,33.0
2,0,0,1,14,5.2
3,0,0,0,6,22.15
1,0,0,0,12,48.06666666666667
6,1,1,1,5,25.866666666666667
6,1,1,1,5,25.866666666666667
6,0,0,0,12,3601.4666666666667
6,0,0,0,12,3601.4666666666667
6,0,0,0,12,3601.4666666666667
6,0,0,0,13,24.233333333333334
10,0,0,0,6,213.13333333333333
10,0,0,0,6,213.13333333333333
10,0,0,0,6,213.13333333333333
10,0,0,0,6,213.13333333333333
10,0,0,0,6,213.13333333333333
10,0,0,0,6,213.13333333333333
10,0,0,0,6,213.13333333333333
10,0,0,0,6,213.13333333333333
10,0,0,0,6,213.13333333333333
10,0,0,0,6,213.13333333333333
10,0,0,0,6,213.13333333333333
10,0,0,0,6,213.13333333333333
10,0,0,0,6,213.13333333333333
9,0,0,0,9,918.1833333333333
9,0,0,0,9,918.1833333333333
6,0,0,0,12,97.18333333333334
6,0,0,0,12,97.18333333333334
4,0,0,0,12,-4.9
4,0,0,0,12,-4.9
4,0,0,0,12,-4.9
2,0,0,0,13,24.05
9,0,0,0,5,33.13333333333333
9,0,0,0,5,33.13333333333333
9,0,0,0,5,33.13333333333333
9,0,0,0,5,33.13333333333333
2,0,0,0,12,23.65
7,0,0,0,12,20.933333333333334
7,0,0,0,12,20.933333333333334
7,0,0,0,12,20.933333333333334
4,0,0,0,6,124.45
4,0,0,0,6,124.45
1,0,0,0,12,3664.9333333333334
1,0,0,1,6,-3.783333333333333
5,0,0,0,12,46.166666666666664
2,0,0,0,6,18.333333333333332
7,0,0,0,13,78.11666666666666
2,0,0,0,12,27.116666666666667
4,0,0,0,6,20.566666666666666
4,0,0,0,12,44.78333333333333
4,0,0,0,12,44.78333333333333
7,0,0,0,12,117.68333333333334
7,0,0,0,12,117.68333333333334
1,0,0,0,12,23.683333333333334
2,0,0,0,12,21.516666666666666
6,0,1,0,12,27.266666666666666
8,0,0,0,5,3.6166666666666667
8,0,0,0,5,3.6166666666666667
8,0,0,0,5,3.6166666666666667
1,0,0,0,6,23.116666666666667
8,0,0,0,6,54.5
8,0,0,0,6,54.5
2,0,0,0,12,26.366666666666667
2,0,0,0,12,26.366666666666667
3,0,0,0,6,15.616666666666667
5,0,0,0,12,-5.316666666666666
10,0,1,0,6,918.15
4,0,0,0,9,3742.6666666666665
4,0,0,0,12,13.95
1,0,0,0,12,44.13333333333333
10,0,0,0,12,1350.2833333333333
10,0,0,0,12,1350.2833333333333
10,0,0,0,12,1350.2833333333333
10,0,0,0,12,1350.2833333333333
10,0,0,0,12,1350.2833333333333
1,0,0,0,12,49.21666666666667
4,0,0,0,12,1862.4166666666667
6,1,0,0,12,7.0
4,0,0,0,12,46.11666666666667
4,0,0,0,12,46.11666666666667
4,0,0,0,12,46.11666666666667
4,0,0,0,12,46.11666666666667
5,0,0,0,12,13.933333333333334
5,0,0,0,12,13.933333333333334
5,0,0,0,12,13.933333333333334
2,0,0,0,6,19.3
5,0,0,0,12,20.916666666666668
8,0,0,0,13,409.8666666666667
8,0,0,0,13,409.8666666666667
1,0,0,0,12,20.1
7,0,0,0,6,22.716666666666665
3,0,0,0,12,-3.0166666666666666
3,0,0,0,12,-3.0166666666666666
9,0,0,0,13,48.233333333333334
9,0,0,0,6,931.3333333333334
9,0,0,0,6,931.3333333333334
9,0,0,0,6,931.3333333333334
9,0,0,0,6,931.3333333333334
9,0,0,0,6,931.3333333333334
9,0,0,0,6,931.3333333333334
9,0,0,0,6,931.3333333333334
9,0,0,0,6,931.3333333333334
3,0,0,0,12,22.666666666666668
3,0,0,0,12,30.0
3,0,0,0,12,30.0
2,0,0,0,6,410.23333333333335
2,0,0,0,6,410.23333333333335
2,0,0,0,6,410.23333333333335
7,0,0,0,13,34.65
7,0,0,0,13,34.65
10,0,0,0,12,4605.383333333333
7,0,0,0,13,651.7333333333333
7,0,0,0,13,651.7333333333333
7,0,0,0,13,651.7333333333333
8,0,0,0,12,29.7
8,0,0,0,12,29.7
8,0,0,0,12,29.7
8,0,0,0,12,29.7
8,0,0,0,12,29.7
8,0,0,0,12,29.7
8,0,0,0,12,29.7
8,0,0,0,12,29.7
5,0,0,0,6,53.333333333333336
5,0,0,0,6,53.333333333333336
4,0,0,0,12,358.7
4,0,0,0,12,358.7
2,0,0,0,6,63.86666666666667
2,0,0,0,6,15.8
6,0,1,2,12,56.63333333333333
6,0,1,2,12,56.63333333333333
6,0,1,2,12,56.63333333333333
3,0,0,0,12,29.633333333333333
2,0,0,0,5,24.233333333333334
4,0,0,0,6,23.366666666666667
7,0,0,0,12,27.733333333333334
7,0,0,0,12,27.733333333333334
7,0,0,0,12,27.733333333333334
7,0,0,0,12,27.733333333333334
5,0,0,0,12,98.5
8,0,0,0,12,934.0833333333334
1,0,0,0,6,13.366666666666667
7,0,0,0,13,2322.5666666666666
7,0,0,0,13,2322.5666666666666
1,0,0,0,6,5.95
4,0,0,0,6,66.56666666666666
4,0,0,0,6,66.56666666666666
4,0,0,0,6,66.56666666666666
8,0,0,0,12,48.7
8,0,0,0,12,48.7
6,0,0,0,12,50.46666666666667
6,0,0,0,12,50.46666666666667
6,0,0,0,12,50.46666666666667
10,0,0,0,12,382.68333333333334
10,0,0,0,12,382.68333333333334
1,0,0,0,13,1009.0333333333333
8,0,0,1,12,24.966666666666665
4,0,0,0,6,29.183333333333334
7,0,0,0,12,1084.75
7,0,0,0,12,1084.75
7,0,0,0,12,1084.75
7,0,0,0,12,1084.75
7,0,0,0,12,1084.75
7,0,0,0,12,23.883333333333333
5,0,0,0,12,21.0
8,0,0,0,13,826.45
8,0,0,0,13,826.45
5,0,0,0,5,20.65
8,0,0,0,12,23.3
3,0,0,0,14,30.416666666666668
6,0,0,0,13,53.3
8,0,0,0,5,102.91666666666667
9,0,0,0,12,53.93333333333333
8,0,0,0,12,22.4
8,0,0,0,12,22.4
1,0,0,0,6,31.85
1,0,0,0,6,31.85
3,0,0,0,12,312.01666666666665
3,0,0,0,12,312.01666666666665
3,0,0,0,12,312.01666666666665
3,0,0,0,12,312.01666666666665
4,0,0,0,12,13.833333333333334
4,0,0,0,12,13.833333333333334
4,0,0,0,12,2834.1666666666665
4,0,0,0,12,2834.1666666666665
2,0,0,0,12,23.333333333333332
2,0,0,0,12,23.333333333333332
1,0,0,0,6,19.616666666666667
4,0,0,0,12,166.61666666666667
2,0,0,0,12,24.066666666666666
1,0,0,0,6,21.2
1,0,0,0,5,30.633333333333333
1,0,0,0,12,13.683333333333334
7,0,0,0,13,28.7
3,0,0,1,6,6.916666666666667
6,0,0,0,12,25.083333333333332
5,0,0,0,12,20.1
5,0,0,0,12,20.1
5,0,0,0,12,20.1
9,0,0,1,12,239.88333333333333
8,0,0,0,6,1373.8666666666666
8,0,0,0,6,1373.8666666666666
1,0,0,0,6,26.616666666666667
1,0,0,0,6,21.916666666666668
5,0,0,0,12,522.3666666666667
2,0,0,0,6,-2.8666666666666667
2,0,0,0,12,46.38333333333333
2,0,0,0,12,46.38333333333333
2,0,0,0,12,46.38333333333333
2,0,0,0,12,46.38333333333333
2,0,0,0,12,46.38333333333333
1,0,0,0,12,15.95
2,0,0,0,12,7.783333333333333
4,0,0,0,12,4.833333333333333
3,0,0,0,6,13.233333333333333
3,0,0,0,6,13.233333333333333
1,0,0,0,9,836.6166666666667
7,0,0,0,12,1946.1833333333334
6,0,0,0,6,29.016666666666666
9,0,0,1,6,48.0
2,0,0,0,12,21.266666666666666
2,0,0,0,12,21.266666666666666
2,0,0,0,12,21.266666666666666
2,0,0,0,12,21.266666666666666
2,0,0,0,12,21.266666666666666
1,0,0,0,6,3.9166666666666665
2,0,0,0,12,40.666666666666664
2,0,0,0,12,40.666666666666664
1,0,0,0,12,2.283333333333333
1,0,0,0,12,2.283333333333333
1,0,0,0,12,2.283333333333333
1,0,0,0,12,25.166666666666668
1,0,0,0,12,25.166666666666668
1,0,0,0,13,25.15
1,0,0,0,13,25.15
1,0,0,0,6,55.2
8,0,0,0,12,25.516666666666666
8,0,0,0,12,25.516666666666666
1,0,0,0,(MO3),96.78333333333333
1,0,0,0,(MO3),96.78333333333333
8,0,0,0,13,139.58333333333334
8,0,0,0,13,139.58333333333334
8,2,0,0,13,27.266666666666666
8,2,0,0,13,27.266666666666666
5,0,0,2,12,20.183333333333334
10,1,0,3,6,650.55
10,1,0,3,6,650.55
2,0,0,0,12,46.833333333333336
2,0,0,0,12,46.833333333333336
1,0,0,0,12,315.2
2,0,0,0,6,24.116666666666667
2,0,0,0,6,24.116666666666667
5,0,0,0,5,29.766666666666666
1,0,0,0,6,23.966666666666665
6,0,0,0,5,15.833333333333334
9,0,0,0,12,2081.5666666666666
9,0,0,0,12,2081.5666666666666
9,0,0,0,12,2081.5666666666666
1,0,0,0,6,23.4
3,0,0,0,12,38.55
7,0,0,0,12,462.0833333333333
9,0,0,0,12,2826.2
6,0,0,0,12,27.45
3,0,0,0,6,17.716666666666665
3,0,0,0,9,1391.3166666666666
3,0,0,0,12,40.63333333333333
3,0,0,0,12,40.63333333333333
1,0,0,0,6,51.43333333333333
6,0,0,0,6,-0.9
1,0,0,0,6,29.033333333333335
1,0,0,0,13,50.983333333333334
2,0,0,0,12,19.983333333333334
2,0,0,0,12,19.983333333333334
6,0,0,0,5,24.383333333333333
6,0,0,0,5,24.383333333333333
9,0,2,2,12,149.63333333333333
9,0,2,2,12,149.63333333333333
9,0,2,2,12,149.63333333333333
9,0,2,2,12,149.63333333333333
3,0,0,0,6,3364.8
10,0,0,0,12,-3.2
10,0,0,0,12,-3.2
10,0,0,0,12,-3.2
10,0,0,0,12,-3.2
3,0,0,0,5,2.183333333333333
2,0,0,0,6,407.01666666666665
2,0,0,0,12,3400.633333333333
8,0,0,0,12,167.41666666666666
8,0,0,0,12,167.41666666666666
1,0,0,0,6,0.5
3,0,0,0,6,1046.95
6,0,0,0,6,1729.9666666666667
4,0,0,0,6,27.066666666666666
1,0,0,0,5,30.033333333333335
1,0,0,0,12,125.11666666666666
10,0,0,0,6,20.033333333333335
10,0,0,0,6,20.033333333333335
10,0,0,0,6,20.033333333333335
10,0,0,0,6,20.033333333333335
10,0,0,0,6,20.033333333333335
4,0,1,0,12,1323.6333333333334
4,0,1,0,12,1323.6333333333334
3,0,0,0,12,3555.4333333333334
3,0,0,0,12,3555.4333333333334
6,0,0,0,12,840.7166666666667
9,2,2,0,12,41.766666666666666
9,2,2,0,12,41.766666666666666
9,2,2,0,12,41.766666666666666
9,2,2,0,12,41.766666666666666
9,2,2,0,12,41.766666666666666
3,0,0,0,6,385.26666666666665
2,0,0,0,12,5.35
1,0,0,0,6,22.466666666666665
2,3,0,0,9,629.2333333333333
1,0,0,0,6,26.5
3,0,0,0,6,22.55
4,0,0,0,12,24.516666666666666
5,0,0,0,12,25.233333333333334
5,0,0,0,12,25.233333333333334
5,0,1,2,12,22.3
7,0,0,1,12,3.066666666666667
7,0,0,1,12,3.066666666666667
7,0,0,1,12,3.066666666666667
1,0,0,0,13,14.733333333333333
1,0,0,0,5,30.166666666666668
1,0,0,0,5,30.166666666666668
1,0,0,0,5,30.166666666666668
1,0,0,0,6,4.483333333333333
6,0,0,0,6,52.4
3,0,0,0,13,22.9
5,0,0,0,6,25.25
5,0,0,0,12,2274.0833333333335
8,0,0,0,12,390.85
8,0,0,0,12,390.85
7,0,0,0,13,4010.266666666667
1,0,0,0,6,161.93333333333334
1,0,0,0,14,162.41666666666666
4,0,0,0,13,2273.75
4,0,0,0,13,2273.75
4,0,0,0,13,2273.75
1,0,0,0,12,-7.2
1,0,0,0,12,1243.9
5,0,0,0,6,73.4
1,0,0,0,12,21.05
3,0,0,0,12,22.3
3,0,0,0,12,22.3
2,0,0,0,6,49.9
10,0,1,0,12,18.45
10,0,1,0,12,18.45
10,0,1,0,12,18.45
10,0,1,0,12,18.45
10,0,1,0,12,18.45
10,0,1,0,12,18.45
2,0,0,0,6,312.7
6,0,1,0,12,17.583333333333332
6,0,1,0,12,17.583333333333332
6,0,1,0,12,17.583333333333332
3,0,0,0,6,20.25
3,0,0,0,6,20.25
3,0,0,1,6,16.35
4,0,0,0,12,0.95
7,0,0,0,9,4559.583333333333
6,0,0,0,12,338.26666666666665
2,0,0,0,12,29.016666666666666
5,0,0,0,12,13.95
5,0,0,0,12,13.95
5,0,0,0,12,13.95
5,0,0,0,12,13.95
5,0,0,0,12,13.95
1,0,0,0,6,15.316666666666666
1,0,0,0,13,4.683333333333334
1,0,0,0,5,23.35
1,0,0,0,5,23.35
2,0,0,0,5,26.566666666666666
2,0,0,0,12,223.43333333333334
2,0,0,0,12,223.43333333333334
1,0,0,0,6,25.016666666666666
1,0,0,0,6,25.016666666666666
3,0,0,0,12,27.716666666666665
7,0,0,0,12,196.96666666666667
7,0,0,0,12,196.96666666666667
7,0,0,0,12,196.96666666666667
7,0,0,0,12,196.96666666666667
1,0,0,0,5,18.233333333333334
7,0,0,0,12,1561.5
8,0,0,0,13,1459.2166666666667
8,0,0,0,13,1459.2166666666667
1,0,0,0,12,19.066666666666666
1,0,0,0,12,19.066666666666666
6,0,0,0,12,717.3333333333334
4,0,0,0,12,5.566666666666666
3,0,0,0,6,42.9
1,0,0,0,12,24.95
1,0,0,0,12,24.95
4,0,0,0,12,1391.85
2,0,0,0,12,243.48333333333332
8,0,0,2,12,2.9833333333333334
8,0,0,2,12,2.9833333333333334
8,0,0,2,12,2.9833333333333334
8,0,0,2,12,2.9833333333333334
8,0,0,2,12,2.9833333333333334
8,0,0,2,12,2.9833333333333334
8,0,0,2,12,2.9833333333333334
7,0,0,0,13,21.05
7,0,0,0,13,21.05
7,0,0,0,13,21.05
7,0,0,0,13,21.05
7,0,0,0,13,21.05
4,0,0,0,12,67.91666666666667
1,0,0,0,13,127.38333333333334
2,0,0,0,12,20.183333333333334
3,0,0,0,12,42.45
4,0,0,0,13,77.38333333333334
2,0,0,0,12,25.066666666666666
9,0,0,0,12,2825.883333333333
9,0,0,0,12,2825.883333333333
9,0,0,0,12,2825.883333333333
9,0,0,0,12,2825.883333333333
2,0,0,0,6,27.15
1,0,0,0,12,24.533333333333335
4,0,0,0,12,18.383333333333333
4,0,0,0,12,18.383333333333333
4,0,0,0,12,18.383333333333333
10,0,0,0,12,7334.866666666667
10,0,0,0,12,7334.866666666667
2,0,0,0,6,17.016666666666666
1,0,0,0,6,2622.6666666666665
1,0,0,0,6,2622.6666666666665
1,0,0,0,6,3.716666666666667
7,0,0,0,12,46.483333333333334
7,0,0,0,12,46.483333333333334
7,0,0,0,12,46.483333333333334
7,0,0,0,12,46.483333333333334
5,0,0,0,12,8908.783333333333
1,0,0,0,6,18.516666666666666
1,0,0,0,12,15.383333333333333
5,0,0,0,6,23.4
7,0,0,0,12,26.966666666666665
1,0,1,0,6,-10.55
1,0,1,0,6,-10.55
3,0,0,0,5,19.95
7,0,2,0,12,45.5
7,0,2,0,12,45.5
7,0,2,0,12,45.5
3,0,0,0,6,1992.2333333333333
3,0,0,0,6,1992.2333333333333
1,0,0,0,12,1107.5666666666666
1,0,0,0,12,53.583333333333336
1,0,0,0,12,53.583333333333336
8,0,0,0,12,89.4
7,0,0,0,12,46.15
6,0,0,0,6,32.1
1,0,0,0,6,17.033333333333335
1,0,0,0,12,511.1333333333333
8,0,0,0,12,23.933333333333334
8,0,0,0,13,71.91666666666667
8,0,0,0,13,71.91666666666667
8,0,0,0,13,71.91666666666667
8,0,0,0,13,71.91666666666667
3,0,0,0,12,22.7
3,0,0,0,12,22.7
3,0,0,0,12,22.7
4,0,0,0,6,71.53333333333333
7,0,0,1,12,246.48333333333332
7,0,0,1,12,246.48333333333332
7,0,0,1,12,246.48333333333332
1,0,0,0,6,22.433333333333334
4,0,0,0,14,1823.4666666666667
4,0,0,0,14,1823.4666666666667
2,0,0,0,6,15.416666666666666
8,0,0,4,12,20.3
8,0,0,4,12,20.3
8,0,0,4,12,20.3
8,0,0,4,12,20.3
2,0,0,0,12,549.0666666666667
2,0,0,0,12,549.0666666666667
10,0,0,0,12,1943.3
2,0,0,0,12,917.45
2,0,0,0,12,917.45
4,0,4,10,13,27.266666666666666
5,0,0,0,13,48.75
5,0,0,0,13,48.75
5,0,0,0,13,48.75
7,0,0,0,12,7.833333333333333
1,0,0,0,12,71.01666666666667
1,0,0,0,12,71.01666666666667
1,0,0,0,12,71.01666666666667
1,0,0,0,6,19.533333333333335
4,0,0,0,12,49.68333333333333
4,0,0,0,12,49.68333333333333
4,0,0,0,12,49.68333333333333
4,0,0,0,12,49.68333333333333
4,0,0,0,12,49.68333333333333
6,0,1,0,12,49.36666666666667
6,0,1,0,12,49.36666666666667
8,0,0,0,12,693.3
8,0,0,0,12,693.3
8,0,0,0,12,430.51666666666665
8,0,0,0,12,430.51666666666665
3,0,0,0,12,20.0
5,0,0,0,6,768.3333333333334
4,0,0,0,12,764.2166666666667
4,0,0,0,12,4672.833333333333
4,0,0,2,12,13.883333333333333
4,0,0,2,12,13.883333333333333
7,2,0,1,12,112.0
7,2,0,1,12,112.0
7,2,0,1,12,112.0
7,2,0,1,12,112.0
7,2,0,1,12,112.0
2,0,0,0,12,19.1
1,0,0,0,6,22.783333333333335
1,0,0,0,6,22.783333333333335
6,0,0,0,12,28.05
6,0,0,0,12,28.05
9,0,0,0,12,120.31666666666666
9,0,0,0,12,120.31666666666666
2,0,0,0,13,147.91666666666666
9,0,0,0,13,867.3666666666667
9,0,0,0,13,867.3666666666667
9,0,0,0,13,867.3666666666667
9,0,0,0,13,867.3666666666667
9,0,0,0,13,867.3666666666667
1,0,0,0,6,-1.5333333333333334
2,0,0,0,6,22.666666666666668
10,0,0,1,13,5688.516666666666
9,2,0,0,13,49.833333333333336
9,2,0,0,13,49.833333333333336
9,2,0,0,13,49.833333333333336
1,0,0,0,12,3.7666666666666666
2,0,0,0,6,23.783333333333335
2,0,0,0,6,23.783333333333335
8,0,0,0,5,6.466666666666667
2,0,0,0,6,138.25
2,0,0,0,6,138.25
4,0,0,0,12,-0.5666666666666667
4,0,0,0,12,-0.5666666666666667
4,0,0,0,12,-0.5666666666666667
2,0,0,0,6,27.1
3,0,0,0,13,293.4
2,0,0,0,13,120.61666666666666
2,0,0,0,12,19.966666666666665
1,0,0,0,6,27.75
6,1,5,0,6,380.9166666666667
7,0,0,0,13,32.15
7,0,0,0,13,32.15
7,0,0,0,13,32.15
7,0,0,0,13,32.15
7,0,0,0,13,32.15
7,0,0,0,13,32.15
7,0,0,0,13,32.15
7,0,0,0,13,32.15
6,0,0,0,12,24.966666666666665
6,0,0,0,12,24.966666666666665
2,0,0,0,6,98.06666666666666
7,0,0,0,12,1227.1666666666667
2,0,0,0,6,116.21666666666667
7,0,0,0,5,808.0666666666667
7,0,0,0,5,808.0666666666667
7,0,0,0,5,808.0666666666667
1,0,0,0,14,1247.2666666666667
4,0,0,0,12,126.45
9,0,2,0,13,32.2
9,0,2,0,13,32.2
10,0,0,0,6,26.983333333333334
7,0,0,0,12,41.15
1,0,0,0,5,22.466666666666665
4,0,0,0,6,2.4833333333333334
4,0,0,0,6,2.4833333333333334
1,0,0,0,12,25.316666666666666
8,0,0,0,12,44.18333333333333
8,0,0,0,12,44.18333333333333
1,0,0,0,6,17.3
1,0,0,0,12,14.35
1,0,0,0,12,14.35
7,0,0,1,12,23.333333333333332
10,0,0,0,13,14.666666666666666
10,0,0,0,13,14.666666666666666
10,0,0,0,13,14.666666666666666
10,0,0,0,13,14.666666666666666
3,0,0,0,12,42.666666666666664
7,0,0,0,6,677.4166666666666
1,0,0,0,12,26.3
1,0,0,0,12,26.3
6,0,0,0,12,970.9333333333333
6,0,0,0,12,970.9333333333333
6,0,0,0,12,970.9333333333333
7,0,0,0,12,639.0
7,0,0,0,12,639.0
7,0,0,0,12,639.0
7,0,0,0,12,639.0
7,0,0,0,12,639.0
7,0,0,0,12,639.0
7,0,0,0,12,639.0
7,0,0,0,12,639.0
6,0,0,0,12,28.6
1,0,0,0,5,-3.4833333333333334
5,0,1,0,12,7491.45
5,1,0,0,12,44.333333333333336
2,0,0,0,6,23.266666666666666
6,0,0,1,12,5.816666666666666
6,0,0,1,12,5.816666666666666
6,0,0,1,12,5.816666666666666
10,0,0,0,5,740.8666666666667
10,0,0,0,5,740.8666666666667
10,0,0,0,5,740.8666666666667
10,0,0,0,5,740.8666666666667
10,0,0,0,5,740.8666666666667
10,0,0,0,5,740.8666666666667
1,0,0,0,12,6.916666666666667
8,0,0,0,12,2501.4333333333334
8,0,0,0,12,2501.4333333333334
1,0,0,0,12,25.183333333333334
1,0,0,0,14,3.5
2,0,0,2,5,18.633333333333333
2,0,0,2,5,18.633333333333333
8,1,0,0,12,353.4166666666667
8,1,0,0,12,353.4166666666667
8,1,0,0,12,353.4166666666667
8,1,0,0,12,353.4166666666667
8,1,0,0,12,353.4166666666667
1,0,0,0,14,100.88333333333334
3,0,0,0,12,819.9833333333333
9,0,3,0,12,27.4
9,0,3,0,12,27.4
9,0,3,0,12,27.4
9,0,3,0,12,27.4
9,0,3,0,12,27.4
9,0,3,0,12,27.4
9,0,3,0,12,27.4
9,0,3,0,12,27.4
5,0,0,0,12,748.8666666666667
5,0,0,0,12,748.8666666666667
5,0,0,0,12,24.0
6,0,0,0,12,20.2
6,0,0,0,12,20.2
2,0,0,0,6,27.166666666666668
8,0,1,1,12,339.6
8,0,1,1,12,339.6
8,0,1,1,12,339.6
8,0,1,1,12,339.6
9,0,0,0,6,23.616666666666667
9,0,0,0,6,23.616666666666667
5,0,0,0,12,28.766666666666666
9,0,0,2,12,16.3
9,0,0,2,12,16.3
9,0,0,2,12,16.3
9,0,0,2,12,16.3
2,0,0,2,6,4.05
2,0,0,0,12,842.8166666666667
2,0,0,0,12,842.8166666666667
8,0,0,0,12,21.95
8,0,0,0,12,21.95
1,0,0,0,5,3650.9
1,0,0,0,5,3650.9
7,0,0,0,12,42.416666666666664
7,0,0,0,12,42.416666666666664
8,0,0,0,5,12766.6
8,0,0,0,5,12766.6
8,0,0,0,5,12766.6
8,0,0,0,5,12766.6
2,0,0,0,12,40.21666666666667
2,0,0,0,6,12.5
6,0,0,0,12,286.0
6,0,0,0,12,286.0
6,0,0,0,12,286.0
1,0,0,0,12,23.05
3,0,0,0,6,30.283333333333335
3,0,0,0,6,30.283333333333335
3,0,0,0,6,30.283333333333335
8,0,0,0,12,452.46666666666664
8,0,0,0,12,452.46666666666664
2,0,0,0,12,22.483333333333334
7,0,0,0,12,146.93333333333334
7,0,0,0,12,146.93333333333334
2,0,0,0,12,58.63333333333333
2,0,0,0,12,58.63333333333333
1,0,0,0,6,24.433333333333334
10,0,5,1,6,1.85
10,0,5,1,6,1.85
6,0,0,0,12,27.333333333333332
6,0,0,0,12,27.333333333333332
4,0,0,0,6,24.183333333333334
4,0,0,0,6,24.183333333333334
6,0,0,0,6,6.566666666666666
6,0,0,0,6,6.566666666666666
6,0,0,0,6,6.566666666666666
2,0,0,0,6,20.8
5,0,0,0,12,1496.9666666666667
9,0,1,0,6,506.93333333333334
9,0,1,0,6,506.93333333333334
2,0,0,0,6,25.15
8,0,0,0,12,26.233333333333334
8,0,0,0,12,26.233333333333334
9,0,0,0,12,22.95
9,0,0,0,12,22.95
3,0,0,0,6,29.333333333333332
3,0,0,0,6,29.333333333333332
8,0,0,0,12,172.65
8,0,0,0,12,172.65
8,0,0,0,12,172.65
10,0,0,0,12,24.75
2,0,0,0,6,20.283333333333335
1,0,0,0,6,22.133333333333333
3,0,0,0,12,22.466666666666665
3,0,0,0,12,22.466666666666665
5,0,0,0,13,4227.283333333334
5,0,0,0,13,4227.283333333334
3,0,0,0,12,360.93333333333334
3,0,0,0,12,360.93333333333334
3,0,0,0,12,360.93333333333334
6,0,0,0,5,1036.2
3,0,0,0,12,23.216666666666665
2,0,0,0,12,20.166666666666668
2,0,0,0,12,20.166666666666668
2,0,0,0,12,20.166666666666668
3,0,0,0,5,4.25
1,0,0,0,6,18.283333333333335
1,0,0,0,6,18.283333333333335
2,0,0,0,12,365.93333333333334
3,0,0,0,5,30.6
3,0,0,0,5,30.6
3,0,0,0,5,30.6
3,0,0,0,5,30.6
2,0,0,0,12,19.866666666666667
2,0,0,0,12,19.866666666666667
4,0,0,0,12,19.733333333333334
1,0,0,0,12,44.36666666666667
1,0,0,0,6,23.55
7,0,0,0,12,21.616666666666667
7,0,0,0,12,21.616666666666667
6,0,0,0,12,20.366666666666667
1,0,0,0,6,4.85
5,0,0,0,12,19.416666666666668
5,0,0,0,12,19.416666666666668
1,0,0,0,6,15.75
2,0,1,1,12,19.4
2,0,0,0,12,29.566666666666666
5,0,0,0,6,7.133333333333334
5,0,0,0,6,7.133333333333334
5,0,0,0,6,7.133333333333334
5,0,0,0,6,7.133333333333334
2,0,0,0,6,54.53333333333333
2,0,0,0,6,54.53333333333333
5,0,0,0,6,27.75
7,0,0,0,12,24.466666666666665
7,0,0,0,12,24.466666666666665
7,0,0,0,12,24.466666666666665
7,0,0,0,12,24.466666666666665
7,0,0,0,12,24.466666666666665
7,0,0,0,12,24.466666666666665
10,0,1,0,12,25.383333333333333
4,0,0,0,12,295.48333333333335
6,0,0,0,12,22.383333333333333
6,0,0,0,12,22.383333333333333
9,1,0,1,12,8140.666666666667
9,1,0,1,12,8140.666666666667
4,0,0,0,12,27.533333333333335
3,0,0,0,12,20.85
5,0,0,0,12,31.1
1,0,0,0,12,26.816666666666666
6,0,0,0,14,2351.05
6,0,0,0,14,2351.05
8,0,0,0,12,5042.283333333334
3,0,0,0,14,175.3
3,0,0,0,12,23.133333333333333
5,0,0,0,12,28.35
1,0,0,0,12,21.716666666666665
4,0,0,0,13,95.08333333333333
9,0,0,0,12,764.2666666666667
9,0,0,0,12,764.2666666666667
1,0,0,0,12,27.25
2,0,0,0,12,25.533333333333335
2,0,0,0,12,25.533333333333335
6,0,0,0,12,4.2
6,0,0,0,12,193.48333333333332
6,0,0,0,12,193.48333333333332
2,0,0,0,6,20.583333333333332
4,0,0,0,12,4288.45
4,0,0,0,12,4288.45
2,0,0,0,11,502.8333333333333
2,0,0,0,11,502.8333333333333
3,0,0,0,6,24.5
3,0,0,0,6,24.5
2,0,0,0,12,152.61666666666667
2,0,0,0,12,152.61666666666667
2,0,0,0,12,152.61666666666667
2,0,0,0,12,3.7666666666666666
2,0,0,0,12,845.6166666666667
2,0,0,0,12,845.6166666666667
2,0,0,0,12,845.6166666666667
2,0,0,0,12,845.6166666666667
2,0,0,0,12,845.6166666666667
2,0,0,0,6,13.316666666666666
1,0,0,0,6,435.8666666666667
9,0,0,0,6,1461.6833333333334
3,0,0,0,12,16.75
3,0,0,0,12,16.75
3,0,0,0,12,16.75
8,0,0,0,5,246.85
8,0,0,0,5,246.85
8,0,0,0,5,246.85
1,0,0,0,5,74.95
1,0,0,0,5,74.95
1,0,0,0,13,24.633333333333333
1,0,0,0,6,44.15
8,0,0,0,12,722.0166666666667
1,0,0,0,6,25.433333333333334
7,0,0,0,12,790.35
7,0,0,0,12,790.35
7,0,0,0,12,790.35
7,0,0,0,12,790.35
5,0,0,0,6,14.466666666666667
5,0,0,0,6,14.466666666666667
3,0,0,0,12,25.916666666666668
9,0,0,0,12,1869.6666666666667
9,0,0,0,12,1869.6666666666667
9,0,0,0,12,1869.6666666666667
9,0,0,0,12,1869.6666666666667
9,0,0,0,12,1869.6666666666667
7,0,0,0,6,1309.65
7,0,0,0,6,1309.65
7,0,0,0,6,1309.65
1,0,0,0,6,27.1
1,0,0,0,6,-6.65
9,0,0,0,6,172.4
1,0,0,0,12,29.916666666666668
5,0,0,0,12,894.9333333333333
5,0,0,0,12,894.9333333333333
9,1,2,0,12,47.733333333333334
9,1,2,0,12,47.733333333333334
9,1,2,0,12,47.733333333333334
4,0,0,0,12,40.6
4,0,0,0,5,26.483333333333334
5,0,0,0,12,76.65
5,0,0,0,12,76.65
4,0,0,0,12,694.4166666666666
4,0,0,0,12,694.4166666666666
4,0,0,0,12,694.4166666666666
8,0,0,0,6,128.08333333333334
1,0,0,0,6,13.5
1,0,0,0,6,13.5
2,0,0,0,12,25.633333333333333
7,0,0,0,12,7.583333333333333
7,0,0,0,12,7.583333333333333
7,0,0,0,12,7.583333333333333
8,0,0,0,13,6.633333333333334
8,0,0,0,13,6.633333333333334
1,0,0,0,6,29.7
8,0,0,0,13,27.566666666666666
8,0,0,0,13,27.566666666666666
8,0,0,0,13,27.566666666666666
4,0,0,0,12,6.483333333333333
1,0,0,0,6,19.533333333333335
6,0,0,0,12,27.216666666666665
6,0,0,0,12,27.216666666666665
7,0,0,0,12,124.81666666666666
5,0,0,0,6,4.166666666666667
5,0,0,0,6,4.166666666666667
8,0,0,0,12,321.81666666666666
8,0,0,0,12,321.81666666666666
8,0,0,0,12,321.81666666666666
1,0,0,0,6,28.15
1,0,0,0,12,24.0
6,0,0,0,12,21.216666666666665
1,0,0,0,13,526.1333333333333
5,0,0,0,6,16.166666666666668
5,0,0,0,6,16.166666666666668
5,0,0,0,6,16.166666666666668
2,0,0,0,6,26.933333333333334
2,0,0,0,5,53.1
2,0,0,0,5,53.1
1,0,0,0,12,18.616666666666667
1,0,0,0,12,18.616666666666667
1,0,0,0,6,50.2
5,0,0,0,6,22.183333333333334
2,0,0,0,12,39.61666666666667
7,0,0,0,12,6.7
7,0,0,0,12,6.7
7,0,0,0,12,6.7
3,0,0,0,12,23.816666666666666
8,0,0,0,12,1566.6166666666666
8,0,0,0,12,1566.6166666666666
1,0,0,0,6,20.783333333333335
1,0,0,0,6,23.2
2,0,0,0,12,30.4
2,0,0,0,12,364.73333333333335
6,0,0,0,12,48.38333333333333
1,0,0,0,6,21.766666666666666
1,0,0,0,6,30.25
6,0,0,0,12,158.28333333333333
6,0,0,0,12,158.28333333333333
3,0,0,0,12,1.85
7,0,0,0,12,1035.0333333333333
7,0,0,0,12,1035.0333333333333
2,0,0,0,12,-10.366666666666667
2,0,0,0,12,-10.366666666666667
2,0,0,0,6,66.73333333333333
2,0,0,0,6,66.73333333333333
2,0,0,0,6,66.73333333333333
5,0,0,0,12,247.55
5,0,0,0,12,247.55
1,0,0,0,6,17.766666666666666
5,0,0,0,13,28.616666666666667
1,0,0,0,13,14.116666666666667
1,0,0,0,6,20.933333333333334
1,0,0,0,6,5.216666666666667
3,0,0,0,6,3.1333333333333333
10,4,0,0,13,24.366666666666667
10,4,0,0,13,24.366666666666667
1,0,0,0,6,25.25
6,0,0,0,12,4.9
6,0,0,0,12,4.9
6,0,0,0,12,4.9
6,0,0,0,12,4.9
3,0,0,0,12,6.533333333333333
1,0,0,0,12,20.433333333333334
5,0,0,0,12,21.583333333333332
5,0,0,0,12,21.583333333333332
5,0,0,0,12,21.583333333333332
5,0,0,0,12,21.583333333333332
5,0,0,0,12,21.583333333333332
5,0,0,0,12,21.583333333333332
1,0,0,0,12,24.566666666666666
6,0,0,0,6,17.766666666666666
1,0,0,0,6,24.566666666666666
1,0,0,0,6,24.566666666666666
10,8,2,0,12,93.81666666666666
10,8,2,0,12,93.81666666666666
8,0,0,0,12,6.85
8,0,0,0,12,6.85
8,0,0,0,12,6.85
8,0,0,0,12,6.85
9,0,0,0,6,24.7
2,0,0,0,12,16.083333333333332
6,0,0,0,12,31.416666666666668
6,0,0,0,12,31.416666666666668
7,1,6,0,12,28.75
7,0,0,0,12,63.666666666666664
7,0,0,0,12,63.666666666666664
7,0,0,0,12,63.666666666666664
4,0,0,0,6,95.91666666666667
4,0,0,0,6,95.91666666666667
4,0,0,0,6,95.91666666666667
4,0,0,0,6,55.2
4,0,0,0,12,46.93333333333333
4,0,0,0,13,166.26666666666668
4,0,0,0,13,166.26666666666668
9,4,1,0,12,65.78333333333333
3,2,0,0,12,37.45
3,2,0,0,12,37.45
7,0,0,0,12,25.2
7,2,1,0,5,210.15
7,2,1,0,5,210.15
7,0,0,0,12,1343.4333333333334
7,0,0,0,12,1343.4333333333334
6,0,0,0,12,1204.6333333333334
6,0,0,0,12,1204.6333333333334
2,0,0,0,12,3.7666666666666666
2,0,0,0,12,3.7666666666666666
4,0,0,0,12,1532.2833333333333
4,0,0,0,6,13.416666666666666
8,1,0,0,12,69.43333333333334
8,1,0,0,12,69.43333333333334
1,0,0,0,12,47.833333333333336
2,0,0,0,5,746.2333333333333
3,0,0,0,13,26.833333333333332
7,0,0,0,6,91.18333333333334
1,0,0,0,12,94.81666666666666
6,0,0,3,13,11281.6
6,0,0,3,13,11281.6
1,0,0,0,6,-10.966666666666667
9,0,0,0,12,15.9
9,0,0,0,12,15.9
9,0,0,0,12,15.9
5,0,0,0,5,50.233333333333334
5,0,0,0,5,50.233333333333334
9,1,1,1,12,43.38333333333333
4,0,0,0,6,3.1166666666666667
10,0,0,1,12,20.466666666666665
10,0,0,1,12,20.466666666666665
7,0,0,0,13,14956.1
3,0,0,0,6,21.916666666666668
3,0,0,0,6,21.916666666666668
3,0,0,0,6,21.916666666666668
3,0,0,0,6,21.916666666666668
3,0,0,0,6,21.916666666666668
3,0,0,0,6,29.85
3,0,0,0,6,29.85
3,0,0,0,6,29.85
6,0,0,0,12,528.9
6,0,0,0,12,528.9
6,0,0,0,12,528.9
7,0,0,0,12,119.85
7,0,0,0,12,119.85
7,0,0,0,12,119.85
7,0,0,0,12,119.85
7,0,0,0,12,119.85
7,0,0,0,12,119.85
7,0,0,0,12,119.85
2,0,0,0,12,23.383333333333333
9,0,0,0,5,27.833333333333332
2,0,0,0,12,577.2666666666667
2,0,0,0,12,577.2666666666667
5,0,0,0,12,6.1
5,0,0,0,12,6.1
3,0,0,0,5,39.916666666666664
3,0,0,0,5,39.916666666666664
5,0,0,0,6,22.933333333333334
5,0,0,0,6,22.933333333333334
5,0,0,0,6,22.933333333333334
5,0,0,0,6,22.933333333333334
4,0,0,0,6,169.91666666666666
1,0,0,0,12,7.083333333333333
1,0,0,0,12,7.083333333333333
1,0,0,0,12,7.083333333333333
1,0,0,0,12,7.083333333333333
1,0,0,0,6,24.433333333333334
1,0,0,0,6,24.433333333333334
10,0,0,0,12,7.383333333333334
2,0,0,0,6,67.35
8,0,0,0,(MO3),863.4166666666666
8,0,0,0,(MO3),863.4166666666666
8,0,0,0,(MO3),863.4166666666666
8,0,0,0,(MO3),863.4166666666666
8,0,0,0,(MO3),863.4166666666666
8,0,0,0,6,232.21666666666667
1,0,0,0,6,5.5
8,0,0,0,12,4734.666666666667
2,0,0,0,12,46.5
2,0,0,0,12,46.5
9,0,1,0,6,22.566666666666666
1,0,0,0,6,22.3
1,0,0,0,6,19.25
1,0,0,0,12,46.016666666666666
2,0,0,0,(MO3),-4.2
3,0,0,0,13,823.5333333333333
4,0,0,1,12,25.533333333333335
4,0,0,1,12,25.533333333333335
1,0,0,0,6,32.266666666666666
10,2,0,1,6,2902.483333333333
9,0,0,4,13,5809.85
9,0,0,4,13,5809.85
9,0,0,4,13,5809.85
9,0,0,0,12,141.73333333333332
10,0,0,1,12,22.816666666666666
10,0,0,1,12,22.816666666666666
2,0,1,0,12,14.25
3,0,0,0,12,45.11666666666667
1,0,0,0,6,23.983333333333334
2,0,0,0,12,15.483333333333333
1,0,0,0,6,6.066666666666666
8,0,0,0,5,20.633333333333333
8,0,0,0,5,20.633333333333333
8,0,0,0,5,20.633333333333333
8,0,0,0,5,20.633333333333333
8,0,0,0,5,20.633333333333333
8,0,0,0,5,20.633333333333333
7,0,0,0,12,692.4833333333333
7,0,0,0,12,692.4833333333333
7,0,0,0,12,692.4833333333333
7,0,0,0,12,692.4833333333333
7,0,0,0,12,692.4833333333333
7,0,0,0,12,692.4833333333333
4,0,0,0,12,7147.416666666667
2,0,0,0,6,31.25
1,0,0,0,6,2.55
1,0,0,0,6,19.316666666666666
3,0,0,0,5,5.483333333333333
1,0,0,0,12,73.98333333333333
6,0,0,0,12,24.916666666666668
8,0,0,0,12,820.9833333333333
8,0,0,0,12,820.9833333333333
8,0,0,0,12,820.9833333333333
2,0,0,0,13,181.25
2,0,0,0,13,181.25
3,0,0,0,12,28.966666666666665
3,0,0,0,12,28.966666666666665
2,0,0,0,6,13.3
2,0,0,0,6,13.3
3,0,0,0,12,49.43333333333333
3,0,0,0,12,49.43333333333333
8,0,0,0,12,5.966666666666667
6,0,0,0,12,28.333333333333332
2,0,0,0,12,25.866666666666667
4,0,0,0,6,954.4833333333333
9,1,0,0,12,25.083333333333332
9,1,0,0,12,25.083333333333332
9,1,0,0,12,25.083333333333332
9,1,0,0,12,25.083333333333332
9,1,0,0,12,25.083333333333332
9,0,0,0,12,263.43333333333334
9,0,0,0,12,263.43333333333334
3,0,0,0,12,896.5833333333334
3,0,0,0,12,896.5833333333334
3,0,0,0,12,896.5833333333334
8,0,0,0,12,98.98333333333333
8,0,0,0,12,98.98333333333333
1,0,0,0,6,0.15
3,0,0,0,12,7.466666666666667
7,0,0,0,12,2122.016666666667
7,0,0,0,12,2122.016666666667
7,0,0,0,12,2122.016666666667
8,0,0,0,13,211.86666666666667
8,0,0,0,13,211.86666666666667
8,0,0,0,13,211.86666666666667
7,0,0,0,12,72.6
7,0,0,0,12,72.6
2,0,0,0,9,288.06666666666666
7,0,0,0,13,13.883333333333333
1,0,0,0,5,-10.35
7,0,0,0,12,817.9833333333333
7,0,0,0,12,817.9833333333333
4,0,0,0,6,192.21666666666667
2,0,0,0,12,-1.05
2,0,0,0,12,-1.05
2,0,0,0,12,-1.05
2,0,0,0,12,-1.05
1,0,0,0,12,19.333333333333332
1,0,0,0,12,19.333333333333332
1,0,0,0,12,27.566666666666666
5,0,0,0,6,22.316666666666666
1,0,0,0,6,5.716666666666667
2,0,0,0,12,750.4333333333333
2,0,0,0,12,750.4333333333333
9,0,0,0,12,2859.633333333333
9,0,0,0,12,2859.633333333333
9,0,0,0,12,2859.633333333333
5,0,0,0,12,77.55
5,0,0,0,6,23.55
1,0,0,0,6,44.35
3,0,0,0,6,75.83333333333333
3,0,0,0,6,75.83333333333333
3,0,0,0,6,75.83333333333333
4,0,0,0,12,8.233333333333333
5,0,0,0,12,19.833333333333332
2,0,0,0,(MO3),70.16666666666667
2,0,0,0,(MO3),70.16666666666667
6,0,0,0,12,576.1666666666666
6,0,0,0,12,576.1666666666666
6,0,0,0,12,576.1666666666666
9,0,2,1,12,26.1
1,0,0,0,12,28.183333333333334
1,0,0,0,12,28.183333333333334
1,0,0,0,12,28.183333333333334
1,0,0,0,12,28.183333333333334
1,0,0,0,5,10.366666666666667
2,0,0,0,12,65.6
2,0,0,0,12,65.6
2,0,0,0,12,65.6
5,0,0,0,6,16.666666666666668
8,0,0,0,12,816.0666666666667
8,0,0,0,12,816.0666666666667
8,0,0,0,12,816.0666666666667
8,0,0,0,12,816.0666666666667
1,0,0,0,6,51.21666666666667
10,1,2,0,14,4795.866666666667
8,2,0,0,6,69.28333333333333
8,2,0,0,6,69.28333333333333
8,2,0,0,6,69.28333333333333
8,2,0,0,6,69.28333333333333
4,0,0,0,12,17.3
6,0,0,0,12,889.4
6,0,0,0,12,889.4
6,0,0,0,12,889.4
6,0,0,0,12,889.4
6,0,0,0,6,0.2833333333333333
5,0,0,0,12,47.4
5,0,0,0,12,47.4
5,0,0,0,12,47.4
5,0,0,0,12,47.4
5,0,0,0,12,47.4
10,3,0,0,6,1255.5333333333333
10,3,0,0,6,1255.5333333333333
1,0,0,0,12,1564.1
1,0,0,0,6,95.26666666666667
2,0,0,0,12,2493.733333333333
2,0,0,0,12,2493.733333333333
4,0,0,0,12,0.25
4,0,0,0,12,0.25
7,0,0,0,12,1770.25
7,0,0,0,12,1770.25
1,0,0,0,12,22.166666666666668
1,0,0,0,12,22.166666666666668
10,0,0,0,12,55.03333333333333
10,0,0,0,12,55.03333333333333
9,0,0,1,12,14.433333333333334
9,0,0,1,12,14.433333333333334
9,0,0,1,12,14.433333333333334
1,0,0,0,12,23.15
2,0,0,0,12,12.483333333333333
5,0,1,2,12,68.68333333333334
6,0,0,0,12,760.7
6,0,0,0,12,760.7
6,0,0,0,12,760.7
7,0,0,0,(MO3),22.95
7,0,0,0,(MO3),22.95
7,0,0,0,(MO3),22.95
7,0,0,0,(MO3),22.95
2,0,0,0,12,25.316666666666666
2,0,0,0,12,25.316666666666666
2,0,0,0,12,25.316666666666666
2,0,0,0,12,25.316666666666666
1,0,0,0,12,101.26666666666667
1,0,0,0,12,101.26666666666667
1,0,0,0,12,101.26666666666667
1,0,0,0,12,556.15
1,0,0,0,12,211.61666666666667
1,0,0,0,12,211.61666666666667
8,0,0,0,12,25.833333333333332
8,0,0,0,12,25.833333333333332
8,0,0,0,12,25.833333333333332
10,3,0,0,12,22.733333333333334
10,3,0,0,12,22.733333333333334
10,3,0,0,12,22.733333333333334
4,0,0,0,12,2.35
5,0,0,1,12,169.43333333333334
5,0,0,1,12,169.43333333333334
1,0,0,0,12,21.666666666666668
9,0,0,0,13,1050.2833333333333
8,0,0,0,6,331.73333333333335
8,0,0,0,6,331.73333333333335
8,0,0,0,6,331.73333333333335
9,0,0,0,12,-4.016666666666667
8,0,6,5,12,2709.3166666666666
8,0,6,5,12,2709.3166666666666
1,0,0,0,6,148.0
3,0,0,0,6,77.98333333333333
3,0,0,0,6,77.98333333333333
2,0,0,0,6,24.716666666666665
1,0,0,0,12,18.7
1,0,0,0,5,24.183333333333334
8,0,0,0,6,92.56666666666666
1,0,0,0,6,14.95
4,0,0,0,12,384.56666666666666
3,0,0,0,12,147.45
3,0,0,0,12,147.45
1,0,0,0,12,24.5
1,0,0,0,13,29.1
5,0,0,0,12,22.033333333333335
5,0,0,0,12,23.666666666666668
5,0,0,0,12,23.666666666666668
2,0,0,0,12,71.25
5,0,0,0,6,24.05
3,0,0,0,6,21.65
10,1,0,0,12,4994.15
10,1,0,0,12,4994.15
10,1,0,0,12,4994.15
10,1,0,0,12,4994.15
4,0,0,0,6,-0.1
3,0,0,0,(MO3),38.583333333333336
2,0,0,0,12,18.25
2,0,0,0,5,3.6333333333333333
2,0,0,0,5,3.6333333333333333
2,0,0,0,12,31.8
2,0,0,0,12,31.8
5,0,0,0,6,389.46666666666664
2,0,0,0,12,20.316666666666666
2,0,0,0,12,20.316666666666666
2,0,0,0,12,20.316666666666666
2,0,0,0,12,20.316666666666666
1,0,0,0,6,30.283333333333335
3,0,0,0,6,989.3166666666667
4,0,0,0,6,25.7
4,0,0,0,6,25.7
6,0,0,0,6,430.05
6,0,0,0,6,430.05
7,0,0,0,5,28.583333333333332
7,0,0,0,5,28.583333333333332
7,0,0,0,12,3384.6666666666665
1,0,0,0,12,4750.233333333334
1,0,0,0,12,4750.233333333334
2,0,0,0,12,27.783333333333335
2,0,0,0,12,27.783333333333335
2,0,0,0,12,27.783333333333335
4,0,0,0,5,23.066666666666666
3,0,0,0,5,27.95
10,0,0,0,5,21.45
10,0,0,0,5,21.45
10,0,0,0,6,3.566666666666667
10,0,0,0,6,3.566666666666667
10,0,0,0,6,3.566666666666667
1,0,0,0,12,793.9
4,0,0,0,12,26.15
4,0,0,0,12,26.15
4,0,0,0,12,26.15
4,0,0,0,12,26.15
4,0,0,0,12,25.716666666666665
5,0,0,0,13,44.266666666666666
5,0,0,0,13,44.266666666666666
5,0,0,0,13,44.266666666666666
5,0,0,0,13,44.266666666666666
1,0,0,0,6,3.216666666666667
9,0,0,0,6,1095.8166666666666
9,0,0,0,6,1095.8166666666666
5,0,0,0,12,29.666666666666668
5,0,0,0,12,29.666666666666668
2,0,0,0,12,24.333333333333332
5,0,0,0,12,219.78333333333333
3,0,0,0,6,1055.5833333333333
3,0,0,0,12,41.3
3,0,0,0,12,41.3
9,0,0,0,2,17.766666666666666
9,0,0,0,2,17.766666666666666
9,0,0,0,2,17.766666666666666
9,1,0,0,12,27.85
9,1,0,0,12,27.85
9,0,0,1,13,956.2666666666667
9,0,0,1,13,956.2666666666667
7,1,0,0,12,26.2
7,1,0,0,12,26.2
2,0,0,0,12,28.6
9,0,0,0,5,1006.4
9,0,0,0,5,1006.4
2,0,0,0,6,43.0
8,0,0,0,13,886.8833333333333
3,0,0,0,14,365.2
1,0,0,0,12,19.283333333333335
1,0,0,0,12,20.4
1,0,0,0,12,1462.6833333333334
6,0,1,0,12,22.766666666666666
6,0,1,0,12,22.766666666666666
1,0,0,0,6,226.25
3,0,0,0,6,910.2166666666667
3,0,0,0,6,910.2166666666667
5,0,0,0,13,769.4833333333333
3,0,0,0,6,4.733333333333333
3,0,0,0,6,27.4
5,0,0,0,12,25.083333333333332
5,0,0,0,12,25.083333333333332
5,0,0,0,12,25.083333333333332
10,0,0,2,12,23.883333333333333
1,0,0,0,12,70.01666666666667
1,0,0,0,6,26.966666666666665
6,0,0,0,12,29.7
10,0,1,0,6,13.95
10,0,1,0,6,13.95
1,0,0,0,6,23.583333333333332
3,0,0,0,6,389.1333333333333
3,0,0,0,6,389.1333333333333
1,0,0,0,12,23.05
6,0,0,0,12,75.36666666666666
6,0,0,0,12,75.36666666666666
6,0,0,0,12,75.36666666666666
7,0,0,0,12,1348.7833333333333
3,0,0,0,9,13626.0
9,0,0,0,13,163.03333333333333
9,0,0,0,13,163.03333333333333
1,0,0,0,6,-4.666666666666667
3,0,0,0,12,74.58333333333333
1,0,0,0,6,20.766666666666666
10,0,0,1,12,43.75
10,0,0,1,12,43.75
2,0,0,0,6,26.316666666666666
8,0,0,1,12,3434.9
5,0,0,0,12,789.25
5,0,0,0,12,789.25
8,0,0,0,12,964.6333333333333
1,0,0,0,6,23.233333333333334
6,0,0,0,12,-3.55
2,0,0,0,12,19.616666666666667
2,0,0,0,12,19.616666666666667
7,0,0,0,6,627.45
6,0,0,0,12,192.91666666666666
6,0,0,0,12,192.91666666666666
6,0,0,0,12,192.91666666666666
6,0,0,0,12,192.91666666666666
10,4,2,1,13,1442.8333333333333
10,4,2,1,13,1442.8333333333333
10,4,2,1,13,1442.8333333333333
1,0,0,0,12,21.133333333333333
6,0,1,1,12,5092.65
6,0,1,1,12,5092.65
6,0,1,1,12,5092.65
3,0,0,0,6,44.63333333333333
1,0,0,0,12,48.95
2,0,0,0,(MO3),4.616666666666666
3,0,0,0,12,44.78333333333333
3,0,0,0,12,44.78333333333333
3,0,0,0,12,44.78333333333333
3,0,0,0,12,44.78333333333333
7,0,0,0,6,26.716666666666665
7,0,0,0,6,26.716666666666665
7,0,0,0,9,49.18333333333333
1,0,0,0,12,52.06666666666667
5,0,0,0,12,574.95
5,0,0,0,12,574.95
6,0,0,0,5,21.516666666666666
2,0,0,0,12,2295.2833333333333
2,0,0,0,12,2295.2833333333333
3,0,0,0,12,26.766666666666666
3,0,0,0,12,26.766666666666666
3,0,0,0,12,26.766666666666666
3,0,0,0,12,26.766666666666666
3,0,0,0,13,64.16666666666667
7,0,0,0,12,-5.25
7,0,0,0,12,-5.25
3,0,0,0,12,844.15
3,0,0,0,12,844.15
3,0,0,0,12,88.26666666666667
9,0,1,0,9,555.45
9,0,1,0,9,555.45
9,0,1,0,9,555.45
7,0,0,0,6,1443.2666666666667
3,0,0,0,12,476.31666666666666
3,0,0,0,12,476.31666666666666
3,0,0,0,6,243.66666666666666
3,0,0,0,12,24.666666666666668
9,0,0,0,6,7274.466666666666
6,0,0,0,6,14.566666666666666
6,0,0,0,13,141.8
6,0,0,0,13,141.8
3,0,0,0,12,57.583333333333336
3,0,0,0,12,57.583333333333336
6,0,0,0,6,215.91666666666666
3,0,0,0,12,25.283333333333335
8,1,0,0,12,1320.6
8,1,0,0,12,1320.6
6,0,0,0,12,792.55
6,0,0,0,12,792.55
6,0,0,0,12,792.55
9,1,0,0,12,26.166666666666668
6,0,0,0,6,22.316666666666666
4,0,0,0,5,26.866666666666667
7,0,3,1,6,24.066666666666666
5,0,0,0,13,340.06666666666666
5,0,0,0,13,340.06666666666666
5,0,0,0,13,340.06666666666666
6,0,0,0,12,22.033333333333335
10,1,0,0,12,846.25
10,1,0,0,12,846.25
10,1,0,0,12,846.25
10,1,0,0,12,846.25
10,1,0,0,12,846.25
10,1,0,0,12,846.25
10,1,0,0,12,846.25
1,0,0,0,6,1593.3333333333333
10,0,8,2,12,1830.5333333333333
10,0,8,2,12,1830.5333333333333
10,0,8,2,12,1830.5333333333333
10,0,8,2,12,1830.5333333333333
1,0,0,0,6,17.516666666666666
1,0,0,0,12,43.35
2,0,0,0,12,5.266666666666667
4,0,0,0,12,72.31666666666666
4,0,0,0,12,72.31666666666666
4,0,0,0,12,72.31666666666666
1,0,0,0,6,14.2
2,0,0,0,13,46.4
1,0,0,0,12,14.6
4,0,0,0,12,17.966666666666665
4,0,0,0,12,17.966666666666665
10,0,0,0,12,28.683333333333334
10,0,0,0,12,28.683333333333334
10,0,0,0,12,28.683333333333334
10,0,0,0,12,28.683333333333334
7,0,0,0,12,4315.4
7,0,0,0,12,4315.4
9,0,0,0,6,22.316666666666666
6,0,0,0,12,43.3
7,1,0,0,12,21.466666666666665
7,1,0,0,12,21.466666666666665
7,1,0,0,12,21.466666666666665
5,0,1,0,5,45.93333333333333
5,0,1,0,5,45.93333333333333
3,0,0,4,5,27.766666666666666
3,0,0,4,5,27.766666666666666
6,0,0,0,12,19.416666666666668
6,0,0,0,12,4.75
2,0,0,0,12,46.833333333333336
2,0,0,0,12,46.833333333333336
2,0,0,0,12,46.833333333333336
2,0,0,0,12,46.833333333333336
9,0,0,0,12,22.15
9,0,0,0,12,22.15
9,0,0,0,12,22.15
9,0,0,0,12,22.15
9,0,0,0,12,22.15
9,0,0,0,12,22.15
9,0,0,0,12,22.15
6,2,1,0,6,6.233333333333333
3,0,0,0,5,23.1
3,0,0,0,5,23.1
1,0,0,0,12,47.63333333333333
5,0,0,0,12,19.9
5,0,0,0,12,19.9
4,0,0,0,12,1632.7333333333333
4,0,0,0,12,1632.7333333333333
4,0,0,0,12,1632.7333333333333
6,0,0,3,12,1297.2833333333333
6,0,0,3,12,1297.2833333333333
6,0,0,3,12,1297.2833333333333
9,0,0,0,12,798.8
9,0,0,0,12,798.8
1,0,0,0,6,5.466666666666667
3,0,0,0,13,2420.8
10,0,0,0,12,22.016666666666666
10,0,0,0,12,22.016666666666666
10,0,0,0,12,22.016666666666666
10,0,0,0,12,22.016666666666666
10,0,0,0,12,22.016666666666666
5,0,0,0,12,27.366666666666667
1,0,0,0,5,27.033333333333335
8,0,0,3,5,20.633333333333333
8,0,0,3,5,20.633333333333333
8,0,0,3,5,20.633333333333333
8,0,0,3,5,20.633333333333333
4,0,1,0,12,28.866666666666667
2,0,0,0,12,47.3
2,0,0,0,12,47.3
2,0,0,0,12,47.3
2,0,0,0,12,47.3
1,0,0,0,12,14.083333333333334
5,0,0,0,5,13.833333333333334
9,0,0,0,12,2136.35
8,0,0,0,12,6.65
8,0,0,0,12,6.65
8,0,0,0,12,6.65
8,0,0,0,12,6.65
8,2,0,1,(MO3),142.41666666666666
8,2,0,1,(MO3),142.41666666666666
8,2,0,1,(MO3),142.41666666666666
8,2,0,1,(MO3),142.41666666666666
8,2,0,1,(MO3),142.41666666666666
7,0,0,0,12,44.36666666666667
1,0,0,0,5,99.76666666666667
2,0,0,0,13,1334.5333333333333
2,0,0,0,13,1334.5333333333333
1,0,0,0,5,295.3833333333333
1,0,0,0,12,40.88333333333333
7,0,0,0,12,43.416666666666664
7,0,0,0,12,43.416666666666664
1,0,0,0,6,47.233333333333334
4,1,0,0,6,20.983333333333334
8,1,0,1,12,45.2
8,1,0,1,12,45.2
8,1,0,1,12,45.2
8,1,0,1,12,45.2
4,0,0,0,12,14.733333333333333
4,0,0,0,5,23.566666666666666
4,0,0,0,5,23.566666666666666
3,0,0,0,12,25.866666666666667
3,0,0,0,12,25.866666666666667
3,0,0,0,12,25.866666666666667
3,0,0,0,12,25.866666666666667
3,0,0,0,12,25.866666666666667
3,0,0,0,12,25.866666666666667
3,0,0,0,12,25.866666666666667
3,0,0,0,12,25.866666666666667
3,0,0,0,12,25.866666666666667
3,0,0,0,12,25.866666666666667
3,0,0,0,12,25.866666666666667
6,0,0,0,12,22.733333333333334
8,0,0,0,12,1633.7833333333333
8,0,0,0,12,1633.7833333333333
9,0,0,1,13,4078.25
9,0,0,1,13,4078.25
9,0,0,1,13,4078.25
7,0,0,0,12,29.466666666666665
7,0,0,0,12,29.466666666666665
6,0,0,0,12,7.1
6,0,0,0,12,7.1
1,0,0,0,6,14.75
1,0,0,0,6,170.13333333333333
3,0,0,0,6,24.483333333333334
6,0,0,0,12,46.53333333333333
10,0,0,0,12,2255.883333333333
10,0,0,0,12,2255.883333333333
10,0,0,0,12,2255.883333333333
10,0,0,0,12,2255.883333333333
9,0,0,0,12,627.0333333333333
2,0,0,0,6,117.05
8,0,0,0,12,22.333333333333332
1,0,0,0,12,47.1
3,0,0,0,6,1364.3166666666666
5,0,0,0,5,14.5
5,0,0,0,5,14.5
8,0,0,0,12,10778.366666666667
1,0,0,0,6,22.4
4,0,0,0,12,51.3
10,0,0,0,12,6968.766666666666
10,0,0,0,12,6968.766666666666
1,0,0,0,12,47.766666666666666
6,0,0,0,12,5.283333333333333
4,0,0,0,6,30.466666666666665
1,0,0,0,12,64.2
1,0,0,0,5,90.3
7,1,0,1,12,27.916666666666668
7,1,0,1,12,27.916666666666668
7,1,0,1,12,27.916666666666668
7,1,0,1,12,27.916666666666668
7,1,0,1,12,27.916666666666668
7,1,0,1,12,27.916666666666668
5,0,0,0,12,48.78333333333333
2,0,0,0,12,65.68333333333334
3,0,0,0,12,21.616666666666667
3,0,0,0,12,21.616666666666667
2,0,0,0,12,6186.683333333333
2,0,0,0,12,6186.683333333333
2,0,0,0,12,6186.683333333333
6,0,0,0,12,604.8333333333334
3,0,0,1,12,19.916666666666668
3,0,0,1,12,19.916666666666668
6,0,0,0,6,426.25
10,0,0,0,12,828.4666666666667
10,0,0,0,12,828.4666666666667
10,0,0,0,12,828.4666666666667
10,0,0,0,12,828.4666666666667
3,0,0,0,12,13.766666666666667
9,0,1,0,12,7.583333333333333
9,0,1,0,12,7.583333333333333
1,0,0,0,6,20.066666666666666
1,0,0,0,6,20.066666666666666
9,0,0,0,12,845.45
9,0,0,0,12,845.45
9,0,0,0,12,845.45
7,0,0,0,13,2208.9
7,0,0,0,13,2208.9
4,0,0,0,12,17.816666666666666
4,0,0,0,12,27.883333333333333
8,0,0,0,12,68.76666666666667
8,0,0,0,12,68.76666666666667
8,0,0,0,12,68.76666666666667
3,0,0,0,12,13.866666666666667
2,0,0,0,6,43.983333333333334
7,0,0,0,12,78.01666666666667
7,0,0,0,12,78.01666666666667
7,0,0,0,12,78.01666666666667
7,0,0,0,12,78.01666666666667
10,2,0,0,12,172.0
10,2,0,0,12,172.0
10,2,0,0,12,172.0
6,0,0,0,12,434.98333333333335
5,0,0,0,13,644.2166666666667
5,0,0,0,13,644.2166666666667
5,0,0,0,13,644.2166666666667
3,0,0,0,12,23.533333333333335
6,0,0,0,9,1344.2333333333333
6,0,0,0,9,1344.2333333333333
3,0,0,0,13,22.0
3,0,0,0,13,46.13333333333333
7,0,0,0,12,97.1
7,0,0,0,12,97.1
1,0,0,0,12,15.5
1,0,0,0,12,24.066666666666666
1,0,0,0,12,24.066666666666666
1,0,0,0,12,24.066666666666666
1,0,0,0,12,24.066666666666666
1,0,0,0,12,24.066666666666666
7,0,0,0,6,21.6
8,0,0,1,12,26.916666666666668
8,0,0,1,12,26.916666666666668
8,0,0,1,12,26.916666666666668
8,0,0,1,12,26.916666666666668
2,0,0,1,12,-5.083333333333333
8,0,0,0,12,7.083333333333333
8,0,0,0,12,7.083333333333333
8,0,0,0,12,7.083333333333333
8,0,0,0,12,7.083333333333333
5,0,0,0,6,291.48333333333335
5,0,0,0,6,291.48333333333335
1,0,0,0,12,20.666666666666668
6,0,0,0,12,171.96666666666667
6,0,0,0,12,171.96666666666667
6,0,0,0,12,982.15
6,0,0,0,12,982.15
7,0,0,0,13,91.56666666666666
9,0,0,0,5,27.3
9,0,0,0,5,27.3
9,0,0,0,5,27.3
8,0,0,0,12,800.05
2,0,0,0,12,16.966666666666665
2,0,0,0,12,16.966666666666665
5,0,0,0,12,48.3
5,0,0,0,12,48.3
5,0,0,0,12,48.3
1,0,0,0,12,16.4
10,0,0,0,12,73.3
10,0,0,0,12,73.3
4,0,0,0,5,50.733333333333334
4,0,0,0,12,19.016666666666666
4,0,0,0,12,19.016666666666666
1,0,0,0,12,13.516666666666667
2,0,0,0,12,5837.766666666666
7,0,0,0,6,1866.4666666666667
10,0,0,0,12,39.56666666666667
10,0,0,0,12,39.56666666666667
6,0,0,0,12,0.85
6,0,0,0,12,0.85
9,0,0,0,12,28.466666666666665
3,0,0,0,12,142.58333333333334
3,0,0,0,12,142.58333333333334
3,0,0,0,12,142.58333333333334
3,0,0,0,6,7.516666666666667
3,0,0,0,6,7.516666666666667
2,0,0,0,6,21.916666666666668
3,0,0,0,6,750.8
2,0,0,1,12,23.883333333333333
3,0,0,0,12,17.433333333333334
3,0,0,0,12,17.433333333333334
3,0,0,0,6,1941.9166666666667
2,0,0,0,12,3.0
1,0,0,0,13,191.41666666666666
2,0,0,0,12,1801.2833333333333
2,0,0,0,12,1801.2833333333333
2,0,0,0,13,431.1
2,0,0,0,13,431.1
5,0,0,0,12,17.033333333333335
5,0,0,0,12,92.63333333333334
1,0,0,0,6,24.0
4,0,0,0,12,54.93333333333333
2,0,0,0,12,796.6666666666666
2,0,0,0,12,796.6666666666666
2,0,0,0,12,796.6666666666666
5,0,0,0,6,124.78333333333333
1,0,0,0,12,19.283333333333335
4,0,1,1,12,46.06666666666667
4,0,1,1,12,46.06666666666667
6,1,0,0,14,17807.216666666667
4,0,0,0,12,24.616666666666667
4,0,0,0,12,24.616666666666667
4,0,0,0,12,24.616666666666667
4,0,0,0,12,24.616666666666667
4,0,0,0,12,24.616666666666667
4,0,0,0,12,24.616666666666667
10,0,0,0,12,19.8
10,0,0,0,12,19.8
7,0,0,0,5,50.95
7,0,0,0,5,50.95
7,0,0,0,5,50.95
7,0,0,0,5,50.95
7,0,0,0,5,50.95
10,0,1,0,12,595.9666666666667
10,0,1,0,12,595.9666666666667
10,0,1,0,12,595.9666666666667
10,0,1,0,12,595.9666666666667
2,0,0,0,9,110.28333333333333
1,0,0,0,5,766.5833333333334
1,0,0,0,5,766.5833333333334
4,0,0,0,13,25.65
4,0,0,0,13,25.65
7,0,1,0,12,24.933333333333334
4,0,0,0,12,19.85
4,0,0,0,12,19.85
1,0,0,0,12,42.45
2,0,0,0,6,4.15
2,0,0,0,6,4.15
5,0,0,0,12,24.75
3,0,0,0,5,18.516666666666666
3,0,0,0,5,18.516666666666666
9,0,0,0,12,18.7
9,0,0,0,12,18.7
8,0,0,0,12,5807.85
8,0,0,0,12,5807.85
5,0,0,0,6,26.366666666666667
4,0,0,0,12,15.866666666666667
3,0,0,0,12,71.05
3,0,0,0,12,71.05
3,0,0,0,12,71.05
3,0,0,0,12,71.05
10,0,0,0,12,67.85
10,0,0,0,12,67.85
10,0,0,0,12,67.85
8,0,1,0,13,0.6666666666666666
8,0,1,0,13,0.6666666666666666
8,0,1,0,13,0.6666666666666666
8,0,1,0,13,0.6666666666666666
8,0,1,0,13,0.6666666666666666
8,0,1,0,13,0.6666666666666666
8,0,1,0,13,0.6666666666666666
2,0,0,0,6,93.76666666666667
2,0,0,0,13,53.4
2,0,0,0,13,53.4
3,0,0,3,12,19.85
3,0,0,3,12,19.85
5,0,0,0,13,170.83333333333334
5,0,0,0,13,170.83333333333334
3,0,0,0,12,28.9
5,0,0,0,14,20492.65
7,0,0,0,13,1203.2833333333333
7,0,0,0,13,1203.2833333333333
10,0,0,1,12,44.31666666666667
10,0,0,1,12,44.31666666666667
2,0,0,0,6,19.266666666666666
6,0,0,0,12,148.26666666666668
6,0,0,0,12,148.26666666666668
6,0,0,0,12,148.26666666666668
6,0,0,0,12,148.26666666666668
9,0,0,0,6,50.733333333333334
9,0,0,0,6,50.733333333333334
9,0,0,0,6,50.733333333333334
9,0,0,0,6,50.733333333333334
9,0,0,0,6,50.733333333333334
6,0,0,0,12,2853.366666666667
4,0,0,0,6,24.1
2,0,0,0,5,24.75
7,0,0,1,12,50.25
7,0,0,1,12,50.25
4,0,0,0,9,48.38333333333333
3,0,0,0,12,54.56666666666667
9,0,0,0,12,480.53333333333336
9,0,0,0,12,480.53333333333336
9,0,0,0,12,480.53333333333336
1,0,0,0,6,7.133333333333334
1,0,0,0,6,745.8333333333334
2,0,0,0,12,27.233333333333334
1,0,0,0,13,17.35
3,0,0,0,6,23.433333333333334
10,0,0,1,12,23.933333333333334
10,0,0,1,12,23.933333333333334
10,0,0,1,12,23.933333333333334
1,0,0,0,5,14.5
6,0,0,0,12,25.0
1,0,0,0,6,20.216666666666665
9,1,4,0,12,188.36666666666667
9,1,4,0,12,188.36666666666667
9,1,4,0,12,188.36666666666667
4,0,0,0,12,23.383333333333333
5,0,0,0,5,23.85
5,0,0,0,12,57.516666666666666
9,0,0,0,6,154.01666666666668
9,0,0,0,6,154.01666666666668
9,0,0,0,6,154.01666666666668
9,0,0,0,6,154.01666666666668
1,0,0,0,5,190.0
1,0,0,0,5,190.0
2,0,0,0,12,2370.266666666667
1,0,0,0,12,33.583333333333336
1,0,0,0,12,33.583333333333336
2,0,0,0,12,2009.1166666666666
5,0,0,0,12,22.933333333333334
5,0,0,0,12,142.23333333333332
5,0,0,0,12,142.23333333333332
4,0,0,0,12,28.15
4,0,0,0,12,28.15
9,0,0,0,12,9354.366666666667
1,0,0,0,6,31.466666666666665
5,0,0,0,9,1470.8666666666666
6,0,0,0,12,-3.75
6,0,0,0,12,-3.75
1,0,0,0,6,22.55
4,0,0,0,12,3886.05
4,0,0,0,12,3886.05
1,0,0,0,5,21.183333333333334
10,0,1,0,12,27.433333333333334
10,0,1,0,12,27.433333333333334
10,0,1,0,12,27.433333333333334
10,0,1,0,12,27.433333333333334
1,0,0,0,6,19.283333333333335
3,0,0,0,6,21.55
5,0,0,0,12,23.6
5,0,0,0,12,23.6
9,1,2,2,6,21.45
9,1,2,2,6,21.45
1,0,0,0,12,296.3833333333333
2,0,0,0,12,583.1166666666667
2,0,0,0,12,583.1166666666667
2,0,0,0,12,583.1166666666667
1,0,0,0,14,718.1833333333333
1,0,0,0,14,718.1833333333333
10,0,1,0,12,365.0
10,0,1,0,12,365.0
4,0,0,0,12,30.65
4,0,0,0,12,30.65
4,0,0,0,12,30.65
8,0,0,0,12,14.966666666666667
8,0,0,0,12,14.966666666666667
7,0,0,0,12,76.1
7,0,0,0,12,76.1
1,0,0,0,12,55.85
1,0,0,0,12,55.85
1,0,0,0,12,55.85
9,0,0,0,13,1971.0666666666666
9,0,0,0,13,1971.0666666666666
1,0,0,0,6,668.8666666666667
1,0,0,0,6,668.8666666666667
1,0,0,0,6,668.8666666666667
6,0,0,0,12,2417.133333333333
3,0,0,0,12,52.166666666666664
2,0,0,0,5,22.533333333333335
1,0,0,0,6,25.633333333333333
10,0,0,0,12,11399.983333333334
10,1,7,0,12,4258.716666666666
5,0,0,3,12,30.316666666666666
5,0,0,3,12,30.316666666666666
5,0,0,3,12,30.316666666666666
1,0,0,0,12,93.95
6,0,0,0,12,40.0
6,0,0,0,12,40.0
6,0,0,0,12,40.0
6,0,0,0,12,40.0
1,0,0,0,12,21.166666666666668
5,0,0,0,6,50.833333333333336
2,0,0,0,13,64.15
2,0,0,0,6,15.116666666666667
2,0,0,0,6,50.766666666666666
4,0,0,0,6,19.733333333333334
4,0,0,0,6,19.733333333333334
4,0,0,0,6,19.733333333333334
1,0,0,0,5,7.633333333333334
5,0,0,1,12,141.23333333333332
1,0,0,0,6,22.833333333333332
9,0,0,0,5,1840.6166666666666
9,0,0,0,5,1840.6166666666666
9,0,0,0,5,1840.6166666666666
2,0,0,0,12,5474.233333333334
2,0,0,0,12,5474.233333333334
2,0,0,0,12,5474.233333333334
1,0,0,0,12,309.26666666666665
8,0,3,1,6,14.766666666666667
8,0,3,1,6,14.766666666666667
8,0,3,1,6,14.766666666666667
8,0,3,1,6,14.766666666666667
1,0,0,0,12,25.466666666666665
1,0,0,0,12,25.466666666666665
1,0,0,0,6,259.6333333333333
1,0,0,0,6,259.6333333333333
1,0,0,0,12,28.0
1,0,0,0,6,28.266666666666666
1,0,0,0,12,13.35
3,0,0,0,6,5.783333333333333
9,0,0,0,12,22.183333333333334
6,0,0,0,12,24.783333333333335
6,0,0,0,12,24.783333333333335
2,0,0,0,12,29.25
7,0,1,0,12,886.4
4,0,0,0,12,2158.233333333333
4,0,0,0,12,2158.233333333333
4,0,0,0,12,2158.233333333333
4,0,0,0,6,247.51666666666668
10,0,0,0,13,669.6666666666666
10,0,0,0,13,669.6666666666666
7,0,2,2,12,23.483333333333334
7,0,2,2,12,23.483333333333334
7,0,2,2,12,23.483333333333334
1,0,0,0,6,5.783333333333333
1,0,0,0,6,5.783333333333333
1,0,0,0,6,7.116666666666666
9,0,0,0,12,18.85
9,0,0,0,12,18.85
9,0,0,0,12,18.85
9,0,0,0,12,18.85
7,0,0,0,12,893.9666666666667
7,0,0,0,12,893.9666666666667
7,0,0,0,12,893.9666666666667
1,0,0,0,12,199.83333333333334
6,0,0,0,13,29.266666666666666
3,0,0,0,12,17.566666666666666
7,0,0,0,12,22.233333333333334
7,0,0,0,12,22.233333333333334
7,0,0,0,12,22.233333333333334
2,0,0,0,12,312.76666666666665
6,0,0,0,6,1540.0666666666666
6,0,0,0,12,23.0
2,0,0,0,(MO3),-3.7
4,0,0,0,12,50.916666666666664
4,0,0,0,12,50.916666666666664
4,0,0,0,12,50.916666666666664
4,0,0,0,12,50.916666666666664
4,0,0,0,12,50.916666666666664
4,0,0,0,12,50.916666666666664
9,0,0,1,12,1103.1833333333334
9,0,0,1,12,1103.1833333333334
9,0,0,1,12,1103.1833333333334
9,0,0,1,12,1103.1833333333334
9,0,0,1,12,1103.1833333333334
9,0,0,1,12,1103.1833333333334
2,0,0,0,6,1.6333333333333333
5,0,0,0,6,27.283333333333335
3,0,0,0,12,24.283333333333335
5,0,0,0,12,51.65
2,0,0,0,12,163.23333333333332
3,0,0,0,12,21.05
6,0,1,0,13,9940.366666666667
2,0,0,0,12,25.566666666666666
8,0,0,0,12,105.35
8,0,0,0,12,105.35
8,0,0,0,12,105.35
8,0,0,0,12,105.35
2,0,0,0,6,1.2666666666666666
2,0,0,0,6,3.816666666666667
2,0,0,0,12,50.516666666666666
8,0,0,1,12,1181.1333333333334
8,0,0,1,12,1181.1333333333334
8,0,0,1,12,1181.1333333333334
4,0,0,0,6,15.183333333333334
7,0,0,0,12,43.93333333333333
1,0,0,0,12,23.333333333333332
8,0,0,0,14,1538.7166666666667
8,0,0,0,14,1538.7166666666667
8,0,0,0,14,1538.7166666666667
8,0,0,0,14,1538.7166666666667
1,0,0,0,12,1208.1666666666667
1,0,0,0,12,23.533333333333335
4,0,0,0,12,1865.3166666666666
4,0,0,0,12,1865.3166666666666
4,0,0,0,12,1865.3166666666666
4,0,0,0,12,1865.3166666666666
4,0,0,0,12,1865.3166666666666
1,0,0,0,12,25.7
1,0,0,0,12,26.616666666666667
5,0,0,0,12,13.583333333333334
5,0,0,0,12,13.583333333333334
1,0,0,0,6,21.5
8,0,0,0,13,23.0
8,0,0,0,13,23.0
8,0,0,0,13,23.0
6,0,1,0,12,296.65
4,0,0,0,6,45.083333333333336
1,0,0,0,6,78.31666666666666
6,0,0,0,12,2855.55
2,0,0,0,6,24.85
2,0,0,0,6,24.85
2,0,0,0,6,24.85
1,0,0,0,6,23.133333333333333
5,0,0,0,6,24.983333333333334
3,0,0,0,14,28.566666666666666
3,0,0,0,14,28.566666666666666
3,0,0,0,14,28.566666666666666
3,0,0,0,14,28.566666666666666
2,0,0,0,5,-2.7666666666666666
2,0,0,0,12,197.66666666666666
2,0,0,0,12,197.66666666666666
2,0,0,0,12,197.66666666666666
2,0,0,0,12,197.66666666666666
2,0,0,0,12,197.66666666666666
3,0,0,0,12,23.666666666666668
3,0,0,0,12,23.666666666666668
7,0,0,2,5,20.55
7,0,0,2,5,20.55
7,0,0,2,5,20.55
7,0,0,2,5,20.55
1,0,0,0,12,21.733333333333334
1,0,0,0,12,38.35
3,0,0,0,12,21.816666666666666
1,0,0,0,12,27.316666666666666
6,0,1,0,5,738.1166666666667
6,0,1,0,5,738.1166666666667
6,0,0,0,12,118.01666666666667
6,0,0,0,12,118.01666666666667
9,0,0,0,9,11425.3
2,0,0,0,5,48.05
2,0,0,0,5,48.05
9,0,0,0,12,65.18333333333334
2,0,0,0,6,14.316666666666666
4,0,0,0,12,54.93333333333333
4,0,0,0,12,54.93333333333333
4,0,0,0,12,54.93333333333333
4,0,0,0,12,54.93333333333333
4,0,0,0,12,54.93333333333333
4,0,0,0,12,54.93333333333333
4,0,0,0,12,54.93333333333333
5,0,0,1,12,25.65
5,0,0,1,12,25.65
5,0,0,1,12,25.65
6,0,0,0,12,19.633333333333333
6,0,0,0,12,19.633333333333333
8,0,0,0,12,4589.5
3,0,0,0,6,47.233333333333334
1,0,0,0,6,21.566666666666666
6,0,0,0,5,2810.766666666667
7,0,0,0,13,6725.816666666667
7,0,0,0,13,6725.816666666667
5,0,0,0,12,42.13333333333333
5,0,0,0,12,42.13333333333333
2,0,0,0,6,14.933333333333334
1,0,0,0,6,5.416666666666667
3,0,0,0,12,13.65
3,0,0,0,13,21.333333333333332
3,0,0,0,12,89.9
2,0,0,0,12,28.266666666666666
9,0,0,0,12,68.9
9,0,0,0,12,68.9
1,0,0,0,13,979.9833333333333
2,0,0,0,12,6.833333333333333
4,0,0,0,12,92.45
4,0,0,0,12,92.45
8,0,0,0,12,5280.083333333333
8,0,0,0,12,5280.083333333333
7,0,0,0,6,1563.6666666666667
7,0,0,0,12,5.55
1,0,0,0,6,33.333333333333336
3,0,0,0,6,28.35
4,0,0,0,12,195.26666666666668
5,0,0,0,12,-4.2
1,0,0,0,12,68.31666666666666
2,0,0,0,12,4077.516666666667
2,0,0,0,12,4077.516666666667
3,0,0,0,12,-10.116666666666667
3,0,0,0,5,148.98333333333332
4,0,0,0,12,193.95
4,0,0,0,12,193.95
9,1,0,0,12,47.86666666666667
9,1,0,0,12,47.86666666666667
9,1,0,0,12,47.86666666666667
1,0,0,0,13,621.6166666666667
1,0,0,0,13,621.6166666666667
6,0,0,0,6,938.85
6,0,0,0,6,938.85
6,0,0,0,6,938.85
1,0,0,0,12,29.85
3,0,0,1,12,28.883333333333333
3,0,0,1,12,28.883333333333333
9,0,0,0,12,48.8
9,0,0,0,12,48.8
9,0,0,0,12,48.8
4,0,0,0,12,23.783333333333335
9,0,0,0,12,2523.2166666666667
9,0,0,0,12,2523.2166666666667
2,0,0,0,6,379.56666666666666
6,0,0,0,12,23.883333333333333
6,0,0,0,12,23.883333333333333
6,0,0,0,12,617.0333333333333
6,0,0,0,12,617.0333333333333
10,0,0,0,(MO3),864.5833333333334
10,0,0,0,(MO3),864.5833333333334
1,0,0,0,6,24.45
7,0,0,1,5,25.033333333333335
1,0,0,0,6,20.6
1,0,0,0,6,24.3
5,0,0,1,12,172.6
5,0,0,1,12,172.6
1,0,0,0,12,29.0
8,0,0,0,5,-5.316666666666666
3,0,0,0,13,23.0
5,0,0,0,13,51.766666666666666
5,0,0,0,13,51.766666666666666
9,1,0,0,12,47.71666666666667
9,1,0,0,12,47.71666666666667
9,1,0,0,12,47.71666666666667
9,1,0,0,12,47.71666666666667
9,0,0,0,12,-10.4
9,0,0,0,12,-10.4
9,0,0,0,12,-10.4
9,0,0,0,12,-10.4
4,0,0,0,13,29.95
6,0,0,0,6,7.2
1,0,0,0,12,319.31666666666666
3,0,0,0,6,25.416666666666668
1,0,0,0,12,67.06666666666666
5,0,0,0,6,30.566666666666666
5,0,0,0,6,30.566666666666666
2,0,0,0,13,32.18333333333333
1,0,0,0,6,284.6
1,0,0,0,6,-10.666666666666666
6,0,0,0,13,73.06666666666666
6,0,0,0,13,73.06666666666666
3,0,0,0,12,53.916666666666664
6,0,0,0,12,68.85
6,0,0,0,12,68.85
2,0,0,0,6,29.533333333333335
9,6,0,0,6,18.766666666666666
9,6,0,0,6,18.766666666666666
7,0,0,0,12,4276.666666666667
7,0,0,0,12,4276.666666666667
7,0,0,0,12,4276.666666666667
4,0,0,0,5,17.9
4,0,0,0,5,17.9
4,0,0,0,5,17.9
4,0,0,0,12,935.1666666666666
4,0,0,0,12,935.1666666666666
9,0,0,0,12,16.0
9,0,0,0,12,16.0
9,0,0,0,12,16.0
9,0,0,0,12,16.0
3,0,0,0,12,23.316666666666666
3,0,0,0,12,23.316666666666666
3,0,0,0,12,23.316666666666666
5,0,0,0,12,169.53333333333333
5,0,0,0,12,169.53333333333333
6,0,0,0,12,1169.5333333333333
6,0,0,0,12,1169.5333333333333
6,0,0,0,12,1169.5333333333333
3,0,0,0,5,23.583333333333332
1,0,0,0,12,16.616666666666667
5,0,0,0,12,2903.1833333333334
5,0,0,0,12,2903.1833333333334
1,0,0,0,6,24.15
1,0,0,0,6,24.15
9,0,2,6,13,5855.8
3,0,0,0,13,30.166666666666668
4,0,0,0,6,1587.8666666666666
2,0,0,0,12,18.233333333333334
2,0,0,0,12,18.233333333333334
7,0,0,0,12,288.18333333333334
7,0,0,0,12,288.18333333333334
7,0,0,0,12,288.18333333333334
7,0,0,0,12,288.18333333333334
7,0,0,0,12,288.18333333333334
7,0,0,0,12,288.18333333333334
2,0,0,0,6,25.133333333333333
2,0,0,0,6,25.133333333333333
1,0,0,0,12,24.933333333333334
2,0,0,0,12,26.25
6,0,0,0,13,3167.8333333333335
4,0,0,0,6,624.9833333333333
4,0,0,0,6,624.9833333333333
4,0,0,0,6,624.9833333333333
4,0,0,0,6,624.9833333333333
-1,0,0,0,12,16.266666666666666
3,0,0,0,9,537.25
1,0,0,0,13,24.25
1,0,0,0,13,24.25
2,0,0,0,6,24.416666666666668
1,0,0,0,5,20.85
2,0,0,0,12,26.266666666666666
6,2,0,0,6,765.7666666666667
3,0,0,0,5,31.1
9,0,0,0,12,1393.75
10,0,0,0,9,1036.2833333333333
10,0,0,0,9,1036.2833333333333
10,0,0,0,9,1036.2833333333333
4,0,0,0,9,264.6166666666667
1,0,0,0,5,4.516666666666667
3,0,0,0,5,-1.8333333333333333
9,1,0,0,13,358.4
9,1,0,0,13,358.4
9,1,0,0,13,358.4
4,0,0,0,6,17.483333333333334
1,0,0,0,6,24.616666666666667
7,0,0,0,13,7688.6
2,0,0,0,12,45.483333333333334
3,0,0,0,5,4.8
2,0,1,0,6,45.016666666666666
6,0,0,0,12,45.56666666666667
9,0,0,0,12,3909.65
9,0,0,0,12,3909.65
2,0,0,0,5,5.083333333333333
1,0,0,0,12,19.383333333333333
6,0,0,0,6,-11.3
2,0,0,0,12,42.93333333333333
2,0,0,0,12,42.93333333333333
2,0,0,0,12,42.93333333333333
3,0,0,0,6,4.683333333333334
2,0,0,1,12,3.0166666666666666
3,0,0,0,13,49.15
1,0,0,0,6,15.716666666666667
5,0,0,0,12,1080.1833333333334
1,0,0,0,12,100.41666666666667
6,0,0,1,12,182.21666666666667
6,0,0,1,12,182.21666666666667
6,0,0,1,12,182.21666666666667
6,0,0,1,12,182.21666666666667
6,0,0,1,12,182.21666666666667
4,0,0,0,5,16.05
4,0,0,0,5,16.05
4,0,0,0,5,16.05
4,0,0,0,5,16.05
4,0,0,0,12,487.05
8,0,0,0,6,48.05
2,0,0,0,13,44.28333333333333
1,0,0,0,12,5.15
5,0,0,0,13,32.666666666666664
8,0,0,3,12,20.766666666666666
8,0,0,3,12,20.766666666666666
8,0,0,3,12,20.766666666666666
2,0,0,0,12,26.4
5,0,0,0,12,52.31666666666667
5,0,0,0,12,93.15
1,0,0,0,13,210.83333333333334
3,0,0,0,12,6.133333333333334
3,0,0,0,12,6.133333333333334
3,0,0,0,12,6.133333333333334
2,0,0,0,12,2166.0833333333335
3,0,0,0,6,27.35
1,0,0,0,13,74.6
2,0,0,0,12,14.316666666666666
3,0,0,0,6,19.983333333333334
3,0,0,0,6,19.983333333333334
3,0,0,0,13,1150.0166666666667
9,0,0,2,6,581.6666666666666
10,5,1,0,12,5.5
7,0,0,0,6,3433.616666666667
10,0,1,0,12,2826.9333333333334
8,0,0,0,12,8.8
6,0,0,0,14,10963.566666666668
3,0,0,0,12,17.65
2,0,0,0,12,220.43333333333334
2,0,0,0,12,22.383333333333333
7,0,0,0,12,23.933333333333334
7,0,0,0,12,23.933333333333334
7,0,0,0,12,23.933333333333334
7,0,0,0,12,23.933333333333334
7,0,0,0,12,23.933333333333334
1,0,0,0,6,20.95
5,0,0,2,12,19.433333333333334
5,0,0,2,12,19.433333333333334
5,0,0,2,12,19.433333333333334
5,0,0,2,12,19.433333333333334
5,0,0,2,12,19.433333333333334
5,0,0,0,12,174.0
5,0,0,0,12,174.0
8,0,2,3,12,1378.0833333333333
8,0,2,3,12,1378.0833333333333
8,0,2,3,12,1378.0833333333333
1,0,0,0,6,30.583333333333332
7,0,0,0,6,12.316666666666666
4,0,0,0,12,750.0
4,0,0,0,6,22.066666666666666
9,0,0,0,12,4050.8333333333335
9,0,0,0,12,95.53333333333333
9,0,0,0,12,95.53333333333333
3,0,0,0,12,19.6
3,0,0,0,12,19.6
3,0,0,0,12,253.16666666666666
7,0,0,2,6,349.81666666666666
7,0,1,0,12,23.883333333333333
7,0,1,0,12,23.883333333333333
4,0,0,0,6,97.38333333333334
1,0,0,0,6,30.35
1,0,0,0,6,30.35
5,0,0,0,12,20.566666666666666
5,0,0,0,12,20.566666666666666
5,0,0,0,12,20.566666666666666
7,0,0,0,12,380.73333333333335
7,0,0,0,12,380.73333333333335
5,0,0,0,12,23.283333333333335
3,0,0,0,12,25.666666666666668
3,0,0,0,12,25.666666666666668
9,0,0,0,6,30.05
5,0,0,0,6,21.6
5,0,0,0,6,21.6
1,0,0,0,5,41.18333333333333
4,0,0,0,12,264.73333333333335
4,0,0,0,12,264.73333333333335
2,0,0,0,12,71.16666666666667
4,0,0,0,6,26.4
5,0,0,0,6,48.81666666666667
6,0,1,3,12,20.616666666666667
4,0,0,0,13,27.05
9,0,0,0,6,44.96666666666667
6,0,0,0,12,892.6833333333333
6,0,0,0,12,892.6833333333333
6,0,0,0,12,892.6833333333333
3,0,0,0,12,2.6166666666666667
1,0,0,0,12,18.083333333333332
3,0,0,0,6,91.46666666666667
10,0,0,2,12,173.11666666666667
10,0,0,2,12,173.11666666666667
4,0,0,0,6,71.81666666666666
2,0,0,0,6,25.033333333333335
2,0,0,0,12,986.6833333333333
4,0,0,0,12,-10.733333333333333
4,0,0,0,12,-10.733333333333333
10,0,0,0,12,798.7166666666667
10,0,0,0,12,798.7166666666667
10,0,0,0,12,798.7166666666667
10,0,0,0,12,798.7166666666667
2,0,0,0,6,-4.066666666666666
3,0,0,0,13,53.916666666666664
3,0,0,0,13,53.916666666666664
1,0,0,0,12,19.066666666666666
2,0,0,0,9,241.2
4,0,0,0,12,25.166666666666668
6,0,0,0,6,69.56666666666666
10,0,0,0,12,103.05
9,0,0,0,6,1313.2
9,0,0,0,6,1313.2
8,0,0,0,5,31.783333333333335
1,0,0,0,6,29.483333333333334
8,0,1,0,12,-4.083333333333333
8,0,1,0,12,-4.083333333333333
8,0,1,0,12,-4.083333333333333
10,0,0,0,12,10959.966666666667
10,0,0,0,12,10959.966666666667
6,0,0,0,12,40.983333333333334
6,0,0,0,12,40.983333333333334
2,0,0,0,12,7.166666666666667
1,0,0,0,12,47.583333333333336
4,0,0,0,12,557.4333333333333
1,0,0,0,14,578.75
6,0,0,0,6,44.53333333333333
4,0,0,0,6,435.1166666666667
1,0,0,0,14,52.53333333333333
9,0,0,0,13,621.45
9,1,0,0,12,7486.25
3,0,0,0,6,14.866666666666667
3,0,0,0,6,14.866666666666667
1,0,0,0,12,21.45
2,0,0,0,6,23.833333333333332
2,0,0,0,6,23.833333333333332
1,0,0,0,6,23.35
10,0,1,1,12,312.26666666666665
10,0,1,1,12,312.26666666666665
10,0,1,1,12,312.26666666666665
4,0,0,0,6,134.78333333333333
1,0,0,0,5,5.933333333333334
4,0,0,0,12,216.0
9,0,1,0,13,4514.916666666667
8,0,2,0,12,2.45
3,0,0,0,12,384.43333333333334
3,0,0,0,12,384.43333333333334
6,0,0,0,12,16.566666666666666
6,0,0,0,11,5088.2
6,0,0,0,11,5088.2
6,0,0,0,11,5088.2
2,0,0,0,12,24.066666666666666
2,0,0,0,12,24.066666666666666
2,0,0,0,12,24.066666666666666
2,0,0,0,12,48.333333333333336
2,0,0,0,12,48.93333333333333
2,0,0,0,12,48.93333333333333
2,0,0,0,12,48.93333333333333
1,0,0,0,6,29.466666666666665
1,0,0,0,12,21.016666666666666
4,0,0,0,13,22.433333333333334
4,0,0,0,13,22.433333333333334
5,0,0,0,13,78.63333333333334
5,0,0,0,13,78.63333333333334
6,0,0,0,6,4.15
6,0,0,0,6,4.15
6,0,0,0,6,4.15
8,4,0,0,6,1773.4166666666667
2,0,0,0,12,-0.5
2,0,0,0,12,-0.5
8,0,1,0,6,9.25
8,0,1,0,6,9.25
8,0,1,0,6,9.25
8,0,1,0,6,9.25
8,0,0,0,6,4107.066666666667
2,0,0,0,6,23.6
10,0,0,0,12,794.3333333333334
10,0,0,0,12,794.3333333333334
1,0,0,0,12,113.98333333333333
9,2,1,0,5,20.4
1,0,0,0,6,27.016666666666666
1,0,0,0,6,27.016666666666666
1,0,0,0,6,27.016666666666666
6,0,0,0,6,14.45
5,0,0,0,6,238.0
4,0,0,0,6,17.966666666666665
1,0,0,0,12,7.116666666666666
5,0,0,2,12,461.31666666666666
5,0,0,2,12,461.31666666666666
5,0,0,2,12,461.31666666666666
4,0,1,1,6,6.633333333333334
4,0,1,1,6,6.633333333333334
1,0,0,0,12,1442.8166666666666
1,0,0,0,12,85.86666666666666
1,0,0,0,12,85.86666666666666
7,0,0,0,13,21.483333333333334
3,0,0,0,12,1056.5666666666666
3,0,0,0,12,1056.5666666666666
2,0,0,0,6,29.533333333333335
6,0,0,0,5,49.583333333333336
6,0,0,0,5,49.583333333333336
3,0,0,0,12,46.63333333333333
7,0,0,0,13,24.3
7,0,0,0,13,24.3
5,0,0,0,12,598.4
5,0,0,0,12,598.4
1,0,0,0,6,13.966666666666667
1,0,0,0,6,23.166666666666668
7,0,0,0,(MO3),24.783333333333335
7,0,0,0,(MO3),24.783333333333335
7,0,0,0,(MO3),24.783333333333335
7,0,0,0,(MO3),24.783333333333335
1,0,0,0,14,1122.85
8,0,1,0,12,2784.6
4,0,0,0,12,1131.0333333333333
4,0,0,0,12,1131.0333333333333
4,0,0,0,12,1131.0333333333333
9,0,1,0,12,120.56666666666666
3,0,0,0,6,13.55
8,0,0,0,9,399.8333333333333
8,0,0,0,9,399.8333333333333
4,0,0,0,6,27.433333333333334
4,0,0,0,6,27.433333333333334
4,0,0,0,12,6.333333333333333
4,0,0,0,12,6.333333333333333
4,0,0,0,12,6.333333333333333
4,0,0,0,12,6.333333333333333
1,0,0,0,5,22.15
3,0,0,0,12,699.0833333333334
3,0,0,0,12,699.0833333333334
3,0,0,0,12,699.0833333333334
5,0,0,0,12,120.06666666666666
5,0,0,0,12,120.06666666666666
1,0,0,0,6,66.11666666666666
1,0,0,0,6,66.11666666666666
1,0,0,0,6,66.11666666666666
4,0,0,0,13,18.25
6,0,0,0,6,384.7
6,0,0,0,6,384.7
6,0,0,0,6,191.21666666666667
6,0,0,0,6,191.21666666666667
8,0,0,0,12,26.816666666666666
5,0,0,0,12,195.78333333333333
5,0,0,0,12,195.78333333333333
5,0,0,0,12,195.78333333333333
5,0,0,0,12,195.78333333333333
5,0,0,0,12,195.78333333333333
1,0,0,0,13,23.133333333333333
7,0,0,0,12,2062.3
7,0,0,0,12,2062.3
7,0,0,0,12,2062.3
7,0,0,0,12,2062.3
7,0,0,0,12,2062.3
7,0,0,0,12,2062.3
1,0,0,0,12,715.9833333333333
1,0,0,0,12,715.9833333333333
4,0,0,0,6,7.3
4,0,0,0,6,7.3
5,0,0,0,12,4660.933333333333
1,0,0,0,6,22.383333333333333
1,0,0,0,5,1847.15
3,0,0,0,5,21.466666666666665
9,0,0,0,5,-2.0166666666666666
9,0,0,0,5,-2.0166666666666666
2,0,0,0,6,5.383333333333334
2,0,0,2,12,51.61666666666667
7,0,0,0,6,30.716666666666665
7,0,0,0,6,30.716666666666665
7,0,0,0,6,30.716666666666665
1,0,0,0,6,6.25
9,0,4,1,12,4477.383333333333
9,0,0,0,12,1176.7333333333333
9,0,0,0,12,1176.7333333333333
2,0,0,0,12,25.983333333333334
1,0,0,0,6,4.65
8,0,0,0,12,5.716666666666667
8,0,0,0,12,5.716666666666667
6,0,0,0,12,43.93333333333333
6,0,0,0,12,43.93333333333333
6,0,0,0,12,43.93333333333333
1,0,0,0,12,222.4
1,0,0,0,12,30.683333333333334
1,0,0,0,12,30.683333333333334
1,0,0,0,12,30.683333333333334
10,0,0,3,12,167.96666666666667
10,0,0,3,12,167.96666666666667
10,0,0,3,12,167.96666666666667
4,0,0,0,12,9884.066666666668
8,0,0,0,12,28.333333333333332
8,0,0,0,12,42.65
4,1,0,0,13,1248.7333333333333
2,0,0,0,12,23.516666666666666
5,0,0,0,5,15.166666666666666
1,0,0,0,12,23.583333333333332
1,0,0,0,12,34.4
1,0,0,0,13,327.53333333333336
1,0,0,0,12,52.46666666666667
1,0,0,0,5,27.216666666666665
1,0,0,0,12,17.516666666666666
1,0,0,0,13,-2.066666666666667
1,0,0,0,13,-2.066666666666667
10,1,0,1,12,1611.1
10,1,0,1,12,1611.1
4,0,0,0,13,1187.1
4,0,0,0,13,1187.1
8,0,2,1,12,751.6166666666667
8,0,2,1,12,751.6166666666667
8,0,2,1,12,751.6166666666667
8,1,0,0,5,23.95
8,1,0,0,5,23.95
1,0,0,0,12,47.833333333333336
1,0,0,0,12,47.833333333333336
5,0,1,0,6,19.883333333333333
5,0,1,0,6,19.883333333333333
4,0,0,0,12,23.716666666666665
4,0,0,0,12,23.716666666666665
4,0,0,0,12,23.716666666666665
1,0,0,0,6,94.66666666666667
9,1,0,0,12,8207.566666666668
8,0,0,0,14,351.6
6,0,0,0,12,164.63333333333333
1,0,0,0,6,50.2
2,0,0,0,12,14.916666666666666
2,0,0,0,12,14.916666666666666
3,0,0,2,12,15.25
7,0,0,0,12,840.5666666666667
7,0,0,0,12,840.5666666666667
6,0,0,0,6,77.38333333333334
6,0,0,0,6,77.38333333333334
3,0,0,0,12,28.016666666666666
3,0,0,0,12,28.016666666666666
1,0,0,0,5,29.816666666666666
1,0,0,0,5,29.816666666666666
7,0,0,0,6,521.5833333333334
7,0,0,0,6,521.5833333333334
7,0,0,0,6,521.5833333333334
4,0,0,0,12,15.85
1,0,0,0,12,24.216666666666665
3,0,0,0,12,225.1
1,0,0,0,13,25.25
1,0,0,0,6,5.566666666666666
5,0,0,0,12,21.4
5,0,0,0,12,22.1
5,0,0,0,12,22.1
7,0,0,0,12,1.0166666666666666
7,0,0,0,12,1.0166666666666666
7,0,0,0,12,1.0166666666666666
5,0,0,0,12,1890.6
5,0,0,0,6,31.05
1,0,0,0,6,240.1
1,0,0,0,6,240.1
2,0,0,0,6,383.9
1,0,0,0,6,20.183333333333334
1,0,0,0,12,14.0
4,0,0,0,5,5374.3
4,0,0,0,5,5374.3
2,0,0,1,12,18.833333333333332
2,0,0,0,12,29.35
7,0,0,1,6,47.35
4,0,0,1,6,24.983333333333334
6,0,0,0,12,45.266666666666666
6,0,0,0,12,45.266666666666666
9,0,0,0,12,6141.95
4,0,0,0,12,21.05
4,0,0,0,12,21.05
7,0,0,0,12,698.2166666666667
5,0,0,0,6,47.68333333333333
5,0,0,0,6,47.68333333333333
5,0,0,0,6,47.68333333333333
8,0,3,0,12,-3.316666666666667
8,0,3,0,12,-3.316666666666667
8,0,3,0,12,-3.316666666666667
8,0,3,0,12,-3.316666666666667
5,0,0,0,6,66.36666666666666
8,0,0,0,12,6.516666666666667
8,0,0,0,12,6.516666666666667
1,0,0,0,12,22.85
5,0,0,0,12,27.283333333333335
5,0,0,0,(MO3),166.7
5,0,0,0,(MO3),166.7
5,0,0,0,(MO3),166.7
2,0,0,0,6,23.3
7,0,0,0,13,121.1
7,0,0,0,13,121.1
10,0,0,0,6,415.55
7,0,0,0,6,1802.7666666666667
7,0,0,0,6,1802.7666666666667
1,0,0,0,14,25.066666666666666
7,0,0,0,12,-3.5166666666666666
7,0,0,0,12,-3.5166666666666666
7,0,0,0,12,-3.5166666666666666
2,0,0,0,12,28.416666666666668
2,0,0,0,6,44.8
7,0,0,1,12,1687.1666666666667
7,0,0,1,12,1687.1666666666667
5,0,0,0,12,19.333333333333332
4,0,0,0,9,786.6333333333333
4,0,0,0,9,786.6333333333333
1,0,0,0,12,118.05
1,0,0,0,12,118.05
1,0,0,0,12,118.05
1,0,0,0,12,118.05
4,0,0,0,12,17.2
4,0,0,0,12,17.2
8,0,0,1,12,27.7
7,0,0,0,12,13.716666666666667
7,0,0,0,12,13.716666666666667
7,0,0,0,12,13.716666666666667
7,0,0,0,12,13.716666666666667
4,0,0,0,5,21.683333333333334
4,0,0,0,5,21.683333333333334
5,0,0,0,12,13.366666666666667
9,0,0,0,12,285.65
9,0,0,0,12,285.65
9,0,0,0,12,285.65
1,0,0,0,6,22.816666666666666
1,0,0,0,6,22.816666666666666
2,0,0,0,5,290.6
2,0,0,0,5,290.6
2,0,0,0,5,290.6
1,0,0,0,12,22.983333333333334
1,0,0,0,12,121.65
1,0,0,0,12,121.65
8,0,0,0,12,874.4166666666666
8,0,0,0,12,874.4166666666666
8,0,0,1,12,842.0166666666667
8,0,0,1,12,842.0166666666667
8,0,0,1,12,842.0166666666667
1,0,0,0,6,20.933333333333334
5,0,0,0,13,884.4
6,0,0,0,12,26.716666666666665
6,0,0,0,12,26.716666666666665
6,0,0,0,12,26.716666666666665
9,0,0,0,6,1562.7333333333333
5,0,0,0,12,14329.85
2,0,0,0,13,818.5
2,0,0,0,13,818.5
4,0,0,0,6,31.216666666666665
1,0,0,0,12,19.716666666666665
2,0,0,0,13,23.783333333333335
2,0,0,0,13,23.783333333333335
2,0,0,0,13,23.783333333333335
2,0,0,0,12,185.86666666666667
6,0,0,0,12,485.03333333333336
8,0,0,0,12,21.583333333333332
8,0,0,0,12,21.583333333333332
8,0,0,0,12,21.583333333333332
4,1,0,0,12,15.866666666666667
4,1,0,0,12,15.866666666666667
4,1,0,0,12,15.866666666666667
7,0,0,0,12,20.183333333333334
7,0,0,0,12,20.183333333333334
7,0,0,0,12,20.183333333333334
7,0,0,0,12,20.183333333333334
7,0,0,0,12,4457.283333333334
7,0,0,0,12,4457.283333333334
7,0,0,0,12,4457.283333333334
1,0,0,0,6,23.366666666666667
2,0,0,0,6,20.983333333333334
2,0,0,0,12,50.2
7,0,1,1,12,28.55
7,0,1,1,12,28.55
7,0,1,1,12,28.55
7,0,1,1,12,28.55
6,1,0,0,13,65.7
5,0,2,0,13,66.53333333333333
5,0,2,0,13,66.53333333333333
5,0,2,0,13,66.53333333333333
5,0,0,0,13,22.566666666666666
5,0,0,0,13,22.566666666666666
5,0,0,0,13,22.566666666666666
5,0,0,0,13,22.566666666666666
1,0,0,0,12,21.666666666666668
2,0,0,0,6,47.416666666666664
2,0,0,0,6,436.3333333333333
2,0,0,0,6,436.3333333333333
1,0,0,0,6,75.9
9,1,0,0,12,1207.7
9,1,0,0,12,1207.7
6,0,0,0,13,799.1666666666666
9,1,0,0,13,3225.266666666667
9,1,0,0,13,3225.266666666667
5,0,0,0,6,21.45
5,0,0,0,12,3510.5833333333335
5,0,0,0,12,14.383333333333333
1,0,0,0,6,30.4
3,0,0,0,6,21.033333333333335
4,0,0,0,9,70.88333333333334
4,0,0,0,9,70.88333333333334
3,0,0,0,12,23.966666666666665
3,0,0,0,12,46.166666666666664
6,0,0,0,12,4.283333333333333
3,0,0,0,6,24.25
7,0,0,0,12,245.1
7,0,0,0,12,245.1
7,0,0,0,12,245.1
2,0,0,2,12,25.033333333333335
3,0,0,0,12,363.6166666666667
2,0,1,2,5,19.333333333333332
5,0,0,0,5,14.933333333333334
5,0,0,0,5,14.933333333333334
9,0,0,0,12,29.133333333333333
3,0,0,0,9,44.25
9,0,2,7,12,6.933333333333334
9,0,2,7,12,6.933333333333334
9,0,2,7,12,6.933333333333334
9,0,0,0,12,3600.4333333333334
9,0,0,0,12,3600.4333333333334
9,0,0,0,12,3600.4333333333334
9,0,0,0,12,24.283333333333335
9,0,0,0,12,24.283333333333335
1,0,0,0,6,26.466666666666665
7,1,0,0,14,963.6166666666667
7,1,0,0,14,963.6166666666667
7,1,0,0,14,963.6166666666667
7,1,0,0,14,963.6166666666667
6,0,0,0,12,453.4
6,0,0,0,12,453.4
6,0,0,0,12,453.4
6,0,0,0,12,453.4
10,0,0,0,12,49.81666666666667
3,0,0,0,13,64.8
3,0,0,0,13,64.8
2,0,0,0,9,218.26666666666668
9,0,0,0,5,41.483333333333334
9,0,0,0,5,41.483333333333334
8,1,1,1,6,960.8333333333334
8,1,1,1,6,960.8333333333334
6,0,0,0,12,4364.066666666667
9,0,0,0,12,24.216666666666665
9,0,0,0,12,24.216666666666665
9,0,0,0,12,24.216666666666665
9,0,0,0,12,24.216666666666665
4,0,0,0,12,26.733333333333334
3,0,0,0,12,4.483333333333333
2,0,0,0,12,14.316666666666666
1,0,0,0,12,14.383333333333333
1,0,0,0,9,14.916666666666666
1,0,0,0,6,23.7
7,0,0,0,12,16.183333333333334
7,0,0,0,12,16.183333333333334
8,0,0,0,12,-1.3833333333333333
8,0,0,0,12,55.666666666666664
8,0,0,0,12,55.666666666666664
1,0,0,0,5,23.016666666666666
1,0,0,0,12,27.75
4,0,0,0,5,116.76666666666667
4,0,0,0,5,116.76666666666667
3,0,0,0,12,3.6
7,0,0,0,12,2237.5
1,0,0,0,5,22.6
7,0,0,0,12,145.21666666666667
7,0,0,0,12,145.21666666666667
7,0,0,0,12,145.21666666666667
2,0,0,0,6,15.983333333333333
2,0,0,0,6,25.516666666666666
2,0,0,0,12,7.933333333333334
2,0,0,0,12,7.933333333333334
9,0,1,0,6,48.333333333333336
10,1,0,0,12,17.716666666666665
10,1,0,0,12,17.716666666666665
2,0,0,0,12,141.8
2,0,0,0,12,141.8
2,0,0,0,12,141.8
1,0,0,0,6,19.983333333333334
9,0,0,0,12,795.3666666666667
9,0,0,0,12,795.3666666666667
1,0,0,0,6,24.483333333333334
2,0,0,0,12,77.16666666666667
2,0,0,0,6,25.766666666666666
4,0,0,1,13,23.65
3,0,0,0,12,26.7
3,0,0,0,12,26.7
3,0,0,0,12,26.7
3,0,0,0,12,26.7
4,0,0,0,12,40.85
4,0,0,0,12,40.85
4,0,0,0,12,40.85
3,0,0,0,6,21.433333333333334
2,0,0,0,5,54.766666666666666
2,0,0,0,5,54.766666666666666
2,0,0,1,12,18.1
2,0,0,1,12,18.1
7,0,0,0,12,142.23333333333332
7,0,0,0,12,142.23333333333332
4,0,0,1,12,1109.1
8,0,0,0,12,505.8666666666667
8,0,0,0,12,505.8666666666667
8,0,0,0,12,505.8666666666667
2,0,0,0,6,6.116666666666666
9,0,1,0,12,643.5333333333333
9,0,1,0,12,643.5333333333333
9,0,1,0,12,643.5333333333333
4,0,0,0,12,22.016666666666666
4,0,0,0,12,22.016666666666666
6,1,0,0,12,21.8
6,1,0,0,12,21.8
6,1,0,0,12,21.8
10,0,0,0,12,18.7
10,0,0,0,12,18.7
10,0,0,0,12,18.7
10,0,0,0,12,18.7
1,0,0,0,13,21.733333333333334
8,0,0,0,13,3211.45
8,0,0,0,13,3211.45
4,0,0,0,12,6.816666666666666
4,0,0,0,6,26.616666666666667
1,0,0,0,6,47.05
2,0,0,0,12,17.366666666666667
9,4,0,0,14,6574.833333333333
7,0,0,0,6,18.816666666666666
7,0,0,0,6,18.816666666666666
1,0,0,0,6,-2.95
7,0,0,0,12,55.233333333333334
7,0,0,0,12,55.233333333333334
7,0,0,0,12,55.233333333333334
1,0,0,0,6,41.6
1,0,0,0,13,26.633333333333333
8,0,0,1,6,25.016666666666666
8,0,0,1,6,25.016666666666666
8,0,0,1,6,25.016666666666666
1,0,0,0,12,19.6
2,0,0,0,13,29.883333333333333
6,0,0,0,12,94.28333333333333
8,0,0,0,6,1293.2333333333333
5,0,0,0,6,22.533333333333335
4,0,0,2,12,26.933333333333334
4,0,0,0,12,28.7
4,0,0,0,12,28.7
4,0,0,0,12,28.7
1,0,0,0,12,22.016666666666666
9,0,0,0,12,21.833333333333332
1,0,0,0,12,21.283333333333335
4,0,0,0,12,88.63333333333334
4,0,0,0,12,88.63333333333334
5,1,0,0,12,19.583333333333332
1,0,0,0,12,21.9
1,0,0,0,12,23.15
3,0,0,0,13,19.5
3,0,0,1,12,15.0
3,0,0,1,12,15.0
3,0,0,0,5,-3.4166666666666665
1,0,0,0,6,41.11666666666667
6,0,0,0,12,22.233333333333334
7,0,0,0,13,30.1
1,0,0,0,6,261.35
1,0,0,0,6,22.616666666666667
4,0,1,0,12,51.2
4,0,1,0,12,51.2
3,0,0,0,13,3024.05
3,0,0,0,13,3024.05
3,0,0,0,13,3024.05
7,0,0,0,12,27.45
7,0,0,0,12,27.45
2,0,0,0,12,6.15
6,0,0,0,12,26.5
9,0,1,0,13,2182.516666666667
2,0,0,0,12,20.783333333333335
1,0,0,0,6,26.016666666666666
9,0,0,0,12,890.4
9,0,0,0,12,890.4
2,0,0,0,12,6187.483333333334
7,0,0,0,13,1130.2333333333333
8,0,0,0,12,12.583333333333334
3,0,0,0,12,17.666666666666668
1,0,0,0,14,51.95
2,0,0,0,12,20.666666666666668
5,0,0,0,12,71.36666666666666
2,0,0,0,5,26.266666666666666
2,0,0,0,12,29.466666666666665
2,0,0,0,12,29.466666666666665
2,0,0,0,12,29.466666666666665
2,0,0,1,6,21.916666666666668
6,0,0,0,5,68.4
6,0,0,0,5,68.4
1,0,0,0,6,5.45
1,0,0,0,13,1446.7833333333333
4,0,0,1,12,22.45
4,0,0,1,12,22.45
4,0,0,0,12,174.48333333333332
2,0,0,0,13,1748.0333333333333
2,0,0,0,13,1748.0333333333333
1,0,0,0,6,4.6
3,0,0,0,6,25.983333333333334
1,0,0,0,12,6671.6
7,0,0,0,6,22.316666666666666
4,0,0,0,6,18.466666666666665
1,0,0,0,12,119.63333333333334
1,0,0,0,12,119.63333333333334
7,0,0,0,12,-10.516666666666667
1,0,0,0,12,15.233333333333333
1,0,0,0,12,15.233333333333333
1,0,0,0,12,15.233333333333333
1,0,0,0,12,15.233333333333333
1,0,0,0,12,65.56666666666666
2,0,0,0,12,47.61666666666667
5,0,0,0,14,66.41666666666667
5,0,0,0,14,66.41666666666667
5,0,0,0,14,66.41666666666667
7,0,0,0,12,1194.55
7,0,0,0,12,1194.55
4,0,0,0,12,882.8833333333333
5,0,0,0,12,2043.5166666666667
3,0,0,0,6,439.1
9,0,0,0,12,2852.516666666667
6,0,0,0,12,19.55
6,0,0,0,12,19.55
6,0,0,0,12,19.55
2,0,0,0,12,144.18333333333334
2,0,0,0,12,144.18333333333334
2,0,0,0,12,144.18333333333334
9,0,0,0,12,19.333333333333332
9,0,0,0,12,19.333333333333332
9,0,0,0,12,19.333333333333332
8,0,0,0,6,17.233333333333334
4,0,0,0,6,5.7
1,0,0,0,12,28.25
5,0,0,0,12,1180.2
5,0,0,0,12,1180.2
9,0,0,0,5,30.333333333333332
7,0,0,0,6,17.166666666666668
5,0,0,1,5,23.1
5,0,0,1,5,23.1
9,0,0,0,12,1704.2833333333333
9,0,0,0,12,1704.2833333333333
3,0,0,0,12,3.0
1,0,0,0,12,48.2
1,0,0,0,12,5717.566666666667
5,0,0,0,12,23.566666666666666
6,0,0,0,12,22.916666666666668
6,0,0,0,12,22.916666666666668
2,0,0,0,12,842.3333333333334
2,0,0,0,12,842.3333333333334
1,0,0,0,6,3722.0
7,1,0,4,12,20.4
5,0,0,0,12,5.616666666666666
1,0,0,0,6,5.183333333333334
6,0,0,0,12,22.75
6,0,0,0,12,22.75
6,0,0,0,12,22.75
6,0,0,0,12,22.75
6,0,0,0,12,22.75
6,0,0,0,6,143.41666666666666
1,0,0,0,6,1508.9833333333333
10,1,0,0,12,4489.233333333334
10,1,0,0,12,4489.233333333334
10,1,0,0,12,4489.233333333334
10,1,0,0,12,4489.233333333334
9,0,1,0,5,51.31666666666667
6,0,0,0,12,1.9333333333333333
6,0,0,0,12,1.9333333333333333
9,0,0,0,12,815.1833333333333
9,0,0,0,12,815.1833333333333
9,0,0,0,12,815.1833333333333
9,0,0,0,12,815.1833333333333
9,0,0,0,12,815.1833333333333
9,0,0,0,12,815.1833333333333
9,0,0,0,12,815.1833333333333
9,0,0,0,12,815.1833333333333
9,0,0,0,12,815.1833333333333
5,0,0,0,6,20.616666666666667
5,0,0,0,6,20.616666666666667
5,0,0,0,6,20.616666666666667
9,0,0,0,12,125.6
9,0,0,0,12,125.6
9,0,0,0,12,125.6
9,0,0,0,12,125.6
9,0,0,0,12,125.6
9,0,0,0,12,125.6
9,0,0,0,12,125.6
9,0,0,0,12,125.6
1,0,0,0,12,27.633333333333333
6,0,0,0,12,70.53333333333333
5,0,0,1,9,1683.6166666666666
5,0,0,1,9,1683.6166666666666
5,0,0,0,6,1132.0333333333333
7,0,0,0,12,48.21666666666667
7,0,0,0,12,48.21666666666667
7,0,0,0,12,25.433333333333334
6,0,0,0,6,705.5333333333333
6,0,0,0,6,705.5333333333333
6,0,0,0,6,705.5333333333333
6,0,0,0,6,705.5333333333333
6,0,0,0,6,705.5333333333333
6,0,0,0,6,705.5333333333333
6,0,0,0,6,705.5333333333333
6,0,0,0,6,705.5333333333333
2,0,0,0,12,17.966666666666665
2,0,0,0,12,17.966666666666665
4,0,0,0,12,23.116666666666667
5,0,0,0,13,44.65
1,0,0,0,6,25.966666666666665
2,0,0,0,12,23.616666666666667
2,0,0,0,12,23.616666666666667
5,0,0,0,13,413.18333333333334
10,0,0,0,13,19.616666666666667
10,0,0,0,13,19.616666666666667
10,0,0,0,13,19.616666666666667
4,0,0,1,6,28.916666666666668
9,0,0,0,5,122.51666666666667
9,0,0,0,5,122.51666666666667
4,0,0,0,12,21.666666666666668
4,0,0,0,12,21.666666666666668
6,0,0,0,5,99.33333333333333
6,0,0,0,12,15.416666666666666
5,0,0,0,12,1103.55
5,0,0,0,12,1103.55
5,0,0,0,12,20.033333333333335
6,0,0,0,12,22.666666666666668
10,0,4,0,12,21.766666666666666
3,0,0,0,12,864.5166666666667
4,0,0,0,6,23.433333333333334
4,0,0,0,6,23.433333333333334
6,0,0,0,12,2812.85
8,0,0,0,6,3025.3166666666666
4,0,0,0,6,22.95
7,3,1,0,12,22.216666666666665
7,3,1,0,12,22.216666666666665
7,3,1,0,12,22.216666666666665
9,0,0,0,12,147.73333333333332
9,0,0,0,12,147.73333333333332
9,0,0,0,12,218.75
9,0,0,0,12,218.75
9,0,0,0,12,218.75
9,0,0,0,12,218.75
2,0,0,0,6,169.28333333333333
2,0,0,0,6,169.28333333333333
8,0,0,0,6,24.666666666666668
10,4,0,0,12,73.31666666666666
10,4,0,0,12,73.31666666666666
10,4,0,0,12,73.31666666666666
1,0,0,0,6,24.133333333333333
9,0,0,0,12,2283.9166666666665
9,0,0,0,12,2283.9166666666665
9,0,0,0,12,2283.9166666666665
1,0,0,0,6,31.366666666666667
4,0,0,0,5,25.533333333333335
3,0,0,0,12,236.21666666666667
3,0,0,0,12,236.21666666666667
9,0,0,0,12,13108.166666666666
9,1,0,1,12,868.1666666666666
3,0,0,0,6,1872.35
7,0,0,0,12,-3.716666666666667
7,0,0,0,12,29.45
2,0,0,0,13,30.033333333333335
1,0,0,0,12,14.216666666666667
9,0,0,0,12,21.283333333333335
9,0,0,0,12,21.283333333333335
9,0,0,0,12,21.283333333333335
2,0,0,0,12,14.65
4,0,0,0,12,26.416666666666668
1,0,0,0,6,19.366666666666667
6,0,0,0,12,99.08333333333333
6,0,0,0,12,99.08333333333333
6,0,0,0,12,99.08333333333333
5,0,0,0,12,1151.3833333333334
5,0,0,0,12,1151.3833333333334
5,0,0,0,12,1151.3833333333334
1,0,0,0,12,146.75
1,0,0,0,12,146.75
4,0,0,0,12,1079.4833333333333
4,0,0,0,12,1079.4833333333333
2,0,0,0,14,70.35
1,0,0,0,12,4.3
2,0,0,0,6,18.25
4,0,0,0,12,17.883333333333333
2,0,0,0,12,28.933333333333334
5,0,0,0,6,21.75
5,0,0,0,13,613.3833333333333
8,0,0,0,12,16.333333333333332
6,0,0,0,13,65.71666666666667
4,0,0,0,12,277.25
1,0,0,0,13,53.35
1,0,0,0,13,53.35
1,0,0,0,13,53.35
2,0,0,0,6,20.866666666666667
2,0,0,0,6,20.866666666666667
3,0,0,0,6,54.18333333333333
3,0,0,0,6,54.18333333333333
3,0,0,0,6,54.18333333333333
3,0,0,0,6,54.18333333333333
4,0,0,0,12,3.8833333333333333
4,0,0,0,12,3.8833333333333333
2,0,0,0,6,25.016666666666666
10,0,0,0,12,27.9
10,0,0,0,12,27.9
10,0,0,0,12,27.9
3,0,0,0,12,91.55
6,0,0,0,5,525.2666666666667
6,0,0,0,5,525.2666666666667
10,0,0,0,12,941.0
10,0,0,0,12,941.0
10,0,0,0,12,941.0
10,0,0,0,12,941.0
10,0,0,0,12,941.0
1,0,0,0,12,986.0833333333334
7,0,0,0,12,25.8
7,0,0,0,12,25.8
6,0,0,0,6,174.7
6,0,0,0,12,6.033333333333333
6,0,0,0,12,6.033333333333333
6,0,0,0,12,6.033333333333333
1,0,0,0,6,15.483333333333333
9,0,0,0,12,24.15
9,0,0,0,12,24.15
9,0,0,0,12,24.15
2,0,0,0,5,50.766666666666666
1,0,0,0,12,3645.9666666666667
5,0,0,0,12,27.016666666666666
6,0,0,0,13,748.6
6,0,0,0,13,748.6
3,0,0,0,12,118.28333333333333
3,0,0,0,12,23.3
3,0,0,0,12,23.3
3,0,0,1,12,176.23333333333332
9,0,0,0,13,6098.9
7,0,0,0,12,7.25
1,0,0,0,6,646.1666666666666
1,0,0,0,12,28.5
6,0,0,0,12,47.43333333333333
2,0,0,0,6,20.533333333333335
3,0,0,0,9,759.9
3,0,0,0,9,759.9
5,0,0,0,12,26.733333333333334
5,0,0,0,12,26.733333333333334
5,0,0,0,12,26.733333333333334
1,0,0,0,6,-2.4
4,0,0,0,13,7231.866666666667
4,0,0,0,13,7231.866666666667
4,0,0,0,13,7231.866666666667
4,0,0,0,13,7231.866666666667
4,0,0,0,13,7231.866666666667
1,0,0,0,6,30.416666666666668
5,0,0,0,12,860.8333333333334
5,0,0,0,12,860.8333333333334
7,0,0,0,12,122.93333333333334
7,0,0,0,12,122.93333333333334
7,0,0,0,12,122.93333333333334
7,0,0,0,12,122.93333333333334
9,0,1,0,12,543.2833333333333
7,0,0,0,12,1447.6666666666667
7,0,0,0,12,1447.6666666666667
7,0,0,0,12,1447.6666666666667
7,0,0,0,12,1447.6666666666667
7,0,0,0,12,1447.6666666666667
7,0,0,0,12,1447.6666666666667
6,0,0,0,13,18.433333333333334
6,0,0,0,13,18.433333333333334
6,0,0,0,13,18.433333333333334
6,0,0,0,13,18.433333333333334
5,0,0,0,12,4.366666666666666
9,0,0,0,5,31.7
9,0,0,0,5,31.7
9,0,0,0,5,31.7
8,0,0,0,12,28.25
8,0,2,0,12,360.53333333333336
8,0,2,0,12,360.53333333333336
8,0,2,0,12,360.53333333333336
8,0,2,0,12,360.53333333333336
5,0,0,0,12,21.733333333333334
5,0,0,0,12,21.733333333333334
4,0,0,0,6,13.283333333333333
1,0,0,0,12,22.2
5,0,0,0,(MO3),13.183333333333334
7,0,0,0,12,48.4
7,0,0,0,12,48.4
7,0,0,0,12,136.25
7,0,0,0,12,136.25
7,0,0,1,5,25.416666666666668
7,0,0,1,5,25.416666666666668
7,0,0,1,5,25.416666666666668
7,0,0,1,5,25.416666666666668
5,1,0,0,13,716.5666666666667
5,1,0,0,13,716.5666666666667
1,0,0,0,5,3.3833333333333333
1,0,0,0,12,27.416666666666668
7,0,0,0,12,3477.9
7,0,0,0,12,3477.9
7,0,0,0,12,3477.9
3,0,0,0,5,26.7
3,0,0,0,5,26.7
3,0,0,0,5,26.7
3,0,0,0,5,26.7
3,0,0,0,6,3.4166666666666665
3,0,0,0,5,-0.8166666666666667
2,0,0,0,6,4.766666666666667
6,0,0,0,5,964.2333333333333
6,0,0,0,5,964.2333333333333
2,0,0,0,6,23.883333333333333
1,0,0,0,13,27.183333333333334
1,0,0,0,6,13.633333333333333
7,0,0,0,12,71.35
7,0,0,0,12,71.35
7,0,0,0,12,71.35
7,0,0,0,12,71.35
7,0,0,0,12,71.35
3,0,0,0,6,4.433333333333334
1,0,0,0,6,74.23333333333333
1,0,0,0,12,50.78333333333333
7,0,0,0,12,1347.9
7,0,0,0,12,1347.9
1,0,0,0,12,29.516666666666666
2,0,0,0,12,19.35
5,0,0,0,12,22.933333333333334
1,0,0,0,13,962.85
1,0,0,0,13,962.85
7,0,0,0,12,22.9
7,0,0,0,12,22.9
6,0,0,0,12,429.4
6,0,0,0,12,429.4
8,0,0,0,12,50.4
8,0,0,0,12,50.4
2,0,0,0,6,699.0833333333334
1,0,0,0,6,22.616666666666667
1,0,0,0,6,22.616666666666667
5,0,0,0,13,23.95
5,0,0,0,13,23.95
1,0,0,0,12,25.183333333333334
4,0,0,0,6,23.783333333333335
4,0,0,0,6,23.783333333333335
4,0,0,0,12,24.316666666666666
5,0,0,0,6,215.28333333333333
6,0,0,0,6,4747.033333333334
5,0,0,0,12,192.28333333333333
7,0,0,0,12,1286.65
7,0,0,0,12,1286.65
7,0,0,0,12,1286.65
7,0,1,0,13,62.233333333333334
1,0,0,0,12,17.133333333333333
8,0,0,0,12,23.133333333333333
2,0,0,0,6,26.466666666666665
7,0,0,0,12,26.283333333333335
7,0,0,0,12,26.283333333333335
2,0,1,0,12,1677.0333333333333
2,0,1,0,12,1677.0333333333333
1,0,0,0,6,27.233333333333334
5,0,1,0,6,2111.5333333333333
5,0,1,0,6,2111.5333333333333
5,0,0,2,6,189.48333333333332
5,0,0,2,6,189.48333333333332
9,0,0,0,6,364.26666666666665
9,0,0,0,6,364.26666666666665
9,0,0,0,6,364.26666666666665
9,0,0,0,6,364.26666666666665
5,0,0,0,12,26.7
7,0,0,0,12,16.966666666666665
7,0,0,0,12,16.966666666666665
7,0,0,0,12,16.966666666666665
7,0,0,0,12,16.966666666666665
2,0,0,0,12,20.05
2,0,0,0,12,20.05
1,0,0,0,12,5.35
6,0,0,0,6,837.5166666666667
1,0,0,0,14,20.7
1,0,0,0,12,9462.233333333334
4,0,0,0,12,22.166666666666668
2,0,3,0,13,121.36666666666666
2,0,3,0,13,121.36666666666666
1,0,0,0,12,18.433333333333334
1,0,0,0,6,1.9333333333333333
6,0,0,0,12,3654.116666666667
6,0,0,0,12,3654.116666666667
7,0,0,0,14,1053.9833333333333
7,0,0,0,14,1053.9833333333333
7,0,0,0,12,21.633333333333333
9,1,0,0,6,27.7
5,0,0,0,12,24.383333333333333
5,0,0,0,12,24.383333333333333
5,0,0,0,12,24.383333333333333
5,0,0,0,12,24.383333333333333
10,0,0,0,5,268.6333333333333
10,0,0,0,5,268.6333333333333
1,0,0,0,12,21.283333333333335
8,0,0,0,12,-4.216666666666667
8,0,0,0,12,-4.216666666666667
8,0,0,0,12,-4.216666666666667
2,0,0,0,6,6.216666666666667
4,0,0,0,12,4287.433333333333
4,0,0,0,12,4287.433333333333
8,0,0,0,12,21.633333333333333
8,0,0,0,12,21.633333333333333
8,0,0,0,12,21.633333333333333
8,0,0,0,12,21.633333333333333
2,0,0,0,6,24.55
9,0,0,0,12,-2.8666666666666667
9,0,0,0,12,-2.8666666666666667
9,0,0,0,12,-2.8666666666666667
5,0,1,0,12,195.11666666666667
9,0,0,0,12,121.75
9,0,0,0,12,121.75
9,0,0,0,12,121.75
6,0,0,0,12,19.35
6,0,0,0,12,19.35
6,0,0,0,12,19.35
6,0,0,0,12,19.35
6,0,0,0,12,19.35
10,0,0,0,12,4254.716666666666
10,0,0,0,12,4254.716666666666
10,0,0,0,12,4254.716666666666
8,0,0,0,6,-10.683333333333334
2,0,0,0,6,15.883333333333333
3,1,0,0,9,911.7833333333333
3,1,0,0,9,911.7833333333333
3,1,0,0,9,911.7833333333333
3,1,0,0,9,911.7833333333333
10,0,0,0,12,337.2
2,0,0,0,12,-10.4
2,0,0,0,12,-10.4
5,0,0,1,12,23.566666666666666
5,0,0,1,12,23.566666666666666
8,0,0,0,13,795.5833333333334
8,0,0,0,13,795.5833333333334
8,0,0,0,13,795.5833333333334
9,0,0,0,6,15.166666666666666
4,0,0,0,12,7222.466666666666
8,0,0,1,12,50.05
8,0,0,1,12,50.05
4,0,0,0,5,26.266666666666666
1,0,0,0,12,165.1
1,0,0,0,12,165.1
9,0,1,2,6,30.216666666666665
8,0,0,0,12,20.083333333333332
7,0,0,0,12,49.083333333333336
7,0,0,0,12,49.083333333333336
2,0,0,0,6,260.28333333333336
2,0,0,0,6,50.53333333333333
2,0,0,0,12,408.3333333333333
4,0,0,0,6,18.3
10,0,0,0,12,772.3333333333334
1,0,0,0,12,626.25
8,0,0,0,12,68.85
8,0,0,0,12,68.85
7,0,0,0,12,888.8333333333334
7,0,0,0,12,888.8333333333334
7,0,0,0,12,888.8333333333334
4,0,0,0,6,918.8333333333334
4,0,0,0,6,918.8333333333334
4,0,0,0,6,918.8333333333334
6,0,0,0,12,286.3333333333333
6,0,0,0,12,286.3333333333333
6,0,0,0,12,286.3333333333333
5,0,0,0,12,7251.9
2,0,0,0,12,17.2
8,0,0,0,12,13.433333333333334
8,0,0,0,12,13.433333333333334
3,0,0,0,14,4584.866666666667
3,0,0,0,14,4584.866666666667
3,0,0,0,14,4584.866666666667
6,0,0,0,12,547.6166666666667
6,0,0,0,12,547.6166666666667
6,0,0,0,12,547.6166666666667
6,0,0,0,12,547.6166666666667
1,0,0,0,6,4.45
3,0,0,2,12,170.53333333333333
3,0,0,2,12,170.53333333333333
3,0,0,2,12,170.53333333333333
3,0,0,2,12,170.53333333333333
3,0,0,2,12,170.53333333333333
3,0,0,2,12,170.53333333333333
1,0,0,0,6,19.883333333333333
2,0,0,0,12,25.716666666666665
5,0,0,0,12,5.216666666666667
8,0,0,0,14,6882.3
8,0,0,0,14,6882.3
1,0,0,0,13,20.6
2,0,0,0,6,95.61666666666666
7,0,0,0,6,7772.633333333333
4,0,0,0,12,3126.233333333333
7,0,0,0,12,1587.1
7,0,0,0,12,1587.1
3,0,0,0,12,602.0833333333334
4,0,0,1,6,29.216666666666665
1,0,0,0,6,13.916666666666666
7,0,0,0,12,2.8666666666666667
9,0,0,0,12,509.8666666666667
9,0,0,0,12,509.8666666666667
9,0,0,0,12,509.8666666666667
5,0,0,5,6,22.933333333333334
2,0,0,0,12,46.88333333333333
2,0,0,0,12,49.75
6,0,0,0,5,743.0166666666667
5,0,0,4,12,27.466666666666665
5,0,0,4,12,27.466666666666665
5,0,0,4,12,27.466666666666665
5,0,0,4,12,27.466666666666665
5,0,0,4,12,27.466666666666665
3,0,0,0,12,15.033333333333333
1,0,0,0,12,1.4333333333333333
6,0,0,0,12,2088.866666666667
6,0,0,0,12,2088.866666666667
6,0,0,0,12,366.1333333333333
6,0,0,0,12,366.1333333333333
10,0,0,1,14,28.533333333333335
10,0,0,1,14,28.533333333333335
10,0,0,1,14,28.533333333333335
4,0,0,0,6,28.466666666666665
6,0,0,0,12,11978.366666666667
4,1,0,0,12,-1.7166666666666666
1,0,0,0,12,21.783333333333335
1,0,0,0,12,21.783333333333335
4,0,0,0,12,20.7
2,0,0,0,12,220.76666666666668
5,5,0,2,12,567.0833333333334
5,5,0,2,12,567.0833333333334
2,0,0,0,13,22.766666666666666
2,0,0,0,13,22.766666666666666
6,0,0,0,12,26.3
6,0,0,0,12,26.3
1,0,0,0,5,6.916666666666667
6,0,0,0,12,285.1166666666667
5,0,0,1,5,168.18333333333334
1,0,0,0,10,1490.7
1,0,0,0,6,5.15
4,0,0,0,12,2831.9
4,0,0,0,12,2831.9
2,0,0,0,12,21.866666666666667
7,0,0,0,12,2568.5333333333333
7,0,0,0,12,2568.5333333333333
7,0,0,0,12,2568.5333333333333
5,0,0,0,12,2860.2833333333333
5,0,0,0,12,2860.2833333333333
4,0,0,0,12,23.733333333333334
4,0,0,0,12,23.733333333333334
4,0,0,0,12,23.733333333333334
6,0,0,0,12,7.55
6,0,0,0,12,3219.55
6,0,0,0,12,3219.55
6,0,0,0,12,3219.55
6,0,0,0,12,3219.55
10,0,1,3,12,195.11666666666667
10,0,1,3,12,195.11666666666667
10,0,1,3,12,195.11666666666667
10,0,1,3,12,195.11666666666667
10,0,1,3,12,195.11666666666667
10,0,1,3,12,195.11666666666667
10,0,1,3,12,195.11666666666667
2,0,0,0,12,264.1
7,1,0,0,12,8295.333333333334
3,0,0,0,6,21.9
4,0,0,0,14,1226.2333333333333
8,1,0,0,12,4.466666666666667
4,0,0,0,12,144.08333333333334
4,0,0,0,12,144.08333333333334
4,0,0,0,12,144.08333333333334
4,0,0,0,12,144.08333333333334
4,0,0,0,12,144.08333333333334
4,0,0,0,12,144.08333333333334
10,0,0,0,12,24.483333333333334
10,0,0,0,12,24.483333333333334
10,0,0,0,12,24.483333333333334
10,0,0,0,12,24.483333333333334
9,0,0,0,12,26.75
1,0,0,0,6,26.083333333333332
4,0,0,4,6,17.816666666666666
1,0,0,0,12,22.066666666666666
7,0,0,0,12,27.466666666666665
3,0,0,0,13,217.35
1,0,0,0,9,63.93333333333333
10,0,2,2,12,69.55
10,0,2,2,12,69.55
10,0,2,2,12,69.55
3,0,0,0,5,5.283333333333333
5,0,0,0,12,13.466666666666667
1,0,0,0,6,21.133333333333333
9,0,2,2,6,240.81666666666666
9,0,2,2,6,240.81666666666666
9,0,2,2,6,240.81666666666666
9,0,2,2,6,240.81666666666666
1,0,0,0,13,219.63333333333333
3,0,0,0,12,54.016666666666666
1,0,0,0,14,49.733333333333334
6,0,0,0,6,0.45
9,0,0,0,5,288.43333333333334
10,0,0,0,12,74.7
10,0,0,0,12,74.7
4,0,0,0,12,166.11666666666667
4,0,0,0,12,166.11666666666667
1,0,0,0,12,23.866666666666667
3,0,0,0,12,44.833333333333336
1,0,0,0,12,25.116666666666667
1,0,0,0,6,16.45
7,0,0,0,12,24.083333333333332
2,0,0,0,12,26.2
3,0,0,0,5,44.583333333333336
2,0,0,0,12,19.7
10,1,2,1,5,24.233333333333334
10,1,2,1,5,24.233333333333334
4,0,0,0,5,19.383333333333333
4,0,0,0,5,19.383333333333333
8,1,0,0,13,48.03333333333333
3,0,0,0,6,4.316666666666666
4,0,0,0,6,41.5
3,0,0,0,13,3.3666666666666667
3,0,0,0,13,3.3666666666666667
5,0,0,0,12,1029.9166666666667
8,0,0,0,12,50.61666666666667
8,0,0,0,12,50.61666666666667
8,0,0,0,12,50.61666666666667
4,0,0,0,12,18.416666666666668
4,0,0,0,12,18.416666666666668
4,0,0,0,12,18.416666666666668
4,0,0,0,12,18.416666666666668
2,0,0,0,6,22.016666666666666
1,0,0,0,12,-3.183333333333333
1,0,0,0,12,-3.183333333333333
2,0,0,0,12,25.583333333333332
8,0,0,0,12,6.5
8,0,0,0,12,6.5
4,0,0,0,5,47.03333333333333
4,0,0,0,5,47.03333333333333
8,0,1,2,6,69.5
10,0,0,0,12,8086.183333333333
9,0,0,0,12,4073.4166666666665
1,0,0,0,12,23.283333333333335
1,0,0,0,12,23.283333333333335
1,0,0,0,6,122.5
5,0,0,0,12,22.983333333333334
2,0,0,0,12,312.8833333333333
7,0,0,1,12,41.13333333333333
1,0,0,0,12,46.0
1,0,0,0,12,46.0
7,0,0,1,6,22.9
4,0,0,0,12,13.15
7,0,0,0,5,122.3
2,0,0,0,12,98.4
4,0,0,0,5,354.15
4,0,0,0,5,354.15
2,0,0,0,5,13.233333333333333
6,0,0,0,12,45.4
6,0,0,0,12,45.4
1,0,0,0,6,46.516666666666666
2,0,0,1,12,18.75
9,0,0,0,12,214.46666666666667
9,0,0,0,12,214.46666666666667
1,0,0,0,5,21.516666666666666
9,0,0,1,12,27.616666666666667
6,0,0,0,5,25.033333333333335
6,0,0,0,13,91.71666666666667
6,0,0,0,13,91.71666666666667
6,0,0,0,13,91.71666666666667
2,0,0,0,13,30.8
10,0,0,0,12,29.366666666666667
4,0,0,0,12,28.2
4,0,0,0,12,28.2
3,0,0,0,9,53.36666666666667
3,0,0,0,12,266.4
3,0,0,0,12,266.4
3,0,0,0,12,266.4
9,0,0,0,12,4036.25
9,0,0,0,12,4036.25
9,0,0,0,12,4036.25
9,0,0,0,12,4036.25
9,0,0,0,12,4036.25
7,0,2,0,6,27.266666666666666
7,0,1,0,12,5.2
7,0,1,0,12,5.2
2,0,0,0,12,21.666666666666668
2,0,0,0,12,21.666666666666668
9,0,0,0,12,97.2
9,0,0,0,12,97.2
5,0,0,0,12,617.6
2,0,0,1,6,26.766666666666666
2,0,0,1,6,26.766666666666666
4,0,0,0,12,19.666666666666668
4,0,0,0,12,19.666666666666668
4,0,0,0,12,19.666666666666668
4,0,0,0,12,19.666666666666668
1,0,0,0,5,150.96666666666667
10,0,0,0,12,69.7
10,0,0,0,12,69.7
10,0,0,0,12,69.7
10,0,0,0,12,69.7
10,0,0,0,12,69.7
1,0,0,0,14,16.266666666666666
6,0,0,0,12,3724.1
6,0,0,0,12,3724.1
6,0,0,0,12,3724.1
6,0,0,0,12,3724.1
1,0,0,0,6,23.916666666666668
8,0,0,0,12,427.18333333333334
8,0,0,0,12,427.18333333333334
7,0,0,1,13,23.516666666666666
7,0,0,1,13,23.516666666666666
7,0,0,1,13,23.516666666666666
7,0,0,1,13,23.516666666666666
3,0,0,0,12,9.033333333333333
3,0,0,0,12,9.033333333333333
3,0,0,0,12,9.033333333333333
3,0,0,0,12,9.033333333333333
1,0,0,0,6,284.4166666666667
6,0,0,0,12,94.8
6,0,0,0,12,94.8
4,0,0,0,6,23.566666666666666
1,0,0,0,12,97.46666666666667
1,0,0,0,6,46.63333333333333
2,0,0,0,6,5.083333333333333
5,0,1,2,12,28.1
5,0,1,2,12,28.1
5,0,1,2,12,28.1
5,0,1,2,12,28.1
1,0,0,0,6,24.816666666666666
5,0,0,0,12,1384.5166666666667
5,0,0,0,12,1384.5166666666667
2,0,0,0,6,23.55
4,0,0,0,6,-0.1
6,0,0,0,12,1399.2166666666667
4,0,0,0,12,101.33333333333333
4,0,0,0,12,101.33333333333333
4,0,0,0,12,101.33333333333333
4,0,0,0,12,5.383333333333334
1,0,0,0,5,960.6666666666666
8,0,0,0,12,6.6
1,0,0,0,12,24.95
7,0,0,0,6,4948.25
8,0,0,0,12,3638.7833333333333
8,0,0,0,12,3638.7833333333333
8,0,0,0,12,3638.7833333333333
9,0,2,0,6,1151.95
10,1,0,2,13,47.766666666666666
10,1,0,2,13,47.766666666666666
5,0,0,0,12,113.95
5,0,0,0,12,113.95
10,0,0,0,12,21.783333333333335
10,0,0,0,12,21.783333333333335
10,0,0,0,12,21.783333333333335
10,0,0,0,12,21.783333333333335
3,0,0,0,12,96.86666666666666
7,0,0,0,6,95.21666666666667
7,0,0,0,6,95.21666666666667
7,0,0,0,6,24.633333333333333
4,0,0,0,13,26.083333333333332
6,0,0,0,12,53.21666666666667
6,0,0,0,12,53.21666666666667
6,0,0,0,12,53.21666666666667
10,1,0,0,12,1611.2666666666667
10,1,0,0,12,1611.2666666666667
10,1,0,0,12,1611.2666666666667
10,1,0,0,12,1611.2666666666667
2,0,0,1,13,31.283333333333335
4,0,0,0,12,53.06666666666667
1,0,0,0,6,22.866666666666667
4,0,0,0,12,0.06666666666666667
6,0,0,0,12,941.4166666666666
6,0,0,0,12,941.4166666666666
6,0,0,0,12,941.4166666666666
6,0,0,0,12,941.4166666666666
3,0,0,0,6,818.2666666666667
6,0,0,0,12,48.36666666666667
4,0,0,0,12,15.8
4,0,0,0,12,15.8
4,0,0,0,12,15.8
4,0,0,0,12,15.8
5,0,0,0,12,28.7
7,0,0,0,12,8071.616666666667
5,0,0,0,12,532.8666666666667
10,0,0,0,5,7772.666666666667
10,0,0,0,5,7772.666666666667
2,0,0,0,12,27.833333333333332
4,0,0,0,12,6242.116666666667
1,0,0,0,6,-4.133333333333334
1,0,0,0,12,21.916666666666668
2,0,0,0,6,20.266666666666666
2,0,0,0,6,20.266666666666666
1,0,0,0,12,17.45
6,0,0,1,13,384.93333333333334
6,0,0,1,13,384.93333333333334
6,0,0,1,13,384.93333333333334
2,0,0,0,6,906.8333333333334
1,0,0,0,6,23.316666666666666
3,0,0,0,12,27.566666666666666
6,0,0,0,12,19.85
8,0,0,0,12,576.9333333333333
8,0,0,0,12,576.9333333333333
7,0,1,0,5,451.1
9,0,0,0,12,21.883333333333333
9,0,0,0,12,21.883333333333333
9,0,0,0,12,21.883333333333333
9,0,0,0,12,21.883333333333333
9,0,0,0,12,21.883333333333333
10,0,0,0,5,21.583333333333332
4,0,0,0,12,121.83333333333333
4,0,0,0,12,121.83333333333333
4,0,0,0,12,121.83333333333333
4,0,0,0,12,121.83333333333333
2,0,0,0,6,26.633333333333333
2,0,0,0,6,69.1
10,0,0,0,12,45.35
10,0,0,0,12,45.35
10,0,0,0,12,45.35
5,0,0,0,13,105.23333333333333
5,0,0,0,13,105.23333333333333
5,0,0,0,13,105.23333333333333
8,0,0,0,12,686.7333333333333
8,0,0,0,12,686.7333333333333
1,0,0,0,6,41.53333333333333
2,0,0,0,12,21.533333333333335
2,0,0,0,12,21.533333333333335
2,0,0,0,12,21.533333333333335
5,0,0,0,6,43.3
1,0,0,0,12,119.45
1,0,0,0,5,515.1
1,0,0,0,5,515.1
1,0,0,0,5,515.1
1,0,0,0,5,515.1
4,0,0,0,6,-3.1
2,0,0,0,6,25.3
5,0,0,0,13,41.833333333333336
5,0,0,0,13,41.833333333333336
2,0,0,0,6,20.9
5,0,0,0,5,97.03333333333333
1,0,0,0,12,27.433333333333334
1,0,0,0,12,27.433333333333334
8,0,0,0,12,270.3833333333333
1,0,0,0,12,31.716666666666665
7,1,1,0,12,1198.85
7,1,1,0,12,1198.85
7,1,1,0,12,1198.85
7,1,1,0,12,1198.85
1,0,0,0,12,16.233333333333334
5,0,0,0,12,-2.05
3,0,0,0,12,43.833333333333336
9,0,0,1,12,24.3
9,0,0,1,12,24.3
9,0,0,1,12,24.3
9,0,0,0,13,19.883333333333333
9,0,0,0,13,19.883333333333333
7,0,0,0,5,6067.283333333334
7,0,0,0,5,6067.283333333334
5,0,0,0,13,57.45
8,0,0,0,12,2612.6833333333334
3,0,0,0,12,49.46666666666667
9,4,0,0,13,7130.866666666667
5,0,0,0,12,525.1
5,0,0,0,12,525.1
5,0,0,0,12,1031.0
5,0,0,0,12,1031.0
5,0,0,0,12,1031.0
1,0,0,0,12,26.066666666666666
4,0,0,0,5,78.33333333333333
9,0,0,0,12,3335.5333333333333
4,0,0,0,5,43.583333333333336
4,0,0,0,5,43.583333333333336
4,0,0,0,5,43.583333333333336
4,0,0,0,5,43.583333333333336
5,0,0,0,12,75.9
5,0,0,0,12,75.9
1,0,0,0,6,26.216666666666665
2,0,0,0,12,49.583333333333336
10,0,1,0,12,2857.4
10,0,1,0,12,2857.4
2,0,0,0,9,1051.1833333333334
10,0,0,0,12,5378.316666666667
10,0,0,0,12,5378.316666666667
10,0,0,0,12,5378.316666666667
2,0,0,0,5,24.9
2,0,0,0,12,24.166666666666668
2,0,0,0,5,77.01666666666667
4,0,0,0,6,73.2
1,0,0,0,12,43.8
5,0,0,1,6,5.3
5,0,0,1,6,5.3
2,0,0,0,12,55.516666666666666
5,0,0,0,12,970.0333333333333
5,0,0,0,12,970.0333333333333
1,0,0,0,12,19.533333333333335
5,0,0,0,12,29.033333333333335
1,0,0,0,6,17.233333333333334
1,0,0,0,6,17.233333333333334
3,0,0,0,12,24.433333333333334
3,0,0,0,12,24.433333333333334
1,0,0,0,13,16.733333333333334
8,1,0,0,12,49.28333333333333
8,1,0,0,12,49.28333333333333
1,0,0,0,12,1531.6333333333334
1,0,0,0,12,1531.6333333333334
1,0,0,0,6,19.7
1,0,0,0,6,19.7
3,0,0,0,12,19.15
3,0,0,0,12,19.15
6,0,0,0,12,232.95
6,0,0,0,12,13517.816666666668
2,0,0,0,6,6.65
1,0,0,0,5,55.666666666666664
10,0,2,2,12,24.066666666666666
10,0,2,2,12,24.066666666666666
10,0,2,2,12,24.066666666666666
6,0,0,0,12,1398.4
6,0,0,0,12,1398.4
3,0,0,0,14,73.6
3,0,0,0,14,73.6
2,0,0,0,12,16.05
9,0,0,0,13,1031.2
9,0,1,1,12,6121.833333333333
2,0,0,0,9,71.0
2,0,0,0,9,71.0
9,0,0,0,12,228.21666666666667
9,0,0,0,12,228.21666666666667
3,0,0,0,6,47.35
2,0,0,0,12,440.3
7,0,0,0,12,98.96666666666667
10,0,0,1,13,9846.133333333333
10,0,0,1,13,9846.133333333333
10,0,0,1,13,9846.133333333333
1,0,0,0,6,23.05
4,1,0,0,6,30.833333333333332
4,1,0,0,6,30.833333333333332
4,1,0,0,6,30.833333333333332
7,0,0,0,12,19.833333333333332
3,0,0,0,13,145.6
3,0,0,0,13,145.6
10,0,0,0,6,2761.483333333333
6,0,0,0,5,-10.733333333333333
6,0,0,0,12,1545.6666666666667
6,0,0,0,6,97.16666666666667
3,0,0,0,12,115.5
3,0,0,0,12,115.5
1,0,1,0,12,-3.7333333333333334
1,0,1,0,12,-3.7333333333333334
3,0,0,0,12,124.3
3,0,0,0,12,124.3
3,0,0,0,12,124.3
5,0,0,3,12,29.166666666666668
5,0,0,3,12,29.166666666666668
5,0,0,3,12,29.166666666666668
5,0,0,3,12,29.166666666666668
5,0,0,0,6,241.21666666666667
3,0,0,0,6,25.683333333333334
1,0,0,0,6,-3.4
7,0,0,0,12,1496.7833333333333
4,0,0,0,12,25.183333333333334
4,0,0,0,12,25.183333333333334
2,0,0,0,6,21.783333333333335
7,0,0,0,12,20.133333333333333
1,0,0,0,12,22.833333333333332
1,0,0,0,6,6.533333333333333
4,0,0,0,14,964.5666666666667
6,0,0,0,12,28.75
6,0,0,0,12,28.75
1,0,0,0,6,341.45
1,0,0,0,6,341.45
2,0,0,0,12,-9.733333333333333
2,0,0,0,12,-9.733333333333333
2,0,0,0,12,-9.733333333333333
10,0,0,0,12,674.2166666666667
9,0,0,0,12,438.15
9,0,0,0,12,438.15
9,0,0,0,12,438.15
9,0,0,0,12,333.75
9,0,0,0,12,333.75
9,0,0,0,12,333.75
7,3,0,1,12,6118.516666666666
1,0,0,0,6,32.96666666666667
9,0,0,0,12,2696.7
9,0,0,0,12,2696.7
2,0,0,0,5,758.8333333333334
2,0,0,0,5,758.8333333333334
6,0,0,0,12,339.85
6,0,0,0,12,339.85
2,0,0,0,12,24.016666666666666
1,0,0,0,6,6.3
8,0,0,0,6,1360.95
8,0,0,0,6,1360.95
9,0,0,1,12,118.0
9,0,0,1,12,118.0
9,0,0,1,12,118.0
9,0,0,1,12,118.0
5,0,0,1,6,596.7333333333333
5,0,0,1,6,596.7333333333333
5,0,0,1,6,596.7333333333333
2,0,0,0,5,25.566666666666666
9,0,0,0,12,2830.1666666666665
10,0,0,0,12,22.3
10,0,0,0,12,22.3
9,0,1,0,12,40.43333333333333
9,0,1,0,12,40.43333333333333
9,0,1,0,12,40.43333333333333
9,0,1,0,12,40.43333333333333
9,0,0,0,12,9479.6
1,0,0,0,6,17.166666666666668
6,0,0,0,12,4.55
1,0,0,0,6,26.683333333333334
4,0,1,0,6,187.73333333333332
4,0,1,0,6,187.73333333333332
4,0,1,0,6,187.73333333333332
4,0,1,0,6,187.73333333333332
4,0,0,0,12,29.933333333333334
4,0,0,0,12,29.933333333333334
4,0,0,0,12,29.933333333333334
1,0,0,0,6,27.783333333333335
5,0,0,0,6,20.85
4,0,0,0,6,15.133333333333333
3,0,0,0,6,5.483333333333333
5,0,0,0,6,23.116666666666667
5,0,0,0,6,23.116666666666667
3,0,1,0,12,50.916666666666664
5,1,0,0,12,41.833333333333336
5,1,0,0,12,41.833333333333336
5,1,0,0,12,41.833333333333336
3,0,0,0,12,23.6
3,0,0,0,12,23.6
5,0,0,0,12,47.93333333333333
10,0,0,0,5,-3.6666666666666665
1,0,0,0,13,23.933333333333334
6,0,0,1,12,26.033333333333335
6,0,0,1,12,26.033333333333335
7,0,0,0,12,3068.116666666667
1,0,0,0,13,4247.833333333333
1,0,0,0,6,33.38333333333333
8,0,0,0,6,303.8666666666667
10,2,0,0,12,39.28333333333333
10,2,0,0,12,39.28333333333333
10,2,0,0,12,39.28333333333333
10,2,0,0,12,39.28333333333333
10,2,0,0,12,39.28333333333333
5,0,0,0,12,5.183333333333334
5,0,0,0,12,5.183333333333334
10,0,5,1,13,49.583333333333336
1,0,0,0,12,6481.566666666667
1,0,0,0,12,6481.566666666667
1,0,0,0,6,27.883333333333333
9,0,0,0,12,-4.683333333333334
9,0,0,0,12,-4.683333333333334
9,0,0,0,12,-4.683333333333334
9,0,0,0,12,-4.683333333333334
9,0,0,0,12,-4.683333333333334
3,0,0,0,9,21.066666666666666
3,0,0,0,9,21.066666666666666
3,0,0,0,9,21.066666666666666
1,0,0,0,12,25.85
1,0,0,0,12,51.45
1,0,0,0,12,26.083333333333332
1,0,0,0,12,26.083333333333332
2,0,0,0,12,16.383333333333333
2,0,0,0,12,16.383333333333333
6,0,0,0,12,17.1
6,0,0,0,12,17.1
7,0,0,0,12,25.833333333333332
1,0,0,0,12,25.05
7,0,0,0,6,140.68333333333334
2,0,0,0,12,75.96666666666667
1,0,0,0,12,22.85
1,0,0,0,12,22.85
3,0,0,3,12,536.2166666666667
1,0,0,0,12,932.1
1,0,0,0,9,433.75
1,0,0,0,12,20.75
6,0,0,0,6,49.31666666666667
6,0,0,0,6,49.31666666666667
6,0,0,0,6,49.31666666666667
6,0,0,0,6,29.933333333333334
2,0,0,0,6,23.6
6,0,0,0,6,25.3
3,0,0,0,12,24.433333333333334
9,0,1,0,12,24.8
3,0,0,0,12,142.35
4,0,0,0,12,23.216666666666665
5,0,0,0,6,2832.5666666666666
8,0,0,0,12,3594.7833333333333
8,0,0,0,12,3594.7833333333333
8,0,0,0,12,3594.7833333333333
8,0,0,0,12,3594.7833333333333
8,0,0,0,12,3594.7833333333333
6,0,0,0,12,96.9
6,0,0,0,12,96.9
5,0,0,0,12,24.283333333333335
5,0,0,0,12,24.283333333333335
5,0,0,0,12,24.283333333333335
7,3,1,0,12,26.633333333333333
1,0,0,0,12,25.483333333333334
2,0,0,0,6,15.983333333333333
10,0,0,1,12,3.8833333333333333
10,0,0,1,12,3.8833333333333333
10,3,0,0,12,97.73333333333333
7,1,0,0,12,793.2666666666667
7,1,0,0,12,793.2666666666667
1,0,0,0,6,-0.85
5,0,0,0,6,154.8
5,0,0,0,6,154.8
5,0,0,0,6,154.8
1,0,0,0,12,19.55
1,0,0,0,6,26.05
6,0,0,0,12,565.4666666666667
6,0,0,0,12,17.35
6,0,0,0,12,17.35
1,0,0,0,12,19.133333333333333
3,0,0,0,13,210.28333333333333
3,0,0,0,13,210.28333333333333
3,0,0,0,13,210.28333333333333
3,0,0,0,13,210.28333333333333
8,0,0,0,12,26.566666666666666
4,0,0,0,12,24.8
4,0,0,0,12,24.8
4,0,0,0,12,24.8
4,0,0,0,6,19.65
1,0,0,0,12,17.0
9,3,0,0,9,1036.9
9,3,0,0,9,1036.9
4,0,0,0,6,88.46666666666667
1,0,0,0,13,21.55
1,0,0,0,12,18.033333333333335
4,0,0,0,5,26.283333333333335
10,0,0,1,13,741.95
10,0,0,1,13,741.95
10,0,0,1,13,741.95
10,0,0,1,13,741.95
4,0,0,0,6,239.95
1,0,0,0,6,49.916666666666664
6,0,0,0,6,23.583333333333332
4,0,0,0,13,3053.766666666667
5,0,0,0,5,20.4
2,0,0,0,12,27.216666666666665
10,0,0,0,6,20.9
6,0,0,0,12,7.566666666666666
4,0,0,0,12,720.8833333333333
4,0,0,0,12,720.8833333333333
7,0,0,0,13,114.1
7,0,0,0,13,114.1
9,0,0,0,12,43.68333333333333
9,0,0,0,12,43.68333333333333
9,0,0,0,12,43.68333333333333
3,0,0,0,5,-4.116666666666666
3,0,0,0,5,-4.116666666666666
3,0,0,0,5,-4.116666666666666
6,0,0,0,12,1391.95
6,0,0,0,12,1391.95
4,0,0,0,12,912.95
4,0,0,0,12,912.95
4,0,0,0,12,912.95
4,1,0,0,13,925.1666666666666
4,1,0,0,13,925.1666666666666
4,1,0,0,13,925.1666666666666
4,0,0,0,12,-4.25
4,0,0,0,12,-4.25
4,0,0,0,12,-4.25
4,0,0,0,12,-4.25
5,0,0,0,12,5.566666666666666
5,0,1,0,12,145.18333333333334
5,0,1,0,12,145.18333333333334
4,0,0,0,12,290.95
4,0,0,0,12,290.95
4,0,0,0,12,20.333333333333332
6,0,1,0,6,1171.6166666666666
5,1,0,0,10,11852.233333333334
4,0,0,0,6,73.48333333333333
4,0,0,0,13,124.06666666666666
4,0,0,0,13,124.06666666666666
4,0,0,0,13,124.06666666666666
6,0,0,0,9,1343.3833333333334
6,0,0,0,9,1343.3833333333334
6,0,0,0,9,1343.3833333333334
9,0,0,0,6,4946.066666666667
9,0,0,0,6,4946.066666666667
1,0,0,0,12,8.433333333333334
4,0,0,0,12,53.88333333333333
2,0,0,0,12,798.45
2,0,0,0,12,798.45
6,0,0,0,12,47.9
4,0,0,0,12,4.183333333333334
5,0,0,0,13,34.13333333333333
4,0,0,0,5,45.28333333333333
4,0,0,0,5,45.28333333333333
4,0,0,0,5,103.73333333333333
4,0,0,0,6,26.716666666666665
9,0,0,0,6,226.65
9,0,0,0,6,226.65
9,0,0,0,6,226.65
9,0,0,0,6,226.65
1,0,0,0,6,20.3
1,0,0,0,12,25.7
7,0,0,0,12,2.7333333333333334
7,0,0,0,12,2.7333333333333334
1,0,0,0,12,-4.8
2,0,0,0,5,718.7
2,0,0,0,5,718.7
2,0,0,0,5,718.7
6,0,0,0,6,25.15
6,0,0,0,6,25.15
6,0,0,0,12,43.46666666666667
6,0,0,0,12,43.46666666666667
1,0,0,0,12,-2.4166666666666665
5,0,1,0,12,207.33333333333334
9,0,0,0,12,167.93333333333334
9,0,0,0,12,167.93333333333334
2,0,0,0,12,322.21666666666664
2,0,0,0,12,322.21666666666664
10,0,0,0,12,841.4
10,0,0,0,12,841.4
5,0,0,0,12,14.066666666666666
5,0,0,0,12,4.733333333333333
2,0,1,0,6,31.1
5,0,0,0,6,43.81666666666667
5,0,0,0,6,43.81666666666667
7,0,0,0,12,3.8333333333333335
7,0,0,0,6,3.2333333333333334
7,0,0,0,6,3.2333333333333334
1,0,0,0,12,26.6
5,0,0,0,12,0.45
5,0,0,0,12,0.45
6,0,1,0,14,1253.2166666666667
1,0,0,0,5,139.58333333333334
4,0,0,0,5,23.983333333333334
6,0,0,0,12,51.46666666666667
7,0,1,2,6,114.76666666666667
4,0,0,1,12,21.7
2,0,0,0,12,24.383333333333333
4,0,0,0,6,318.2
3,0,0,0,6,33.38333333333333
3,0,0,0,12,20.366666666666667
3,0,0,0,12,20.366666666666667
3,0,0,0,12,20.366666666666667
3,0,0,0,12,20.366666666666667
1,0,0,0,12,26.2
2,0,0,0,12,888.0666666666667
2,0,0,0,12,888.0666666666667
4,0,0,0,12,823.6833333333333
6,0,3,1,6,18.466666666666665
4,0,0,0,12,77.9
3,0,0,0,12,26.55
3,0,0,0,12,26.55
8,0,0,1,5,2337.9166666666665
8,0,0,1,5,2337.9166666666665
8,0,0,1,5,2337.9166666666665
8,0,0,1,5,2337.9166666666665
1,0,0,0,12,5.416666666666667
1,0,0,0,6,23.25
4,0,0,0,12,22.2
2,0,0,0,12,269.1666666666667
2,0,0,0,12,269.1666666666667
2,0,0,0,12,19.6
2,0,0,0,12,19.15
2,0,0,0,13,28.6
1,0,0,0,12,13.516666666666667
5,1,0,0,12,4102.9
2,0,0,0,12,16.2
2,0,0,0,12,16.2
1,0,0,0,12,23.5
3,0,0,0,6,-3.5
3,0,0,0,12,20.4
4,0,0,0,12,28.966666666666665
3,0,0,0,13,139.35
3,0,0,0,13,139.35
3,0,0,0,13,139.35
1,0,0,0,12,30.1
1,0,0,0,12,21.783333333333335
1,0,0,0,6,15.616666666666667
2,0,0,0,9,558.6166666666667
2,0,0,0,9,558.6166666666667
8,0,0,0,12,7155.633333333333
9,0,0,0,14,21144.583333333332
9,0,0,0,6,677.1
6,0,0,0,12,22.783333333333335
5,0,0,0,13,1505.7
5,0,0,0,13,1505.7
5,0,0,0,13,1505.7
1,0,0,0,12,30.816666666666666
2,0,0,0,13,815.9333333333333
2,0,0,0,13,815.9333333333333
2,0,0,0,13,815.9333333333333
4,0,0,0,12,26.85
4,0,0,0,12,26.85
2,0,0,0,12,25.333333333333332
5,0,0,0,5,21.266666666666666
5,0,0,0,5,21.266666666666666
6,0,0,0,12,4.783333333333333
1,0,0,0,12,25.3
4,0,0,0,12,24.033333333333335
1,0,0,0,6,14.316666666666666
9,0,0,0,12,147.63333333333333
9,0,0,0,12,147.63333333333333
9,0,0,0,12,147.63333333333333
9,0,0,0,12,147.63333333333333
9,0,0,0,12,147.63333333333333
9,0,0,0,12,147.63333333333333
2,0,0,0,6,-3.6166666666666667
2,0,0,0,6,-3.6166666666666667
2,0,0,0,6,-3.6166666666666667
2,0,0,0,6,-3.6166666666666667
9,0,0,0,12,3.9166666666666665
9,0,0,0,12,3.9166666666666665
9,0,0,0,12,3.9166666666666665
9,0,0,0,12,3.9166666666666665
9,0,0,0,12,3.9166666666666665
6,0,0,0,6,788.2
6,0,0,0,6,788.2
6,0,0,0,6,788.2
1,0,0,0,12,93.88333333333334
6,0,0,0,6,20.566666666666666
6,0,0,0,6,20.566666666666666
7,0,0,0,(MO3),20.516666666666666
7,0,0,0,(MO3),20.516666666666666
8,0,0,0,12,23.833333333333332
8,0,0,0,12,23.466666666666665
1,0,0,0,12,17.35
9,0,0,0,13,44.266666666666666
9,0,0,0,13,44.266666666666666
9,0,0,0,13,44.266666666666666
9,0,0,0,13,44.266666666666666
1,0,0,0,6,808.25
1,0,0,0,6,808.25
2,0,0,0,5,3.533333333333333
7,0,0,0,6,959.4333333333333
7,0,0,0,6,959.4333333333333
7,0,0,0,6,959.4333333333333
7,0,0,0,6,959.4333333333333
3,0,0,0,12,21.683333333333334
3,0,0,0,12,21.683333333333334
7,0,0,0,13,592.5166666666667
2,0,0,0,5,1124.0333333333333
3,0,0,0,12,807.8
3,0,0,0,12,807.8
1,0,0,0,12,219.93333333333334
1,0,0,0,12,219.93333333333334
6,0,0,0,12,1081.3166666666666
6,0,0,0,12,1081.3166666666666
8,0,0,0,12,1489.8166666666666
8,0,0,0,6,267.35
8,0,0,0,6,267.35
8,0,0,0,6,267.35
8,0,0,0,6,267.35
1,0,0,0,6,32.35
2,0,0,0,6,26.85
5,0,0,0,12,863.9166666666666
7,0,0,0,6,25.233333333333334
7,0,0,0,6,25.233333333333334
3,0,0,1,6,23.266666666666666
2,0,0,0,5,195.25
2,0,0,0,5,195.25
1,0,0,0,12,50.5
2,0,0,0,12,46.75
2,0,0,0,12,46.75
3,0,0,0,12,26.233333333333334
4,0,0,0,12,26.933333333333334
6,0,0,0,12,19.466666666666665
9,0,1,0,14,358.53333333333336
9,0,0,2,13,162.31666666666666
9,0,0,2,13,162.31666666666666
9,0,0,2,13,162.31666666666666
1,0,0,0,12,23.133333333333333
9,0,0,0,6,27.85
2,0,0,0,12,2.85
10,0,0,0,12,14470.816666666668
6,0,0,0,5,20.316666666666666
2,0,0,0,13,75.48333333333333
2,0,0,0,13,75.48333333333333
1,0,0,0,12,45.483333333333334
6,0,0,0,12,22.983333333333334
6,0,0,0,12,22.983333333333334
6,0,0,0,12,22.983333333333334
6,0,0,0,12,22.983333333333334
1,0,0,0,6,21.266666666666666
7,0,0,0,6,575.35
7,0,0,0,6,575.35
3,0,0,0,13,3144.5833333333335
3,0,0,0,13,3144.5833333333335
3,0,0,0,13,3144.5833333333335
8,0,0,0,12,23.15
8,0,0,0,12,23.15
8,0,0,0,12,23.15
8,0,0,0,12,23.15
8,0,0,1,6,786.6833333333333
7,0,0,0,12,507.01666666666665
7,0,0,0,12,507.01666666666665
7,0,0,0,12,507.01666666666665
7,0,0,1,2,1655.1166666666666
6,0,0,3,12,5.316666666666666
6,0,0,3,12,5.316666666666666
10,0,0,0,12,8826.416666666666
1,0,0,0,12,25.066666666666666
1,0,0,0,6,23.966666666666665
3,0,0,0,6,739.6
9,0,0,0,12,1.1833333333333333
9,0,0,0,12,1.1833333333333333
2,0,0,0,6,28.5
9,0,0,0,6,27.983333333333334
8,0,0,0,6,23.75
2,0,0,0,(MO3),124.68333333333334
6,0,0,0,12,670.0166666666667
6,0,0,0,12,670.0166666666667
7,0,0,0,12,1824.25
7,0,0,0,12,1824.25
4,0,0,0,6,19.8
4,0,0,0,6,19.8
10,1,0,0,12,166.66666666666666
5,0,0,0,12,27.866666666666667
2,0,0,0,12,16.283333333333335
3,0,0,0,5,-5.166666666666667
5,0,0,0,6,380.26666666666665
8,1,0,0,12,25.183333333333334
8,1,0,0,12,25.183333333333334
1,0,0,0,6,22.15
9,0,0,0,12,31.8
10,0,0,0,12,239.48333333333332
10,0,0,0,12,239.48333333333332
10,0,0,0,12,239.48333333333332
5,0,0,0,12,21.183333333333334
1,0,0,0,12,22.65
3,0,0,0,6,990.6333333333333
2,0,0,0,12,2090.9666666666667
8,0,0,0,6,24.65
3,0,0,0,12,24.95
1,0,0,0,6,17.65
7,1,0,0,6,21.7
7,1,0,0,6,21.7
6,0,0,0,12,28.15
9,0,0,0,5,21.766666666666666
4,0,0,0,5,18.85
2,0,0,0,6,14.583333333333334
10,1,1,2,13,744.6333333333333
10,1,1,2,13,744.6333333333333
8,0,0,0,6,28.166666666666668
8,0,0,0,6,28.166666666666668
8,0,0,0,6,28.166666666666668
8,0,0,0,5,28.833333333333332
8,0,0,0,12,6.733333333333333
8,0,0,0,12,6.733333333333333
8,0,0,0,12,6.733333333333333
4,0,0,0,6,26.783333333333335
8,0,0,0,12,455.65
8,0,0,0,12,455.65
8,0,0,0,12,455.65
3,0,0,0,12,16.683333333333334
10,0,0,1,5,125.3
7,0,0,0,5,19.916666666666668
5,0,0,0,12,25.033333333333335
2,0,0,0,12,48.0
7,0,0,1,14,29.483333333333334
7,0,0,1,14,29.483333333333334
1,0,0,0,13,21.566666666666666
2,0,0,0,12,22.083333333333332
1,0,0,0,6,14.433333333333334
1,0,0,0,12,21.45
1,0,0,0,6,28.166666666666668
1,0,0,0,6,28.166666666666668
1,0,0,0,6,28.166666666666668
1,0,0,0,6,28.166666666666668
5,0,0,1,12,22.616666666666667
1,0,0,0,12,23.266666666666666
1,0,0,0,12,23.266666666666666
9,0,0,0,12,116.11666666666666
9,0,0,0,6,47.88333333333333
9,0,0,0,12,20.516666666666666
9,0,0,0,12,20.516666666666666
9,0,0,0,12,20.516666666666666
6,0,0,0,12,339.7
1,0,0,0,13,19.95
4,0,0,0,12,19.216666666666665
6,0,0,1,12,172.41666666666666
6,0,0,1,12,172.41666666666666
6,0,0,1,12,172.41666666666666
7,0,0,0,6,3.2333333333333334
3,0,0,0,5,21.7
1,0,0,0,6,21.166666666666668
1,0,0,0,6,21.166666666666668
1,0,0,0,6,21.166666666666668
1,0,0,0,6,21.166666666666668
3,0,0,0,6,662.2666666666667
10,0,1,0,12,52.516666666666666
10,0,1,0,12,52.516666666666666
7,0,0,0,13,5906.166666666667
7,0,0,0,13,5906.166666666667
1,0,0,0,6,21.65
1,0,0,0,12,119.98333333333333
10,0,0,0,12,357.68333333333334
10,0,0,0,12,357.68333333333334
10,0,0,0,12,357.68333333333334
2,0,0,0,12,47.46666666666667
4,0,0,0,6,18.766666666666666
1,0,0,0,12,21.766666666666666
9,1,2,0,13,75.6
9,0,0,0,12,0.18333333333333332
9,0,0,0,12,0.18333333333333332
9,0,0,0,12,0.18333333333333332
4,0,0,0,13,4560.85
2,0,0,0,12,20.55
3,0,0,0,12,214.7
1,0,0,0,6,29.733333333333334
9,0,0,0,12,336.53333333333336
9,0,0,0,12,336.53333333333336
2,0,0,0,12,388.43333333333334
1,0,0,0,6,27.183333333333334
3,0,0,0,6,14.033333333333333
3,0,0,0,12,602.5333333333333
4,0,0,0,12,48.0
8,0,0,0,13,18.916666666666668
3,0,0,0,12,20.6
2,0,0,0,6,27.583333333333332
3,0,0,0,5,106.23333333333333
3,0,0,0,5,106.23333333333333
3,0,0,0,5,106.23333333333333
4,0,0,0,6,24.766666666666666
3,0,0,0,12,1776.6
8,0,0,0,6,41.65
7,0,0,0,13,3065.766666666667
1,0,0,0,12,35.81666666666667
1,0,0,0,12,35.81666666666667
1,0,0,0,12,35.81666666666667
7,0,1,0,12,143.53333333333333
7,0,1,0,12,143.53333333333333
7,0,1,0,12,143.53333333333333
4,0,0,1,6,1839.6666666666667
2,0,0,0,6,44.266666666666666
10,0,0,0,12,20.933333333333334
10,0,0,0,12,20.933333333333334
1,0,0,0,6,19.716666666666665
5,0,0,0,12,16.233333333333334
5,0,0,0,12,16.233333333333334
4,0,0,0,13,116.98333333333333
10,0,0,2,12,19.95
10,0,0,2,12,19.95
10,0,0,2,12,19.95
3,0,0,0,12,1391.1833333333334
2,0,0,0,6,20.333333333333332
8,0,0,0,12,894.2
10,0,0,1,14,8085.783333333334
10,0,0,1,14,8085.783333333334
8,0,0,0,12,2038.2333333333333
8,0,0,0,12,26.083333333333332
8,0,0,0,12,26.083333333333332
8,0,0,0,12,26.083333333333332
3,0,0,0,12,30.983333333333334
5,0,0,0,12,3.9
5,0,0,0,12,1034.8166666666666
3,0,0,0,12,1820.35
8,0,0,0,12,377.8666666666667
5,0,0,0,6,45.766666666666666
5,0,0,0,6,45.766666666666666
5,0,0,0,6,44.38333333333333
1,0,0,0,6,9.233333333333333
3,0,0,0,12,29.133333333333333
3,0,0,0,12,29.133333333333333
2,0,0,0,(MO3),24.216666666666665
7,0,0,0,13,246.8
7,0,0,0,13,246.8
10,0,0,0,12,28.45
10,0,0,0,12,28.45
10,0,0,0,12,28.45
6,0,0,0,12,45.733333333333334
6,0,0,0,12,45.733333333333334
6,0,0,0,12,45.733333333333334
6,0,0,0,12,45.733333333333334
6,0,0,0,12,45.733333333333334
6,0,0,0,12,45.733333333333334
6,0,0,0,12,45.733333333333334
6,0,0,0,12,45.733333333333334
1,0,0,0,12,2187.9666666666667
1,0,0,0,12,2187.9666666666667
6,2,0,0,12,622.1666666666666
4,0,0,0,5,11974.983333333334
5,0,0,0,12,45.45
3,0,0,0,6,20.383333333333333
3,0,0,0,6,20.383333333333333
3,0,0,0,6,41.266666666666666
2,0,0,0,6,13.05
2,0,0,0,6,13.05
10,1,0,2,13,95.45
6,0,0,0,12,309.3666666666667
6,0,0,0,12,309.3666666666667
6,0,0,0,12,309.3666666666667
6,0,0,0,12,309.3666666666667
1,0,0,0,12,16.25
1,0,0,0,12,16.25
1,0,0,0,6,25.083333333333332
1,0,0,0,6,5.333333333333333
3,0,0,0,10,2184.8333333333335
1,0,0,0,12,27.2
1,0,0,0,12,27.2
1,0,0,0,12,27.2
5,0,0,0,6,2690.2833333333333
5,0,0,0,6,2690.2833333333333
9,2,1,0,5,65.95
9,2,1,0,5,65.95
9,2,1,0,5,65.95
9,2,1,0,5,65.95
9,2,1,0,5,65.95
9,2,1,0,5,65.95
4,0,0,0,6,4.916666666666667
1,0,0,0,13,344.56666666666666
10,0,0,0,12,15.733333333333333
10,0,0,0,12,15.733333333333333
10,0,0,0,12,15.733333333333333
10,0,0,0,12,15.733333333333333
10,0,0,0,12,15.733333333333333
5,0,0,0,6,16.983333333333334
1,0,0,0,6,23.533333333333335
1,0,0,0,6,1009.9166666666666
7,0,0,1,6,29.15
1,0,0,0,6,26.316666666666666
1,0,0,0,12,28.7
1,0,0,0,12,28.7
6,0,0,0,12,21.133333333333333
6,0,0,0,12,21.133333333333333
1,0,0,0,12,48.166666666666664
8,1,0,0,6,1445.5666666666666
2,0,0,0,6,2.966666666666667
2,0,0,1,12,21.216666666666665
2,0,0,1,12,21.216666666666665
10,0,0,0,5,3586.3166666666666
10,0,0,0,5,3586.3166666666666
6,0,0,0,13,286.23333333333335
9,2,0,1,9,42.4
9,2,0,1,9,42.4
3,0,0,0,6,5811.85
1,0,0,0,12,25.483333333333334
2,0,0,0,12,29.2
1,0,0,0,14,199.68333333333334
8,0,0,0,5,648.9
8,0,0,0,5,648.9
2,0,0,0,13,48.016666666666666
2,0,0,0,6,5.45
1,0,0,0,12,8.0
1,0,0,1,12,19.316666666666666
4,0,0,0,6,42.53333333333333
6,0,0,0,12,22.366666666666667
2,0,0,0,6,99.16666666666667
6,0,0,0,6,24.7
6,0,0,0,12,6195.866666666667
8,0,0,0,9,3964.9333333333334
8,0,0,0,9,3964.9333333333334
2,0,0,0,12,19.2
1,0,0,0,6,19.95
6,0,0,0,6,68.83333333333333
6,0,0,0,6,68.83333333333333
1,0,0,0,12,335.78333333333336
9,0,0,0,13,72.96666666666667
9,0,0,0,13,72.96666666666667
9,1,0,0,12,44.916666666666664
9,1,0,0,12,44.916666666666664
9,1,0,0,12,44.916666666666664
9,1,0,0,12,44.916666666666664
10,0,0,0,12,863.7666666666667
10,0,0,0,12,863.7666666666667
3,0,0,1,6,19.183333333333334
7,0,0,0,6,19.266666666666666
6,0,0,0,12,24.116666666666667
9,1,0,0,6,3668.1833333333334
1,0,0,0,13,48.233333333333334
3,0,0,0,12,21.033333333333335
1,0,0,0,12,14.183333333333334
1,0,0,0,6,20.8
3,0,0,0,12,642.2666666666667
4,0,0,0,6,23.583333333333332
4,0,0,0,6,23.583333333333332
1,0,0,0,6,3.8
1,0,0,0,13,24.316666666666666
6,0,0,1,6,3.0833333333333335
6,0,0,1,6,3.0833333333333335
6,0,0,1,6,3.0833333333333335
6,0,0,1,6,3.0833333333333335
7,0,0,0,6,664.5333333333333
7,0,0,0,6,664.5333333333333
7,0,0,0,6,664.5333333333333
7,0,0,0,6,664.5333333333333
1,0,0,0,6,32.68333333333333
6,0,0,0,13,22.166666666666668
5,0,0,0,12,14.183333333333334
9,0,0,0,12,28.266666666666666
9,0,0,0,12,28.266666666666666
9,0,0,0,12,28.266666666666666
9,0,0,0,12,28.266666666666666
2,0,0,0,12,0.8833333333333333
9,0,0,0,6,45.916666666666664
9,0,0,0,6,45.916666666666664
7,0,0,0,6,578.4666666666667
2,0,0,0,12,1053.4833333333333
2,0,0,0,12,1053.4833333333333
6,0,1,0,6,49.833333333333336
6,0,1,0,6,49.833333333333336
6,0,1,0,6,49.833333333333336
6,0,0,0,5,1655.2833333333333
6,0,0,0,5,1655.2833333333333
4,0,0,0,12,24.183333333333334
4,0,0,0,12,24.183333333333334
4,0,0,0,12,24.183333333333334
9,0,0,0,12,23.366666666666667
9,0,0,0,12,23.366666666666667
10,0,0,0,12,1752.75
10,0,0,0,12,1752.75
10,0,0,0,12,1752.75
10,0,0,0,12,1752.75
10,0,0,0,12,1752.75
10,3,0,0,12,192.43333333333334
10,3,0,0,12,192.43333333333334
10,3,0,0,12,192.43333333333334
10,3,0,0,12,192.43333333333334
1,0,0,0,6,19.466666666666665
8,0,0,0,12,10945.85
6,0,0,0,12,26.533333333333335
4,0,1,0,5,5.166666666666667
5,0,0,0,13,19.75
7,0,0,7,6,26.266666666666666
1,0,0,0,6,19.816666666666666
1,0,0,0,6,318.21666666666664
5,0,0,0,12,3841.15
3,0,0,0,6,32.8
2,0,0,0,5,24.466666666666665
7,0,0,0,12,-5.233333333333333
8,0,0,0,12,2907.1833333333334
8,0,0,0,12,2907.1833333333334
1,0,0,0,6,24.25
2,0,0,0,12,28.766666666666666
2,0,0,0,12,28.766666666666666
6,0,0,0,12,16.166666666666668
1,0,0,0,12,18.916666666666668
1,0,0,0,6,-2.466666666666667
1,0,0,0,6,-2.466666666666667
1,0,0,0,12,7.833333333333333
7,0,0,0,6,599.2833333333333
7,0,0,0,6,599.2833333333333
1,0,0,0,12,24.183333333333334
4,0,0,0,12,69.2
5,0,0,0,6,217.21666666666667
5,0,0,0,6,217.21666666666667
5,0,0,0,6,217.21666666666667
4,0,0,0,12,1446.8666666666666
9,0,0,0,12,5664.333333333333
3,0,0,1,9,458.35
2,0,0,0,12,1016.8
2,0,0,0,12,1016.8
1,0,0,0,12,43.63333333333333
1,0,0,0,6,24.183333333333334
1,0,0,0,6,24.183333333333334
1,0,0,0,6,24.183333333333334
1,0,0,0,14,1035.6666666666667
2,0,0,0,12,842.4
4,0,0,0,6,129.05
4,0,0,0,6,129.05
2,0,0,0,5,44.666666666666664
2,0,0,0,5,44.666666666666664
6,0,0,0,12,959.15
6,0,0,0,12,959.15
1,0,0,0,5,19.566666666666666
4,0,0,0,12,32.666666666666664
10,0,0,0,9,1871.3833333333334
4,0,0,1,6,29.033333333333335
4,0,0,1,6,29.033333333333335
3,0,0,0,12,1633.2833333333333
3,0,0,0,12,1633.2833333333333
3,0,0,0,12,1633.2833333333333
3,0,0,0,12,325.71666666666664
1,0,0,0,12,1962.15
10,0,0,0,12,22.466666666666665
1,0,0,0,5,26.75
6,2,0,0,12,20.366666666666667
1,0,0,0,5,20.016666666666666
1,0,0,0,5,20.016666666666666
4,0,0,0,12,15.616666666666667
4,0,0,0,12,15.616666666666667
1,0,0,0,12,17.733333333333334
1,0,0,0,12,17.733333333333334
1,0,0,0,12,17.733333333333334
4,0,0,0,6,1346.2
2,0,0,0,6,22.75
2,0,0,0,5,26.983333333333334
2,0,0,0,5,26.983333333333334
4,0,0,0,14,214.28333333333333
4,0,0,0,14,214.28333333333333
4,0,0,0,14,214.28333333333333
1,0,0,0,12,3.6333333333333333
6,0,0,0,6,33.333333333333336
6,0,0,0,12,28.466666666666665
6,0,0,0,12,28.466666666666665
6,0,0,0,12,28.466666666666665
4,0,0,0,12,5.433333333333334
7,1,2,0,13,49.38333333333333
7,0,0,0,14,1040.2166666666667
7,0,0,0,14,1040.2166666666667
4,0,0,0,12,51.05
5,0,0,0,6,746.8666666666667
1,0,0,0,6,24.15
1,0,0,0,6,14.95
3,0,0,0,12,27.95
7,0,2,1,5,217.8
7,0,2,1,5,217.8
1,0,0,0,6,3.1333333333333333
1,0,0,0,6,3.1333333333333333
1,0,0,0,6,30.25
1,0,0,0,5,5.8
7,0,0,0,12,49.3
7,0,0,0,12,49.3
7,0,0,0,12,49.3
1,0,0,0,6,27.716666666666665
3,0,0,0,12,4918.783333333334
3,0,0,0,12,4918.783333333334
3,0,0,0,12,4918.783333333334
3,0,0,0,12,23.533333333333335
1,0,0,0,6,28.383333333333333
6,0,0,0,13,3500.0666666666666
5,0,0,0,12,176.36666666666667
3,0,1,0,13,7493.516666666666
3,0,1,0,13,7493.516666666666
2,0,0,0,12,23.616666666666667
2,0,0,0,12,23.616666666666667
2,0,0,0,12,23.616666666666667
2,0,0,0,12,23.616666666666667
7,0,0,0,12,699.9333333333333
7,0,0,0,12,699.9333333333333
8,0,0,0,5,74.38333333333334
1,0,0,0,13,1242.85
5,0,0,0,6,72.08333333333333
1,0,0,0,6,24.35
8,0,0,0,6,30.083333333333332
1,0,0,0,6,27.883333333333333
2,0,0,0,12,1296.65
2,0,0,0,12,1296.65
2,0,0,0,12,1296.65
2,0,0,0,12,1296.65
2,0,0,0,12,1296.65
3,0,0,0,13,115.78333333333333
2,0,0,0,12,23.783333333333335
2,0,0,0,12,23.783333333333335
3,0,0,0,6,18.066666666666666
6,0,1,2,13,20.733333333333334
1,0,0,0,6,27.166666666666668
7,0,0,0,6,26.083333333333332
3,0,0,0,6,15.616666666666667
10,0,0,0,12,318.03333333333336
10,0,0,0,12,318.03333333333336
4,0,0,0,12,28.45
4,0,0,0,12,28.45
1,0,0,0,12,38.733333333333334
9,0,0,0,12,2633.3
9,0,0,0,12,2633.3
6,0,3,4,12,2184.5333333333333
6,0,3,4,12,2184.5333333333333
4,0,0,0,12,69.68333333333334
1,0,0,0,12,20.066666666666666
6,0,0,0,12,24.516666666666666
9,0,0,0,13,120.58333333333333
9,0,0,0,13,120.58333333333333
7,0,2,0,12,27.45
2,0,0,0,12,483.18333333333334
7,0,0,0,13,2800.85
7,0,0,0,13,2800.85
7,0,1,0,12,29.266666666666666
1,0,0,0,12,21.866666666666667
9,0,0,0,6,29.7
9,0,0,0,6,29.7
9,0,0,0,6,29.7
9,0,0,0,6,29.7
9,0,0,0,6,29.7
10,0,0,0,12,1172.1666666666667
10,0,0,0,12,1172.1666666666667
10,0,0,0,12,1172.1666666666667
10,0,0,0,12,1172.1666666666667
10,0,0,0,12,1172.1666666666667
1,0,0,0,12,39.7
9,0,0,0,12,12.833333333333334
1,0,0,0,5,21.816666666666666
1,0,0,0,5,24.983333333333334
6,0,0,0,6,52.56666666666667
5,0,0,1,5,151.18333333333334
5,0,0,1,5,151.18333333333334
9,0,0,0,6,1107.3833333333334
4,0,0,0,12,23.35
4,0,0,0,12,23.35
4,0,0,0,12,23.35
2,0,0,0,(MO3),23.966666666666665
1,0,0,0,6,18.133333333333333
2,0,0,0,13,75.71666666666667
6,0,0,0,13,218.98333333333332
4,0,0,0,12,820.8666666666667
6,0,0,0,13,23.4
6,0,0,0,13,23.4
1,0,0,0,5,20.75
4,0,0,0,12,28.683333333333334
3,0,0,0,12,99.45
8,0,0,0,12,163.63333333333333
8,0,0,0,12,163.63333333333333
8,0,0,0,12,163.63333333333333
4,0,0,0,6,28.766666666666666
8,0,0,0,12,26.083333333333332
8,0,0,0,12,26.083333333333332
8,0,0,0,12,8736.333333333334
8,0,0,0,12,8736.333333333334
8,0,0,0,12,8736.333333333334
6,0,0,0,5,19.983333333333334
6,0,0,0,5,19.983333333333334
9,0,0,0,12,24.033333333333335
9,0,0,0,12,24.033333333333335
9,0,0,0,12,24.033333333333335
9,0,0,0,12,24.033333333333335
1,0,0,0,5,12.75
6,0,0,0,5,4273.383333333333
5,0,0,0,6,25.516666666666666
5,0,0,0,6,25.516666666666666
5,0,0,0,6,25.516666666666666
1,0,0,0,6,28.75
5,0,0,0,12,57.3
5,0,0,0,12,57.3
5,0,0,0,12,57.3
7,0,0,0,12,48.86666666666667
7,0,0,0,12,48.86666666666667
1,0,0,0,6,5.283333333333333
1,0,0,0,6,5.283333333333333
1,0,0,0,6,5.283333333333333
1,0,0,0,6,20.95
7,0,0,0,12,23.75
6,0,0,0,6,25.733333333333334
5,0,0,0,7,1675.4333333333334
5,0,0,0,7,1675.4333333333334
5,0,0,0,7,1675.4333333333334
5,0,0,0,7,1675.4333333333334
5,0,0,0,7,1675.4333333333334
5,0,0,0,7,1675.4333333333334
3,0,0,0,12,1622.1333333333334
4,0,0,0,6,22.016666666666666
1,0,0,0,12,41.983333333333334
1,0,0,0,5,4.0
1,0,0,0,5,4.0
1,0,0,0,5,4.0
8,0,0,0,13,43.916666666666664
7,0,0,0,12,38.65
7,0,0,0,12,38.65
7,0,0,0,12,38.65
7,0,0,0,12,38.65
3,0,0,0,12,50.88333333333333
3,0,0,0,12,50.88333333333333
3,0,0,0,12,50.88333333333333
3,0,0,0,12,50.88333333333333
3,0,1,0,12,50.733333333333334
4,0,0,0,6,24.3
4,0,0,0,6,24.3
4,0,0,0,6,24.3
4,0,0,0,6,24.3
4,0,0,0,6,24.3
4,0,0,0,6,24.3
4,0,0,0,6,24.3
4,0,0,0,6,24.3
6,0,0,0,12,864.0166666666667
6,0,0,0,12,864.0166666666667
6,0,0,0,12,864.0166666666667
6,0,0,0,6,40.03333333333333
1,0,0,0,13,24.716666666666665
10,0,3,0,6,410.8
6,0,0,0,12,7437.25
3,0,0,0,12,26.85
3,0,0,0,12,137.65
1,0,0,0,14,939.3833333333333
7,1,0,0,12,29.35
7,1,0,0,12,29.35
3,0,0,0,12,5.833333333333333
3,0,0,0,12,5.833333333333333
4,0,0,0,12,33.266666666666666
10,0,3,0,12,531.9
10,0,3,0,12,531.9
3,0,0,0,12,24.9
10,0,2,1,12,27.816666666666666
10,0,2,1,12,27.816666666666666
10,0,2,1,12,27.816666666666666
10,0,2,1,12,27.816666666666666
10,0,2,1,12,27.816666666666666
8,0,0,0,12,8.6
8,0,0,0,12,8.6
8,0,0,0,12,8.6
8,0,0,0,12,8.6
8,0,0,0,12,8.6
1,0,0,0,6,65.63333333333334
1,0,0,0,6,65.63333333333334
4,0,0,0,12,73.68333333333334
1,0,0,0,12,21.133333333333333
2,0,0,0,5,22.216666666666665
4,0,0,0,6,19.25
4,0,0,0,6,19.25
8,0,0,1,6,429.46666666666664
4,0,1,0,6,28.2
4,0,1,0,6,28.2
4,0,1,0,6,28.2
4,0,1,0,6,28.2
6,1,0,1,13,5053.5
6,1,0,1,13,5053.5
5,0,0,0,12,29.366666666666667
5,0,0,0,12,29.366666666666667
5,0,0,0,12,29.366666666666667
5,0,0,0,12,29.366666666666667
5,0,0,0,12,29.366666666666667
5,0,0,0,13,24.333333333333332
5,0,0,0,5,175.66666666666666
5,0,0,1,12,19.0
3,0,0,0,13,74.71666666666667
5,0,0,0,6,24.716666666666665
5,0,0,0,6,24.716666666666665
5,0,0,0,12,74.46666666666667
5,0,0,0,12,19.3
5,0,0,0,12,19.3
5,0,0,0,12,19.3
1,0,0,0,6,18.483333333333334
2,0,0,0,12,23.216666666666665
1,0,0,0,6,20.966666666666665
3,0,0,1,12,50.15
3,0,0,1,12,50.15
5,0,0,0,12,19.283333333333335
5,0,0,0,6,23.966666666666665
8,1,4,0,(MO3),2093.6666666666665
8,1,4,0,(MO3),2093.6666666666665
8,1,4,0,(MO3),2093.6666666666665
2,0,0,0,12,236.96666666666667
9,0,0,0,12,5228.25
1,0,0,0,6,20.9
6,0,0,0,12,13.433333333333334
6,0,0,0,12,13.433333333333334
9,0,0,0,5,13.9
5,0,0,0,6,48.55
5,0,0,0,6,48.55
2,0,0,0,6,512.5166666666667
2,0,0,0,6,512.5166666666667
7,0,0,0,12,147.63333333333333
3,0,0,0,12,2407.8333333333335
3,0,0,0,12,2407.8333333333335
3,0,0,0,12,2407.8333333333335
1,0,0,0,13,74.4
6,0,0,0,5,2399.15
10,0,0,0,6,888.9666666666667
10,0,0,0,6,888.9666666666667
4,0,0,0,13,28.366666666666667
5,0,0,0,13,5164.966666666666
5,0,0,0,13,5164.966666666666
1,0,0,0,5,103.9
1,0,0,0,5,103.9
3,0,0,0,12,25.216666666666665
3,0,0,0,12,25.216666666666665
10,0,0,0,6,26.0
1,0,0,0,14,11836.55
1,0,0,0,14,11836.55
8,0,0,0,12,2017.0166666666667
8,0,0,0,12,2017.0166666666667
8,0,0,0,12,2017.0166666666667
6,0,0,0,12,51.28333333333333
3,0,0,0,12,4772.566666666667
3,0,0,0,12,4772.566666666667
3,0,0,0,12,4772.566666666667
4,0,0,0,12,28.133333333333333
1,0,0,0,12,20.7
4,0,0,0,12,341.65
2,0,0,0,6,21.233333333333334
2,0,0,0,6,21.233333333333334
1,0,0,0,12,16.383333333333333
1,0,0,0,12,16.383333333333333
1,0,0,0,12,16.383333333333333
3,0,0,0,12,20.25
3,0,0,0,12,4.266666666666667
7,0,0,0,12,290.7
7,0,0,0,12,290.7
7,0,0,0,12,290.7
10,0,0,0,6,1593.6166666666666
2,0,0,0,13,575.95
7,0,0,0,6,24.4
2,0,0,0,5,15.15
2,0,0,0,5,24.183333333333334
2,0,0,0,5,24.183333333333334
3,2,0,0,12,24.75
5,0,0,0,12,16.183333333333334
5,0,0,0,12,16.183333333333334
5,0,0,0,12,16.183333333333334
10,0,0,0,6,93.81666666666666
2,0,0,0,12,19.983333333333334
7,0,0,0,12,-0.06666666666666667
7,0,0,0,12,-0.06666666666666667
8,0,0,0,12,3123.266666666667
8,0,0,0,12,3123.266666666667
8,0,0,0,12,3123.266666666667
5,0,0,0,12,1369.6833333333334
5,0,0,0,12,1369.6833333333334
5,0,0,0,12,1369.6833333333334
5,0,0,0,12,1369.6833333333334
2,0,0,0,12,75.7
5,0,0,0,6,30.766666666666666
3,0,0,0,6,24.083333333333332
6,0,0,0,6,23.433333333333334
6,0,0,0,6,2759.3166666666666
6,0,0,0,6,2759.3166666666666
6,0,0,0,6,2759.3166666666666
2,0,0,0,6,29.55
1,0,0,0,6,7.6
1,0,0,0,9,6744.516666666666
4,0,0,1,13,21.866666666666667
2,0,0,0,6,29.883333333333333
5,0,0,0,6,17.416666666666668
10,0,1,1,12,1484.0666666666666
10,0,1,1,12,1484.0666666666666
10,0,1,1,12,1484.0666666666666
10,0,1,1,12,1484.0666666666666
2,0,0,0,6,29.416666666666668
4,0,0,0,5,-1.0333333333333334
1,0,0,0,12,4359.55
10,0,0,1,12,96.83333333333333
10,0,0,1,12,96.83333333333333
10,0,0,1,12,96.83333333333333
10,0,0,1,12,96.83333333333333
6,0,0,0,12,50.233333333333334
6,0,0,0,12,50.233333333333334
6,0,0,0,12,50.233333333333334
7,0,0,0,13,1551.2
7,0,0,0,13,1551.2
9,0,0,1,12,1168.3333333333333
1,0,0,0,6,-10.666666666666666
1,0,0,0,6,-10.666666666666666
1,0,0,0,12,18.4
3,0,0,0,12,9.483333333333333
3,0,0,0,12,9.483333333333333
3,0,0,0,12,9.483333333333333
3,0,0,0,12,9.483333333333333
6,0,0,0,6,22.483333333333334
7,0,1,0,12,44.56666666666667
7,0,1,0,12,44.56666666666667
7,0,1,0,12,44.56666666666667
7,0,1,0,12,44.56666666666667
7,0,1,0,12,44.56666666666667
10,2,1,0,12,1346.1666666666667
10,2,1,0,12,1346.1666666666667
3,0,0,0,12,-0.9166666666666666
4,0,0,0,13,21.05
9,0,0,0,12,700.5166666666667
9,0,0,0,12,700.5166666666667
6,0,0,1,12,28.883333333333333
1,0,0,0,12,41.8
1,0,0,0,12,41.8
1,0,0,0,12,41.8
6,0,0,0,12,510.76666666666665
6,0,0,0,12,510.76666666666665
6,0,0,0,12,510.76666666666665
3,0,0,0,14,723.65
1,0,0,0,12,42.1
1,0,0,0,12,43.6
2,0,0,0,12,22.7
1,0,0,0,12,867.3166666666667
9,0,0,0,12,269.3666666666667
9,0,0,0,12,269.3666666666667
8,0,0,0,12,89.8
3,0,0,0,12,4.633333333333334
6,0,0,0,12,53.483333333333334
1,0,0,0,6,25.083333333333332
9,2,0,0,5,65.63333333333334
9,2,0,0,5,65.63333333333334
9,2,0,0,5,65.63333333333334
9,2,0,0,5,65.63333333333334
9,2,0,0,5,65.63333333333334
9,2,0,0,5,65.63333333333334
9,2,0,0,5,65.63333333333334
1,0,0,0,6,4.1
6,0,0,0,6,24.3
8,0,0,0,6,28.116666666666667
8,0,0,0,6,28.116666666666667
8,0,0,0,6,28.116666666666667
8,0,0,0,6,28.116666666666667
10,0,0,0,12,6697.7
8,0,0,0,12,837.5166666666667
8,0,0,0,12,837.5166666666667
8,0,0,0,12,837.5166666666667
8,0,0,0,12,837.5166666666667
3,0,0,3,12,-1.3833333333333333
3,0,0,3,12,-1.3833333333333333
10,0,0,0,12,52.06666666666667
10,1,2,0,12,50.166666666666664
10,1,2,0,12,50.166666666666664
10,1,2,0,12,50.166666666666664
10,1,2,0,12,50.166666666666664
10,1,2,0,12,50.166666666666664
10,0,0,0,12,5827.066666666667
10,0,0,0,12,5827.066666666667
6,0,0,0,13,815.5833333333334
6,0,0,0,13,815.5833333333334
6,0,0,0,13,815.5833333333334
7,0,1,0,14,2449.4166666666665
7,0,1,0,14,2449.4166666666665
5,0,0,0,12,6.733333333333333
1,0,0,0,6,144.98333333333332
7,0,0,0,6,162.96666666666667
10,0,0,0,12,7.516666666666667
10,0,0,0,12,7.516666666666667
10,0,0,0,12,7.516666666666667
4,0,0,0,12,143.31666666666666
1,0,0,0,5,24.133333333333333
10,1,0,0,12,5686.8
1,0,0,0,6,-1.9833333333333334
6,0,0,1,12,27.35
6,0,0,1,12,27.35
3,0,0,0,6,13.6
1,0,0,0,6,-0.36666666666666664
5,0,0,0,13,37.95
5,0,0,0,13,37.95
7,0,0,0,12,1568.0833333333333
7,0,0,0,12,1568.0833333333333
3,0,0,1,12,26.833333333333332
4,0,0,0,5,26.366666666666667
4,0,0,0,5,26.366666666666667
6,0,0,0,6,18.466666666666665
2,0,0,0,5,630.05
1,0,0,0,12,1464.3833333333334
6,0,0,0,12,163.35
6,0,0,0,12,163.35
6,0,0,0,12,163.35
6,0,0,0,12,163.35
6,0,0,0,12,163.35
4,0,0,0,9,1148.6
2,0,0,1,6,8.2
1,0,0,0,6,19.083333333333332
7,0,0,1,13,168.36666666666667
1,0,0,0,12,6.65
2,0,0,0,6,13.4
3,0,0,0,12,13054.65
3,0,0,0,12,13054.65
2,0,0,0,13,33.78333333333333
5,0,0,0,6,5.616666666666666
1,0,0,0,12,46.6
6,0,0,0,12,773.6166666666667
6,0,0,0,12,773.6166666666667
6,0,0,0,12,773.6166666666667
3,0,0,0,12,24.216666666666665
3,0,0,0,12,24.216666666666665
3,0,0,0,12,24.216666666666665
3,0,0,0,12,43.88333333333333
3,0,0,0,12,43.88333333333333
6,0,0,0,12,5800.933333333333
6,1,0,0,12,7176.516666666666
6,1,0,0,12,7176.516666666666
9,0,2,0,6,0.75
6,0,0,0,12,937.4166666666666
6,0,0,0,12,937.4166666666666
6,0,0,0,12,937.4166666666666
6,0,0,0,12,937.4166666666666
6,0,0,0,6,14.45
6,0,0,0,6,14.45
1,0,0,0,12,44.31666666666667
1,0,0,0,6,23.633333333333333
2,0,0,0,13,21.766666666666666
3,0,0,0,6,28.3
4,0,0,0,13,244.7
4,0,0,0,13,244.7
10,0,0,0,12,46.9
4,0,0,0,6,15.133333333333333
4,0,0,0,12,21.45
6,0,0,0,6,488.6166666666667
2,0,0,0,6,72.01666666666667
2,0,0,0,6,72.01666666666667
2,0,0,0,6,72.01666666666667
2,0,0,0,5,41.25
2,0,0,0,12,19.516666666666666
2,0,0,0,12,19.516666666666666
2,0,0,0,12,19.516666666666666
2,0,0,0,12,19.516666666666666
4,0,0,0,13,77.36666666666666
4,0,0,0,13,77.36666666666666
4,0,0,0,13,77.36666666666666
4,0,0,0,13,77.36666666666666
4,0,0,0,6,121.96666666666667
1,0,0,0,6,27.283333333333335
10,1,0,0,12,29.466666666666665
4,0,0,0,12,1.85
7,0,0,0,12,21.866666666666667
7,0,0,0,12,21.866666666666667
7,0,0,0,12,21.866666666666667
7,0,0,0,12,21.866666666666667
7,0,0,0,12,21.866666666666667
7,0,0,0,6,338.15
3,0,0,0,6,41.46666666666667
1,0,0,0,6,26.416666666666668
1,0,0,0,12,-11.066666666666666
2,0,0,0,13,171.13333333333333
10,0,0,0,12,24.016666666666666
10,0,0,0,12,24.016666666666666
8,0,0,3,12,25.65
8,0,0,3,12,25.65
8,0,0,3,12,25.65
8,0,0,3,12,25.65
8,0,0,3,12,25.65
1,0,0,0,13,1368.0333333333333
1,0,0,0,6,20.933333333333334
4,0,0,0,6,141.53333333333333
4,0,0,0,6,141.53333333333333
4,0,0,0,5,25.383333333333333
1,0,0,0,5,18.266666666666666
1,0,0,0,5,18.266666666666666
3,0,0,0,12,13.516666666666667
1,0,0,0,5,22.733333333333334
1,0,0,0,12,14.433333333333334
1,0,0,0,12,14.433333333333334
2,0,0,0,12,2042.1
1,0,0,0,6,30.616666666666667
2,0,0,0,12,24.416666666666668
2,0,0,0,12,20.483333333333334
3,0,0,0,6,1968.1333333333334
7,0,0,0,6,1804.3666666666666
7,0,0,0,6,1804.3666666666666
2,0,0,0,6,5.666666666666667
4,0,0,0,6,25.033333333333335
8,0,0,0,12,124.55
8,0,0,0,12,124.55
8,0,0,0,12,124.55
3,0,0,0,13,237.9
3,0,0,0,13,237.9
7,0,0,0,12,90.86666666666666
7,0,0,0,12,90.86666666666666
6,0,0,0,12,46.516666666666666
6,0,0,0,12,46.516666666666666
5,0,0,0,6,48.61666666666667
5,0,0,0,6,48.61666666666667
1,0,0,0,14,63.5
1,0,0,0,14,63.5
9,2,0,3,13,3268.6833333333334
4,0,0,0,12,25.2
4,0,0,0,12,25.2
3,0,0,0,6,836.5333333333333
5,1,0,1,13,113.96666666666667
5,1,0,1,13,113.96666666666667
5,1,0,1,13,113.96666666666667
5,1,0,1,13,113.96666666666667
9,0,0,0,12,20.283333333333335
9,0,0,0,12,20.283333333333335
1,0,0,0,12,25.366666666666667
5,0,0,0,12,797.4666666666667
4,0,1,0,13,942.9833333333333
4,0,1,0,13,942.9833333333333
9,0,0,0,5,4128.833333333333
9,0,0,0,5,4128.833333333333
9,0,0,0,5,4128.833333333333
5,0,2,1,13,1370.2833333333333
5,0,2,1,13,1370.2833333333333
1,0,0,0,12,75.03333333333333
6,0,0,0,13,20.433333333333334
5,0,0,0,12,28.716666666666665
5,0,0,0,12,28.716666666666665
10,0,0,0,12,3113.2833333333333
10,0,0,0,12,3113.2833333333333
5,0,0,0,13,24.05
4,0,0,0,12,1.9666666666666666
4,0,0,0,12,1.9666666666666666
1,0,0,0,6,20.983333333333334
6,0,0,0,13,54.18333333333333
6,0,0,0,13,54.18333333333333
1,0,0,0,12,25.85
1,0,0,0,12,25.85
3,0,0,0,12,23.283333333333335
3,0,0,0,12,23.283333333333335
10,0,1,0,12,1250.8333333333333
1,0,0,0,12,75.5
5,1,0,2,12,1317.1
5,1,0,2,12,1317.1
4,0,0,0,12,21.233333333333334
1,0,0,0,6,28.233333333333334
4,0,0,0,12,680.65
3,0,0,0,12,-10.966666666666667
1,0,0,0,12,27.633333333333333
1,0,0,0,6,24.8
6,0,0,0,13,2310.9666666666667
6,0,0,0,13,2310.9666666666667
6,0,0,0,13,2310.9666666666667
8,0,0,0,6,4.216666666666667
4,0,0,0,5,3.783333333333333
5,0,0,0,13,42.18333333333333
5,0,0,0,13,42.18333333333333
5,0,0,0,13,42.18333333333333
1,0,0,0,12,-0.5333333333333333
5,0,0,0,9,49.266666666666666
6,0,0,0,12,27.033333333333335
6,0,0,0,12,27.033333333333335
6,0,0,0,12,27.033333333333335
6,0,0,0,6,744.45
6,0,0,1,12,55.45
6,0,0,1,12,55.45
9,2,3,0,6,796.0833333333334
9,2,3,0,6,796.0833333333334
9,2,3,0,6,796.0833333333334
1,0,0,0,6,22.85
1,0,0,0,6,121.56666666666666
1,0,0,0,6,121.56666666666666
6,1,0,0,9,46.6
6,1,0,0,9,46.6
3,0,0,0,6,7.266666666666667
8,0,0,0,12,118.01666666666667
8,0,0,0,12,118.01666666666667
8,0,0,0,12,118.01666666666667
8,0,0,0,12,118.01666666666667
1,0,0,0,6,24.816666666666666
3,0,0,0,6,98.13333333333334
7,0,0,0,5,409.46666666666664
7,0,0,0,5,409.46666666666664
10,0,0,0,5,2334.633333333333
10,0,0,0,5,2334.633333333333
3,0,0,0,12,246.98333333333332
3,0,0,0,12,20.55
10,2,0,0,12,409.9166666666667
10,2,0,0,12,409.9166666666667
2,0,0,0,6,29.566666666666666
6,0,0,0,12,5.516666666666667
6,0,0,0,12,5.516666666666667
6,0,0,0,12,5.516666666666667
6,0,0,0,12,5.516666666666667
6,0,0,0,12,5.516666666666667
6,0,0,0,12,5.516666666666667
6,0,0,0,12,5.516666666666667
6,0,0,0,12,5.516666666666667
2,0,0,0,12,22.65
6,0,0,0,6,505.28333333333336
6,0,0,0,6,505.28333333333336
2,0,0,0,9,71.2
8,0,0,0,12,22.85
6,0,0,0,6,342.05
5,0,0,0,12,48.9
2,0,0,0,12,27.866666666666667
7,0,0,1,12,15.533333333333333
7,0,0,1,12,15.533333333333333
7,0,0,1,12,15.533333333333333
7,0,0,1,12,15.533333333333333
1,0,0,0,12,230.21666666666667
1,0,0,0,12,239.8
6,0,0,0,12,18.633333333333333
2,0,0,0,12,28.166666666666668
10,0,0,0,12,1542.9833333333333
10,0,0,0,12,1542.9833333333333
10,0,0,0,12,1542.9833333333333
8,0,0,0,12,116.58333333333333
8,0,0,0,12,116.58333333333333
8,0,0,0,12,116.58333333333333
8,0,0,0,12,116.58333333333333
8,0,0,0,12,116.58333333333333
8,0,0,0,12,116.58333333333333
8,0,0,0,12,116.58333333333333
1,0,0,0,5,15.65
1,0,0,0,12,-0.65
1,0,0,0,12,-0.65
5,0,0,0,5,49.68333333333333
5,0,0,0,5,49.68333333333333
4,0,0,0,12,18.866666666666667
4,0,0,0,12,18.866666666666667
3,0,0,0,12,4792.533333333334
3,0,0,0,12,4792.533333333334
3,0,0,0,12,4792.533333333334
2,0,0,0,6,23.4
6,0,0,0,5,142.71666666666667
6,0,0,0,5,142.71666666666667
1,0,0,0,12,24.95
1,0,0,0,6,20.633333333333333
10,1,0,0,14,5326.2
4,0,0,0,13,78.2
4,0,0,0,12,50.03333333333333
4,0,0,0,12,50.03333333333333
6,0,0,0,12,26.416666666666668
3,0,0,0,12,17.266666666666666
7,0,0,0,12,69.18333333333334
7,0,0,0,12,69.18333333333334
7,0,0,0,12,69.18333333333334
10,0,0,0,12,5740.8
8,0,0,0,12,21.866666666666667
7,0,0,0,14,405.6666666666667
10,1,2,0,6,435.4
10,1,2,0,6,435.4
5,0,0,0,12,200.63333333333333
2,0,0,0,6,27.133333333333333
4,0,0,0,12,3.7333333333333334
8,0,0,0,12,16.35
8,0,0,0,12,16.35
6,0,0,0,12,2696.9166666666665
6,0,0,0,12,2696.9166666666665
6,0,0,0,12,2696.9166666666665
8,4,0,0,6,240.11666666666667
5,0,0,0,5,75.25
5,0,0,0,5,75.25
1,0,0,0,6,92.45
1,0,0,0,6,92.45
2,0,0,0,12,20.0
10,0,0,1,13,2616.45
10,0,0,1,13,2616.45
10,0,0,1,13,2616.45
10,0,0,1,13,2616.45
10,0,0,1,13,2616.45
1,0,0,0,12,16.983333333333334
4,0,0,0,12,27.9
8,0,0,0,12,24.066666666666666
8,0,0,0,12,24.066666666666666
8,0,0,0,12,24.066666666666666
8,0,0,0,12,24.066666666666666
5,0,0,0,12,23.05
10,0,7,2,12,40.86666666666667
10,0,7,2,12,40.86666666666667
10,0,7,2,12,40.86666666666667
10,0,0,2,12,1.65
10,0,0,2,12,1.65
10,0,0,2,12,1.65
10,0,0,2,12,1.65
6,0,0,0,5,2812.5
4,0,0,0,6,30.333333333333332
7,0,0,0,13,4.683333333333334
5,0,0,0,12,511.4166666666667
5,0,0,1,12,27.816666666666666
3,0,0,0,12,1513.35
6,0,0,1,6,33.93333333333333
6,0,0,1,6,33.93333333333333
6,0,0,1,6,33.93333333333333
5,0,0,0,12,25.483333333333334
5,0,0,0,12,25.483333333333334
2,0,0,0,5,19.316666666666666
1,0,0,0,6,17.4
1,0,0,0,6,-5.05
2,0,0,0,6,70.95
2,0,0,0,5,19.666666666666668
2,0,0,0,5,19.666666666666668
7,0,0,0,12,839.1833333333333
6,0,0,0,12,719.0833333333334
5,0,0,0,(MO3),3628.6666666666665
5,0,0,0,(MO3),3628.6666666666665
7,0,2,0,12,96.33333333333333
7,0,2,0,12,96.33333333333333
7,0,2,0,12,96.33333333333333
3,0,0,0,12,14.85
3,0,0,0,12,31.166666666666668
1,0,0,0,5,1.8333333333333333
9,1,0,0,5,26.75
9,1,0,0,5,26.75
6,0,0,0,12,45.9
6,0,0,0,12,45.9
6,0,0,0,12,45.9
6,0,0,0,12,45.9
6,0,0,0,12,45.9
8,0,0,0,12,46.666666666666664
1,0,0,0,6,16.633333333333333
1,0,0,0,6,24.033333333333335
9,0,0,0,6,144.16666666666666
4,0,0,0,6,27.633333333333333
4,0,0,0,6,27.633333333333333
5,0,0,0,6,52.0
5,0,0,0,6,52.0
1,0,0,0,6,5.45
6,0,0,0,12,501.23333333333335
6,0,0,0,12,501.23333333333335
8,0,0,0,12,29.983333333333334
8,0,0,0,12,29.983333333333334
8,0,0,0,12,29.983333333333334
8,0,0,0,12,29.983333333333334
5,0,0,2,6,384.48333333333335
9,0,0,0,(MO3),71.33333333333333
3,0,0,0,12,7.816666666666666
3,0,0,0,12,7.816666666666666
3,0,0,0,12,7.816666666666666
9,1,0,0,12,14.75
9,1,0,0,12,14.75
1,0,0,0,6,73.71666666666667
1,0,0,0,6,73.71666666666667
1,0,0,0,6,73.71666666666667
3,0,0,1,6,15.966666666666667
2,0,0,0,12,23.066666666666666
7,0,0,0,12,15.433333333333334
7,0,0,0,12,15.433333333333334
2,0,0,0,12,13.883333333333333
1,0,0,0,6,-3.85
6,0,0,0,6,75.05
6,0,0,0,12,259.1333333333333
4,0,0,0,12,3182.3166666666666
4,0,0,0,12,3182.3166666666666
6,0,0,0,12,3.9
6,0,0,0,12,3.9
6,0,0,0,12,3.9
1,0,0,0,6,30.4
6,0,0,0,6,51.93333333333333
6,0,0,0,6,51.93333333333333
6,0,0,0,6,51.93333333333333
6,0,0,0,6,51.93333333333333
4,0,0,0,12,746.7
4,0,0,0,12,1385.7666666666667
4,0,0,0,12,477.75
4,0,0,0,12,477.75
4,0,0,0,12,477.75
1,0,0,0,6,22.266666666666666
2,0,0,0,5,53.45
6,0,0,0,12,5810.9
6,0,0,0,12,5810.9
3,0,0,0,5,792.2333333333333
3,0,0,0,5,792.2333333333333
3,0,0,0,5,792.2333333333333
3,0,0,0,5,792.2333333333333
2,0,0,0,12,672.4
2,0,0,0,12,22.566666666666666
8,0,0,0,13,3047.383333333333
6,0,0,0,12,24.9
2,0,0,0,12,212.68333333333334
2,0,0,0,12,212.68333333333334
1,0,0,0,6,28.1
7,0,0,0,6,1489.9
7,0,0,0,6,1489.9
7,0,0,0,6,1489.9
3,0,0,0,5,94.56666666666666
3,0,0,0,5,94.56666666666666
3,0,0,0,5,94.56666666666666
3,0,0,0,5,94.56666666666666
1,0,0,0,6,25.083333333333332
2,0,0,0,12,21.85
5,0,0,0,12,22.583333333333332
5,0,0,0,12,22.583333333333332
8,0,0,0,12,69.23333333333333
4,0,0,0,12,21.683333333333334
7,0,0,0,6,117.9
10,0,1,0,12,222.31666666666666
10,0,1,0,12,222.31666666666666
10,0,1,0,12,222.31666666666666
10,0,1,0,12,222.31666666666666
10,0,1,0,12,222.31666666666666
10,0,1,0,12,222.31666666666666
1,0,0,0,12,26.25
2,0,0,0,12,4159.633333333333
2,0,0,0,12,4159.633333333333
3,0,0,0,12,24.2
4,0,0,0,6,140.96666666666667
10,0,2,1,5,305.78333333333336
10,0,2,1,5,305.78333333333336
10,0,2,1,5,305.78333333333336
2,0,0,0,12,286.9
6,0,0,0,6,75.1
7,0,0,0,12,52.53333333333333
2,0,0,0,6,22.45
2,0,0,0,6,22.45
9,0,0,0,12,20.933333333333334
9,0,0,0,12,20.933333333333334
9,0,0,0,12,20.933333333333334
7,0,0,0,12,45.68333333333333
3,0,0,0,12,44.833333333333336
6,0,0,0,6,241.46666666666667
1,0,0,0,13,26.016666666666666
2,0,0,0,6,28.2
4,0,0,0,12,47.05
4,0,0,0,12,47.05
