sex,age,race,priors_count,juv_fel_count,juv_misd_count,juv_other_count,decile_score,is_recid,jail_time
Female,36,Hispanic,1,0,0,0,3,0,33.38333333333333
Male,49,Caucasian,0,0,0,0,1,0,3.8
Male,23,African-American,1,0,0,0,10,1,382.21666666666664
Female,28,Caucasian,0,0,0,0,2,0,22.716666666666665
Male,59,African-American,22,0,0,0,6,1,1661.8333333333333
Male,31,Hispanic,1,0,0,0,7,0,142.23333333333332
Male,52,Caucasian,1,0,0,0,1,0,597.8333333333334
Male,37,Caucasian,11,0,0,0,9,1,20.65
Male,28,African-American,3,0,0,0,6,1,43.833333333333336
Female,47,Hispanic,1,0,0,0,1,0,127.43333333333334
Male,24,Caucasian,0,0,0,0,10,0,382.68333333333334
Male,35,African-American,2,0,0,0,1,0,-3.183333333333333
Male,21,African-American,1,0,0,0,5,1,868.3666666666667
Female,22,African-American,0,0,0,0,8,0,20.45
Female,42,Caucasian,5,0,0,0,4,1,148.28333333333333
Male,53,African-American,10,0,0,0,2,0,29.45
Male,38,African-American,5,0,0,2,3,0,3977.15
Female,52,Caucasian,0,0,0,0,1,0,14.166666666666666
Male,20,African-American,1,0,0,1,9,1,21.5
Female,20,African-American,0,0,0,0,6,0,3.816666666666667
Male,35,African-American,12,0,0,1,6,1,33.93333333333333
Female,20,African-American,0,0,0,0,8,1,287.03333333333336
Male,51,African-American,14,0,0,0,5,0,189.86666666666667
Female,46,African-American,2,0,0,0,10,1,233.13333333333333
Male,28,African-American,2,0,0,0,3,1,1776.6
Female,19,Caucasian,0,0,0,0,3,1,31.1
Female,42,African-American,17,3,0,0,10,1,192.43333333333334
Male,53,Hispanic,9,0,0,0,8,1,3127.9666666666667
Male,49,Caucasian,0,0,0,0,1,0,18.916666666666668
Male,31,Hispanic,0,0,0,0,5,0,17.466666666666665
Male,20,African-American,1,0,1,0,8,1,4.516666666666667
Male,28,African-American,5,0,0,0,5,1,1240.5833333333333
Female,33,Caucasian,1,0,0,0,2,0,48.71666666666667
Male,37,Caucasian,1,0,0,0,1,1,28.15
Male,37,Caucasian,0,0,0,0,3,0,23.216666666666665
Male,22,African-American,12,1,0,0,10,1,846.25
Male,35,African-American,0,0,0,0,6,0,1418.9333333333334
Female,20,African-American,2,0,0,3,10,1,554.9833333333333
Male,31,African-American,11,0,0,2,10,1,-10.633333333333333
Male,22,African-American,2,0,1,2,10,1,2980.883333333333
Male,35,Hispanic,2,0,0,0,1,0,47.15
Male,53,Hispanic,3,0,0,0,7,0,1053.9833333333333
Female,33,Caucasian,10,0,1,0,9,0,4239.833333333333
Male,42,African-American,1,0,0,0,4,1,31.283333333333335
Male,23,African-American,4,0,0,0,9,0,3909.65
Male,26,African-American,3,0,0,0,6,1,23.366666666666667
Male,20,Hispanic,0,0,0,2,3,0,15.25
Male,22,African-American,5,0,0,0,10,1,24.166666666666668
Female,19,Caucasian,2,0,0,0,10,1,534.6
Male,54,Caucasian,0,0,0,0,1,0,23.316666666666666
Male,38,African-American,19,0,0,0,9,1,22.4
Male,30,African-American,2,0,0,0,3,1,46.56666666666667
Male,25,Caucasian,0,0,0,0,2,0,14.933333333333334
Male,53,African-American,0,0,0,0,1,0,23.183333333333334
Male,23,African-American,2,0,1,0,6,1,27.35
Female,28,Hispanic,0,0,0,0,2,0,57.15
Male,29,African-American,9,0,0,0,7,1,114.1
Male,53,Caucasian,0,0,0,0,1,1,1.1666666666666667
Male,55,African-American,4,0,0,0,8,0,389.75
Female,25,African-American,1,0,0,0,8,1,24.65
Male,45,Caucasian,0,0,0,0,6,1,40.0
Male,33,African-American,4,0,0,0,7,1,409.46666666666664
Male,47,African-American,4,0,0,0,10,1,1542.9833333333333
Male,36,African-American,19,0,0,0,8,1,3.4166666666666665
Male,19,Caucasian,1,0,0,2,4,0,13.883333333333333
Male,22,Caucasian,1,0,0,0,4,1,18.416666666666668
Male,46,African-American,3,0,0,0,4,0,50.083333333333336
Male,32,African-American,11,0,0,0,9,1,42.266666666666666
Male,23,Hispanic,1,0,0,0,10,0,4254.716666666666
Male,22,Other,0,0,0,0,9,0,385.1666666666667
Male,34,Caucasian,5,0,0,0,2,0,30.533333333333335
Male,29,African-American,6,0,0,0,6,1,528.9
Male,30,African-American,2,0,0,0,8,1,21.95
Male,46,African-American,0,0,0,0,1,0,24.816666666666666
Male,62,African-American,8,0,0,0,4,0,375.71666666666664
Male,26,African-American,9,0,1,1,10,1,44.083333333333336
Male,29,African-American,2,0,0,1,5,1,5.3
Male,30,African-American,5,0,0,0,9,1,33.13333333333333
Male,23,Caucasian,4,0,1,0,4,1,187.73333333333332
Male,24,Caucasian,0,0,0,0,5,0,37.766666666666666
Female,37,African-American,2,0,0,0,1,0,18.916666666666668
Male,22,African-American,0,0,0,0,4,1,14.266666666666667
Male,21,Caucasian,1,0,0,0,4,0,21.716666666666665
Male,33,African-American,8,0,0,0,6,1,46.06666666666667
Male,41,Caucasian,3,0,0,0,9,0,4036.25
Male,22,Hispanic,2,0,0,0,3,0,18.55
Male,51,Caucasian,7,0,0,0,3,0,7.816666666666666
Female,57,Caucasian,0,0,0,0,2,0,14.533333333333333
Male,62,Caucasian,6,0,0,0,2,0,525.5833333333334
Male,25,African-American,3,0,0,0,3,1,139.35
Male,55,Hispanic,0,0,0,0,1,0,21.716666666666665
Male,26,African-American,2,0,0,0,4,0,91.06666666666666
Male,39,African-American,3,0,0,0,4,1,918.8333333333334
Male,30,African-American,12,4,0,0,9,1,219.2
Male,55,Other,8,0,0,0,1,1,146.75
Female,31,Caucasian,2,0,0,0,3,0,20.266666666666666
Male,34,Hispanic,1,0,0,0,2,0,96.38333333333334
Male,33,Asian,2,0,0,0,8,0,333.43333333333334
Male,25,African-American,21,0,1,0,10,1,55.3
Male,27,Caucasian,2,0,0,0,7,1,21.0
Male,29,African-American,2,0,0,0,5,0,21.783333333333335
Male,20,African-American,0,0,0,1,4,0,21.866666666666667
Male,26,Caucasian,6,0,0,0,7,0,1443.2666666666667
Female,31,African-American,0,0,0,0,3,1,42.85
Male,35,Caucasian,1,0,0,1,2,0,24.433333333333334
Male,30,African-American,3,0,0,0,5,0,51.65
Female,33,African-American,2,0,0,0,3,0,49.21666666666667
Male,26,Hispanic,5,0,0,0,9,1,-2.8666666666666667
Female,21,African-American,0,0,0,0,10,1,792.4666666666667
Female,19,African-American,1,0,0,0,9,1,10416.083333333334
Male,23,African-American,1,0,0,0,5,0,50.46666666666667
Male,26,Caucasian,0,0,0,0,2,0,28.966666666666665
Male,50,African-American,12,0,0,0,1,1,24.05
Male,25,African-American,9,1,2,0,9,1,1195.1333333333334
Female,27,Caucasian,0,0,0,0,5,0,18.983333333333334
Male,20,African-American,1,0,0,1,9,1,21.5
Male,54,Caucasian,4,0,0,0,2,0,76.45
Female,45,Other,0,0,0,0,1,0,23.0
Male,45,Caucasian,0,0,0,0,1,0,14.083333333333334
Male,24,Caucasian,8,0,3,2,10,0,4146.283333333334
Male,33,Caucasian,0,0,0,0,9,1,16.45
Female,45,Caucasian,1,0,0,0,1,0,15.633333333333333
Male,33,African-American,3,0,0,0,2,0,2973.9333333333334
Female,25,African-American,0,0,0,0,7,0,123.63333333333334
Male,25,Hispanic,0,0,0,0,7,0,19.983333333333334
Male,30,African-American,18,0,1,1,10,1,1484.0666666666666
Male,33,African-American,18,0,0,0,10,1,27.9
Male,23,African-American,1,0,1,1,2,1,56.13333333333333
Female,29,African-American,3,0,0,0,5,0,22.716666666666665
Male,51,African-American,5,0,0,0,3,0,4.85
Male,30,African-American,4,0,0,0,2,0,26.933333333333334
Male,25,African-American,14,1,6,1,10,1,171.41666666666666
Female,40,African-American,13,0,0,0,10,1,2591.483333333333
Male,21,Caucasian,0,0,0,0,8,1,99.35
Male,22,African-American,4,1,0,0,7,0,3479.7166666666667
Male,39,Caucasian,2,0,0,0,2,1,119.18333333333334
Male,31,Hispanic,8,2,1,0,9,1,65.95
Male,43,African-American,0,0,0,0,5,1,47.3
Male,22,African-American,2,0,0,0,9,1,147.63333333333333
Male,30,African-American,5,0,0,0,9,1,33.13333333333333
Male,30,Caucasian,4,0,1,0,5,1,19.883333333333333
Male,38,African-American,1,0,0,0,8,0,1197.7833333333333
Male,19,African-American,0,0,0,0,10,0,1085.0333333333333
Male,31,African-American,0,0,0,0,9,0,44.96666666666667
Male,24,African-American,5,0,0,0,6,1,2805.6833333333334
Female,42,Caucasian,5,0,0,0,4,1,148.28333333333333
Male,54,African-American,10,0,0,0,4,1,1.9666666666666666
Female,27,African-American,0,0,0,0,3,0,21.466666666666665
Male,50,Caucasian,5,0,0,0,7,1,121.1
Male,57,Hispanic,2,0,0,0,1,0,47.833333333333336
Male,28,Caucasian,9,0,1,0,4,0,21.3
Male,53,Caucasian,0,0,0,0,1,0,-1.8166666666666667
Male,36,Other,0,0,0,0,1,0,123.16666666666667
Male,56,African-American,22,0,0,0,9,1,1704.2833333333333
Male,46,Hispanic,12,0,0,0,6,1,970.9333333333333
Female,40,Caucasian,4,0,0,0,4,1,50.8
Female,25,African-American,6,0,0,0,7,1,288.18333333333334
Male,69,Other,0,0,0,0,1,0,23.633333333333333
Male,54,Hispanic,5,0,0,0,5,0,2255.15
Male,24,African-American,2,0,0,0,7,0,27.2
Male,31,African-American,15,3,0,1,10,1,113.5
Male,29,African-American,0,0,0,0,2,0,18.2
Male,34,African-American,0,0,0,0,1,1,53.86666666666667
Male,29,Caucasian,0,0,0,0,2,0,20.883333333333333
Male,24,Other,2,0,0,0,8,1,69.66666666666667
Male,28,Caucasian,9,0,0,0,7,0,4698.466666666666
Male,41,Caucasian,13,0,0,0,5,0,3960.266666666667
Male,53,Caucasian,0,0,0,0,7,0,9961.35
Female,49,Caucasian,2,0,0,0,2,0,21.5
Male,37,Other,1,0,0,0,2,0,16.283333333333335
Male,51,Caucasian,2,0,0,0,1,1,1531.6333333333334
Male,39,Caucasian,1,0,0,0,1,0,4.65
Male,30,Caucasian,3,0,0,0,1,0,-0.65
Female,22,African-American,1,0,0,0,5,0,317.4
Male,30,African-American,0,0,0,0,5,0,28.05
Male,53,Caucasian,1,0,0,0,5,1,21.75
Female,33,Other,0,0,0,0,2,0,17.583333333333332
Male,35,African-American,23,0,0,0,8,0,1510.9666666666667
Female,24,African-American,0,0,0,0,3,0,54.6
Male,24,African-American,0,0,0,0,10,1,30.916666666666668
Male,32,African-American,0,0,0,0,9,0,357.68333333333334
Male,21,African-American,0,0,0,0,3,0,24.7
Female,52,Caucasian,6,0,0,0,7,0,799.1833333333333
Male,42,African-American,1,0,0,0,6,1,147.05
Female,45,Other,0,0,0,0,1,0,-3.683333333333333
Male,23,African-American,1,0,0,0,2,0,19.616666666666667
Male,28,African-American,8,0,1,0,6,1,976.2333333333333
Female,30,Other,1,0,0,0,2,0,26.7
Male,21,African-American,0,0,0,0,5,0,4.366666666666666
Male,26,African-American,4,0,0,0,7,1,46.483333333333334
Male,58,Caucasian,10,0,0,0,3,1,5.483333333333333
Male,23,African-American,0,0,0,0,4,1,23.583333333333332
Male,32,Caucasian,0,0,0,0,6,1,430.48333333333335
Male,37,Caucasian,1,0,0,0,2,1,-1.05
Male,66,African-American,5,0,0,0,2,1,16.2
Male,28,African-American,4,0,0,0,10,0,24.75
Male,35,Hispanic,5,0,0,0,2,0,4.8
Male,37,African-American,23,0,0,0,9,1,414.35
Female,28,Caucasian,1,0,0,0,5,0,1127.4833333333333
Male,27,Other,0,0,0,0,4,1,28.233333333333334
Male,23,Caucasian,1,0,0,1,2,0,21.5
Female,66,African-American,11,0,0,0,8,1,139.58333333333334
Female,24,African-American,3,0,0,0,6,0,4.5
Male,26,African-American,8,0,1,0,6,0,973.5666666666667
Male,40,African-American,1,0,0,0,1,0,47.75
Male,35,African-American,7,0,0,0,2,1,27.116666666666667
Male,24,Hispanic,2,0,0,0,8,1,2201.0666666666666
Male,26,Other,1,0,0,0,4,1,54.93333333333333
Male,38,Caucasian,2,0,0,0,4,1,1148.9
Male,51,African-American,12,0,0,0,8,1,3638.7833333333333
Female,33,Caucasian,0,0,0,0,1,0,14.583333333333334
Female,30,Caucasian,0,0,0,0,6,0,93.73333333333333
Male,27,Caucasian,3,2,0,0,3,0,24.75
Female,22,Caucasian,0,0,0,0,3,0,28.6
Male,28,Hispanic,1,0,0,0,7,0,808.0666666666667
Female,38,African-American,8,0,0,0,8,0,21.966666666666665
Male,29,African-American,5,0,0,0,6,0,65.71666666666667
Male,25,African-American,1,0,0,1,8,1,2513.95
Male,32,African-American,1,0,0,0,3,0,0.9833333333333333
Male,48,Other,0,0,0,0,1,0,46.63333333333333
Male,26,African-American,2,0,0,0,8,1,19.666666666666668
Male,34,African-American,2,0,0,0,1,0,15.066666666666666
Male,22,African-American,1,0,0,0,7,0,4855.45
Male,26,African-American,13,0,0,0,10,1,175.26666666666668
Male,26,African-American,4,0,0,0,4,1,1759.4666666666667
Male,22,African-American,8,0,1,0,4,1,942.9833333333333
Male,56,African-American,8,0,0,0,9,0,1919.05
Male,29,African-American,5,0,0,0,6,1,27.116666666666667
Male,33,Other,3,0,0,0,1,0,72.8
Female,39,Caucasian,0,0,0,0,1,0,17.25
Male,31,Caucasian,17,0,0,0,8,1,27.166666666666668
Male,21,Caucasian,1,0,0,0,4,0,21.716666666666665
Male,38,Caucasian,10,0,0,0,8,1,17.533333333333335
Male,25,African-American,2,0,0,0,6,0,23.0
Male,43,African-American,3,0,0,0,1,0,47.1
Male,25,African-American,1,0,0,0,6,1,694.7333333333333
Male,22,Other,2,0,0,1,2,0,1224.9166666666667
Male,52,African-American,4,0,0,0,6,0,2088.866666666667
Female,24,African-American,11,0,0,1,9,1,1850.3833333333334
Male,57,Caucasian,1,0,0,0,4,0,28.95
Male,37,Caucasian,0,0,0,0,1,0,23.716666666666665
Male,31,Hispanic,0,0,0,0,2,0,3.066666666666667
Male,21,African-American,1,1,0,2,10,1,47.766666666666666
Male,29,Hispanic,7,0,0,0,9,1,15.966666666666667
Male,28,Hispanic,10,0,0,0,9,0,694.9833333333333
Male,28,Caucasian,3,0,0,1,3,0,28.883333333333333
Male,54,Caucasian,1,0,0,0,3,1,2407.8333333333335
Male,26,African-American,8,0,0,0,7,1,30.933333333333334
Male,21,Caucasian,2,0,0,0,6,0,15.416666666666666
Male,54,Other,0,0,0,0,1,0,-4.316666666666666
Female,46,African-American,4,0,0,0,6,0,1343.3833333333334
Male,37,Caucasian,3,0,0,0,1,0,20.933333333333334
Female,24,African-American,0,0,0,0,3,0,20.916666666666668
Male,33,African-American,16,0,2,2,9,1,149.63333333333333
Male,38,African-American,10,0,0,1,4,1,247.83333333333334
Male,39,African-American,0,0,0,0,3,0,21.9
Male,49,African-American,2,0,0,0,1,0,121.25
Male,28,Caucasian,4,0,0,0,4,1,92.43333333333334
Male,26,Asian,2,0,0,0,3,1,4792.533333333334
Male,27,African-American,3,0,0,0,8,1,13.233333333333333
Male,56,African-American,28,0,0,0,7,0,1447.6666666666667
Male,27,African-American,1,0,0,0,5,0,2690.2833333333333
Male,22,Caucasian,1,0,1,1,4,1,27.833333333333332
Male,52,Caucasian,16,0,0,0,9,1,265.5833333333333
Female,51,Caucasian,0,0,0,0,1,0,30.633333333333333
Male,39,Caucasian,2,0,0,0,2,1,47.15
Female,27,African-American,1,0,0,0,6,1,384.7
Male,34,Hispanic,0,0,0,0,1,0,22.216666666666665
Male,24,African-American,1,0,0,0,3,1,23.866666666666667
Male,43,African-American,0,0,0,0,1,1,19.333333333333332
Male,32,Hispanic,0,0,0,0,3,0,20.4
Male,32,African-American,11,0,0,0,6,1,30.633333333333333
Male,37,Caucasian,0,0,0,0,1,0,2.6166666666666667
Male,26,Other,1,0,0,0,4,1,54.93333333333333
Male,66,African-American,3,0,0,0,1,0,6.583333333333333
Male,38,African-American,2,0,0,0,7,1,160.23333333333332
Female,32,African-American,0,0,0,0,3,1,27.266666666666666
Male,27,Other,0,0,0,0,4,1,28.233333333333334
Male,52,Caucasian,3,0,0,0,1,0,21.016666666666666
Female,20,African-American,0,0,0,0,6,1,53.3
Male,32,African-American,8,0,0,0,3,1,14.75
Male,47,Caucasian,0,0,0,0,1,0,309.26666666666665
Male,42,Caucasian,0,0,0,0,5,0,2.65
Male,27,African-American,4,0,0,0,8,1,816.0666666666667
Male,41,Caucasian,1,0,0,0,2,1,43.166666666666664
Male,27,Hispanic,1,0,0,0,4,1,77.9
Male,44,Caucasian,8,0,0,0,6,1,48.65
Female,34,African-American,1,0,0,0,9,0,511.55
Male,39,Caucasian,3,0,0,0,4,1,70.33333333333333
Female,21,African-American,0,0,0,0,10,1,792.4666666666667
Female,23,Caucasian,7,0,0,0,9,0,1400.8833333333334
Female,30,African-American,4,0,0,0,3,0,16.066666666666666
Male,26,African-American,7,0,0,1,8,1,75.86666666666666
Male,61,Caucasian,10,0,0,0,6,0,548.7333333333333
Male,27,African-American,5,0,0,0,3,1,77.08333333333333
Male,51,Caucasian,10,0,0,0,7,0,1066.4
Female,30,African-American,0,0,0,0,8,0,-5.316666666666666
Female,36,African-American,4,2,0,0,6,1,44.18333333333333
Male,28,African-American,8,0,0,0,6,1,22.316666666666666
Female,42,African-American,17,3,0,0,10,1,192.43333333333334
Female,48,African-American,0,0,0,0,6,1,232.95
Male,35,African-American,10,0,0,0,4,1,8.433333333333334
Male,40,Caucasian,2,0,0,0,2,0,24.383333333333333
Female,44,Caucasian,0,0,0,0,2,0,16.25
Male,25,African-American,5,0,0,0,7,0,1368.7666666666667
Male,24,Caucasian,1,0,0,1,4,0,49.833333333333336
Male,30,African-American,0,0,0,0,4,1,30.65
Male,28,African-American,10,0,1,0,7,1,5848.266666666666
Male,36,Hispanic,2,1,0,0,2,1,30.233333333333334
Male,22,African-American,11,0,0,0,10,1,0.08333333333333333
Female,29,Caucasian,2,0,0,0,7,1,212.88333333333333
Male,28,African-American,5,0,0,0,7,0,2062.3
Male,30,African-American,0,0,0,0,2,1,22.45
Male,32,African-American,0,0,0,0,6,0,25.3
Female,30,Caucasian,1,0,0,0,6,0,191.21666666666667
Male,25,Caucasian,19,2,12,7,8,0,2082.6666666666665
Male,38,Caucasian,2,0,0,0,1,0,102.65
Male,33,Hispanic,3,0,0,0,1,0,24.4
Female,25,African-American,5,0,0,0,9,1,19.883333333333333
Male,20,African-American,0,0,0,0,3,0,25.566666666666666
Male,25,African-American,6,0,0,0,9,0,52.46666666666667
Male,25,African-American,28,0,0,0,9,1,22.216666666666665
Male,37,Caucasian,1,0,0,0,1,1,15.716666666666667
Male,29,African-American,8,0,0,0,10,0,2102.983333333333
Male,51,African-American,0,0,0,0,4,1,725.4333333333333
Male,26,African-American,0,0,0,0,2,0,342.5833333333333
Female,39,Caucasian,1,0,0,0,4,0,2564.8166666666666
Male,43,Other,2,0,0,0,1,0,32.266666666666666
Male,30,Caucasian,4,0,0,0,4,0,91.95
Male,50,Caucasian,1,0,0,0,6,1,964.2333333333333
Male,19,African-American,1,0,0,0,4,1,95.08333333333333
Female,28,African-American,0,0,0,0,3,0,23.533333333333335
Male,20,African-American,0,0,0,0,5,0,93.11666666666666
Male,31,African-American,3,0,0,0,8,1,477.75
Male,28,Caucasian,2,0,0,0,3,1,51.96666666666667
Female,31,African-American,2,0,0,0,5,1,4227.283333333334
Female,53,African-American,0,0,0,0,5,0,34.13333333333333
Male,26,African-American,0,0,0,0,2,0,53.8
Female,26,Caucasian,0,0,0,0,5,0,30.066666666666666
Male,57,African-American,19,0,0,0,6,0,76.26666666666667
Male,36,African-American,7,1,0,0,8,0,48.03333333333333
Female,44,African-American,1,0,0,0,2,0,312.8833333333333
Male,23,African-American,0,0,0,0,6,1,45.9
Male,43,African-American,19,0,0,0,9,0,509.8666666666667
Male,34,African-American,2,0,0,0,2,0,26.5
Male,23,Caucasian,2,0,0,0,7,1,363.48333333333335
Female,24,African-American,2,0,0,0,4,0,30.016666666666666
Male,22,African-American,2,0,0,0,9,0,269.3666666666667
Male,30,African-American,20,2,0,0,9,1,7610.383333333333
Male,33,African-American,18,0,0,3,9,1,21.35
Male,58,Caucasian,12,0,0,0,2,1,1296.65
Male,21,Caucasian,0,0,0,1,8,0,3434.9
Male,21,African-American,0,0,0,0,8,1,214.85
Male,19,Caucasian,0,0,0,0,8,0,46.666666666666664
Male,20,Caucasian,2,0,0,0,8,0,51.45
Female,36,African-American,3,0,0,0,6,1,4.2
Female,55,African-American,2,0,0,0,1,0,27.183333333333334
Male,27,African-American,11,0,1,0,8,0,115.96666666666667
Male,29,African-American,7,0,0,0,10,1,208.25
Male,22,Hispanic,1,0,0,0,9,0,7274.466666666666
Male,21,African-American,0,0,0,0,7,0,40.86666666666667
Female,36,Caucasian,4,0,0,0,9,1,4038.6
Male,49,African-American,15,0,0,0,7,0,410.51666666666665
Male,26,African-American,2,0,0,0,4,0,91.06666666666666
Female,22,African-American,4,0,0,0,9,0,867.3666666666667
Male,26,Caucasian,0,0,0,0,5,1,41.833333333333336
Male,28,African-American,7,0,2,0,7,1,45.5
Male,27,Caucasian,0,0,0,0,2,0,24.233333333333334
Male,46,Caucasian,2,0,0,0,2,0,1101.4
Female,26,Caucasian,7,0,0,0,6,1,309.3666666666667
Male,50,African-American,0,0,0,0,1,0,23.216666666666665
Male,50,Hispanic,9,0,0,0,5,1,693.9166666666666
Male,22,Caucasian,0,0,0,1,2,1,24.383333333333333
Male,33,Caucasian,3,0,0,0,6,0,28.5
Male,27,African-American,15,0,0,0,10,1,1172.1666666666667
Male,29,Caucasian,8,0,0,0,9,1,1887.3833333333334
Male,21,African-American,2,0,0,11,10,0,30.416666666666668
Male,26,Caucasian,0,0,0,0,2,0,218.23333333333332
Male,56,Caucasian,3,0,0,0,3,0,4.316666666666666
Male,71,Caucasian,2,0,0,0,1,0,113.83333333333333
Male,27,African-American,8,0,0,0,8,1,3.6166666666666667
Male,55,African-American,1,0,0,0,4,0,17.55
Male,34,Caucasian,3,0,0,0,2,0,42.68333333333333
Male,47,Hispanic,3,0,0,0,1,0,7.783333333333333
Female,27,African-American,3,0,0,0,5,0,21.166666666666668
Male,65,Caucasian,6,0,0,0,4,0,1313.5333333333333
Male,20,African-American,0,0,0,2,4,1,26.766666666666666
Male,24,Caucasian,0,0,0,0,4,0,446.3
Male,22,African-American,1,0,0,1,7,1,28.166666666666668
Male,26,African-American,2,0,0,0,4,0,30.55
Male,26,Caucasian,5,0,0,0,4,1,845.0833333333334
Male,32,Caucasian,11,1,0,0,10,1,7553.6
Male,24,African-American,9,0,1,0,9,1,74.53333333333333
Male,37,African-American,7,0,0,0,4,0,569.9
Male,22,African-American,1,0,0,1,7,1,28.166666666666668
Male,47,African-American,17,0,0,0,8,0,6.633333333333334
Female,59,Caucasian,2,0,0,0,3,0,696.9666666666667
Male,30,African-American,2,0,0,0,6,0,18.766666666666666
Male,35,African-American,1,0,0,0,4,0,19.333333333333332
Male,24,African-American,4,0,0,0,9,1,1224.7666666666667
Male,39,Hispanic,1,0,0,0,1,0,2.033333333333333
Female,50,African-American,4,0,0,0,3,0,320.3833333333333
Male,59,African-American,0,0,0,0,1,0,46.43333333333333
Male,29,African-American,0,0,0,0,2,0,24.066666666666666
Male,27,African-American,8,0,0,0,3,1,408.01666666666665
Male,21,Caucasian,1,0,1,0,5,1,143.58333333333334
Male,21,Caucasian,0,0,0,0,4,1,694.4166666666666
Female,39,African-American,1,0,0,0,4,0,337.85
Male,59,African-American,4,0,0,0,2,0,23.3
Female,33,Asian,0,0,0,0,2,0,-10.666666666666666
Male,23,Other,2,0,0,0,7,0,1080.6166666666666
Male,45,African-American,7,0,0,0,1,0,26.3
Female,41,African-American,7,0,0,0,4,1,26.85
Male,41,African-American,18,2,0,0,10,1,815.6166666666667
Female,53,Caucasian,6,0,0,0,5,1,259.75
Male,25,Caucasian,1,0,0,0,1,0,2682.55
Male,40,Caucasian,7,0,0,0,8,0,992.3666666666667
Female,50,Caucasian,7,0,0,0,1,1,190.0
Male,29,African-American,5,0,0,0,3,1,333.21666666666664
Male,44,Caucasian,6,0,0,0,6,1,6480.583333333333
Male,22,African-American,0,0,0,1,8,1,20.533333333333335
Female,29,Caucasian,3,0,0,0,3,0,5.833333333333333
Male,26,African-American,0,0,0,0,1,0,22.2
Male,25,African-American,9,0,0,0,9,1,2033.7333333333333
Male,34,Other,1,0,0,0,2,1,-5.383333333333334
Female,31,Caucasian,2,0,0,2,5,1,29.283333333333335
Male,55,Caucasian,18,0,0,0,2,1,894.4166666666666
Male,20,Caucasian,0,0,0,0,4,0,29.933333333333334
Male,32,Caucasian,0,0,0,0,1,0,5.0
Male,27,African-American,8,0,0,0,3,1,408.01666666666665
Male,28,African-American,2,0,0,0,2,1,3001.766666666667
Male,57,Other,0,0,0,0,1,0,18.55
Male,32,African-American,7,0,1,3,8,1,22.8
Male,22,African-American,2,1,0,0,9,0,8207.566666666668
Male,46,African-American,3,0,0,0,3,1,844.15
Male,28,African-American,9,0,0,0,10,0,166.81666666666666
Male,20,Hispanic,1,0,0,0,10,1,19.616666666666667
Male,34,African-American,3,0,0,0,8,0,103.15
Male,33,Other,0,0,0,0,1,1,2007.5166666666667
Male,53,African-American,1,0,0,0,1,0,27.033333333333335
Male,43,Caucasian,0,0,0,0,2,0,7.05
Male,23,African-American,8,0,0,0,10,1,69.7
Male,23,African-American,1,0,1,0,10,0,91.78333333333333
Female,23,Caucasian,5,0,0,4,5,1,18.133333333333333
Male,45,Caucasian,1,0,0,0,1,0,24.516666666666666
Male,29,African-American,16,0,1,0,10,0,408.28333333333336
Male,21,African-American,1,0,0,0,10,1,2065.4333333333334
Male,51,Caucasian,10,0,0,0,7,0,1066.4
Male,52,Caucasian,1,0,0,0,10,0,790.0333333333333
Male,48,African-American,7,0,0,0,7,1,68.46666666666667
Male,23,African-American,1,0,0,0,2,0,945.1166666666667
Male,24,Caucasian,8,0,0,2,9,1,848.0
Male,24,African-American,3,0,1,0,10,1,18.45
Male,36,Caucasian,11,0,0,0,6,1,52.4
Male,34,Caucasian,2,0,0,0,7,1,19.65
Female,22,Caucasian,1,0,0,1,3,0,5.0
Male,34,African-American,1,0,0,0,7,0,-3.5166666666666666
Female,33,Caucasian,0,0,0,0,6,1,28.016666666666666
Male,22,African-American,0,0,0,0,4,1,124.06666666666666
Male,48,Hispanic,2,0,0,0,1,0,113.98333333333333
Female,42,Caucasian,0,0,0,0,2,1,42.93333333333333
Male,63,African-American,8,0,0,0,6,0,97.18333333333334
Male,36,African-American,16,0,0,0,5,1,5.466666666666667
Male,26,African-American,5,0,0,0,4,0,70.88333333333334
Male,34,African-American,9,3,1,0,7,1,22.216666666666665
Male,38,Caucasian,2,0,0,0,5,1,185.5
Male,52,Caucasian,4,0,0,0,2,0,888.6833333333333
Male,34,Caucasian,13,0,0,0,5,0,797.4666666666667
Male,56,Caucasian,1,0,0,0,2,0,365.93333333333334
Male,27,African-American,5,0,0,0,3,1,77.08333333333333
Male,22,African-American,1,0,0,0,9,1,2479.25
Male,35,Caucasian,6,0,0,0,5,1,41.88333333333333
Male,50,Caucasian,1,0,0,0,1,0,21.5
Male,27,African-American,2,0,0,0,9,1,25.983333333333334
Male,30,African-American,7,0,0,0,3,0,23.233333333333334
Female,35,African-American,13,1,0,0,10,0,3849.133333333333
Male,24,African-American,1,0,0,0,4,1,4.316666666666666
Male,21,Caucasian,1,0,0,0,5,0,23.6
Male,21,Asian,0,0,0,1,6,1,20.85
Male,30,Other,4,0,0,0,9,1,21.333333333333332
Female,35,African-American,9,2,0,0,8,0,4173.0
Male,27,African-American,5,0,0,0,3,1,77.08333333333333
Male,45,Hispanic,6,0,0,0,1,1,5807.133333333333
Male,28,African-American,1,0,0,0,2,0,27.333333333333332
Male,23,African-American,0,0,0,0,9,0,22.05
Male,19,African-American,2,3,0,0,8,1,353.73333333333335
Male,27,African-American,1,0,0,0,2,0,699.7
Male,35,Caucasian,3,0,0,0,5,1,20.616666666666667
Male,28,Caucasian,0,0,0,0,4,1,27.633333333333333
Male,29,African-American,7,0,2,0,7,1,96.33333333333333
Male,25,Caucasian,2,0,0,0,6,0,696.9833333333333
Male,40,Caucasian,8,0,0,0,8,1,163.63333333333333
Male,52,Caucasian,10,0,0,0,1,0,1613.8833333333334
Male,29,African-American,10,0,0,0,9,1,700.5166666666667
Male,30,African-American,5,0,0,1,6,1,26.166666666666668
Male,32,Hispanic,2,0,0,0,5,1,21.75
Male,36,Caucasian,1,0,0,0,6,0,2551.3166666666666
Male,44,African-American,24,0,0,0,7,0,2824.3166666666666
Male,38,African-American,0,0,0,0,4,0,27.1
Male,21,African-American,1,0,0,0,9,1,27.133333333333333
Male,60,Hispanic,4,0,0,0,1,0,149.2
Male,38,African-American,1,0,0,0,4,1,1862.4166666666667
Male,23,African-American,1,0,0,0,8,0,44.75
Male,35,African-American,4,2,0,0,8,0,42.15
Female,21,Caucasian,2,0,0,0,5,0,2924.15
Female,31,Caucasian,9,0,0,0,7,1,639.0
Female,41,Caucasian,3,0,0,0,7,0,4315.4
Male,34,African-American,12,0,0,0,7,0,72.6
Female,24,African-American,1,0,0,0,7,0,414.53333333333336
Male,28,Caucasian,2,0,0,0,3,1,29.2
Male,21,African-American,1,0,0,0,10,1,22.016666666666666
Female,32,African-American,5,0,0,0,1,0,-2.15
Female,48,Caucasian,1,0,0,0,1,1,42.93333333333333
Male,36,Caucasian,14,0,0,0,4,1,21.85
Female,42,Caucasian,3,0,0,0,5,0,16.116666666666667
Male,34,African-American,2,0,0,0,4,0,20.616666666666667
Male,32,African-American,14,0,0,0,9,1,50.36666666666667
Male,23,African-American,0,0,0,0,8,1,49.56666666666667
Female,29,African-American,0,0,0,0,2,0,14.25
Male,20,African-American,1,0,0,1,10,1,2616.45
Male,30,African-American,4,0,0,0,2,0,-3.05
Male,41,African-American,10,0,1,0,9,1,4224.233333333334
Female,20,African-American,0,0,0,0,5,0,23.666666666666668
Female,38,African-American,0,0,0,0,1,0,16.9
Male,23,African-American,4,0,0,0,10,0,52.016666666666666
Male,33,Caucasian,0,0,0,0,1,1,2.3333333333333335
Male,22,Caucasian,1,0,0,0,3,1,13.783333333333333
Female,23,Hispanic,1,0,0,1,5,0,69.25
Female,22,Caucasian,0,0,0,0,7,1,24.466666666666665
Male,28,Caucasian,0,0,0,0,7,0,1286.65
Male,31,African-American,16,3,0,0,10,1,22.733333333333334
Female,53,Caucasian,1,0,0,0,3,0,23.65
Male,56,Hispanic,0,0,0,0,1,0,27.25
Male,21,African-American,0,0,0,0,10,1,25.083333333333332
Male,22,African-American,0,0,0,1,9,1,511.5
Male,29,African-American,0,0,0,0,2,1,31.8
Male,45,African-American,0,0,0,0,1,0,1.9333333333333333
Male,31,African-American,19,0,0,0,9,1,19.5
Male,33,Caucasian,9,0,0,0,9,1,1176.7333333333333
Male,28,African-American,9,0,0,0,3,1,388.1333333333333
Male,34,Caucasian,0,0,0,0,1,0,22.116666666666667
Male,27,Other,2,0,0,0,2,1,44.666666666666664
Female,49,Caucasian,0,0,0,0,1,0,28.15
Male,26,Caucasian,1,0,0,0,4,0,18.816666666666666
Female,42,Other,0,0,0,0,1,0,39.766666666666666
Male,64,Caucasian,5,0,0,0,2,0,98.4
Female,37,Caucasian,0,0,0,0,3,0,23.383333333333333
Male,24,African-American,0,0,0,0,2,0,28.566666666666666
Male,34,Hispanic,9,0,0,0,9,0,1773.2833333333333
Male,52,Caucasian,1,0,0,0,1,0,962.85
Male,25,African-American,0,0,0,0,3,0,823.5333333333333
Male,22,African-American,0,0,0,0,3,0,22.1
Male,33,African-American,3,0,0,0,5,1,95.06666666666666
Male,41,African-American,0,0,0,0,1,0,20.783333333333335
Female,35,Hispanic,0,0,0,0,1,0,27.233333333333334
Female,25,African-American,1,0,0,0,5,0,24.333333333333332
Female,22,Caucasian,0,0,0,0,7,1,24.466666666666665
Male,37,African-American,11,0,0,0,7,1,16.3
Male,67,Caucasian,5,0,0,0,1,0,21.666666666666668
Female,64,Caucasian,0,0,0,0,1,0,22.45
Male,28,Caucasian,1,0,0,0,5,0,148.06666666666666
Female,33,African-American,2,0,0,0,3,1,49.46666666666667
Male,34,Caucasian,0,0,0,0,2,0,19.866666666666667
Female,36,Hispanic,9,0,0,0,1,1,21.783333333333335
Female,29,Caucasian,1,0,0,0,5,1,55.2
Male,32,African-American,4,0,0,0,4,1,28.65
Male,22,African-American,3,0,0,0,5,1,16.183333333333334
Male,27,African-American,2,0,0,0,5,1,47.4
Male,27,Caucasian,4,0,0,0,7,1,3.8833333333333333
Male,22,African-American,3,0,0,0,8,1,628.7
Male,34,Caucasian,5,0,0,1,6,1,6.233333333333333
Male,34,African-American,8,0,0,0,10,0,511.8
Male,52,Caucasian,3,0,0,0,4,0,141.73333333333332
Female,33,African-American,3,0,0,0,6,1,220.65
Male,23,African-American,1,0,0,1,10,0,20.466666666666665
Male,27,African-American,1,0,0,0,5,0,50.233333333333334
Male,30,African-American,3,0,0,0,4,1,50.03333333333333
Male,30,African-American,8,6,0,0,9,1,18.766666666666666
Male,52,Caucasian,16,0,0,0,9,1,265.5833333333333
Male,62,African-American,22,0,0,0,8,1,798.1333333333333
Male,50,Caucasian,0,0,0,0,1,0,16.05
Male,34,Caucasian,13,0,0,0,8,1,452.46666666666664
Male,29,Caucasian,11,0,0,0,10,0,7334.866666666667
Male,24,Caucasian,3,0,0,0,4,0,16.816666666666666
Male,39,Caucasian,3,0,0,0,2,0,6.333333333333333
Male,31,Caucasian,6,0,0,0,3,1,5.383333333333334
Female,36,Caucasian,3,0,0,0,6,1,648.85
Male,26,African-American,1,0,0,0,2,0,432.1166666666667
Female,26,African-American,6,0,0,0,6,1,75.36666666666666
Male,32,Caucasian,0,0,0,0,7,0,48.68333333333333
Male,26,African-American,13,0,1,0,10,1,-3.566666666666667
Male,56,Caucasian,0,0,0,0,1,1,19.1
Female,35,Caucasian,3,0,1,0,4,0,5.0
Male,44,Caucasian,4,0,0,0,5,1,47.483333333333334
Male,38,Other,2,0,0,0,4,0,28.083333333333332
Female,27,African-American,1,0,0,0,2,1,18.616666666666667
Male,49,African-American,15,0,0,0,7,0,2575.5666666666666
Male,22,Caucasian,1,0,0,3,5,1,29.166666666666668
Male,28,Caucasian,7,0,0,0,9,1,28.483333333333334
Male,47,Caucasian,28,0,0,0,9,1,813.6166666666667
Male,23,African-American,6,0,0,1,9,1,196.95
Male,22,African-American,0,0,0,0,7,0,25.75
Male,59,Caucasian,2,0,0,0,1,0,451.4166666666667
Female,31,African-American,7,0,0,0,5,1,25.783333333333335
Male,31,African-American,10,0,0,0,6,1,192.96666666666667
Female,26,Caucasian,7,0,0,0,6,1,309.3666666666667
Female,23,Hispanic,1,0,0,0,3,1,10.25
Female,50,Caucasian,2,0,0,0,2,0,26.366666666666667
Male,31,African-American,1,0,0,0,2,0,18.6
Male,30,African-American,14,0,1,0,9,1,49.666666666666664
Female,43,Caucasian,0,0,0,0,1,0,23.133333333333333
Male,50,Caucasian,4,0,0,0,2,0,630.05
Male,37,African-American,12,0,0,0,9,1,5.716666666666667
Male,23,Other,4,0,0,0,10,0,53.43333333333333
Female,44,Caucasian,10,0,0,0,5,1,142.23333333333332
Male,48,Other,4,0,0,0,1,1,98.33333333333333
Male,27,Caucasian,0,0,0,0,2,0,676.6833333333333
Male,24,Caucasian,0,0,0,0,2,1,16.383333333333333
Male,54,Caucasian,3,0,0,0,1,1,48.95
Male,27,Hispanic,1,0,0,0,2,0,22.533333333333335
Male,48,African-American,10,0,0,0,9,0,167.93333333333334
Male,32,African-American,7,0,0,0,2,0,47.3
Male,59,African-American,2,0,0,0,1,0,2618.9333333333334
Female,38,African-American,2,0,0,0,7,0,601.8166666666667
Male,27,Caucasian,1,0,0,0,2,0,1563.8333333333333
Male,28,African-American,0,0,0,0,2,1,26.933333333333334
Male,21,African-American,0,0,0,0,4,1,2823.633333333333
Female,21,African-American,0,0,0,0,8,1,43.083333333333336
Male,25,African-American,4,1,0,0,9,0,42.95
Female,49,Caucasian,2,0,0,0,2,1,287.96666666666664
Female,22,Hispanic,0,0,0,0,2,0,14.883333333333333
Male,37,African-American,12,0,0,0,9,0,2859.633333333333
Male,28,Caucasian,1,0,0,0,1,0,24.066666666666666
Female,37,Caucasian,2,0,0,0,5,0,37.95
Male,27,Other,6,0,0,0,7,0,2081.2833333333333
Male,27,African-American,10,0,0,0,9,1,28.266666666666666
Male,29,African-American,12,0,0,0,2,1,3.1333333333333333
Male,25,African-American,1,0,0,0,7,0,770.55
Male,49,Caucasian,0,0,0,0,1,0,5.85
Male,22,Caucasian,1,0,0,0,3,1,13.783333333333333
Female,30,Caucasian,3,0,0,0,5,0,23.05
Male,31,African-American,0,0,0,0,2,0,23.05
Male,25,Hispanic,2,0,0,0,5,1,21.55
Male,26,African-American,1,0,0,0,6,1,717.9
Female,51,Caucasian,0,0,0,0,1,0,4.0
Male,39,Hispanic,0,0,0,0,1,0,51.983333333333334
Male,35,Caucasian,2,0,0,0,2,1,49.65
Male,27,Caucasian,0,0,0,0,1,0,21.966666666666665
Male,22,Caucasian,0,0,0,0,6,0,15.833333333333334
Male,36,Caucasian,12,0,0,0,1,0,319.31666666666666
Male,28,African-American,6,0,0,0,8,1,30.633333333333333
Male,35,African-American,13,1,0,0,9,1,3225.266666666667
Male,50,Hispanic,3,0,0,0,9,1,815.1833333333333
Male,28,African-American,5,1,0,0,5,1,4102.9
Male,25,African-American,0,0,0,0,2,0,174.18333333333334
Male,34,African-American,2,0,0,0,4,0,20.616666666666667
Male,52,African-American,0,0,0,0,1,0,23.866666666666667
Male,31,African-American,1,0,0,0,2,1,25.633333333333333
Female,23,African-American,3,0,0,0,8,1,888.3666666666667
Male,62,Caucasian,2,0,0,0,7,0,338.15
Male,25,Hispanic,0,0,0,0,3,0,20.35
Male,30,Caucasian,2,0,0,0,3,0,124.3
Male,38,African-American,4,0,0,0,2,0,20.266666666666666
Male,20,Hispanic,0,0,0,0,3,0,0.4666666666666667
Male,23,African-American,6,0,0,1,9,1,196.95
Male,31,African-American,0,0,0,0,2,0,19.983333333333334
Male,50,African-American,24,0,0,2,8,1,777.15
Female,27,African-American,0,0,0,0,2,0,21.533333333333335
Female,27,Caucasian,4,0,0,0,8,1,1312.2166666666667
Female,35,African-American,8,0,0,1,4,0,23.65
Female,47,Hispanic,1,0,0,0,1,0,50.5
Male,24,African-American,0,0,0,0,5,0,25.233333333333334
Male,56,Caucasian,0,0,0,0,1,0,-4.883333333333334
Male,20,African-American,0,0,0,0,8,0,24.016666666666666
Female,23,African-American,1,0,0,0,4,1,680.65
Male,49,Caucasian,6,0,0,0,7,0,24.3
Male,30,African-American,2,0,0,0,7,0,24.466666666666665
Male,25,African-American,2,0,0,0,8,0,28.166666666666668
Male,43,Caucasian,1,0,0,0,2,1,1558.15
Female,29,African-American,1,0,0,0,2,0,20.866666666666667
Female,29,African-American,5,0,0,0,10,0,215.18333333333334
Female,37,Caucasian,0,0,0,0,3,0,6.116666666666666
Male,26,Native American,11,0,0,0,8,1,5798.016666666666
Male,32,Caucasian,6,0,0,2,7,0,4.166666666666667
Male,45,African-American,38,0,0,0,8,1,2907.1833333333334
Male,23,African-American,1,0,0,0,5,0,5.683333333333334
Male,48,Caucasian,20,0,0,0,6,1,255.45
Male,22,African-American,0,0,0,1,9,1,511.5
Female,26,Caucasian,2,0,0,0,5,0,3.1666666666666665
Male,53,Hispanic,1,0,0,0,1,1,48.38333333333333
Male,24,African-American,4,0,0,0,4,1,77.36666666666666
Male,31,African-American,7,0,0,0,10,0,10959.966666666667
Male,24,African-American,4,0,1,0,8,1,644.7333333333333
Female,28,African-American,1,0,0,0,2,0,22.7
Male,33,Other,4,0,0,0,3,1,43.86666666666667
Female,28,Caucasian,1,0,0,0,2,0,0.6166666666666667
Male,22,African-American,2,0,1,3,6,0,20.616666666666667
Male,47,Caucasian,1,0,0,0,6,1,1967.4166666666667
Female,26,Caucasian,7,0,0,0,6,1,309.3666666666667
Male,30,African-American,14,0,0,0,8,1,1538.7166666666667
Male,53,African-American,17,0,0,0,6,0,4769.883333333333
Male,23,African-American,6,1,2,2,6,1,20.883333333333333
Male,31,Caucasian,6,0,0,0,4,0,73.68333333333334
Female,23,Caucasian,0,0,0,0,3,0,20.75
Male,27,African-American,0,0,0,0,2,0,43.15
Male,30,Caucasian,2,0,0,0,2,0,48.733333333333334
Female,56,Caucasian,1,0,0,0,1,0,25.483333333333334
Male,35,Caucasian,3,0,0,0,3,1,30.283333333333335
Male,43,Caucasian,9,0,0,0,8,0,89.8
Male,34,African-American,0,0,0,0,1,0,44.13333333333333
Female,23,African-American,0,0,0,0,5,0,33.56666666666667
Female,27,Hispanic,0,0,0,0,2,1,23.533333333333335
Male,45,Hispanic,3,0,0,0,6,0,2812.85
Male,23,Hispanic,2,0,0,0,6,1,462.76666666666665
Male,30,African-American,14,0,0,0,8,1,1538.7166666666667
Male,34,Caucasian,1,0,0,0,5,0,20.85
Male,64,African-American,7,0,0,0,10,0,94.96666666666667
Female,30,African-American,4,0,0,0,5,0,24.75
Male,27,African-American,1,0,0,0,2,0,23.4
Male,34,Caucasian,1,0,0,0,5,0,28.716666666666665
Male,55,African-American,0,0,0,0,6,0,54.333333333333336
Female,39,African-American,22,0,0,0,6,1,42.266666666666666
Male,39,African-American,5,0,0,0,9,1,625.4833333333333
Male,25,African-American,3,0,0,0,5,1,644.2166666666667
Male,29,African-American,7,0,0,0,10,1,208.25
Male,31,Caucasian,2,0,0,0,1,1,808.25
Female,24,Caucasian,3,0,1,0,5,1,14.633333333333333
Male,24,African-American,4,0,0,1,7,0,116.76666666666667
Male,33,Caucasian,3,0,0,0,3,0,1056.5666666666666
Male,45,Caucasian,5,0,0,0,3,0,24.2
Male,52,Caucasian,3,0,0,0,2,0,14.916666666666666
Male,25,Caucasian,0,0,0,0,2,0,19.866666666666667
Male,42,African-American,9,0,0,0,6,1,4.233333333333333
Male,23,African-American,5,0,0,1,9,1,119.63333333333334
Male,52,Caucasian,0,0,0,0,1,0,24.95
Male,68,Caucasian,2,0,0,0,1,0,18.95
Male,37,Caucasian,4,0,0,0,4,1,5.883333333333334
Male,43,African-American,2,0,0,0,3,0,143.65
Male,41,African-American,0,0,0,0,1,0,4250.15
Male,39,African-American,4,0,0,0,2,0,163.78333333333333
Male,32,African-American,7,0,3,0,2,1,121.36666666666666
Female,58,Caucasian,0,0,0,0,1,0,49.5
Male,38,African-American,9,1,1,0,8,1,315.1333333333333
Male,22,African-American,1,0,0,1,7,1,28.166666666666668
Male,37,African-American,10,0,0,0,7,1,18.183333333333334
Male,35,African-American,0,0,0,0,1,0,75.03333333333333
Male,40,African-American,21,0,0,0,5,0,718.35
Male,26,African-American,2,0,0,0,2,1,91.75
Female,44,African-American,2,0,0,0,3,0,21.883333333333333
Male,22,African-American,0,0,0,0,4,1,21.066666666666666
Female,34,African-American,0,0,0,0,1,0,29.166666666666668
Female,40,Caucasian,1,0,0,0,7,0,290.7
Female,61,African-American,1,0,0,0,1,1,18.15
Female,34,Caucasian,0,0,0,0,2,0,15.833333333333334
Male,23,African-American,0,0,0,0,2,0,28.066666666666666
Male,21,African-American,1,0,0,0,9,1,30.05
Male,33,Caucasian,0,0,0,0,1,0,284.4166666666667
Male,23,Hispanic,2,0,0,0,5,1,1414.8833333333334
Male,24,African-American,1,0,0,0,5,1,48.56666666666667
Male,25,African-American,8,0,0,0,6,1,696.3166666666667
Male,21,African-American,1,0,0,0,9,0,3.933333333333333
Female,44,African-American,11,0,1,0,8,1,367.78333333333336
Female,34,African-American,5,0,0,0,3,1,28.566666666666666
Male,28,African-American,25,0,0,0,8,1,623.2
Male,22,African-American,13,0,0,1,10,1,22.183333333333334
Male,35,Other,1,0,0,0,3,0,29.566666666666666
Male,49,African-American,29,0,0,0,6,1,19.35
Male,44,African-American,0,0,0,0,6,0,10963.566666666668
Male,28,African-American,0,0,0,0,2,1,21.566666666666666
Female,33,African-American,0,0,0,0,3,0,26.316666666666666
Male,41,Caucasian,4,0,0,0,3,1,20.366666666666667
Male,24,Other,3,0,0,0,8,1,73.86666666666666
Male,69,Caucasian,0,0,0,0,1,0,21.25
Male,31,African-American,0,0,0,0,2,0,3.216666666666667
Male,37,African-American,3,0,0,0,2,0,30.533333333333335
Male,34,Caucasian,0,0,0,0,1,0,14.05
Male,31,Hispanic,3,0,0,0,3,0,23.416666666666668
Male,48,Caucasian,1,0,0,0,7,1,3096.383333333333
Male,21,Caucasian,0,0,0,0,4,0,48.0
Male,21,African-American,1,0,1,0,10,1,1419.55
Male,37,African-American,1,0,0,0,1,0,43.35
Male,55,African-American,0,0,0,0,1,0,26.283333333333335
Male,28,Caucasian,3,0,0,0,3,0,1218.3666666666666
Male,53,Caucasian,0,0,0,0,1,0,103.15
Male,22,African-American,5,0,0,0,8,1,458.8666666666667
Male,36,Caucasian,10,1,0,0,9,1,2019.9666666666667
Male,24,African-American,2,0,0,0,4,1,44.95
Male,35,African-American,4,0,0,0,4,0,264.73333333333335
Male,27,African-American,5,0,0,0,3,1,6.216666666666667
Male,38,Hispanic,3,0,0,0,1,1,46.333333333333336
Male,65,Caucasian,3,0,0,0,2,0,555.55
Male,39,African-American,16,1,1,0,9,0,1871.6166666666666
Male,27,African-American,1,0,0,0,3,1,30.883333333333333
Male,25,African-American,3,0,0,0,7,0,19.3
Female,35,Caucasian,1,0,0,0,5,0,692.05
Male,55,African-American,10,0,0,0,7,1,102.75
Male,21,African-American,1,0,0,0,3,0,25.083333333333332
Male,20,Caucasian,0,0,0,0,10,0,3361.116666666667
Male,24,African-American,1,0,0,0,1,1,17.05
Male,43,Hispanic,0,0,0,0,1,0,22.916666666666668
Male,30,African-American,2,0,0,0,6,1,41.583333333333336
Male,39,Caucasian,2,0,0,0,1,1,-5.283333333333333
Male,53,Hispanic,0,0,0,0,1,0,31.583333333333332
Male,32,African-American,13,0,1,0,8,1,9.25
Male,20,African-American,0,0,0,4,9,0,5809.85
Male,21,African-American,0,0,0,0,6,1,25.15
Male,58,Caucasian,9,0,0,0,7,0,39.6
Male,29,Caucasian,3,0,0,0,3,0,94.56666666666666
Female,33,Caucasian,5,0,0,0,6,1,481.06666666666666
Female,41,Caucasian,9,0,0,0,4,1,16.05
Male,33,Caucasian,5,0,1,0,1,1,25.733333333333334
Male,23,Other,7,0,2,0,6,1,222.85
Male,21,African-American,0,0,0,0,9,1,43.68333333333333
Male,27,African-American,6,0,0,0,4,1,937.4666666666667
Male,21,African-American,1,0,0,0,9,1,30.05
Male,47,Caucasian,5,0,0,0,3,1,3.3333333333333335
Male,25,Caucasian,1,0,0,0,5,0,28.433333333333334
Female,20,African-American,1,0,0,0,4,0,21.683333333333334
Male,31,African-American,1,0,0,0,7,0,6291.116666666667
Male,25,Caucasian,0,0,0,0,3,0,27.266666666666666
Male,42,African-American,0,0,0,0,1,0,19.75
Male,33,African-American,0,0,0,0,10,1,906.9833333333333
Male,33,Hispanic,0,0,0,0,1,0,3.6666666666666665
Male,37,Caucasian,1,0,0,0,5,1,-4.466666666666667
Male,25,Caucasian,5,0,0,0,4,1,2445.15
Male,49,African-American,18,2,0,1,7,0,6605.183333333333
Female,28,African-American,10,0,0,0,7,1,85.33333333333333
Male,21,Hispanic,4,1,0,0,10,1,17.716666666666665
Male,22,African-American,1,0,0,0,7,1,30.716666666666665
Male,83,Hispanic,0,0,0,0,1,0,22.933333333333334
Female,35,Other,0,0,0,0,1,0,21.466666666666665
Male,62,Caucasian,0,0,0,0,1,0,21.233333333333334
Male,28,African-American,5,0,0,0,7,0,2062.3
Male,23,African-American,2,0,0,1,7,1,48.416666666666664
Female,39,Other,2,0,0,0,1,0,19.15
Male,27,African-American,4,0,0,0,4,1,23.733333333333334
Male,46,African-American,5,0,0,0,5,1,49.416666666666664
Female,45,Other,1,0,0,0,1,0,48.166666666666664
Male,33,African-American,0,0,0,0,7,0,19.35
Female,43,African-American,2,1,0,0,9,0,3668.1833333333334
Male,21,African-American,3,0,2,1,9,1,26.1
Male,21,Other,0,0,0,0,5,1,48.3
Male,40,Caucasian,5,0,0,0,1,1,15.233333333333333
Male,21,African-American,0,0,0,0,5,0,19.216666666666665
Male,27,African-American,6,0,1,0,6,1,722.8
Male,50,Hispanic,9,0,0,0,5,1,693.9166666666666
Male,56,African-American,17,0,0,0,6,0,504.8333333333333
Female,30,African-American,2,0,0,0,3,0,22.15
Male,43,Caucasian,4,0,0,0,3,0,16.766666666666666
Male,29,Caucasian,3,0,0,0,3,0,94.56666666666666
Male,20,Caucasian,0,0,0,0,10,1,21.0
Male,22,African-American,2,0,0,0,7,1,4276.666666666667
Male,21,African-American,0,0,0,1,9,1,19.166666666666668
Female,22,African-American,0,0,0,0,5,0,51.083333333333336
Male,34,African-American,5,1,0,0,6,0,7.0
Male,45,African-American,16,0,0,0,2,0,1551.5
Female,34,Other,1,0,0,0,2,0,20.0
Male,47,African-American,0,0,0,0,2,0,112.36666666666666
Male,38,Caucasian,8,0,0,0,2,0,1.9
Male,28,African-American,5,0,0,0,6,1,1231.4833333333333
Male,48,Other,0,0,0,0,1,0,23.366666666666667
Male,71,Caucasian,3,0,0,0,1,0,3.1333333333333333
Male,25,Hispanic,0,0,0,0,6,0,49.31666666666667
Male,54,Other,1,0,0,0,1,0,53.583333333333336
Male,48,Hispanic,8,0,0,0,4,0,4204.233333333334
Male,51,African-American,19,1,0,0,8,1,69.43333333333334
Female,29,African-American,5,0,0,0,7,1,29.066666666666666
Female,38,African-American,7,0,0,0,10,1,941.0
Male,29,African-American,2,0,0,1,4,1,1219.1333333333334
Male,40,Caucasian,5,0,0,0,1,1,15.233333333333333
Male,26,Caucasian,0,0,0,0,1,0,23.533333333333335
Male,33,African-American,4,0,0,0,8,0,124.55
Male,47,African-American,1,0,0,0,1,1,14.433333333333334
Male,25,African-American,4,0,0,0,7,1,22.433333333333334
Male,32,African-American,1,0,0,0,8,1,44.016666666666666
Male,41,Hispanic,2,0,0,0,2,0,3092.8166666666666
Male,21,Other,0,0,0,0,6,0,45.516666666666666
Male,48,African-American,11,0,0,0,8,0,98.98333333333333
Female,33,Caucasian,1,0,0,0,7,0,2034.1333333333334
Male,33,African-American,23,0,0,0,9,1,8877.483333333334
Male,46,Caucasian,5,0,0,0,3,0,5.4
Male,44,Caucasian,2,0,0,0,2,1,-0.55
Female,21,Caucasian,0,0,0,0,5,0,22.916666666666668
Male,33,Caucasian,1,0,0,1,4,0,1109.1
Male,21,Caucasian,0,0,0,0,8,1,172.13333333333333
Male,33,African-American,2,0,0,0,9,1,680.25
Male,48,Caucasian,1,0,0,0,1,1,6.016666666666667
Male,24,Hispanic,0,0,0,0,10,0,24.883333333333333
Male,21,African-American,1,0,0,1,10,1,1006.5333333333333
Female,30,Other,0,0,0,0,1,0,19.766666666666666
Male,61,African-American,15,0,0,0,6,1,28.266666666666666
Male,24,African-American,1,0,0,0,4,0,3742.6666666666665
Male,64,Hispanic,0,0,0,0,1,0,5.783333333333333
Male,20,Other,0,0,0,0,5,1,26.416666666666668
Male,24,African-American,3,0,0,0,8,1,1819.2833333333333
Male,26,African-American,9,0,0,0,9,1,1903.1
Female,38,African-American,0,0,0,0,1,0,104.61666666666666
Male,24,African-American,1,0,0,0,3,1,23.866666666666667
Male,31,African-American,9,0,0,0,8,1,648.9
Male,24,African-American,5,0,1,0,5,1,44.333333333333336
Male,33,Caucasian,3,0,0,0,8,1,355.01666666666665
Female,20,African-American,0,0,0,0,6,0,20.133333333333333
Male,21,Hispanic,1,0,0,0,9,0,118.3
Male,21,Caucasian,1,0,1,0,5,1,143.58333333333334
Female,55,Caucasian,0,0,0,0,1,0,-0.36666666666666664
Male,28,African-American,9,0,0,0,9,0,7418.033333333334
Male,38,Caucasian,1,0,0,0,4,0,895.2
Female,64,Caucasian,0,0,0,0,1,0,23.966666666666665
Female,33,Caucasian,10,0,1,0,9,0,4239.833333333333
Female,46,Caucasian,0,0,0,0,1,0,-3.4
Male,21,African-American,0,0,0,0,5,1,291.6
Male,34,Other,1,0,0,0,2,1,-5.383333333333334
Male,27,Caucasian,1,0,0,1,6,1,342.01666666666665
Male,42,Hispanic,1,0,0,0,1,0,2841.766666666667
Female,33,African-American,6,0,0,0,1,1,24.183333333333334
Male,36,African-American,0,0,0,0,1,0,26.916666666666668
Male,24,African-American,1,0,0,0,4,0,17.966666666666665
Male,21,African-American,0,0,0,0,5,0,1058.75
Male,28,Caucasian,0,0,0,0,7,0,25.05
Male,52,African-American,3,0,0,0,3,1,746.6833333333333
Male,25,Other,2,0,0,0,2,1,23.583333333333332
Male,80,Caucasian,0,0,0,0,1,0,13.366666666666667
Male,26,African-American,10,0,0,0,8,1,29.7
Male,29,African-American,4,3,0,1,9,0,163.7
Male,56,Other,6,0,0,0,2,1,46.833333333333336
Male,21,African-American,0,0,0,0,2,0,31.083333333333332
Male,41,Asian,2,0,0,0,8,1,3886.9333333333334
Male,29,African-American,6,1,2,0,6,1,20.3
Female,24,Caucasian,9,0,0,0,10,1,213.13333333333333
Male,31,Caucasian,0,0,0,0,8,1,743.6333333333333
Male,27,African-American,20,0,0,2,10,0,19.95
Female,48,Caucasian,2,0,0,0,1,0,788.05
Male,33,African-American,5,0,0,0,8,1,139.86666666666667
Male,36,Caucasian,4,0,0,0,8,1,905.8166666666667
Male,58,African-American,21,0,0,0,7,1,1418.7833333333333
Male,29,African-American,6,0,0,0,8,1,18.166666666666668
Female,23,African-American,2,0,0,0,8,1,20.633333333333333
Male,21,African-American,1,0,0,0,8,0,3311.3
Male,21,Caucasian,1,0,1,2,8,0,308.7
Female,28,Caucasian,7,0,0,0,9,1,24.516666666666666
Male,67,African-American,4,0,0,0,7,1,668.5666666666667
Male,57,Hispanic,3,0,0,0,1,0,1845.4666666666667
Male,25,Caucasian,2,0,0,0,4,0,1025.6833333333334
Male,46,African-American,3,0,0,0,1,0,21.6
Male,37,African-American,22,0,0,0,9,1,1954.0333333333333
Male,29,Caucasian,6,0,0,0,5,1,18.65
Male,31,Hispanic,1,0,1,0,3,0,32.88333333333333
Male,30,African-American,12,4,0,0,9,1,219.2
Male,22,African-American,2,0,0,1,3,1,5.183333333333334
Male,27,African-American,15,0,0,0,9,0,3405.95
Female,44,Hispanic,0,0,0,0,1,0,32.35
Male,35,African-American,4,0,0,0,8,1,8495.1
Female,29,African-American,0,0,0,0,2,0,21.766666666666666
Male,26,African-American,2,0,0,0,8,1,19.666666666666668
Male,26,African-American,3,1,0,0,10,1,92.43333333333334
Female,53,Caucasian,0,0,0,0,1,0,4.0
Male,31,African-American,3,0,0,0,3,1,379.05
Male,26,African-American,24,0,1,0,10,1,7.05
Female,33,African-American,0,0,0,0,1,0,25.666666666666668
Male,30,African-American,2,0,0,0,3,1,46.56666666666667
Male,21,African-American,1,0,0,0,7,1,23.45
Male,20,African-American,2,0,0,4,5,1,27.466666666666665
Male,47,African-American,3,0,0,0,5,1,175.66666666666666
Male,24,Caucasian,8,0,0,2,9,1,848.0
Male,48,African-American,2,0,0,0,1,0,5.183333333333334
Male,25,African-American,5,0,0,0,8,1,89.43333333333334
Female,56,Caucasian,1,0,0,0,8,0,4076.55
Male,26,African-American,0,0,0,0,2,0,20.066666666666666
Female,26,Caucasian,0,0,0,0,5,0,14.383333333333333
Male,25,Hispanic,0,0,0,0,2,1,2.6666666666666665
Male,24,African-American,6,0,0,1,9,1,1103.1833333333334
Male,25,African-American,2,0,0,0,5,0,646.05
Male,24,Caucasian,3,0,0,0,8,1,214.38333333333333
Male,22,African-American,0,0,0,0,8,1,19.983333333333334
Female,31,African-American,4,0,0,0,8,0,18.916666666666668
Male,25,African-American,1,0,0,1,5,1,23.566666666666666
Male,45,African-American,4,0,0,0,2,0,72.01666666666667
Male,44,Caucasian,5,0,0,0,2,0,288.06666666666666
Male,22,African-American,4,0,0,0,9,1,6244.7
Male,47,African-American,23,0,0,0,8,1,20.783333333333335
Female,32,Caucasian,1,0,0,0,4,0,49.88333333333333
Male,32,Hispanic,1,0,0,0,1,0,22.833333333333332
Male,48,Caucasian,18,0,0,0,6,1,3219.55
Male,21,African-American,0,0,0,0,10,1,24.25
Male,53,Caucasian,3,0,0,0,-1,0,243.38333333333333
Male,27,African-American,10,0,0,0,7,0,23.75
Male,26,African-American,1,0,0,0,7,0,76.1
Male,20,Caucasian,1,0,0,2,2,1,39.266666666666666
Male,24,Caucasian,0,0,0,0,4,0,5.383333333333334
Male,67,Caucasian,0,0,0,0,1,0,20.95
Male,45,Native American,0,0,0,0,3,0,2374.5833333333335
Female,23,African-American,0,0,0,0,4,0,19.383333333333333
Male,54,Hispanic,2,0,0,0,1,0,4521.133333333333
Female,38,Hispanic,0,0,0,0,1,0,4.35
Male,27,Caucasian,1,0,0,0,-1,0,3281.1833333333334
Male,29,African-American,0,0,0,0,2,0,1748.0333333333333
Male,35,Hispanic,1,0,0,0,1,0,1.1833333333333333
Male,36,African-American,22,0,0,0,9,0,4736.35
Female,28,Other,1,0,0,0,7,0,1568.0833333333333
Male,32,Hispanic,0,0,0,0,1,0,6.533333333333333
Female,33,Native American,5,0,0,0,7,1,49.3
Female,31,African-American,0,0,0,0,1,0,21.666666666666668
Male,21,African-American,0,0,0,0,5,0,19.216666666666665
Male,58,African-American,21,0,0,0,7,1,1418.7833333333333
Male,33,Hispanic,0,0,0,0,2,0,192.93333333333334
Male,21,Caucasian,0,0,0,0,4,0,2.35
Male,31,Caucasian,5,0,0,0,3,1,27.333333333333332
Male,27,African-American,1,0,0,0,1,0,56.733333333333334
Male,31,Caucasian,5,0,0,0,5,1,26.133333333333333
Male,27,African-American,7,0,0,0,10,1,828.4666666666667
Female,22,Caucasian,2,0,0,0,6,1,13.433333333333334
Male,37,African-American,11,1,0,0,8,0,5323.8
Male,38,Hispanic,0,0,0,0,1,0,717.1166666666667
Male,24,Hispanic,3,0,0,0,7,1,17.416666666666668
Male,21,African-American,1,0,0,0,6,1,38.1
Male,27,African-American,2,0,0,0,5,0,502.0833333333333
Male,23,African-American,2,0,0,0,8,1,172.65
Male,21,African-American,0,0,0,0,5,1,1010.3666666666667
Male,22,African-American,0,0,0,0,3,1,-2.816666666666667
Male,22,African-American,0,0,0,2,3,1,313.45
Female,20,African-American,12,0,7,2,10,0,40.86666666666667
Male,25,Caucasian,1,0,0,0,1,0,2682.55
Male,26,African-American,20,0,0,0,10,1,1054.7333333333333
Male,35,Caucasian,0,0,0,0,6,0,217.23333333333332
Male,23,Caucasian,1,0,0,0,3,1,7.6
Male,20,African-American,1,1,0,0,7,0,597.7833333333333
Male,26,African-American,1,0,0,2,8,0,50.733333333333334
Female,42,Caucasian,0,0,0,0,2,0,29.133333333333333
Male,20,Caucasian,0,0,0,1,10,0,795.9833333333333
Male,21,African-American,3,0,0,0,7,1,20.933333333333334
Male,56,African-American,31,0,0,0,6,1,5.516666666666667
Male,41,Caucasian,1,0,0,0,2,0,28.766666666666666
Male,26,African-American,2,0,0,0,5,1,525.1
Male,21,Other,0,0,0,0,3,1,27.85
Male,38,African-American,2,0,0,0,3,1,64.48333333333333
Male,24,African-American,1,0,0,1,3,1,15.0
Male,20,Caucasian,1,0,0,2,2,1,39.266666666666666
Male,48,Caucasian,20,0,0,0,8,1,1109.2833333333333
Female,28,African-American,1,0,0,0,2,0,53.4
Male,36,Caucasian,1,0,0,0,5,0,21.0
Male,38,Hispanic,7,1,0,1,7,1,27.916666666666668
Female,54,Hispanic,0,0,0,0,1,0,4.483333333333333
Female,42,Caucasian,5,0,0,0,4,1,148.28333333333333
Male,36,Caucasian,1,0,0,0,2,0,13.716666666666667
Male,23,African-American,5,0,0,1,9,1,119.63333333333334
Male,30,African-American,2,0,0,0,5,1,24.383333333333333
Male,20,African-American,0,0,0,0,8,0,40.85
Male,23,African-American,2,0,0,0,8,1,166.16666666666666
Male,51,Caucasian,0,0,0,0,1,0,23.083333333333332
Male,22,African-American,0,0,0,0,4,0,30.383333333333333
Male,45,Caucasian,0,0,0,0,1,0,888.5166666666667
Male,30,Caucasian,6,0,0,0,5,0,19.283333333333335
Male,32,African-American,0,0,0,0,4,0,15.133333333333333
Male,21,Caucasian,0,0,0,0,6,0,2417.133333333333
Male,44,Caucasian,11,0,0,0,9,0,2214.4666666666667
Female,51,Caucasian,1,0,0,0,1,0,45.483333333333334
Male,44,African-American,29,0,0,0,9,1,480.53333333333336
Male,26,African-American,13,0,1,1,8,1,-4.05
Male,29,African-American,0,0,0,0,2,0,28.933333333333334
Male,27,African-American,1,0,0,0,2,1,41.71666666666667
Female,28,Caucasian,0,0,0,0,2,0,21.566666666666666
Male,22,Other,5,0,0,0,4,1,58.916666666666664
Male,22,African-American,8,0,1,0,4,1,942.9833333333333
Male,48,Caucasian,0,0,0,0,1,0,3.95
Male,20,African-American,1,0,0,1,9,0,993.2666666666667
Female,36,African-American,1,0,0,0,1,0,253.06666666666666
Male,41,Caucasian,1,0,0,0,1,0,25.416666666666668
Male,44,Hispanic,2,0,0,0,1,1,21.766666666666666
Male,26,African-American,13,0,2,0,10,0,1578.6833333333334
Male,23,Caucasian,3,0,0,0,3,0,29.85
Male,30,African-American,11,0,2,2,8,0,23.016666666666666
Male,26,Caucasian,0,0,0,0,3,0,20.5
Male,24,African-American,2,0,0,0,9,1,50.733333333333334
Male,52,African-American,15,0,0,0,4,1,22.233333333333334
Male,19,African-American,0,0,0,0,10,0,1085.0333333333333
Male,27,African-American,10,0,1,0,9,0,477.78333333333336
Male,30,African-American,21,0,2,0,7,1,29.616666666666667
Male,31,African-American,9,0,0,0,7,0,21.516666666666666
Male,33,African-American,5,0,0,0,9,1,31.7
Female,46,African-American,0,0,0,0,1,0,25.166666666666668
Male,38,Caucasian,1,0,0,0,1,0,24.25
Male,23,African-American,1,0,0,0,6,1,91.71666666666667
Male,49,Caucasian,0,0,0,0,1,0,14.75
Male,30,African-American,0,0,0,0,2,0,22.766666666666666
Male,46,Caucasian,5,0,0,0,4,0,288.1
Male,41,African-American,19,0,0,0,8,1,5280.083333333333
Female,34,African-American,6,0,0,0,4,0,1249.5666666666666
Male,41,African-American,14,2,0,1,8,1,142.41666666666666
Male,36,African-American,9,0,0,0,7,1,21.866666666666667
Male,22,African-American,1,0,0,0,3,1,360.68333333333334
Female,24,African-American,0,0,0,0,4,1,23.35
Female,21,Caucasian,1,0,0,0,7,0,1563.6666666666667
Male,44,Caucasian,1,0,0,0,8,0,25.966666666666665
Male,20,African-American,1,1,0,1,10,1,1126.4166666666667
Female,26,African-American,1,0,0,0,5,0,14.5
Male,31,African-American,1,0,0,0,5,1,22.966666666666665
Male,24,African-American,6,0,0,1,9,1,1103.1833333333334
Male,50,Hispanic,3,0,0,0,9,1,815.1833333333333
Male,30,Caucasian,3,0,0,0,4,0,15.8
Female,26,African-American,0,0,0,0,4,0,22.233333333333334
Male,24,African-American,1,0,0,3,2,0,21.266666666666666
Male,56,Caucasian,9,0,0,0,1,1,474.15
Male,69,Caucasian,0,0,0,0,1,0,-1.35
Male,22,African-American,5,0,0,0,8,1,458.8666666666667
Female,43,African-American,3,0,0,0,2,1,1053.4833333333333
Male,26,African-American,4,0,0,0,7,1,46.483333333333334
Male,25,Native American,1,0,0,0,5,0,4.166666666666667
Male,30,African-American,23,0,0,0,9,0,22.733333333333334
Male,27,African-American,4,0,0,0,4,1,23.733333333333334
Male,53,Caucasian,19,0,0,0,5,0,140.75
Male,34,African-American,20,0,1,0,9,1,643.5333333333333
Male,31,Caucasian,9,0,0,0,8,1,28.116666666666667
Male,25,Caucasian,2,0,0,1,5,0,17.283333333333335
Male,27,African-American,2,0,0,0,9,1,25.983333333333334
Female,40,Caucasian,4,0,0,0,4,1,50.8
Male,48,Caucasian,1,0,0,0,1,1,6.016666666666667
Female,49,African-American,1,0,0,0,1,0,20.05
Male,32,African-American,13,0,0,0,9,1,931.3333333333334
Male,44,Caucasian,5,0,0,0,2,0,49.583333333333336
Female,30,African-American,4,0,0,0,3,0,16.066666666666666
Female,54,African-American,1,0,0,0,9,0,23.366666666666667
Female,39,Caucasian,8,0,0,0,7,1,764.4333333333333
Male,24,African-American,2,0,0,0,8,0,287.01666666666665
Female,58,Caucasian,2,0,0,0,1,0,28.566666666666666
Male,29,African-American,12,0,0,0,2,1,3.1333333333333333
Female,47,African-American,21,0,1,1,9,1,525.4
Female,31,Caucasian,0,0,0,0,4,1,13.933333333333334
Male,28,African-American,9,0,0,0,8,1,28.233333333333334
Male,56,Caucasian,0,0,0,0,1,1,-10.666666666666666
Male,48,Caucasian,1,0,0,0,1,1,6.016666666666667
Female,29,Caucasian,2,0,0,0,7,1,212.88333333333333
Male,23,Caucasian,1,0,0,0,4,0,0.23333333333333334
Male,42,African-American,3,0,0,0,1,0,26.116666666666667
Female,26,African-American,0,0,0,0,3,0,24.95
Male,37,Hispanic,4,0,0,0,4,0,19.4
Female,53,Hispanic,0,0,0,0,1,0,20.783333333333335
Male,24,African-American,2,0,0,0,7,0,27.2
Female,25,African-American,2,0,0,0,8,1,14.133333333333333
Male,29,African-American,8,0,1,0,9,1,21.333333333333332
Male,27,African-American,5,0,0,0,9,1,29.633333333333333
Female,28,African-American,0,0,0,0,8,0,698.8333333333334
Male,37,Caucasian,1,0,0,0,1,0,21.4
Male,27,African-American,2,0,0,0,7,0,1995.5166666666667
Female,22,African-American,0,0,0,0,5,0,185.38333333333333
Male,25,Other,1,0,0,0,4,1,1632.7333333333333
Female,35,African-American,2,0,0,0,6,0,357.0833333333333
Male,43,Caucasian,4,0,0,0,2,0,25.566666666666666
Female,42,Caucasian,0,0,0,0,1,1,21.266666666666666
Male,28,African-American,3,0,0,0,3,1,-9.866666666666667
Male,22,African-American,1,0,0,1,7,1,28.166666666666668
Male,30,African-American,8,0,0,0,10,1,41.38333333333333
Male,38,African-American,17,0,0,0,4,1,27.433333333333334
Female,54,Caucasian,9,0,0,0,8,0,288.75
Male,31,African-American,3,0,0,0,3,0,27.95
Female,19,Caucasian,2,0,0,0,10,1,534.6
Male,30,African-American,4,0,0,0,3,0,142.58333333333334
Male,53,Caucasian,1,0,0,0,3,0,782.45
Male,38,African-American,16,0,1,0,9,1,5804.85
Male,28,African-American,2,0,0,0,5,1,48.75
Female,47,Caucasian,0,0,0,0,1,0,116.46666666666667
Female,42,Caucasian,4,0,0,0,6,1,6.566666666666666
Male,46,Caucasian,0,0,0,0,1,0,8.4
Male,26,Caucasian,0,0,0,0,4,0,4.9
Male,49,African-American,1,0,0,0,7,1,247.56666666666666
Male,24,African-American,6,0,0,0,10,1,26.283333333333335
Female,27,Caucasian,0,0,0,0,2,1,-3.433333333333333
Male,29,African-American,13,0,0,0,8,1,27.566666666666666
Female,27,Caucasian,3,0,0,0,10,0,484.8
Male,27,Other,0,0,0,0,1,0,22.15
Male,25,African-American,4,0,0,1,9,1,4078.25
Male,20,African-American,0,0,0,0,5,1,23.95
Male,20,Caucasian,0,0,0,1,6,1,26.1
Male,26,African-American,5,0,0,0,10,0,1752.75
Female,39,African-American,3,0,0,0,6,0,49.583333333333336
Male,26,Caucasian,3,0,0,1,2,0,114.08333333333333
Male,36,African-American,25,0,2,1,10,1,23.883333333333333
Female,26,Caucasian,1,0,0,0,4,0,19.333333333333332
Male,20,African-American,6,4,2,1,10,1,1442.8333333333333
Female,50,African-American,12,0,0,0,6,1,10437.4
Male,39,Caucasian,2,0,0,0,1,1,-5.283333333333333
Male,30,African-American,3,0,0,0,5,1,45.766666666666666
Male,30,African-American,1,0,0,0,3,1,412.15
Female,36,Caucasian,3,0,0,1,4,0,604.85
Female,34,African-American,1,0,0,0,9,0,511.55
Male,43,Caucasian,6,0,0,0,3,0,1009.3833333333333
Male,20,African-American,1,1,0,0,6,0,65.7
Male,23,Caucasian,0,0,0,0,3,1,187.68333333333334
Male,22,African-American,0,0,0,0,5,0,816.1833333333333
Male,30,African-American,14,0,0,0,8,1,1538.7166666666667
Male,29,Caucasian,14,0,0,2,10,1,1.65
Male,35,African-American,7,1,0,0,7,0,11760.9
Male,25,Caucasian,0,0,0,0,2,0,3.066666666666667
Male,37,Hispanic,6,0,0,0,2,1,24.433333333333334
Male,41,Hispanic,5,0,0,0,4,0,141.53333333333333
Male,36,Caucasian,10,1,0,0,9,1,2019.9666666666667
Male,39,Caucasian,1,0,0,0,1,0,21.866666666666667
Male,21,African-American,1,0,1,2,7,0,17.933333333333334
Male,28,Caucasian,1,0,0,0,2,1,21.383333333333333
Male,25,African-American,0,0,0,0,7,0,29.05
Male,37,Hispanic,1,0,0,0,5,1,3721.05
Male,37,Caucasian,4,0,0,0,4,1,1988.6166666666666
Male,19,Caucasian,1,0,0,1,10,1,768.7333333333333
Male,43,African-American,3,0,0,0,1,1,27.2
Male,33,Other,0,0,0,0,1,0,25.45
Male,25,Hispanic,6,0,0,0,7,1,959.4333333333333
Male,44,African-American,3,0,0,0,6,0,68.4
Male,49,African-American,3,0,0,0,5,0,89.61666666666666
Female,44,African-American,4,0,0,0,7,0,3458.866666666667
Male,27,Caucasian,0,0,0,0,5,0,5.816666666666666
Male,36,Hispanic,5,0,0,0,2,0,23.616666666666667
Male,49,African-American,1,0,0,0,3,1,464.35
Male,26,African-American,0,0,0,0,3,1,23.416666666666668
Male,25,Caucasian,2,0,0,0,5,1,29.366666666666667
Male,30,African-American,3,0,0,1,6,0,38.65
Female,22,African-American,1,0,1,0,6,0,738.1166666666667
Female,31,Caucasian,1,0,0,0,5,0,18.9
Male,57,Caucasian,6,0,0,0,2,0,28.833333333333332
Female,25,Caucasian,2,0,0,0,5,1,282.31666666666666
Male,26,African-American,1,0,0,0,2,0,328.3
Male,56,African-American,31,0,0,0,6,1,5.516666666666667
Male,24,Caucasian,3,0,1,1,8,1,4.966666666666667
Male,27,African-American,6,0,0,0,4,1,937.4666666666667
Female,20,Hispanic,0,0,0,0,4,0,-3.1
Male,30,Caucasian,2,0,0,0,4,0,23.85
Female,46,African-American,2,0,0,0,10,1,233.13333333333333
Male,30,African-American,2,0,0,0,5,1,24.383333333333333
Male,37,African-American,3,0,0,0,1,1,24.833333333333332
Male,29,African-American,16,0,1,0,10,0,408.28333333333336
Male,24,African-American,1,0,0,0,3,1,35.233333333333334
Male,29,African-American,12,0,0,0,10,1,143.25
Male,32,African-American,17,0,0,0,8,1,6.633333333333334
Male,36,Caucasian,0,0,0,0,3,0,16.733333333333334
Male,21,African-American,0,0,0,0,8,1,29.983333333333334
Female,25,Other,2,0,0,0,4,0,0.48333333333333334
Male,25,Caucasian,2,0,0,0,4,1,292.9
Female,21,African-American,0,0,0,0,5,0,14.933333333333334
Male,30,African-American,14,0,1,0,7,1,143.53333333333333
Male,25,Caucasian,1,0,0,0,3,0,30.9
Male,52,African-American,17,0,0,0,7,1,699.9333333333333
Male,27,Hispanic,2,0,0,0,2,0,23.3
Male,20,African-American,1,1,0,0,7,0,597.7833333333333
Male,43,African-American,1,0,0,0,3,0,46.6
Male,53,African-American,0,0,0,0,1,1,33.03333333333333
Female,23,African-American,0,0,0,0,3,0,26.75
Male,29,Caucasian,10,4,1,0,9,1,65.78333333333333
Female,39,Caucasian,1,0,0,0,4,0,2564.8166666666666
Male,32,African-American,1,0,0,0,2,1,29.2
Male,39,Caucasian,1,0,0,0,1,0,358.8666666666667
Male,20,African-American,1,1,0,0,10,1,4489.233333333334
Male,35,Caucasian,2,0,0,0,3,0,24.466666666666665
Male,23,African-American,2,0,0,0,5,1,546.35
Male,24,Caucasian,6,0,0,2,10,0,173.11666666666667
Male,20,African-American,1,0,0,0,10,1,49.06666666666667
Male,54,African-American,10,0,0,0,6,0,725.75
Female,51,Caucasian,2,0,0,0,8,1,167.41666666666666
Male,29,Other,4,0,0,0,2,1,75.71666666666667
Male,51,Caucasian,0,0,0,0,2,0,21.316666666666666
Male,67,African-American,3,0,0,0,1,0,39.85
Female,36,African-American,7,0,0,0,3,1,48.9
Male,36,Caucasian,0,0,0,0,7,1,141.73333333333332
Female,38,African-American,2,0,0,0,7,0,958.45
Male,54,Caucasian,2,0,0,0,2,0,2331.116666666667
Male,36,Caucasian,6,0,0,0,8,0,531.0
Male,32,African-American,14,0,0,0,9,1,50.36666666666667
Female,25,African-American,2,0,0,0,6,0,46.53333333333333
Male,25,Other,3,0,0,0,8,1,44.18333333333333
Male,22,African-American,2,0,0,0,4,1,29.633333333333333
Female,36,Other,6,0,1,0,7,1,5.2
Male,22,African-American,0,0,0,1,8,1,25.833333333333332
Male,40,African-American,5,0,0,0,9,1,1323.3833333333334
Male,21,African-American,4,0,0,0,9,1,5278.116666666667
Male,44,African-American,0,0,0,0,2,0,21.183333333333334
Male,55,Hispanic,1,0,0,0,2,1,29.216666666666665
Female,33,African-American,3,0,0,0,4,0,49.016666666666666
Male,34,African-American,2,0,0,0,4,1,573.9
Male,24,African-American,2,0,0,0,8,1,1194.4
Male,46,Hispanic,1,0,0,0,2,0,843.0833333333334
Male,26,Caucasian,9,0,0,0,7,1,29.65
Male,43,African-American,2,0,0,0,7,0,-5.233333333333333
Male,31,African-American,2,0,0,0,7,1,74.03333333333333
Male,38,Caucasian,2,0,0,0,5,1,185.5
Male,46,Caucasian,0,0,0,0,1,0,5.933333333333334
Male,35,African-American,1,0,0,0,10,1,29.566666666666666
Male,51,African-American,0,0,0,0,4,1,725.4333333333333
Male,55,African-American,3,0,0,0,1,0,26.183333333333334
Male,22,African-American,0,0,0,0,5,0,841.7666666666667
Male,36,Caucasian,6,0,0,0,7,0,56.68333333333333
Female,25,African-American,3,0,0,0,8,0,23.15
Male,45,African-American,17,0,0,0,7,1,1125.1833333333334
Male,28,Caucasian,0,0,0,0,2,1,25.633333333333333
Male,26,African-American,8,0,0,0,7,1,30.933333333333334
Male,29,Caucasian,0,0,0,0,1,0,-2.95
Female,30,African-American,10,0,3,2,10,1,6.55
Female,23,African-American,2,0,0,0,8,1,20.633333333333333
Female,65,Caucasian,0,0,0,0,1,0,18.083333333333332
Male,24,Caucasian,1,0,0,0,6,1,94.8
Female,23,Caucasian,4,0,0,0,9,1,3197.866666666667
Male,24,Caucasian,0,0,0,0,9,0,45.583333333333336
Male,20,Other,8,0,8,1,10,1,25.116666666666667
Male,27,African-American,1,0,0,0,4,0,-3.95
Male,25,African-American,0,0,0,0,6,1,815.2666666666667
Male,38,African-American,8,1,0,0,7,0,38.7
Female,37,Caucasian,8,0,0,0,5,0,19.583333333333332
Male,21,Caucasian,1,0,0,0,4,0,17.3
Male,41,Caucasian,0,0,0,0,1,0,26.35
Male,22,Caucasian,0,0,0,3,7,0,18.866666666666667
Male,57,African-American,20,0,0,0,7,1,797.35
Male,22,African-American,3,0,0,0,8,1,-1.0833333333333333
Male,29,African-American,16,0,0,0,10,1,798.7166666666667
Male,40,Other,4,0,0,0,1,1,54.06666666666667
Male,34,African-American,8,2,0,0,9,1,49.833333333333336
Male,66,Caucasian,2,0,0,0,3,0,1364.3166666666666
Male,64,Caucasian,8,0,0,0,1,0,20.85
Male,23,African-American,0,0,0,0,5,1,25.75
Female,24,African-American,1,0,0,0,5,0,16.933333333333334
Male,31,African-American,3,0,0,0,3,1,379.05
Male,24,African-American,2,0,0,0,8,1,1194.4
Male,25,African-American,2,0,0,1,9,0,6579.4
Male,25,Caucasian,2,0,0,0,4,1,24.566666666666666
Male,29,African-American,7,0,0,0,7,0,43.233333333333334
Female,48,Caucasian,8,0,0,0,4,1,570.0333333333333
Male,24,African-American,0,0,0,0,3,0,7.9
Female,50,Hispanic,1,0,0,0,2,1,25.316666666666666
Male,30,African-American,15,1,0,2,10,1,42.55
Female,29,African-American,9,0,0,0,7,1,353.76666666666665
Female,21,African-American,0,0,0,0,10,0,1871.3833333333334
Male,24,Caucasian,2,0,0,0,2,0,5.083333333333333
Male,50,Native American,0,0,0,0,1,0,29.15
Male,25,Other,1,0,0,0,3,0,26.983333333333334
Male,21,Caucasian,0,0,0,1,3,0,20.416666666666668
Male,30,Other,0,0,0,0,2,0,243.48333333333332
Male,27,African-American,5,0,0,0,10,0,161.56666666666666
Male,31,African-American,6,3,0,0,10,1,752.3166666666667
Male,43,African-American,0,0,0,0,3,0,23.583333333333332
Male,29,African-American,0,0,0,0,1,0,29.933333333333334
Female,34,Caucasian,0,0,0,0,8,0,73.35
Male,45,Hispanic,1,0,0,0,8,0,142.71666666666667
Male,37,Caucasian,0,0,0,0,2,1,22.5
Male,26,African-American,0,0,0,0,2,0,26.416666666666668
Male,64,Hispanic,0,0,0,0,1,0,5.783333333333333
Male,24,African-American,17,0,0,0,9,1,3121.0666666666666
Male,22,African-American,1,0,0,0,7,1,23.166666666666668
Male,22,African-American,1,0,0,0,7,1,24.783333333333335
Male,41,Caucasian,2,0,0,0,1,0,1009.0333333333333
Male,29,African-American,5,0,0,0,8,0,24.9
Male,52,African-American,3,0,0,0,5,0,217.48333333333332
Male,55,Hispanic,6,0,0,0,3,0,5800.716666666666
Male,37,African-American,0,0,0,0,9,0,23.266666666666666
Female,31,Caucasian,2,0,0,0,4,1,652.4
Female,47,Caucasian,0,0,0,0,1,0,17.166666666666668
Male,50,Hispanic,3,0,0,0,9,1,815.1833333333333
Male,38,African-American,6,0,0,0,6,1,4862.783333333334
Male,61,Hispanic,2,0,0,0,4,1,73.08333333333333
Male,29,African-American,7,0,0,0,9,0,27.833333333333332
Male,30,African-American,1,0,0,0,3,1,26.766666666666666
Female,23,African-American,1,0,0,0,3,0,47.43333333333333
Female,32,African-American,11,0,0,0,7,0,5.9
Male,33,Caucasian,3,0,0,0,5,0,983.15
Male,26,African-American,3,0,0,0,2,0,818.5
Female,33,Caucasian,2,0,0,0,3,0,-5.6
Male,55,African-American,8,0,0,0,1,1,55.85
Male,37,Other,4,0,0,0,1,1,49.8
Male,31,Hispanic,8,0,0,0,9,1,2813.4166666666665
Male,44,Caucasian,0,0,0,0,1,1,29.35
Male,63,Caucasian,10,0,0,0,4,1,49.833333333333336
Male,28,Hispanic,3,0,0,0,8,1,3964.9333333333334
Male,31,African-American,9,0,0,0,8,1,648.9
Male,21,Caucasian,1,0,1,1,3,1,19.75
Male,31,Other,0,0,0,0,2,0,217.9
Male,54,Caucasian,0,0,0,0,1,0,-4.466666666666667
Male,29,African-American,2,0,0,0,6,0,23.266666666666666
Male,53,Caucasian,8,0,0,0,4,0,129.05
Male,32,African-American,13,0,0,0,9,1,931.3333333333334
Male,23,African-American,3,0,0,0,5,1,92.31666666666666
Female,51,Hispanic,0,0,0,0,1,0,14.95
Male,21,Caucasian,0,0,0,0,5,1,25.083333333333332
Male,22,Caucasian,0,0,0,0,6,0,25.9
Female,28,Caucasian,1,0,0,0,5,0,1470.8666666666666
Female,50,Caucasian,1,0,0,0,1,1,21.7
Male,38,African-American,17,0,0,0,4,1,27.433333333333334
Male,29,Caucasian,11,0,0,0,10,0,7334.866666666667
Male,29,Caucasian,3,0,0,0,4,1,28.7
Female,27,African-American,1,0,0,0,6,0,114.98333333333333
Male,27,Other,1,0,0,0,2,1,21.116666666666667
Female,45,Caucasian,7,0,1,0,2,1,17.633333333333333
Male,60,Caucasian,0,0,0,0,-1,0,23.166666666666668
Male,29,African-American,0,0,0,0,8,0,68.28333333333333
Male,37,Hispanic,1,0,0,0,1,0,21.15
Male,27,Caucasian,1,0,0,0,3,1,26.866666666666667
Female,51,African-American,7,0,0,0,2,0,40.1
Male,29,Caucasian,0,0,0,0,3,1,23.6
Male,62,Caucasian,0,0,0,0,1,0,71.85
Female,37,Caucasian,7,0,0,0,6,1,167.66666666666666
Male,24,African-American,1,0,0,2,9,1,148.93333333333334
Female,41,Hispanic,0,0,0,0,2,0,8375.916666666666
Male,52,Caucasian,4,0,0,0,1,1,168.75
Male,53,Caucasian,0,0,0,0,1,0,25.25
Male,33,Caucasian,0,0,0,0,9,1,16.45
Male,22,African-American,1,0,0,0,4,0,44.78333333333333
Female,26,African-American,0,0,0,0,3,0,31.233333333333334
Female,22,African-American,5,0,0,0,9,1,457.9166666666667
Male,43,African-American,1,0,0,0,5,1,125.8
Male,21,Other,0,0,0,0,5,1,151.8
Male,55,Caucasian,0,0,0,0,1,0,22.75
Male,25,African-American,0,0,0,0,3,1,17.016666666666666
Male,29,African-American,0,0,0,0,2,1,24.7
Male,41,Other,0,0,0,0,1,0,4.116666666666666
Male,29,African-American,5,0,0,0,8,0,24.9
Male,26,African-American,7,1,0,0,9,1,933.0666666666667
Male,36,Caucasian,1,0,0,0,2,0,17.016666666666666
Male,35,Hispanic,0,0,0,0,2,1,2090.9666666666667
Female,61,Caucasian,1,0,0,0,1,0,-3.85
Male,23,African-American,2,0,0,0,4,1,24.616666666666667
Male,29,Hispanic,7,0,0,0,9,1,15.966666666666667
Male,22,African-American,0,0,0,0,4,1,124.06666666666666
Male,26,African-American,9,0,0,0,4,1,45.28333333333333
Male,28,African-American,4,0,0,0,2,1,13.3
Male,23,African-American,1,0,0,0,2,0,0.38333333333333336
Male,27,Native American,1,0,0,0,3,0,22.55
Male,50,Caucasian,0,0,0,0,1,0,24.3
Male,29,African-American,5,0,0,0,7,1,120.25
Male,23,African-American,3,0,0,0,6,1,313.25
Male,21,Caucasian,1,0,0,0,5,0,19.833333333333332
Female,20,African-American,2,0,0,3,10,1,554.9833333333333
Male,54,African-American,22,0,0,0,7,1,13.716666666666667
Male,25,Caucasian,3,0,0,0,9,1,4128.833333333333
Female,25,Caucasian,2,0,0,0,5,1,282.31666666666666
Female,44,Caucasian,1,0,0,0,3,0,739.6
Male,63,Other,0,0,0,0,1,0,26.816666666666666
Female,27,Caucasian,0,0,0,0,2,1,-3.433333333333333
Male,38,African-American,10,0,1,0,6,0,17.616666666666667
Male,25,African-American,14,1,6,1,10,1,171.41666666666666
Male,53,Caucasian,3,0,0,0,1,0,3722.0
Female,32,African-American,3,0,0,0,2,1,23.85
Female,27,Caucasian,7,0,0,0,9,0,547.4
Male,28,Hispanic,1,0,0,0,2,0,815.9333333333333
Male,34,African-American,6,0,0,0,8,1,335.8333333333333
Male,30,Hispanic,6,0,0,0,3,1,23.1
Male,25,African-American,0,0,0,0,3,0,46.583333333333336
Male,22,Other,1,0,0,0,6,0,128.33333333333334
Male,21,Caucasian,1,0,0,0,3,0,672.6166666666667
Male,27,Hispanic,1,0,0,0,2,0,71.0
Male,62,African-American,3,0,0,0,3,1,43.35
Male,18,African-American,4,5,0,2,5,1,567.0833333333334
Male,24,African-American,2,0,0,0,6,1,4.15
Female,40,Caucasian,1,0,0,0,7,0,290.7
Male,20,African-American,0,0,0,0,10,1,20.116666666666667
Male,28,Hispanic,3,0,0,0,5,1,21.566666666666666
Female,34,African-American,5,0,0,0,2,1,220.76666666666668
Male,46,African-American,9,1,0,1,9,1,2783.516666666667
Male,34,African-American,1,0,0,0,1,1,38.55
Male,56,African-American,3,0,0,0,2,1,26.75
Female,23,African-American,3,0,0,0,8,1,888.3666666666667
Male,33,Caucasian,0,0,0,0,9,1,16.45
Male,45,African-American,1,0,0,0,6,0,18.183333333333334
Male,60,African-American,12,0,0,0,3,0,26.4
Male,22,African-American,1,0,0,0,7,0,1046.4
Male,35,African-American,17,0,1,0,7,1,49.5
Female,28,African-American,3,0,0,0,6,0,40.9
Male,27,African-American,14,0,0,0,7,0,1348.7833333333333
Male,25,Caucasian,2,0,0,0,5,1,29.366666666666667
Female,26,African-American,1,0,0,0,7,0,48.45
Male,27,African-American,3,0,0,0,4,0,20.7
Male,34,African-American,12,0,0,0,6,1,28.466666666666665
Male,62,Caucasian,0,0,0,0,1,0,26.966666666666665
Male,24,African-American,2,0,0,0,6,1,22.983333333333334
Male,22,African-American,1,0,0,0,6,1,150.23333333333332
Female,37,Caucasian,0,0,0,0,1,0,27.283333333333335
Male,49,Hispanic,3,0,0,0,4,0,7231.866666666667
Male,27,Caucasian,0,0,0,0,4,0,290.95
Male,29,African-American,17,0,0,0,9,0,764.2666666666667
Male,30,African-American,1,0,0,0,1,0,1149.6666666666667
Male,51,African-American,2,0,0,0,3,0,599.2833333333333
Male,51,Caucasian,1,0,0,0,1,0,67.0
Female,59,Caucasian,1,0,0,0,1,0,121.18333333333334
Female,24,African-American,6,1,0,0,9,1,625.8666666666667
Female,22,African-American,4,0,0,0,10,0,307.6
Male,20,African-American,1,1,0,1,5,1,113.96666666666667
Male,25,African-American,7,0,1,0,10,1,485.0833333333333
Male,28,Caucasian,4,0,0,0,4,1,92.43333333333334
Male,57,Caucasian,0,0,0,0,1,0,50.016666666666666
Male,27,African-American,10,0,1,0,8,1,5.366666666666666
Female,30,African-American,12,0,4,1,8,0,30.183333333333334
Male,22,Caucasian,6,0,0,0,9,1,21.883333333333333
Male,24,Caucasian,9,0,0,1,10,1,242.15
Male,37,African-American,8,1,1,0,4,0,23.6
Male,19,Caucasian,0,0,0,0,6,1,66.46666666666667
Male,21,Caucasian,1,0,0,0,6,0,645.5
Male,33,African-American,14,0,0,0,8,1,49.5
Male,29,African-American,8,0,0,0,8,1,333.3666666666667
Male,33,African-American,0,0,0,0,1,1,90.78333333333333
Male,47,African-American,23,0,0,0,8,1,20.783333333333335
Male,23,Caucasian,4,0,0,0,5,1,20.616666666666667
Male,31,Caucasian,1,0,0,0,3,1,936.9166666666666
Male,33,African-American,0,0,0,0,1,0,5.216666666666667
Male,58,Caucasian,2,0,0,0,3,1,1992.2333333333333
Female,21,African-American,4,0,3,1,8,1,17.233333333333334
Female,31,African-American,0,0,0,0,8,0,49.25
Male,57,African-American,2,0,0,0,1,0,1208.1666666666667
Male,49,Other,1,0,0,0,1,0,646.1666666666666
Female,26,Caucasian,3,0,0,0,6,1,26.3
Male,39,Caucasian,6,0,0,0,6,0,21.5
Male,26,African-American,1,0,0,0,2,0,116.21666666666667
Male,18,African-American,2,2,0,0,10,0,21.8
Male,69,African-American,0,0,0,0,1,0,13.766666666666667
Male,72,Caucasian,3,0,0,0,1,0,110.5
Male,54,Caucasian,0,0,0,0,1,0,27.883333333333333
Male,22,African-American,2,0,0,0,9,0,269.3666666666667
Male,43,Hispanic,1,0,0,0,1,0,988.9
Female,44,African-American,11,0,1,0,8,1,367.78333333333336
Male,53,Caucasian,3,0,0,0,1,1,4750.233333333334
Male,27,African-American,8,0,0,0,5,1,617.6
Male,55,Caucasian,0,0,0,0,1,0,13.5
Male,28,African-American,1,0,0,0,2,0,26.05
Male,36,Hispanic,1,0,0,0,3,0,2282.5333333333333
Male,38,African-American,2,0,0,0,1,0,29.216666666666665
Male,26,Caucasian,10,0,0,0,5,1,27.366666666666667
Male,44,Caucasian,8,0,0,0,5,1,119.63333333333334
Male,47,African-American,0,0,0,0,1,0,27.283333333333335
Male,63,Caucasian,10,0,0,0,4,1,49.833333333333336
Male,28,African-American,5,0,0,0,5,1,21.483333333333334
Male,55,Caucasian,0,0,0,0,1,0,19.25
Male,29,African-American,6,0,0,0,8,1,860.0333333333333
Male,36,Other,0,0,0,0,4,0,4288.45
Male,28,Caucasian,3,0,0,0,7,1,888.8333333333334
Male,27,African-American,4,1,0,1,8,1,18.983333333333334
Male,46,Caucasian,0,0,0,0,1,0,13.966666666666667
Female,21,Caucasian,2,0,0,0,5,0,2924.15
Male,31,African-American,1,0,0,0,10,0,21.783333333333335
Male,38,African-American,19,0,0,0,9,1,22.4
Male,35,African-American,24,3,0,0,10,0,197.28333333333333
Male,39,Caucasian,8,0,0,0,6,0,485.03333333333336
Male,29,African-American,16,0,0,0,10,1,798.7166666666667
Male,23,Hispanic,0,0,0,0,2,0,44.28333333333333
Male,22,Caucasian,2,0,0,0,5,1,332.6166666666667
Male,34,African-American,5,0,0,0,4,1,67.63333333333334
Male,21,African-American,0,0,0,0,4,1,19.733333333333334
Female,36,Caucasian,0,0,0,0,2,0,24.383333333333333
Male,51,African-American,8,1,0,0,6,0,17807.216666666667
Male,24,African-American,5,0,0,0,7,1,27.066666666666666
Male,34,African-American,2,0,0,0,2,1,617.25
Male,38,Hispanic,0,0,0,0,1,0,23.05
Male,38,African-American,2,0,0,0,7,1,221.1
Male,47,Hispanic,1,0,0,0,1,0,408.73333333333335
Female,22,African-American,5,0,0,0,9,1,457.9166666666667
Male,31,Caucasian,9,0,0,0,8,1,2806.0333333333333
Male,47,African-American,3,0,0,0,3,0,4.483333333333333
Male,57,Caucasian,21,0,0,0,1,1,515.1
Male,45,African-American,20,1,0,1,7,1,1125.6333333333334
Female,43,African-American,0,0,0,0,6,0,-2.9833333333333334
Male,49,African-American,1,0,0,0,7,1,247.56666666666666
Male,39,Hispanic,0,0,0,0,1,0,50.666666666666664
Male,53,African-American,17,0,0,0,6,0,4769.883333333333
Male,30,African-American,15,1,0,2,10,1,42.55
Female,61,Caucasian,8,0,0,0,3,1,740.0333333333333
Male,23,African-American,0,0,0,0,3,0,46.916666666666664
Male,45,African-American,5,0,0,0,1,0,28.8
Male,22,African-American,1,0,0,0,3,0,9384.716666666667
Male,27,African-American,6,1,0,0,8,1,4.466666666666667
Male,35,Caucasian,6,0,0,0,5,1,41.88333333333333
Male,26,African-American,2,0,0,0,10,1,27.4
Male,24,Caucasian,1,0,0,0,10,1,896.35
Male,61,African-American,3,0,0,0,1,0,190.15
Male,42,African-American,5,0,1,0,9,1,0.1
Female,32,Caucasian,1,0,0,0,3,1,20.416666666666668
Male,32,African-American,13,0,0,0,8,0,531.6666666666666
Male,27,Caucasian,0,0,0,0,8,1,1134.7833333333333
Male,23,African-American,8,0,0,0,10,1,69.7
Male,46,African-American,10,1,0,0,7,0,793.2666666666667
Male,47,African-American,21,0,0,0,9,1,2696.7
Male,28,African-American,7,1,0,0,10,1,24.416666666666668
Male,42,Caucasian,7,0,0,0,7,0,839.1833333333333
Male,29,Other,0,0,0,0,2,0,30.033333333333335
Female,54,African-American,0,0,0,0,1,0,29.7
Male,54,Caucasian,6,0,0,0,1,0,23.966666666666665
Male,25,African-American,9,0,1,0,7,0,300.06666666666666
Male,29,African-American,0,0,0,0,8,0,68.28333333333333
Male,54,Caucasian,2,0,0,0,4,1,-1.2
Male,25,African-American,4,2,0,0,10,1,2072.55
Male,39,African-American,3,0,0,0,3,1,72.25
Female,53,Caucasian,1,0,0,0,6,0,366.1333333333333
Male,29,African-American,0,0,0,0,2,1,22.9
Female,26,Caucasian,4,0,0,0,3,1,13.883333333333333
Male,21,African-American,0,0,0,0,7,1,77.9
Female,50,African-American,3,0,0,0,2,0,-3.8833333333333333
Male,25,African-American,3,0,0,0,9,0,479.3833333333333
Male,34,Caucasian,3,0,0,0,2,1,197.66666666666666
Male,25,African-American,1,0,0,0,4,1,16.2
Male,26,African-American,2,0,0,0,2,0,25.166666666666668
Male,19,African-American,3,2,1,1,10,1,19.616666666666667
Male,29,Caucasian,6,0,0,0,9,1,439.3333333333333
Male,35,African-American,0,0,0,0,9,0,5228.25
Male,53,Hispanic,1,0,0,0,1,0,26.25
Female,20,African-American,0,0,0,0,8,1,287.03333333333336
Male,30,African-American,21,0,2,0,7,1,29.616666666666667
Male,19,African-American,0,0,0,0,4,1,21.783333333333335
Female,25,African-American,7,0,0,0,9,1,2283.9166666666665
Male,21,Hispanic,0,0,0,0,3,0,23.866666666666667
Male,25,African-American,4,2,0,0,10,1,2072.55
Female,29,Other,2,0,0,0,2,1,-3.6166666666666667
Male,26,African-American,2,0,0,0,8,0,236.85
Male,37,Hispanic,5,0,0,0,2,0,28.2
Male,29,African-American,5,0,0,0,3,1,333.21666666666664
Male,21,African-American,1,0,0,0,4,1,32.733333333333334
Male,46,African-American,0,0,0,0,1,0,27.366666666666667
Male,31,Hispanic,0,0,0,0,1,0,25.1
Male,31,African-American,15,3,0,1,10,1,113.5
Male,31,African-American,6,0,0,0,8,0,3.7
Male,27,African-American,2,0,0,0,7,1,5906.283333333334
Male,63,Caucasian,5,0,0,0,1,0,96.78333333333333
Male,32,Caucasian,10,0,2,1,5,1,161.4
Male,27,African-American,8,0,0,0,10,1,662.75
Male,46,African-American,5,0,0,0,5,1,49.416666666666664
Male,36,Hispanic,5,0,0,0,2,0,23.616666666666667
Male,68,Caucasian,1,0,0,0,1,0,117.35
Male,31,Caucasian,1,0,0,0,1,1,-1.5333333333333334
Male,38,African-American,10,0,0,1,4,1,247.83333333333334
Male,24,Other,1,0,0,0,3,0,28.016666666666666
Male,30,African-American,10,0,0,1,6,1,172.41666666666666
Male,33,Caucasian,4,0,0,0,6,0,1344.2333333333333
Male,56,African-American,12,0,0,0,5,1,40.38333333333333
Male,45,Hispanic,0,0,0,0,1,0,30.283333333333335
Male,58,African-American,12,0,0,0,6,0,2761.4333333333334
Male,26,African-American,27,0,2,2,9,1,240.81666666666666
Male,27,Caucasian,1,0,0,1,6,1,342.01666666666665
Male,22,Caucasian,0,0,0,0,4,0,1.25
Female,41,African-American,6,0,1,0,6,0,19.316666666666666
Male,26,African-American,2,0,0,0,4,1,19.666666666666668
Male,30,Caucasian,1,0,0,0,3,1,19.316666666666666
Female,43,African-American,3,0,0,0,9,0,3219.016666666667
Female,27,African-American,2,0,0,0,6,1,96.9
Male,34,African-American,12,0,0,0,6,1,28.466666666666665
Male,29,Caucasian,4,0,0,0,6,1,168.03333333333333
Female,47,Caucasian,0,0,0,0,1,0,19.816666666666666
Male,28,African-American,9,0,0,0,5,0,39.4
Female,26,African-American,4,0,0,0,6,0,5.783333333333333
Male,28,African-American,4,0,0,0,2,1,22.983333333333334
Female,64,Caucasian,7,0,0,0,3,0,1827.0666666666666
Male,29,Hispanic,0,0,0,0,1,0,27.833333333333332
Male,61,African-American,13,0,0,0,4,1,1589.6833333333334
Male,36,African-American,6,0,0,0,8,0,770.5666666666667
Male,22,African-American,1,0,0,0,6,1,39.166666666666664
Male,31,Caucasian,1,0,0,0,2,1,27.233333333333334
Male,45,Caucasian,21,0,0,0,6,1,31.416666666666668
Female,21,Hispanic,0,0,0,0,7,0,96.25
Male,37,African-American,11,0,0,0,4,0,44.733333333333334
Male,46,African-American,5,0,0,0,1,1,4849.983333333334
Male,30,Other,0,0,0,0,1,0,22.816666666666666
Male,20,Hispanic,0,0,0,0,3,0,25.533333333333335
Male,36,Caucasian,2,0,0,0,6,0,1368.7333333333333
Female,23,Hispanic,0,0,0,0,4,0,13.633333333333333
Male,38,Caucasian,2,0,0,0,1,0,24.1
Female,39,African-American,1,0,0,0,7,1,69.18333333333334
Male,47,Caucasian,4,0,0,0,5,1,775.6166666666667
Male,26,African-American,4,0,0,0,9,1,22.15
Male,50,African-American,2,0,0,0,5,1,20.283333333333335
Male,31,Caucasian,10,0,0,0,8,0,-9.966666666666667
Male,29,Caucasian,2,0,0,0,6,0,2878.4666666666667
Male,24,African-American,10,2,1,0,9,0,20.4
Female,44,Caucasian,1,0,0,0,1,0,21.133333333333333
Male,29,African-American,6,0,0,0,10,1,954.5666666666667
Male,57,African-American,12,0,0,0,9,1,1869.6666666666667
Male,51,Hispanic,1,0,0,0,3,0,74.58333333333333
Male,58,Caucasian,12,0,0,0,2,1,1296.65
Male,21,Caucasian,0,0,0,0,4,1,23.783333333333335
Male,27,Other,6,0,0,0,5,0,2548.6
Male,21,Caucasian,2,0,0,0,3,0,15.8
Male,49,African-American,14,0,0,0,4,0,47.03333333333333
Male,22,Caucasian,3,0,0,0,10,0,864.5833333333334
Male,26,African-American,10,0,0,0,6,1,143.8
Female,28,Caucasian,1,0,0,0,7,1,236.16666666666666
Male,52,Other,2,0,0,0,1,0,24.1
Male,37,African-American,18,2,0,0,9,0,25.883333333333333
Male,48,Caucasian,1,0,0,0,1,0,5.45
Male,21,African-American,0,0,0,0,4,1,19.733333333333334
Male,33,Caucasian,0,0,0,0,2,0,29.733333333333334
Male,25,African-American,0,0,0,0,5,1,-10.783333333333333
Male,22,African-American,2,0,0,0,9,1,1313.2
Female,21,Caucasian,5,0,0,0,6,0,30.333333333333332
Male,26,African-American,0,0,0,0,8,0,21.666666666666668
Male,47,African-American,0,0,0,0,1,1,22.916666666666668
Male,21,African-American,0,0,0,0,4,0,25.716666666666665
Male,37,African-American,12,1,0,1,9,1,16.783333333333335
Male,20,African-American,0,0,0,2,5,1,188.13333333333333
Male,41,African-American,13,0,0,0,5,0,65.13333333333334
Female,27,African-American,1,0,0,0,6,0,114.98333333333333
Male,50,African-American,2,0,0,0,1,0,100.88333333333334
Male,44,Caucasian,3,0,0,0,5,0,20.1
Male,47,Hispanic,3,0,0,0,6,1,142.71666666666667
Male,32,African-American,7,0,0,0,9,1,889.0333333333333
Male,29,African-American,2,0,0,0,9,0,3840.5333333333333
Male,31,Hispanic,5,0,0,0,6,1,892.6833333333333
Male,20,Caucasian,0,0,0,1,4,0,13.25
Male,45,Caucasian,5,0,0,0,5,1,24.283333333333335
Male,20,African-American,0,0,0,2,4,1,26.766666666666666
Male,42,Caucasian,0,0,0,0,1,0,5.716666666666667
Male,59,African-American,1,0,0,0,2,0,22.383333333333333
Male,56,African-American,4,0,0,0,1,0,8448.5
Female,29,Caucasian,8,0,0,0,8,0,2530.4166666666665
Male,23,African-American,5,0,0,1,9,1,119.63333333333334
Female,30,Caucasian,0,0,0,0,2,0,29.466666666666665
Male,30,Caucasian,0,0,0,0,2,0,23.55
Male,22,African-American,1,0,0,1,4,1,23.033333333333335
Female,48,Hispanic,4,0,0,0,1,1,31.716666666666665
Female,42,Caucasian,5,0,0,0,4,1,148.28333333333333
Male,29,African-American,5,3,0,1,7,0,6118.516666666666
Male,41,Hispanic,1,0,0,0,1,0,713.9833333333333
Male,24,Caucasian,1,0,0,0,3,1,24.666666666666668
Female,31,African-American,0,0,0,0,1,0,22.85
Male,38,African-American,8,0,0,0,6,1,235.71666666666667
Male,28,African-American,2,0,0,0,6,1,18.433333333333334
Female,56,African-American,1,0,0,0,2,1,20.333333333333332
Female,45,African-American,0,0,0,0,1,0,18.4
Male,38,African-American,5,0,0,0,4,0,134.78333333333333
Male,30,African-American,15,0,0,0,9,1,482.9166666666667
Male,27,Other,0,0,0,0,9,0,147.73333333333332
Male,32,Hispanic,1,0,0,0,3,0,4.633333333333334
Male,28,African-American,10,0,0,0,5,1,485.6166666666667
Male,34,African-American,16,0,0,0,9,1,24.15
Male,41,Caucasian,0,0,0,0,2,0,8.616666666666667
Male,52,Caucasian,4,0,0,0,1,1,168.75
Male,32,African-American,1,0,0,0,5,1,475.78333333333336
Male,28,African-American,1,0,0,0,1,0,30.266666666666666
Male,24,African-American,1,0,0,0,4,0,54.56666666666667
Male,19,African-American,0,0,0,0,4,1,17.816666666666666
Female,24,African-American,1,0,0,0,10,0,31.483333333333334
Male,42,Other,1,0,0,0,1,0,49.18333333333333
Male,22,African-American,1,0,0,0,3,1,21.533333333333335
Male,40,African-American,5,0,0,0,3,0,3465.3333333333335
Female,49,Hispanic,1,0,0,0,1,0,219.93333333333334
Male,39,African-American,0,0,0,0,4,0,123.88333333333334
Male,29,Other,0,0,0,0,3,0,21.333333333333332
Male,39,Caucasian,0,0,0,0,1,0,73.43333333333334
Male,26,Hispanic,1,0,0,0,2,1,23.2
Male,40,Caucasian,5,0,0,0,1,1,15.233333333333333
Male,33,Caucasian,7,0,0,0,9,0,64.35
Male,33,Other,4,0,0,0,3,1,43.86666666666667
Male,27,African-American,12,0,0,0,8,1,766.6833333333333
Male,30,African-American,18,0,3,0,10,0,428.78333333333336
Male,26,African-American,24,0,1,0,10,1,7.05
Male,26,Hispanic,0,0,0,0,5,1,75.08333333333333
Male,34,African-American,8,0,0,0,10,0,511.8
Male,22,Caucasian,1,0,1,0,8,1,478.95
Male,20,Other,3,0,2,1,2,1,24.65
Male,29,African-American,5,0,0,0,10,1,52.78333333333333
Male,24,African-American,4,0,0,0,9,1,1224.7666666666667
Female,45,African-American,2,0,0,0,3,0,286.93333333333334
Male,31,African-American,1,0,0,0,7,0,28.516666666666666
Male,25,African-American,4,0,0,0,8,1,18.35
Male,29,African-American,7,0,0,0,7,0,6.7
Male,33,African-American,8,2,0,0,10,1,172.0
Female,32,African-American,3,0,0,0,2,1,23.85
Male,31,African-American,3,0,0,0,1,0,2830.633333333333
Male,30,Caucasian,1,0,0,0,8,0,26.233333333333334
Male,21,African-American,0,0,0,0,8,1,826.45
Male,25,Hispanic,1,0,0,1,3,0,23.783333333333335
Male,28,African-American,0,0,0,0,7,1,0.16666666666666666
Male,42,African-American,7,1,0,0,9,1,47.71666666666667
Male,28,Caucasian,1,0,0,0,2,1,29.466666666666665
Male,36,African-American,26,1,0,0,8,1,21.95
Male,40,Caucasian,0,0,0,0,2,0,15.633333333333333
Male,23,African-American,6,0,0,0,4,1,121.83333333333333
Male,29,Hispanic,0,0,0,0,5,1,163.65
Male,33,African-American,12,4,0,0,10,1,24.366666666666667
Male,30,African-American,6,0,0,1,7,1,4.0
Female,36,African-American,1,0,0,0,2,0,23.783333333333335
Male,26,Hispanic,0,0,0,0,1,1,17.716666666666665
Male,22,African-American,1,0,1,0,8,1,-4.083333333333333
Male,38,Caucasian,1,0,0,0,1,0,19.25
Male,20,African-American,1,1,0,0,6,0,46.6
Male,40,African-American,0,0,0,0,2,0,21.25
Male,56,Caucasian,0,0,0,0,1,1,-10.666666666666666
Male,28,African-American,2,0,0,0,5,1,26.833333333333332
Male,26,African-American,4,0,0,0,8,1,22.816666666666666
Male,26,Caucasian,2,0,0,0,4,0,4.833333333333333
Female,30,Caucasian,0,0,0,0,2,0,2.4
Male,58,Caucasian,1,0,0,0,1,0,77.05
Male,29,African-American,1,0,0,0,4,0,79.9
Male,32,African-American,1,0,0,0,2,0,4803.816666666667
Male,20,African-American,3,0,3,0,8,1,-3.316666666666667
Male,41,African-American,19,0,0,0,8,1,5280.083333333333
Female,22,African-American,4,0,0,0,9,0,867.3666666666667
Female,31,Caucasian,9,0,0,0,7,1,639.0
Male,28,African-American,1,0,0,0,2,0,26.05
Male,27,African-American,0,0,0,0,2,0,413.43333333333334
Female,56,Caucasian,10,0,0,0,5,1,984.75
Female,51,African-American,7,0,0,0,2,0,40.1
Male,27,African-American,1,0,0,0,2,0,166.81666666666666
Female,39,Caucasian,1,0,0,0,2,0,16.766666666666666
Female,46,Caucasian,1,0,0,0,1,1,745.8333333333334
Male,32,African-American,13,0,0,0,8,0,531.6666666666666
Male,25,African-American,5,0,0,1,10,1,5669.25
Male,51,Other,2,0,0,0,1,0,27.25
Male,50,Caucasian,1,0,0,0,1,0,513.4666666666667
Male,20,Caucasian,0,0,0,3,3,1,19.85
Male,26,African-American,11,0,0,0,8,0,24.383333333333333
Male,32,African-American,0,0,0,0,2,1,140.23333333333332
Female,22,African-American,1,0,0,0,5,0,317.4
Male,39,Caucasian,2,0,0,0,1,1,-5.283333333333333
Male,30,African-American,7,0,0,0,3,0,44.833333333333336
Male,29,African-American,6,0,0,0,6,1,3601.4666666666667
Male,41,Hispanic,2,0,0,0,2,0,3092.8166666666666
Male,24,Caucasian,1,0,0,0,2,1,27.05
Female,27,Caucasian,4,0,0,0,8,1,1312.2166666666667
Male,54,Caucasian,3,0,0,0,1,1,48.95
Male,26,Hispanic,0,0,0,0,2,0,746.2333333333333
Male,25,African-American,5,0,0,0,7,0,1368.7666666666667
Male,22,African-American,2,1,0,0,9,1,722.0
Female,27,African-American,1,0,1,0,3,0,50.733333333333334
Male,39,Caucasian,10,0,0,0,8,1,24.883333333333333
Male,20,Hispanic,0,0,0,0,3,1,21.65
Male,24,African-American,2,0,0,0,3,1,26.716666666666665
Male,36,Caucasian,1,0,0,0,4,1,55.766666666666666
Male,55,Caucasian,2,0,0,0,1,0,46.416666666666664
Male,47,Caucasian,1,0,0,0,3,1,20.933333333333334
Male,21,African-American,2,0,0,0,8,1,863.4166666666666
Male,46,African-American,10,1,0,0,7,0,793.2666666666667
Male,61,African-American,19,0,0,0,9,0,125.96666666666667
Male,45,Caucasian,19,0,0,0,6,1,45.96666666666667
Male,25,African-American,2,0,0,0,9,0,15.9
Female,27,Caucasian,4,0,0,0,5,0,24.083333333333332
Male,39,African-American,15,0,1,0,9,0,33.483333333333334
Male,29,African-American,11,0,0,1,10,1,459.7
Male,33,African-American,9,2,0,0,9,1,65.63333333333334
Male,24,African-American,3,0,0,0,6,0,-3.55
Male,23,Hispanic,3,0,0,0,7,1,78.01666666666667
Male,33,African-American,28,0,12,2,8,1,44.016666666666666
Male,21,African-American,0,0,0,0,8,0,26.083333333333332
Male,69,Hispanic,0,0,0,0,1,0,19.316666666666666
Male,52,Caucasian,2,0,0,0,1,0,31.05
Male,28,Caucasian,9,0,1,0,4,0,21.3
Male,50,African-American,13,1,0,0,10,1,1440.8
Female,23,Hispanic,2,0,1,0,4,0,32.3
Female,31,Caucasian,1,0,0,0,2,0,24.983333333333334
Male,71,African-American,8,0,0,0,1,0,597.8666666666667
Male,54,Hispanic,2,0,0,0,1,0,797.7166666666667
Male,28,African-American,1,0,0,0,4,1,125.08333333333333
Male,20,African-American,2,2,0,0,8,1,1352.7333333333333
Male,22,African-American,1,0,0,0,7,1,24.783333333333335
Male,22,Caucasian,1,0,0,1,8,1,142.66666666666666
Male,45,Caucasian,10,0,0,0,5,0,262.53333333333336
Male,23,African-American,6,0,1,0,8,0,44.766666666666666
Male,47,African-American,22,0,0,0,7,1,27.15
Female,27,African-American,0,0,0,0,3,0,25.983333333333334
Male,23,Caucasian,0,0,0,0,3,0,6.683333333333334
Male,45,African-American,0,0,0,0,7,0,21.616666666666667
Male,32,Caucasian,0,0,0,0,7,0,27.0
Male,59,Caucasian,0,0,0,0,1,0,5.716666666666667
Male,25,Hispanic,2,0,0,0,5,1,21.55
Male,30,African-American,0,0,0,0,2,0,24.3
Male,43,African-American,8,1,0,0,4,1,925.1666666666666
Male,55,Caucasian,18,0,0,0,7,1,1343.4333333333334
Male,49,African-American,3,0,0,0,8,1,21.583333333333332
Female,27,Caucasian,0,0,0,0,5,0,6.233333333333333
Female,29,Caucasian,20,0,0,0,10,1,1350.2833333333333
Male,61,African-American,1,0,0,0,1,0,49.18333333333333
Male,27,African-American,9,0,4,4,7,1,23.533333333333335
Male,29,Caucasian,14,0,0,2,10,1,1.65
Male,55,Hispanic,6,0,0,0,3,0,851.1
Male,25,African-American,3,0,0,0,6,1,49.75
Male,24,African-American,0,0,0,0,2,0,31.366666666666667
Male,25,Hispanic,0,0,0,0,1,0,27.15
Male,30,African-American,10,0,1,0,9,0,2249.6
Male,52,African-American,0,0,0,0,1,1,5.55
Male,47,Hispanic,1,0,0,0,5,0,4415.216666666666
Male,24,African-American,5,0,0,0,6,1,2805.6833333333334
Male,25,African-American,6,0,1,3,9,0,914.9166666666666
Male,23,African-American,3,0,0,0,10,0,2334.633333333333
Male,37,African-American,6,0,0,0,2,1,21.666666666666668
Female,35,African-American,5,0,0,0,3,0,21.083333333333332
Male,38,African-American,15,0,0,0,6,0,1329.8833333333334
Male,45,Caucasian,1,0,0,0,1,0,26.833333333333332
Male,31,African-American,15,3,0,1,10,1,113.5
Male,26,Caucasian,11,0,0,0,4,0,1350.05
Female,33,Caucasian,4,0,0,0,5,1,267.6166666666667
Male,51,African-American,0,0,0,0,4,1,27.283333333333335
Male,22,Caucasian,1,0,1,1,4,1,27.833333333333332
Male,29,Caucasian,0,0,0,0,1,0,29.366666666666667
Male,41,African-American,16,0,0,0,10,0,8826.416666666666
Male,36,African-American,0,0,0,0,4,0,6725.483333333334
Male,31,Hispanic,0,0,0,0,1,0,20.483333333333334
Male,29,Hispanic,4,0,0,0,2,0,281.23333333333335
Female,54,Caucasian,9,0,0,0,8,0,288.75
Male,25,African-American,0,0,0,0,4,1,64.0
Male,27,African-American,1,0,0,0,5,0,23.116666666666667
Male,39,Other,9,0,1,0,2,0,39.833333333333336
Male,23,African-American,1,0,0,0,7,0,63.666666666666664
Male,31,Caucasian,17,0,0,0,8,1,27.166666666666668
Female,33,Caucasian,0,0,0,0,1,0,-4.75
Male,42,Other,1,0,0,0,1,0,3.8333333333333335
Male,28,Caucasian,9,0,1,0,4,0,21.3
Male,37,African-American,1,0,0,0,7,1,16.5
Male,31,African-American,10,5,0,0,9,1,111.9
Female,29,Other,2,0,0,0,2,1,-3.6166666666666667
Male,31,African-American,4,0,0,0,2,0,21.033333333333335
Male,35,African-American,23,0,1,0,9,1,25.166666666666668
Male,26,African-American,18,1,1,0,10,1,4749.516666666666
Male,21,Other,0,0,0,0,3,1,27.85
Male,52,Other,2,0,0,0,2,0,20.6
Female,51,Caucasian,0,0,0,0,2,0,18.366666666666667
Male,36,Other,3,0,0,0,4,1,1100.85
Male,23,Hispanic,0,0,0,0,5,1,19.9
Female,42,Caucasian,4,0,0,0,6,1,6.566666666666666
Male,37,African-American,4,0,0,0,6,0,429.4
Male,22,Caucasian,0,0,0,0,3,0,93.71666666666667
Male,27,Caucasian,2,0,0,0,7,1,21.0
Male,43,African-American,7,0,0,0,4,0,21.833333333333332
Male,23,African-American,0,0,0,0,3,1,7.1
Male,25,African-American,2,0,0,0,5,1,21.266666666666666
Male,26,Hispanic,0,0,0,0,5,1,75.08333333333333
Male,21,African-American,1,0,1,0,4,1,28.2
Male,20,African-American,4,0,1,1,9,1,50.95
Male,58,Caucasian,0,0,0,0,1,0,103.41666666666667
Male,27,African-American,2,0,0,0,10,1,20.933333333333334
Male,26,Caucasian,3,0,0,0,7,1,25.883333333333333
Male,47,African-American,19,0,0,1,8,1,5096.633333333333
Male,59,African-American,8,0,0,0,4,1,123.76666666666667
Male,23,African-American,2,0,1,2,6,1,56.63333333333333
Male,31,Caucasian,0,0,0,0,1,0,25.1
Male,51,Caucasian,8,0,0,0,5,1,29.666666666666668
Male,23,African-American,2,0,0,0,9,0,1724.45
Male,41,Caucasian,11,0,0,0,9,0,79.25
Female,24,African-American,6,0,0,0,6,0,7440.15
Male,29,Caucasian,12,0,0,0,6,1,938.85
Male,37,Caucasian,1,0,0,0,1,0,15.483333333333333
Male,25,African-American,2,0,0,0,4,0,40.68333333333333
Male,26,African-American,5,0,0,1,7,1,22.766666666666666
Male,27,African-American,0,0,0,0,1,0,20.716666666666665
Male,28,Caucasian,4,0,0,0,4,1,92.43333333333334
Male,30,African-American,18,0,1,1,10,1,1484.0666666666666
Male,55,Other,2,0,0,0,1,0,22.5
Male,62,Caucasian,0,0,0,0,1,0,49.016666666666666
Male,40,Caucasian,1,0,0,0,3,0,23.533333333333335
Male,24,African-American,0,0,0,0,5,1,23.4
Male,26,Caucasian,2,0,0,0,9,1,23.816666666666666
Male,35,African-American,10,0,0,0,6,1,547.6166666666667
Male,29,African-American,12,0,0,0,10,1,143.25
Male,30,Caucasian,2,0,0,0,2,0,6.833333333333333
Male,27,African-American,4,0,0,0,6,0,40.03333333333333
Male,25,Caucasian,3,0,0,0,3,0,1391.3166666666666
Male,41,Caucasian,6,0,0,0,7,0,1866.4666666666667
Male,21,Caucasian,0,0,0,0,8,1,5.533333333333333
Male,24,African-American,0,0,0,0,10,1,30.916666666666668
Male,53,Caucasian,4,0,0,0,1,0,-0.13333333333333333
Male,43,Hispanic,1,0,0,0,3,0,712.7333333333333
Male,31,African-American,7,0,0,0,7,1,1870.4666666666667
Male,25,African-American,5,0,0,0,7,0,2041.9666666666667
Male,21,Hispanic,1,0,0,3,8,0,20.766666666666666
Male,37,Caucasian,1,0,0,0,6,0,26.683333333333334
Female,33,Caucasian,1,0,0,0,2,0,16.95
Female,25,African-American,6,0,0,0,7,1,288.18333333333334
Male,27,Caucasian,0,0,0,0,10,1,666.7833333333333
Female,21,African-American,0,0,0,0,5,1,23.783333333333335
Male,55,Caucasian,0,0,0,0,1,0,17.633333333333333
Male,38,African-American,13,0,0,0,10,0,55.03333333333333
Female,29,African-American,7,0,1,0,7,1,44.56666666666667
Male,31,African-American,1,0,0,0,6,0,158.28333333333333
Male,27,African-American,5,0,0,0,3,0,939.6
Female,28,Hispanic,4,0,0,0,6,0,33.333333333333336
Male,23,African-American,2,0,1,0,6,1,27.35
Male,29,African-American,6,0,0,0,8,1,44.333333333333336
Male,47,African-American,1,0,0,0,1,0,19.716666666666665
Female,29,African-American,1,0,0,0,4,0,-1.3833333333333333
Male,25,African-American,1,0,0,1,5,1,23.566666666666666
Male,20,African-American,1,0,0,0,10,1,47.416666666666664
Male,30,Caucasian,1,0,0,1,3,0,22.25
Male,43,Hispanic,3,0,0,0,3,1,54.18333333333333
Male,29,Caucasian,11,0,0,1,8,1,1181.1333333333334
Male,43,Caucasian,1,0,0,0,6,1,1656.7
Male,26,Caucasian,3,0,0,0,5,1,21.583333333333332
Male,44,Caucasian,0,0,0,0,7,1,507.01666666666665
Male,26,Caucasian,2,0,0,0,4,0,511.0
Male,23,African-American,2,0,0,0,6,0,25.7
Male,53,Caucasian,2,0,0,0,4,0,974.85
Female,37,Caucasian,7,0,0,0,6,1,167.66666666666666
Male,50,Caucasian,9,0,0,0,6,1,24.383333333333333
Female,22,Caucasian,1,0,0,0,6,0,47.1
Female,34,Caucasian,6,0,0,0,7,0,41.81666666666667
Male,40,Caucasian,1,0,0,0,4,0,39.9
Male,26,Caucasian,0,0,0,0,6,1,123.08333333333333
Male,24,Caucasian,3,0,1,1,8,1,4.966666666666667
Male,58,African-American,38,0,0,0,7,1,2088.633333333333
Male,26,African-American,3,0,0,0,4,1,29.183333333333334
Male,27,African-American,1,0,0,0,2,1,-9.733333333333333
Male,20,Hispanic,0,0,0,0,2,1,25.016666666666666
Male,36,African-American,22,0,0,0,9,0,4736.35
Male,25,African-American,0,0,0,0,3,0,24.5
Male,27,African-American,5,0,0,0,9,1,101.66666666666667
Male,36,African-American,9,0,0,0,7,1,88.03333333333333
Male,24,African-American,1,0,0,0,8,0,1912.1166666666666
Male,27,African-American,2,0,0,0,2,1,21.533333333333335
Male,26,Caucasian,2,0,0,0,2,0,30.4
Male,26,African-American,2,0,0,0,3,0,5.683333333333334
Male,26,African-American,5,0,0,0,8,1,869.9
Male,21,African-American,0,0,0,0,3,0,14.566666666666666
Male,26,African-American,5,0,0,1,10,0,125.3
Male,21,African-American,1,0,0,0,3,0,52.75
Female,47,Caucasian,0,0,0,0,1,0,-10.233333333333333
Male,31,African-American,1,0,0,0,10,0,381.43333333333334
Male,25,Caucasian,1,0,0,0,3,1,5.4
Female,20,African-American,2,0,0,3,10,1,554.9833333333333
Female,19,African-American,0,0,0,0,8,1,28.616666666666667
Female,35,African-American,16,0,1,1,10,0,5813.933333333333
Male,53,African-American,20,0,0,0,5,0,75.9
Male,21,African-American,1,0,0,0,4,1,32.733333333333334
Female,52,Caucasian,1,0,0,0,1,0,77.45
Female,25,Caucasian,1,0,0,0,4,1,23.566666666666666
Male,23,African-American,1,0,0,0,8,1,7.966666666666667
Male,23,Hispanic,3,0,0,0,6,1,73.31666666666666
Female,40,Caucasian,0,0,0,0,5,0,66.36666666666666
Male,29,Caucasian,0,0,0,0,1,0,27.65
Male,25,African-American,8,0,0,2,8,1,2.9833333333333334
Male,27,African-American,1,0,0,0,2,1,23.266666666666666
Male,26,African-American,3,1,0,0,10,1,92.43333333333334
Male,26,Other,1,0,0,0,4,1,54.93333333333333
Male,46,African-American,18,0,0,0,7,1,1561.5
Male,46,Caucasian,1,0,0,0,3,0,253.16666666666666
Male,22,African-American,3,0,1,0,4,1,29.666666666666668
Male,25,African-American,3,0,1,1,8,1,9.5
Male,22,Hispanic,0,0,0,0,6,0,25.033333333333335
Male,28,Caucasian,9,0,0,2,8,0,2807.4
Male,22,Hispanic,0,0,0,0,4,1,49.68333333333333
Female,54,Caucasian,0,0,0,0,3,1,488.18333333333334
Male,31,African-American,1,0,0,0,7,0,6291.116666666667
Male,56,Other,0,0,0,0,1,0,25.083333333333332
Male,22,Hispanic,0,0,0,0,2,0,23.716666666666665
Male,46,Other,0,0,0,0,1,0,122.85
Male,25,African-American,4,0,0,0,3,1,216.96666666666667
Male,49,Caucasian,2,0,0,0,2,0,25.05
Female,52,Caucasian,1,0,0,0,1,0,77.45
Male,22,African-American,0,0,0,0,7,1,71.35
Female,26,African-American,3,0,0,0,2,1,16.95
Female,62,Caucasian,1,0,0,0,1,1,17.766666666666666
Male,54,Caucasian,1,0,0,0,1,0,13.55
Male,20,African-American,0,0,0,0,9,1,20.883333333333333
Male,24,Caucasian,6,0,0,2,10,0,173.11666666666667
Male,40,Caucasian,6,0,0,0,4,0,19.016666666666666
Male,22,African-American,0,0,0,0,3,1,25.866666666666667
Male,35,African-American,0,0,0,0,1,0,19.283333333333335
Male,38,African-American,1,0,0,0,8,0,1197.7833333333333
Female,45,Caucasian,5,0,0,0,2,0,4.566666666666666
Male,33,Caucasian,0,0,0,0,9,1,16.45
Male,27,African-American,0,0,0,0,5,0,78.63333333333334
Male,25,African-American,5,0,0,0,7,0,1368.7666666666667
Male,24,African-American,0,0,0,0,4,0,51.46666666666667
Male,24,African-American,0,0,0,0,9,1,364.26666666666665
Female,40,African-American,7,0,0,0,4,0,44.416666666666664
Male,40,Caucasian,0,0,0,0,1,1,14.333333333333334
Male,45,Hispanic,2,0,0,0,1,0,1132.6
Male,47,Caucasian,2,0,0,0,4,0,147.2
Male,24,Asian,4,0,0,0,6,1,0.85
Male,30,African-American,1,0,0,0,4,0,53.85
Male,29,African-American,6,0,0,0,6,1,3601.4666666666667
Male,20,Hispanic,0,0,0,0,2,1,25.016666666666666
Male,37,African-American,2,0,0,0,9,1,5.216666666666667
Male,30,African-American,11,0,0,0,7,1,24.183333333333334
Male,19,African-American,0,0,0,0,10,0,1085.0333333333333
Male,47,African-American,1,0,0,0,1,1,14.433333333333334
Male,52,African-American,2,0,0,0,1,0,259.6333333333333
Female,41,Caucasian,0,0,0,0,1,0,14.6
Male,25,African-American,6,0,0,2,7,1,20.55
Male,54,African-American,12,0,0,0,5,0,-4.766666666666667
Male,27,African-American,3,0,0,0,9,0,4970.95
Male,29,African-American,11,0,0,0,3,1,44.78333333333333
Male,34,Caucasian,0,0,0,0,1,1,-2.0833333333333335
Female,23,African-American,2,0,0,0,7,1,28.433333333333334
Male,29,African-American,3,0,0,0,2,1,-10.4
Male,24,Caucasian,2,0,0,0,6,0,1421.1333333333334
Male,45,African-American,15,0,0,0,3,1,20.566666666666666
Male,23,African-American,2,0,0,1,10,1,1923.55
Male,21,Caucasian,1,0,1,0,5,1,143.58333333333334
Male,24,Caucasian,4,0,0,0,8,0,22.383333333333333
Male,19,African-American,2,3,0,0,8,1,353.73333333333335
Female,31,Caucasian,1,0,0,0,1,1,28.75
Male,23,African-American,2,0,0,0,8,1,50.666666666666664
Male,57,African-American,12,0,0,0,9,1,1869.6666666666667
Female,24,African-American,0,0,0,0,4,1,23.35
Male,25,Caucasian,6,0,0,0,7,1,1309.65
Male,37,African-American,0,0,0,0,9,0,23.266666666666666
Male,48,African-American,25,1,0,0,10,1,152.43333333333334
Female,27,African-American,3,0,0,0,7,0,23.633333333333333
Male,22,African-American,3,0,0,0,3,1,210.28333333333333
Male,20,African-American,1,1,0,1,10,1,24.033333333333335
Male,33,Caucasian,2,0,0,0,2,0,39.81666666666667
Male,28,African-American,18,0,0,0,10,1,289.7
Male,29,African-American,11,0,0,0,8,1,1565.3833333333334
Male,55,African-American,17,0,0,0,10,1,623.3833333333333
Male,33,African-American,11,0,2,3,8,1,1378.0833333333333
Male,45,African-American,4,0,0,0,2,0,72.01666666666667
Female,39,African-American,1,0,0,0,1,0,3.85
Female,27,African-American,4,0,0,1,7,0,40.75
Male,58,African-American,1,0,0,0,8,0,1766.95
Male,56,African-American,4,0,0,0,3,1,25.683333333333334
Male,25,African-American,4,1,0,0,9,0,42.95
Male,28,African-American,9,0,0,0,8,1,28.233333333333334
Male,54,Caucasian,2,0,0,0,4,1,705.6666666666666
Male,20,African-American,2,0,0,1,10,0,1491.9
Male,27,African-American,2,0,0,0,6,1,0.2833333333333333
Female,46,Caucasian,7,0,0,0,7,1,90.86666666666666
Male,52,African-American,0,0,0,0,4,0,334.5
Male,37,African-American,12,0,0,0,9,1,5.716666666666667
Male,23,Caucasian,1,0,0,0,5,0,970.0333333333333
Male,29,Caucasian,2,0,0,0,5,1,47.68333333333333
Male,25,Caucasian,5,0,0,0,9,1,16.0
Male,20,African-American,0,0,0,1,3,0,20.75
Male,33,Other,0,0,0,0,8,0,5.466666666666667
Male,39,Caucasian,1,0,0,0,1,0,703.6
Male,38,African-American,25,1,4,0,8,0,2093.6666666666665
Male,26,African-American,5,0,1,2,7,1,145.13333333333333
Male,26,Other,1,0,0,0,4,0,26.4
Female,30,African-American,8,0,0,0,7,1,1084.75
Male,55,African-American,9,0,0,0,3,1,90.93333333333334
Female,31,Caucasian,0,0,0,0,9,0,118.38333333333334
Male,29,African-American,5,0,0,0,6,1,27.116666666666667
Male,20,Other,0,0,0,0,5,0,21.45
Female,40,Hispanic,7,0,0,0,2,1,151.35
Male,21,Caucasian,0,0,0,0,5,1,25.083333333333332
Male,27,African-American,1,0,0,0,7,0,140.53333333333333
Female,25,African-American,1,0,0,0,3,0,312.01666666666665
Female,44,Hispanic,0,0,0,0,1,0,27.066666666666666
Male,41,Hispanic,1,0,0,0,2,1,5.35
Male,76,Asian,0,0,0,0,1,0,47.766666666666666
Female,24,African-American,2,0,0,0,4,0,332.6333333333333
Male,32,African-American,1,0,0,0,2,0,21.516666666666666
Female,35,African-American,16,0,1,1,10,0,5813.933333333333
Male,18,Caucasian,4,5,0,0,8,1,32.85
Male,22,African-American,3,0,0,0,8,1,-1.0833333333333333
Male,29,Caucasian,2,0,0,0,2,1,17.016666666666666
Male,36,African-American,5,2,0,0,10,0,46.86666666666667
Male,21,Hispanic,1,0,0,0,5,1,14.133333333333333
Male,52,Other,13,0,0,0,7,1,41.68333333333333
Male,28,Caucasian,3,0,0,0,5,1,7.133333333333334
Male,51,African-American,8,0,0,0,6,1,20.35
Male,30,African-American,0,0,0,0,4,1,30.65
Male,37,Caucasian,1,0,0,0,2,0,21.6
Male,50,Hispanic,3,0,0,0,9,1,815.1833333333333
Male,55,Caucasian,3,0,0,0,3,0,28.116666666666667
Male,25,African-American,28,0,0,0,9,1,22.216666666666665
Male,21,African-American,1,0,0,0,9,1,9479.6
Female,27,African-American,1,0,0,0,3,0,1070.05
Male,31,African-American,5,0,0,0,5,1,22.05
Male,42,Caucasian,0,0,0,0,1,0,19.533333333333335
Male,44,Caucasian,1,0,0,0,1,1,31.85
Male,50,African-American,7,0,0,0,3,0,71.05
Female,24,Caucasian,1,0,0,1,3,0,21.316666666666666
Male,24,African-American,1,0,0,0,3,1,35.233333333333334
Male,35,African-American,0,0,0,0,3,0,21.333333333333332
Male,64,African-American,13,0,0,0,6,1,26.65
Male,33,Hispanic,0,0,0,0,3,0,43.88333333333333
Male,33,African-American,9,0,0,1,8,1,25.016666666666666
Male,32,Other,0,0,0,0,1,1,534.2666666666667
Male,54,Caucasian,14,0,0,0,4,1,672.2666666666667
Male,37,African-American,20,0,0,0,9,1,863.3833333333333
Male,30,Caucasian,1,0,0,0,8,0,26.233333333333334
Male,30,Caucasian,9,0,0,0,6,1,168.73333333333332
Male,22,African-American,0,0,0,0,4,0,10250.716666666667
Male,37,Caucasian,5,0,0,0,5,0,2519.75
Female,52,African-American,0,0,0,0,7,1,2.8666666666666667
Male,21,Caucasian,0,0,0,0,8,1,5.533333333333333
Male,21,African-American,5,0,0,0,5,1,24.716666666666665
Male,21,Caucasian,0,0,0,0,10,0,12030.183333333332
Male,29,Caucasian,0,0,0,0,3,0,23.833333333333332
Male,20,Caucasian,0,0,0,0,3,0,24.433333333333334
Male,23,African-American,1,0,0,0,3,1,29.133333333333333
Male,56,Caucasian,2,0,0,0,1,0,986.0833333333334
Male,27,African-American,5,0,0,0,9,0,870.6
Female,51,Caucasian,1,0,0,0,2,0,27.1
Male,24,Caucasian,1,0,0,1,5,1,519.8
Male,32,African-American,7,0,0,0,2,0,27.783333333333335
Male,40,Caucasian,5,0,0,0,1,1,15.233333333333333
Female,24,African-American,2,0,0,0,6,1,24.483333333333334
Female,21,Caucasian,0,0,0,0,4,0,8.233333333333333
Male,52,African-American,2,0,0,0,9,1,795.3666666666667
Female,32,African-American,3,0,0,0,7,0,817.6166666666667
Male,63,African-American,2,0,0,0,1,0,41.53333333333333
Male,35,African-American,0,0,0,0,4,0,46.93333333333333
Female,26,Hispanic,1,0,0,0,6,0,30.783333333333335
Male,40,Hispanic,2,0,0,0,2,0,24.85
Female,23,African-American,1,0,0,0,5,1,42.06666666666667
Male,33,Caucasian,6,0,0,0,6,1,3654.116666666667
Male,27,Hispanic,18,0,0,1,10,0,1313.6833333333334
Male,30,African-American,6,0,0,0,9,0,50.96666666666667
Male,39,African-American,5,0,0,0,9,1,625.4833333333333
Male,22,African-American,12,1,0,0,10,1,846.25
Male,64,African-American,0,0,0,0,2,0,29.55
Female,25,Caucasian,0,0,0,0,3,0,23.916666666666668
Male,23,African-American,1,0,1,0,10,0,91.78333333333333
Female,43,African-American,0,0,0,0,1,0,24.3
Male,52,Other,2,0,0,0,1,0,24.1
Male,31,Caucasian,5,0,0,0,3,1,27.333333333333332
Male,69,Caucasian,6,0,0,0,2,1,24.166666666666668
Male,22,African-American,3,0,1,1,10,1,32.31666666666667
Male,32,African-American,8,0,0,1,9,0,24.3
Male,47,Other,5,0,0,0,1,1,21.166666666666668
Male,34,African-American,5,0,0,0,6,0,49.9
Male,25,African-American,7,0,0,0,7,1,3.1
Female,30,Caucasian,1,0,0,1,3,0,19.183333333333334
Male,29,African-American,2,0,0,0,1,0,16.683333333333334
Male,33,Caucasian,3,0,0,0,2,0,22.833333333333332
Male,22,Caucasian,0,0,0,2,5,0,-4.966666666666667
Male,24,African-American,15,0,0,0,9,1,110.56666666666666
Male,34,Caucasian,10,0,0,0,6,0,339.7
Male,30,Caucasian,4,0,1,0,5,1,19.883333333333333
Female,46,Caucasian,0,0,0,0,1,1,49.6
Male,29,African-American,6,0,0,6,10,0,869.45
Male,23,Hispanic,2,0,0,0,5,0,49.266666666666666
Female,21,African-American,2,0,0,0,10,1,24.483333333333334
Male,25,African-American,3,0,0,0,6,1,49.75
Male,23,African-American,6,0,0,1,9,1,196.95
Male,31,African-American,2,0,0,0,4,0,48.85
Male,24,African-American,11,0,0,0,9,1,1227.1333333333334
Male,27,Other,0,0,0,0,5,0,47.4
Male,29,Hispanic,0,0,0,0,2,1,77.01666666666667
Male,24,Caucasian,0,0,0,0,1,0,25.083333333333332
Male,51,African-American,0,0,0,0,2,1,31.15
Male,24,African-American,5,0,0,0,7,1,27.066666666666666
Male,32,Hispanic,2,0,0,0,5,1,21.75
Female,28,African-American,2,0,0,0,5,1,20.683333333333334
Male,22,African-American,0,0,0,0,3,1,14.116666666666667
Male,31,Caucasian,2,1,0,0,6,1,92.61666666666666
Male,37,African-American,5,0,0,0,6,0,1.7166666666666666
Female,43,Asian,0,0,0,0,1,0,24.466666666666665
Male,26,African-American,10,0,0,0,8,1,29.7
Male,52,Caucasian,3,0,0,0,4,0,141.73333333333332
Male,24,African-American,8,0,0,0,7,1,1194.55
Male,50,Other,0,0,0,0,1,1,19.766666666666666
Male,25,African-American,6,0,3,1,6,0,18.466666666666665
Male,96,Hispanic,2,0,0,0,2,1,20.4
Female,50,African-American,0,0,0,0,1,0,19.5
Male,41,Caucasian,3,0,0,0,9,0,4036.25
Male,25,Caucasian,0,0,0,0,6,0,49.53333333333333
Male,27,African-American,10,0,1,0,8,1,5.366666666666666
Female,30,African-American,3,0,0,0,4,0,626.4666666666667
Female,25,Caucasian,5,0,0,0,7,0,7.833333333333333
Male,30,African-American,9,0,0,0,3,1,29.1
Male,39,African-American,2,0,0,0,1,1,28.166666666666668
Male,28,African-American,12,0,8,2,10,1,1830.5333333333333
Male,40,African-American,1,0,0,0,1,0,1564.1
Male,52,African-American,7,0,0,0,3,1,21.916666666666668
Male,31,Caucasian,1,0,0,0,4,1,5.95
Male,36,Hispanic,0,0,0,0,1,1,24.15
Male,28,African-American,18,0,1,0,9,1,7.583333333333333
Male,23,African-American,0,0,0,0,2,1,24.9
Male,26,African-American,0,0,0,2,5,0,21.166666666666668
Male,20,African-American,2,1,1,1,8,1,51.38333333333333
Male,69,Caucasian,0,0,0,0,1,1,66.11666666666666
Male,24,African-American,0,0,0,0,3,1,240.0
Female,35,African-American,0,0,0,0,10,0,989.0166666666667
Male,32,African-American,8,0,0,0,10,1,49.55
Male,38,Caucasian,5,0,0,0,6,0,17.866666666666667
Male,58,Caucasian,0,0,0,0,1,0,30.8
Female,20,Caucasian,0,0,0,0,10,0,9242.566666666668
Male,39,African-American,2,0,0,0,1,1,28.166666666666668
Female,38,African-American,2,0,0,0,7,0,601.8166666666667
Male,39,African-American,2,0,0,0,2,0,944.5166666666667
Female,58,Hispanic,1,0,0,0,5,0,23.566666666666666
Male,21,Caucasian,0,0,0,0,5,0,841.5666666666667
Male,29,African-American,0,0,0,0,1,0,50.233333333333334
Male,23,Caucasian,0,0,0,1,9,1,452.65
Male,22,Caucasian,3,0,0,0,7,1,3412.133333333333
Male,24,African-American,2,0,0,0,4,0,95.91666666666667
Male,39,African-American,5,0,0,0,7,0,96.31666666666666
Male,39,African-American,6,0,0,0,3,1,68.66666666666667
Male,21,Caucasian,0,0,0,0,4,1,694.4166666666666
Male,59,African-American,1,0,0,0,1,0,29.1
Male,35,Caucasian,0,0,0,0,5,1,982.8833333333333
Male,36,Caucasian,4,0,0,0,8,1,905.8166666666667
Male,23,African-American,1,0,0,0,3,1,25.45
Male,62,Caucasian,0,0,0,0,1,0,46.71666666666667
Male,33,Hispanic,8,0,0,0,9,1,26.083333333333332
Male,28,African-American,6,0,0,0,10,1,1943.3
Male,37,Caucasian,3,0,0,0,4,0,935.1666666666666
Male,76,Caucasian,1,0,0,0,1,0,41.8
Female,28,Caucasian,0,0,0,0,2,0,21.633333333333333
Male,77,Caucasian,1,0,0,0,1,0,78.31666666666666
Male,67,African-American,1,0,0,0,1,0,765.45
Male,20,African-American,1,1,0,0,6,0,46.6
Male,50,Caucasian,1,0,0,0,3,0,44.2
Male,23,African-American,2,1,0,0,9,1,25.083333333333332
Male,49,African-American,3,0,0,0,2,0,25.45
Male,68,African-American,6,0,0,0,4,0,66.56666666666666
Male,29,African-American,6,0,0,0,10,1,954.5666666666667
Male,47,African-American,9,0,0,0,4,1,1559.4666666666667
Male,33,Native American,9,1,0,0,7,1,1302.5166666666667
Female,25,Hispanic,0,0,0,1,4,0,5.666666666666667
Female,29,Other,0,0,0,0,2,0,22.216666666666665
Female,26,African-American,4,0,0,0,6,0,5.783333333333333
Female,34,African-American,1,0,0,0,1,0,210.83333333333334
Male,34,Hispanic,2,0,0,0,3,1,238.25
Female,43,Caucasian,0,0,0,0,2,0,4.466666666666667
Male,35,African-American,0,0,0,0,2,0,917.45
Male,23,African-American,2,0,0,0,6,1,145.61666666666667
Male,33,African-American,28,0,12,2,8,1,44.016666666666666
Male,21,African-American,0,0,0,1,3,0,16.816666666666666
Female,59,African-American,0,0,0,0,2,0,23.033333333333335
Male,35,Hispanic,5,0,0,0,6,1,51.416666666666664
Male,56,Caucasian,0,0,0,0,1,0,23.65
Male,22,African-American,2,1,0,0,7,0,29.883333333333333
Male,27,African-American,4,1,0,1,8,1,18.983333333333334
Male,44,African-American,0,0,0,0,1,0,14.9
Male,29,African-American,4,0,0,0,4,1,197.3
Female,27,African-American,0,0,0,0,3,0,41.266666666666666
Male,46,Other,3,0,0,0,1,0,-2.066666666666667
Male,19,African-American,1,1,0,1,10,1,859.45
Male,26,African-American,0,0,0,0,3,1,27.216666666666665
Male,49,African-American,1,0,0,0,9,0,5664.333333333333
Male,29,African-American,4,1,1,0,10,0,25.783333333333335
Male,29,Caucasian,1,0,0,0,4,1,806.05
Male,36,Caucasian,1,0,0,0,1,0,28.483333333333334
Male,25,African-American,5,0,0,0,8,1,89.43333333333334
Male,27,Caucasian,3,0,0,0,3,0,77.98333333333333
Male,20,Caucasian,1,0,1,1,10,1,312.26666666666665
Male,52,African-American,0,0,0,0,4,1,624.35
Female,27,African-American,8,0,0,0,6,1,73.06666666666666
Male,65,African-American,6,0,0,0,4,0,169.91666666666666
Male,28,Caucasian,6,0,0,0,4,1,43.583333333333336
Male,29,African-American,3,0,1,0,10,1,2857.4
Male,22,African-American,5,0,0,0,5,0,22.566666666666666
Male,21,African-American,7,1,0,0,10,1,260.05
Male,46,Caucasian,4,0,0,0,4,0,29.516666666666666
Male,31,Caucasian,5,0,0,1,6,0,1637.5
Male,34,Caucasian,28,1,0,0,10,0,2063.0666666666666
Male,22,African-American,1,0,0,0,6,1,150.23333333333332
Female,40,Hispanic,4,0,0,0,3,1,121.73333333333333
Male,21,African-American,0,0,0,0,9,0,120.58333333333333
Male,34,African-American,5,0,0,0,4,1,123.35
Male,25,Caucasian,0,0,0,0,2,1,72.03333333333333
Male,34,African-American,13,0,0,0,4,1,19.383333333333333
Female,27,African-American,3,0,0,0,4,1,-4.9
Male,65,Caucasian,0,0,0,0,1,0,23.216666666666665
Male,32,African-American,0,0,0,0,7,0,25.666666666666668
Male,42,African-American,1,0,0,0,1,0,15.833333333333334
Male,36,Other,1,0,0,0,1,1,25.766666666666666
Male,25,Hispanic,0,0,0,0,6,0,49.31666666666667
Female,62,Caucasian,0,0,0,0,1,0,93.56666666666666
Male,27,Hispanic,0,0,0,0,2,0,5.483333333333333
Male,42,African-American,7,1,0,0,9,1,47.71666666666667
Male,20,African-American,0,0,0,1,8,0,47.483333333333334
Female,23,African-American,0,0,0,0,3,0,14.033333333333333
Female,38,Other,0,0,0,0,2,0,21.933333333333334
Male,20,Hispanic,3,0,0,0,10,1,1010.55
Male,59,Hispanic,0,0,0,0,1,0,27.916666666666668
Male,20,African-American,1,1,0,0,8,1,353.4166666666667
Male,57,African-American,6,0,0,0,9,1,1840.3166666666666
Male,27,Caucasian,18,0,0,1,9,1,4295.133333333333
Male,40,Hispanic,0,0,0,0,1,0,6.683333333333334
Male,22,Caucasian,0,0,0,0,3,0,385.26666666666665
Male,50,African-American,24,0,0,2,8,1,777.15
Male,25,African-American,15,0,3,1,9,1,48.15
Female,36,African-American,1,0,0,0,3,1,18.283333333333335
Male,21,African-American,1,0,0,1,9,1,5813.95
Male,52,African-American,7,0,0,0,3,1,21.916666666666668
Male,58,African-American,17,0,0,0,6,0,1784.5166666666667
Male,25,African-American,2,0,0,0,4,0,441.2
Male,54,Hispanic,0,0,0,0,1,0,51.95
Male,26,African-American,5,0,0,0,10,1,75.31666666666666
Male,35,African-American,12,0,0,0,8,1,22.75
Male,22,African-American,1,0,0,1,7,1,28.166666666666668
Male,25,Caucasian,6,0,0,1,5,1,32.36666666666667
Male,23,African-American,1,0,0,0,8,0,48.7
Male,25,Hispanic,6,0,1,0,3,0,47.233333333333334
Male,32,Caucasian,4,0,0,0,7,0,43.28333333333333
Male,24,Hispanic,0,0,0,0,10,0,354.06666666666666
Male,31,Other,1,0,0,0,2,0,20.483333333333334
Male,30,Hispanic,0,0,0,0,3,0,32.8
Male,31,Caucasian,0,0,0,0,2,0,16.083333333333332
Female,26,African-American,0,0,0,0,3,0,7.466666666666667
Male,21,African-American,2,0,0,0,8,1,863.4166666666666
Female,34,Caucasian,6,0,0,0,7,0,41.81666666666667
Male,27,African-American,13,1,0,0,9,0,792.05
Male,30,African-American,1,0,0,0,5,1,47.45
Male,59,African-American,13,0,0,0,2,1,5815.416666666667
Female,36,Caucasian,7,0,0,0,6,1,171.96666666666667
Male,53,African-American,3,0,0,0,6,1,141.8
Male,20,Caucasian,0,0,0,0,5,1,30.066666666666666
Male,22,African-American,1,0,0,0,7,1,30.716666666666665
Male,27,African-American,5,0,0,0,10,1,888.9666666666667
Male,33,Caucasian,0,0,0,0,9,1,16.45
Male,64,Caucasian,0,0,0,0,1,0,-0.13333333333333333
Female,31,African-American,2,0,0,0,2,0,27.55
Male,36,Other,0,0,0,0,1,0,63.03333333333333
Male,31,African-American,9,0,0,0,4,0,1823.4666666666667
Male,22,African-American,11,0,0,0,10,1,0.08333333333333333
Female,34,Caucasian,7,0,0,0,7,0,52.53333333333333
Male,46,Caucasian,14,0,0,0,3,1,22.7
Female,31,Caucasian,2,0,0,0,6,0,2810.766666666667
Male,22,African-American,7,0,4,0,8,1,264.8666666666667
Female,27,African-American,1,0,0,0,3,0,-5.166666666666667
Female,28,Caucasian,2,0,0,0,6,1,1.9333333333333333
Male,26,African-American,4,0,0,0,9,1,22.15
Male,44,Caucasian,5,0,0,0,2,0,167.8
Female,27,Caucasian,6,0,0,0,3,1,24.283333333333335
Male,24,Caucasian,0,0,0,0,4,0,71.95
Male,32,African-American,4,0,0,0,7,1,4577.35
Female,40,African-American,2,0,0,0,5,0,2421.0333333333333
Female,26,African-American,2,0,0,0,4,1,18.266666666666666
Male,52,African-American,0,0,0,0,4,1,624.35
Male,30,Other,6,0,0,0,9,1,427.18333333333334
Male,32,Caucasian,1,0,0,0,1,1,5.533333333333333
Female,48,Hispanic,0,0,0,0,1,0,33.0
Male,53,Hispanic,1,0,0,0,5,0,16.483333333333334
Female,29,African-American,2,0,0,0,3,1,246.98333333333332
Male,36,African-American,5,0,0,0,3,0,267.3333333333333
Male,21,Caucasian,1,0,0,0,7,0,6073.883333333333
Male,20,Caucasian,2,0,0,0,8,0,22.933333333333334
Male,54,African-American,3,0,0,0,6,1,55.083333333333336
Male,54,Other,0,0,0,0,1,0,670.3833333333333
Female,36,Caucasian,3,0,0,0,3,0,19.766666666666666
Female,38,Other,0,0,0,0,1,0,21.133333333333333
Male,26,African-American,5,0,0,0,5,0,42.18333333333333
Male,22,African-American,0,0,0,0,5,1,26.133333333333333
Male,32,African-American,1,0,0,0,8,1,44.016666666666666
Male,29,African-American,11,0,0,1,10,1,459.7
Female,55,African-American,1,0,0,0,1,0,22.95
Male,31,Caucasian,0,0,0,0,1,0,20.066666666666666
Male,29,African-American,0,0,0,0,8,0,6.283333333333333
Male,25,Caucasian,1,0,0,0,6,0,25.016666666666666
Male,33,Caucasian,0,0,0,0,9,1,16.45
Male,30,African-American,13,0,2,2,10,1,69.55
Male,37,Caucasian,11,0,0,0,9,1,20.65
Male,20,African-American,1,1,0,0,4,1,15.866666666666667
Male,25,African-American,5,0,0,0,5,0,884.4
Female,28,Caucasian,0,0,0,0,6,0,48.1
Male,50,African-American,18,0,0,0,8,1,5974.583333333333
Male,34,Caucasian,2,0,0,0,4,0,63.43333333333333
Male,21,African-American,1,0,0,1,10,1,23.933333333333334
Male,26,African-American,1,0,0,0,4,0,1323.4333333333334
Male,20,Caucasian,0,0,0,0,10,0,3361.116666666667
Male,26,African-American,4,0,0,0,4,1,1759.4666666666667
Male,44,Caucasian,4,0,0,0,2,0,575.95
Female,21,African-American,0,0,0,0,8,1,28.266666666666666
Male,31,Caucasian,0,0,0,0,1,0,65.56666666666666
Male,32,Hispanic,2,1,0,0,7,1,21.7
Male,34,African-American,3,0,0,0,9,0,25.166666666666668
Male,28,Hispanic,0,0,0,0,2,0,26.366666666666667
Male,73,Caucasian,6,0,0,0,1,0,296.3833333333333
Male,51,Caucasian,2,0,0,0,1,0,22.716666666666665
Male,21,Hispanic,1,1,0,0,8,1,12650.066666666668
Male,37,Other,1,0,0,0,1,0,121.1
Male,22,African-American,0,0,0,0,8,0,1293.2333333333333
Male,54,Caucasian,0,0,0,0,1,0,160.86666666666667
Male,28,African-American,11,0,0,0,6,1,53.21666666666667
Male,33,Other,0,0,0,0,1,0,30.133333333333333
Male,24,African-American,0,0,0,2,9,1,162.31666666666666
Male,26,African-American,1,0,0,0,6,1,313.6666666666667
Male,33,African-American,3,0,0,0,6,1,2759.3166666666666
Male,32,African-American,4,0,0,0,8,1,25.816666666666666
Male,30,African-American,2,0,0,0,7,0,24.466666666666665
Male,21,African-American,1,0,0,2,5,1,25.4
Male,25,African-American,5,0,0,0,5,1,1182.4333333333334
Male,25,African-American,4,1,0,0,9,0,42.95
Male,35,Caucasian,0,0,0,0,3,1,26.7
Male,20,African-American,0,0,0,0,3,0,93.66666666666667
Female,26,Caucasian,1,0,0,0,9,0,72.96666666666667
Male,53,African-American,3,0,0,0,3,0,1007.45
Male,38,Caucasian,1,0,0,0,1,1,19.783333333333335
Male,36,African-American,18,0,1,0,10,0,-1.5666666666666667
Male,41,African-American,2,0,0,0,1,0,6.916666666666667
Male,21,African-American,1,0,1,0,7,0,69.7
Male,20,African-American,0,0,0,0,3,0,-10.116666666666667
Male,33,African-American,5,0,0,0,4,0,-5.55
Male,21,African-American,1,0,0,0,10,1,2065.4333333333334
Male,22,Caucasian,2,0,0,0,4,1,7.3
Male,23,Caucasian,2,0,0,1,7,1,318.76666666666665
Male,34,Caucasian,4,0,0,0,4,0,1268.4
Female,38,Caucasian,1,0,0,0,6,1,28.9
Female,52,Caucasian,0,0,0,0,1,0,15.616666666666667
Male,42,African-American,0,0,0,0,1,0,25.683333333333334
Male,21,Other,3,0,2,0,2,1,16.116666666666667
Male,37,Hispanic,4,0,0,0,1,1,24.533333333333335
Male,49,African-American,1,0,0,0,1,0,-2.466666666666667
Male,21,African-American,1,0,0,0,6,1,52.65
Male,55,African-American,19,0,0,0,8,0,118.93333333333334
Male,33,Other,0,0,0,0,2,0,21.133333333333333
Female,36,African-American,1,0,0,0,5,1,148.35
Male,24,African-American,3,0,0,0,7,0,2237.5
Male,22,Hispanic,0,0,0,1,2,1,23.883333333333333
Male,53,Caucasian,8,0,0,0,5,0,313.5
Male,51,African-American,17,0,0,0,8,1,20.85
Male,33,Other,0,0,0,0,1,1,2007.5166666666667
Male,35,African-American,2,0,0,0,7,0,28.95
Male,62,Caucasian,2,0,0,0,1,0,78.01666666666667
Male,22,Caucasian,2,0,0,0,9,0,1461.6833333333334
Male,26,African-American,10,0,0,0,5,0,26.15
Male,23,African-American,4,0,0,0,10,1,16.7
Male,41,Caucasian,3,0,0,0,5,1,45.78333333333333
Male,61,African-American,13,0,0,0,7,0,20.2
Male,21,Hispanic,0,0,0,0,3,0,3.6
Male,25,African-American,6,0,0,0,6,1,144.01666666666668
Male,51,Caucasian,1,0,0,0,2,1,47.416666666666664
Male,23,African-American,1,0,0,0,4,1,28.266666666666666
Male,31,African-American,13,1,1,1,9,1,43.38333333333333
Male,52,Caucasian,4,0,0,0,3,0,23.0
Male,21,African-American,1,0,0,1,4,0,7747.2
Female,24,Hispanic,0,0,0,0,3,0,25.683333333333334
Male,25,African-American,5,0,0,1,9,1,118.0
Male,53,Caucasian,0,0,0,0,2,1,95.11666666666666
Male,26,Hispanic,1,0,0,0,1,0,40.166666666666664
Male,19,African-American,3,2,1,1,10,1,19.616666666666667
Male,54,Caucasian,12,0,0,0,7,1,142.4
Male,19,Caucasian,1,0,0,1,10,1,768.7333333333333
Male,37,Caucasian,0,0,0,0,2,1,840.15
Male,26,Caucasian,1,0,0,0,4,0,23.983333333333334
Male,31,African-American,6,0,0,0,2,1,19.7
Male,49,Caucasian,4,0,0,0,6,1,409.98333333333335
Male,24,African-American,2,0,0,2,5,1,19.433333333333334
Male,31,Other,5,0,0,0,6,1,76.01666666666667
Male,58,Caucasian,3,0,0,0,2,0,55.166666666666664
Male,52,Caucasian,1,0,0,0,1,0,16.45
Male,36,Other,8,0,0,0,2,0,44.733333333333334
Male,33,African-American,3,0,0,0,5,0,66.41666666666667
Male,21,African-American,1,0,0,0,9,0,11425.3
Male,42,African-American,17,0,0,0,10,1,791.0166666666667
Male,23,African-American,10,0,0,1,10,1,96.83333333333333
Female,41,Other,2,0,0,0,3,0,377.7
Male,27,Hispanic,1,0,0,0,2,0,71.0
Male,33,African-American,23,0,0,0,9,1,8877.483333333334
Male,38,African-American,5,0,0,2,3,0,3977.15
Male,58,Caucasian,5,0,0,0,3,1,29.483333333333334
Male,37,Other,1,0,0,0,6,0,49.25
Male,36,African-American,14,0,0,0,7,1,22.566666666666666
Male,38,African-American,22,2,2,1,8,1,814.45
Male,26,African-American,0,0,0,0,4,1,23.2
Male,45,Caucasian,1,0,0,0,1,1,121.65
Male,60,Hispanic,4,0,0,0,1,0,149.2
Male,24,African-American,2,0,0,0,5,1,20.5
Male,24,African-American,4,0,1,0,8,1,644.7333333333333
Male,24,African-American,1,0,0,0,8,0,1912.1166666666666
Female,27,Caucasian,1,0,0,0,5,1,613.3833333333333
Male,29,African-American,6,0,0,0,8,1,18.166666666666668
Male,30,Caucasian,0,0,0,0,1,0,4.85
Male,32,Caucasian,2,0,0,0,2,0,21.233333333333334
Male,38,African-American,25,1,4,0,8,0,2093.6666666666665
Male,57,African-American,13,0,0,0,5,0,26.733333333333334
Male,23,African-American,1,0,0,0,8,1,7.966666666666667
Male,49,African-American,0,0,0,0,1,1,103.88333333333334
Male,25,African-American,0,0,0,0,4,0,19.383333333333333
Male,22,Hispanic,0,0,0,0,4,1,49.68333333333333
Male,27,African-American,8,0,0,1,7,1,26.05
Male,24,African-American,1,0,0,0,5,1,1800.65
Male,49,African-American,3,0,0,0,4,0,23.666666666666668
Male,55,Caucasian,7,0,0,0,8,0,5.716666666666667
Male,61,African-American,13,0,0,0,4,1,1589.6833333333334
Female,29,Caucasian,7,0,0,0,6,1,192.91666666666666
Male,30,Caucasian,0,0,0,0,4,0,18.35
Female,44,African-American,11,0,0,0,6,0,52.56666666666667
Female,33,Hispanic,2,0,0,0,4,0,48.583333333333336
Male,20,African-American,0,0,0,0,4,1,7.6
Male,48,Caucasian,2,0,0,0,8,1,101.96666666666667
Female,41,Caucasian,1,0,0,0,1,0,4.75
Male,47,Asian,2,0,0,0,1,0,6671.6
Male,51,African-American,19,1,0,1,9,0,317.1333333333333
Male,25,African-American,4,0,0,0,10,1,6.233333333333333
Male,38,Caucasian,2,0,0,0,7,0,162.71666666666667
Female,29,African-American,11,0,1,0,9,1,555.45
Male,43,African-American,6,0,0,0,10,1,21.6
Male,24,Caucasian,3,0,1,2,5,0,3.3
Male,53,African-American,1,0,0,0,1,0,6.333333333333333
Female,44,Caucasian,11,0,0,0,7,1,639.6166666666667
Male,31,African-American,10,0,1,3,5,1,25.35
Male,32,Other,0,0,0,0,1,0,26.483333333333334
Male,29,Other,3,0,0,0,7,0,3.6
Male,51,Caucasian,2,0,0,0,1,0,22.616666666666667
Male,30,African-American,19,0,1,0,10,1,222.31666666666666
Male,31,Hispanic,1,0,0,0,6,0,2812.5
Male,24,African-American,2,0,0,0,9,1,50.733333333333334
Male,28,Caucasian,1,0,0,0,9,0,220.66666666666666
Male,26,African-American,2,0,0,0,8,1,19.666666666666668
Male,27,African-American,2,0,0,0,3,1,21.233333333333334
Male,26,Caucasian,3,0,0,0,5,1,21.583333333333332
Male,31,African-American,5,0,0,0,5,1,265.0833333333333
Male,34,African-American,15,0,0,0,7,0,149.78333333333333
Male,34,African-American,5,0,0,0,4,1,67.63333333333334
Male,27,Hispanic,6,0,0,1,4,1,25.533333333333335
Male,49,Hispanic,2,0,0,0,1,1,960.6666666666666
Male,35,African-American,8,0,0,1,7,1,245.18333333333334
Male,21,African-American,1,0,0,0,7,1,23.933333333333334
Male,25,Caucasian,0,0,0,0,3,0,0.1
Male,31,African-American,0,0,0,0,5,0,192.28333333333333
Male,22,African-American,0,0,0,0,3,0,395.56666666666666
Female,24,Caucasian,0,0,0,1,5,0,20.65
Male,22,Caucasian,1,0,0,0,6,0,286.3333333333333
Male,32,African-American,5,0,0,0,4,0,24.3
Male,21,African-American,0,0,0,0,7,1,32.15
Male,21,African-American,1,0,0,0,7,1,23.933333333333334
Male,25,Other,1,0,0,0,3,0,26.983333333333334
Male,52,Caucasian,3,0,0,0,2,0,14.916666666666666
Male,35,Caucasian,1,0,0,0,4,0,118.23333333333333
Male,28,African-American,20,0,0,0,8,1,8.6
Male,33,African-American,16,0,0,0,9,1,21.233333333333334
Male,22,African-American,2,0,0,0,5,0,22.983333333333334
Male,20,African-American,0,0,0,0,8,0,4.55
Male,22,Caucasian,0,0,0,0,4,1,67.55
Male,46,Hispanic,13,0,0,0,3,0,3406.3333333333335
Male,27,Caucasian,5,0,0,0,6,1,148.26666666666668
Male,22,African-American,0,0,0,0,3,1,32.86666666666667
Male,20,African-American,1,0,0,0,10,1,49.06666666666667
Male,22,African-American,2,0,0,1,3,1,5.183333333333334
Male,25,Hispanic,10,1,4,0,9,1,188.36666666666667
Male,29,African-American,9,0,0,1,7,1,29.483333333333334
Male,23,African-American,1,0,0,0,10,1,382.21666666666664
Male,50,Caucasian,26,0,0,0,7,1,25.583333333333332
Male,46,Other,0,0,0,0,1,1,14.35
Male,31,Other,5,0,0,0,4,0,2273.75
Male,27,African-American,3,0,0,0,2,0,20.9
Male,44,Hispanic,0,0,0,0,1,1,28.233333333333334
Male,54,Hispanic,5,0,0,0,5,0,2255.15
Male,21,African-American,1,1,0,0,10,1,43.68333333333333
Male,41,Caucasian,0,0,0,0,2,0,5.05
Male,23,Other,2,0,0,0,4,0,25.05
Female,41,Caucasian,1,0,0,0,2,0,699.0833333333334
Male,30,Other,13,0,0,0,9,1,28.466666666666665
Male,59,African-American,14,0,0,0,8,1,792.2833333333333
Male,26,African-American,4,0,0,0,9,1,22.15
Male,26,Hispanic,0,0,0,0,2,0,4159.633333333333
Male,43,Caucasian,2,0,0,0,8,0,4107.066666666667
Male,22,African-American,1,0,0,0,5,1,0.03333333333333333
Male,26,African-American,2,0,0,0,2,1,91.75
Male,24,African-American,4,0,1,3,6,1,29.133333333333333
Male,22,African-American,1,0,0,0,3,0,29.15
Male,53,Caucasian,1,0,0,0,1,0,22.55
Male,32,African-American,0,0,0,0,1,0,20.3
Male,35,African-American,5,0,0,0,4,1,5403.583333333333
Male,39,Other,0,0,0,0,1,0,21.7
Male,32,Caucasian,2,0,1,0,2,0,1677.0333333333333
Female,52,African-American,21,0,0,0,7,1,478.8666666666667
Female,24,African-American,0,0,0,0,3,0,22.0
Male,29,African-American,8,0,0,0,9,1,29.7
Male,20,African-American,0,0,0,0,3,0,266.4
Male,20,African-American,0,0,0,2,5,1,188.13333333333333
Male,50,African-American,18,0,0,0,8,1,5974.583333333333
Female,23,Caucasian,7,0,0,0,9,0,1400.8833333333334
Female,29,Caucasian,0,0,0,0,5,0,4.65
Male,42,African-American,10,0,0,0,5,1,21.216666666666665
Male,45,Caucasian,8,0,0,0,4,1,1705.6666666666667
Male,36,African-American,16,3,0,0,8,1,201.53333333333333
Male,57,Caucasian,9,0,0,0,4,1,1406.65
Male,51,Caucasian,0,0,0,0,1,0,0.26666666666666666
Male,43,African-American,8,1,0,0,4,1,925.1666666666666
Male,39,Caucasian,0,0,0,0,5,0,43.18333333333333
Female,21,African-American,1,0,0,0,7,0,28.833333333333332
Male,19,Caucasian,0,0,0,0,7,0,13.05
Male,43,Hispanic,1,0,0,0,1,1,20.016666666666666
Male,24,African-American,1,0,0,0,3,0,14.85
Male,38,Caucasian,2,0,0,0,1,0,102.65
Male,54,Caucasian,3,0,0,0,3,1,214.7
Male,45,Caucasian,19,0,0,0,6,1,45.96666666666667
Male,44,African-American,0,0,0,0,3,0,64.16666666666667
Male,26,African-American,6,0,0,2,7,0,6.216666666666667
Male,31,Caucasian,0,0,0,0,5,0,54.45
Female,55,Caucasian,0,0,0,0,1,0,23.916666666666668
Female,40,Caucasian,0,0,0,0,1,0,1.9333333333333333
Male,22,African-American,1,0,0,0,2,0,20.783333333333335
Male,55,Caucasian,1,0,0,0,1,0,24.216666666666665
Female,30,African-American,3,0,0,0,6,0,-0.9
Male,22,Hispanic,1,0,0,0,4,1,41.25
Female,32,African-American,0,0,0,0,3,1,27.266666666666666
Male,29,African-American,1,0,0,0,2,1,5.116666666666666
Male,58,Hispanic,0,0,0,0,2,0,16.316666666666666
Male,21,Other,0,0,0,0,5,1,48.3
Male,32,Caucasian,0,0,0,0,1,0,24.233333333333334
Male,30,Caucasian,19,0,0,0,10,1,1971.65
Male,28,Caucasian,3,0,0,0,3,1,23.333333333333332
Male,24,African-American,9,0,1,0,9,1,74.53333333333333
Female,34,African-American,14,0,0,0,9,0,93.85
Male,63,Caucasian,0,0,0,0,1,0,6.116666666666666
Male,45,African-American,6,0,0,0,2,0,15.116666666666667
Male,31,African-American,9,0,0,0,8,1,23.0
Female,44,Caucasian,4,0,0,0,6,1,121.73333333333333
Female,53,Caucasian,1,0,0,0,1,0,20.25
Female,24,African-American,3,0,0,0,5,0,5.6
Female,47,Caucasian,0,0,0,0,1,0,22.233333333333334
Female,49,Caucasian,2,0,0,0,1,1,4.75
Male,41,Other,31,0,0,0,9,1,5809.916666666667
Male,27,Caucasian,0,0,0,0,9,1,5.283333333333333
Male,32,Hispanic,1,0,0,0,1,0,70.01666666666667
Female,28,Caucasian,7,0,0,0,9,1,24.516666666666666
Male,21,African-American,3,0,1,1,8,1,431.1666666666667
Female,28,African-American,3,0,0,0,5,0,389.56666666666666
Female,34,Caucasian,2,0,0,0,3,0,27.133333333333333
Male,27,African-American,14,2,0,0,10,1,39.28333333333333
Male,22,African-American,0,0,0,0,10,1,26.0
Male,27,African-American,7,0,0,0,7,1,664.5333333333333
Female,24,African-American,4,0,0,0,9,1,139.46666666666667
Male,33,African-American,16,0,0,0,9,1,792.05
Male,28,African-American,10,0,0,0,7,1,27.55
Male,56,Caucasian,1,0,0,0,1,1,16.033333333333335
Male,37,Hispanic,9,0,0,0,5,0,51.766666666666666
Female,32,African-American,0,0,0,0,2,0,23.066666666666666
Male,39,Caucasian,3,0,0,0,3,0,19.5
Male,22,African-American,11,0,0,0,10,1,0.08333333333333333
Male,28,African-American,12,0,8,2,10,1,1830.5333333333333
Male,34,Caucasian,5,0,0,0,2,1,27.95
Female,26,African-American,1,0,0,0,3,0,1060.05
Male,56,African-American,8,0,0,0,9,0,1919.05
Female,46,Caucasian,0,0,0,0,1,0,3.8
Male,19,Caucasian,1,0,0,0,4,1,15.383333333333333
Male,30,African-American,1,0,0,0,7,1,8.1
Male,26,African-American,2,0,0,0,4,1,19.666666666666668
Male,34,African-American,6,0,0,0,9,1,5201.383333333333
Male,21,African-American,1,0,1,1,9,1,66.43333333333334
Male,27,Other,0,0,0,0,1,0,52.63333333333333
Male,68,Caucasian,7,0,0,0,7,1,124.81666666666666
Female,37,Caucasian,5,0,0,0,2,1,798.45
Male,39,Caucasian,1,0,0,0,3,0,8.066666666666666
Female,44,Caucasian,1,0,0,0,1,1,151.85
Male,46,African-American,3,0,0,0,1,1,494.51666666666665
Male,27,African-American,7,0,0,0,10,1,828.4666666666667
Male,31,Other,1,0,0,0,2,0,19.983333333333334
Male,27,African-American,13,0,2,1,6,1,339.73333333333335
Female,39,Caucasian,0,0,0,0,1,1,21.983333333333334
Male,45,Caucasian,19,0,0,0,6,1,45.96666666666667
Male,37,African-American,12,0,0,0,9,1,5.716666666666667
Male,42,African-American,13,1,0,1,8,1,21.75
Female,42,African-American,0,0,0,0,1,0,23.166666666666668
Male,54,Other,1,0,0,0,1,0,53.583333333333336
Male,25,Caucasian,2,0,0,1,5,0,17.283333333333335
Male,22,African-American,2,0,0,0,7,1,4276.666666666667
Male,54,African-American,28,0,0,0,9,1,138.4
Male,21,Hispanic,1,0,0,0,5,1,48.38333333333333
Male,61,Caucasian,0,0,0,0,1,0,148.0
Male,32,Hispanic,7,0,0,0,7,0,27.466666666666665
Male,29,African-American,3,0,0,0,2,1,25.0
Female,32,African-American,0,0,0,0,2,0,1.9
Female,39,Caucasian,2,0,0,0,5,1,22.866666666666667
Male,27,Caucasian,1,0,0,0,9,0,27.483333333333334
Male,22,Caucasian,2,0,0,1,5,1,596.7333333333333
Male,58,Caucasian,5,0,0,0,2,0,66.73333333333333
Male,25,African-American,5,0,0,0,5,1,1182.4333333333334
Male,35,African-American,10,0,0,0,6,1,547.6166666666667
Male,25,Other,0,0,0,0,1,0,20.783333333333335
Male,65,African-American,7,0,0,0,5,0,21.783333333333335
Male,57,Caucasian,3,0,0,0,1,0,1002.8
Male,26,Other,1,0,0,0,4,1,54.93333333333333
Male,26,African-American,6,0,1,0,5,0,45.93333333333333
Male,40,African-American,13,0,0,0,9,0,24.716666666666665
Male,21,African-American,0,0,0,0,4,1,101.33333333333333
Female,63,Hispanic,1,0,0,0,1,0,196.45
Male,42,African-American,24,0,0,0,9,0,438.15
Male,37,Caucasian,3,0,0,0,4,0,935.1666666666666
Male,36,Caucasian,0,0,0,0,1,0,4.183333333333334
Male,25,African-American,7,0,0,0,10,1,357.68333333333334
Male,29,Hispanic,1,0,0,0,4,0,21.25
Female,24,African-American,0,0,0,0,7,0,48.4
Male,23,Caucasian,2,0,1,0,8,1,187.38333333333333
Male,21,African-American,1,0,0,0,10,1,2065.4333333333334
Male,56,Caucasian,9,0,0,0,1,1,474.15
Male,24,African-American,5,0,0,0,9,1,163.03333333333333
Male,22,African-American,0,0,0,0,4,0,24.766666666666666
Female,54,Caucasian,2,0,0,0,1,0,21.8
Male,27,African-American,9,0,1,0,9,1,42.85
Male,31,African-American,15,0,0,0,8,0,-4.4
Male,34,African-American,6,0,1,0,5,0,722.2166666666667
Male,24,African-American,11,0,0,0,6,1,773.6166666666667
Female,60,Caucasian,6,0,0,0,6,0,13198.866666666667
Male,32,Caucasian,5,0,0,0,2,0,-2.316666666666667
Male,45,African-American,38,0,0,0,8,1,2907.1833333333334
Male,37,Caucasian,2,0,0,0,2,0,23.65
Male,34,Caucasian,1,0,0,0,3,1,22.183333333333334
Male,29,African-American,15,0,0,0,6,1,46.516666666666666
Male,72,Caucasian,0,0,0,0,1,0,23.983333333333334
Male,29,African-American,7,0,2,0,7,1,96.33333333333333
Female,38,Caucasian,5,0,0,0,6,1,1002.5
Male,23,Caucasian,3,0,0,0,5,0,232.15
Male,45,Caucasian,3,0,0,0,3,1,2229.9166666666665
Male,26,African-American,4,0,0,0,4,1,1759.4666666666667
Male,38,African-American,7,0,0,0,9,0,6141.95
Female,33,Caucasian,1,0,0,0,6,1,102.11666666666666
Female,50,Caucasian,3,0,0,0,5,1,1369.6833333333334
Female,53,Caucasian,0,0,0,0,1,0,12.966666666666667
Male,29,Caucasian,1,0,0,0,3,0,16.616666666666667
Female,35,African-American,12,0,0,0,7,1,20.666666666666668
Female,43,Caucasian,0,0,0,0,2,0,4.466666666666667
Female,32,African-American,0,0,0,0,3,0,17.683333333333334
Male,29,African-American,15,0,4,1,9,1,4477.383333333333
Male,34,African-American,8,2,0,1,7,1,112.0
Male,27,Caucasian,0,0,0,0,1,0,21.966666666666665
Male,34,Hispanic,1,0,0,0,2,0,558.6166666666667
Female,35,African-American,13,1,0,0,10,0,3849.133333333333
Female,28,Caucasian,2,0,0,0,6,1,1.9333333333333333
Male,27,African-American,0,0,0,0,2,0,12.483333333333333
Female,37,African-American,0,0,0,0,1,0,19.566666666666666
Male,33,African-American,0,0,0,0,1,0,23.283333333333335
Male,43,African-American,5,0,0,0,6,0,342.05
Male,28,African-American,7,0,0,1,8,1,939.4
Male,22,African-American,0,0,0,0,3,1,25.866666666666667
Male,45,African-American,0,0,0,0,3,1,23.3
Male,23,African-American,4,2,0,1,10,0,1889.1666666666667
Female,54,Caucasian,2,0,0,0,2,0,6.733333333333333
Male,22,African-American,5,0,0,0,10,0,18.7
Male,22,African-American,0,0,0,0,3,0,395.56666666666666
Male,56,African-American,31,0,0,0,6,1,5.516666666666667
Male,35,Hispanic,0,0,0,0,7,0,23.716666666666665
Male,38,African-American,5,0,0,0,1,0,44.733333333333334
Male,24,African-American,7,0,1,1,9,0,25.616666666666667
Male,44,Caucasian,2,0,0,0,3,1,47.6
Male,20,African-American,1,1,0,1,5,1,113.96666666666667
Male,21,African-American,1,1,0,1,4,1,124.6
Male,22,Caucasian,3,0,0,0,10,1,255.43333333333334
Male,30,African-American,9,0,0,0,10,1,4706.7
Male,39,Caucasian,2,0,0,0,6,1,748.6
Male,43,African-American,0,0,0,0,4,0,24.933333333333334
Male,43,Hispanic,1,0,0,0,2,0,40.666666666666664
Male,26,African-American,8,0,0,0,8,1,6.416666666666667
Female,54,Caucasian,1,0,0,0,1,0,24.033333333333335
Male,22,African-American,1,0,0,0,9,1,918.1833333333333
Male,36,Caucasian,1,0,0,0,2,0,19.2
Male,24,African-American,1,0,0,1,6,1,5.816666666666666
Male,49,Caucasian,0,0,0,0,1,0,22.166666666666668
Male,51,Caucasian,6,0,0,0,1,1,5.55
Male,40,Caucasian,4,0,0,0,3,1,796.55
Male,37,Caucasian,4,0,0,0,4,1,1988.6166666666666
Male,20,African-American,2,0,0,4,5,1,27.466666666666665
Male,22,African-American,0,0,0,0,3,0,17.116666666666667
Male,22,Caucasian,2,0,1,1,8,1,286.46666666666664
Female,30,Caucasian,7,0,0,0,7,0,430.1666666666667
Male,22,Caucasian,0,0,0,2,7,1,70.33333333333333
Male,21,African-American,1,0,0,0,9,1,27.133333333333333
Male,21,African-American,1,0,0,0,9,1,74.65
Male,20,Caucasian,0,0,0,1,10,0,795.9833333333333
Male,45,Caucasian,7,0,0,0,2,0,1801.2833333333333
Male,61,African-American,19,0,0,0,9,0,125.96666666666667
Male,26,Caucasian,2,0,0,0,5,1,650.2666666666667
Male,34,African-American,5,2,1,0,7,0,210.15
Male,29,African-American,8,0,0,0,2,0,987.1
Male,30,Caucasian,0,0,0,0,1,0,4.45
Male,43,Caucasian,2,0,0,0,1,0,25.9
Male,55,African-American,5,0,0,0,4,1,86.01666666666667
Female,41,Caucasian,3,0,0,0,5,0,26.866666666666667
Male,27,African-American,0,0,0,0,8,1,1462.4
Male,24,African-American,0,0,0,0,4,1,23.4
Male,27,Caucasian,5,0,1,2,7,0,114.76666666666667
Female,23,African-American,2,0,0,0,10,1,2787.7833333333333
Male,23,African-American,6,0,0,0,9,1,26.516666666666666
Male,48,African-American,0,0,0,0,1,0,19.133333333333333
Male,47,African-American,10,1,0,0,7,0,29.35
Female,48,Other,0,0,0,0,1,0,409.6
